﻿<?xml version="1.0" encoding="UTF-8" standalone="yes"?>
<textImage id="1" width="643" height="116" transcription="العالمية للإبداع الكتابي" image="alarabiya_3224-01-22-10_2">
  <ArabicTranscription>العالمية للإبداع الكتابي</ArabicTranscription>
  <LatinTranscription>Alif_I Laam_B Ayn_M Alif_E Laam_B Miim_M Yaa_M TaaaClosed_E SPACE Laam_B Laam_Alif Baa_B Daal_E Alif_I Ayn_I SPACE Alif_I Laam_B Kaaf_M Taaa_M Alif_E Baa_B Yaa_E</LatinTranscription>
  <content>
    <word idWord="1" x="420" transcription="العالمية" LatinTrans="Alif_I Laam_B Ayn_M Alif_E Laam_B Miim_M Yaa_M TaaaClosed_E">
      <paw idPaw="1" x="625" transcription="ا" LatinTrans="Alif_I">
        <lettre idLettre="1" x="625" transcription="ا" LatinTrans="Alif_I" />
      </paw>
      <paw idPaw="2" x="544" transcription="لعا" LatinTrans="Laam_B Ayn_M Alif_E">
        <lettre idLettre="1" x="605" transcription="ل" LatinTrans="Laam_B" />
        <lettre idLettre="2" x="562" transcription="ع" LatinTrans="Ayn_M" />
        <lettre idLettre="3" x="544" transcription="ا" LatinTrans="Alif_E" />
      </paw>
      <paw idPaw="3" x="420" transcription="لمية" LatinTrans="Laam_B Miim_M Yaa_M TaaaClosed_E">
        <lettre idLettre="1" x="526" transcription="ل" LatinTrans="Laam_B" />
        <lettre idLettre="2" x="490" transcription="م" LatinTrans="Miim_M" />
        <lettre idLettre="3" x="459" transcription="ي" LatinTrans="Yaa_M" />
        <lettre idLettre="4" x="420" transcription="ة" LatinTrans="TaaaClosed_E" />
      </paw>
    </word>
    <word idWord="2" x="407" transcription=" " LatinTrans="SPACE">
      <paw idPaw="1" x="407" transcription=" " LatinTrans="SPACE">
        <lettre idLettre="1" x="407" transcription=" " LatinTrans="SPACE" />
      </paw>
    </word>
    <word idWord="3" x="226" transcription="للإبداع" LatinTrans="Laam_B Laam_Alif Baa_B Daal_E Alif_I Ayn_I">
      <paw idPaw="1" x="345" transcription="للإ" LatinTrans="Laam_B Laam_Alif">
        <lettre idLettre="1" x="390" transcription="ل" LatinTrans="Laam_B" />
        <lettre idLettre="2" x="345" transcription="لا" LatinTrans="Laam_Alif" />
      </paw>
      <paw idPaw="2" x="281" transcription="بد" LatinTrans="Baa_B Daal_E">
        <lettre idLettre="1" x="318" transcription="ب" LatinTrans="Baa_B" />
        <lettre idLettre="2" x="281" transcription="د" LatinTrans="Daal_E" />
      </paw>
      <paw idPaw="3" x="267" transcription="ا" LatinTrans="Alif_I">
        <lettre idLettre="1" x="267" transcription="ا" LatinTrans="Alif_I" />
      </paw>
      <paw idPaw="4" x="226" transcription="ع" LatinTrans="Ayn_I">
        <lettre idLettre="1" x="226" transcription="ع" LatinTrans="Ayn_I" />
      </paw>
    </word>
    <word idWord="4" x="212" transcription=" " LatinTrans="SPACE">
      <paw idPaw="1" x="212" transcription=" " LatinTrans="SPACE">
        <lettre idLettre="1" x="212" transcription=" " LatinTrans="SPACE" />
      </paw>
    </word>
    <word idWord="5" x="0" transcription="الكتابي" LatinTrans="Alif_I Laam_B Kaaf_M Taaa_M Alif_E Baa_B Yaa_E">
      <paw idPaw="1" x="197" transcription="ا" LatinTrans="Alif_I">
        <lettre idLettre="1" x="197" transcription="ا" LatinTrans="Alif_I" />
      </paw>
      <paw idPaw="2" x="86" transcription="لكتا" LatinTrans="Laam_B Kaaf_M Taaa_M Alif_E">
        <lettre idLettre="1" x="180" transcription="ل" LatinTrans="Laam_B" />
        <lettre idLettre="2" x="138" transcription="ك" LatinTrans="Kaaf_M" />
        <lettre idLettre="3" x="104" transcription="ت" LatinTrans="Taaa_M" />
        <lettre idLettre="4" x="86" transcription="ا" LatinTrans="Alif_E" />
      </paw>
      <paw idPaw="3" x="0" transcription="بي" LatinTrans="Baa_B Yaa_E">
        <lettre idLettre="1" x="55" transcription="ب" LatinTrans="Baa_B" />
        <lettre idLettre="2" x="0" transcription="ي" LatinTrans="Yaa_E" />
      </paw>
    </word>
  </content>
</textImage>