﻿<?xml version="1.0" encoding="UTF-8" standalone="yes"?>
<textImage id="2" width="181" height="39" transcription="مجاعة عام 1959" image="alarabiya_3222-01-57-00_2">
  <ArabicTranscription>مجاعة عام 1959</ArabicTranscription>
  <LatinTranscription>Miim_B Jiim_M Alif_E Ayn_B TaaaClosed_E SPACE Ayn_B Alif_E Miim_I SPACE Nine Five Nine One</LatinTranscription>
  <content>
    <word idWord="1" x="119" transcription="مجاعة" LatinTrans="Miim_B Jiim_M Alif_E Ayn_B TaaaClosed_E">
      <paw idPaw="1" x="145" transcription="مجا" LatinTrans="Miim_B Jiim_M Alif_E">
        <lettre idLettre="1" x="166" transcription="م" LatinTrans="Miim_B" />
        <lettre idLettre="2" x="151" transcription="ج" LatinTrans="Jiim_M" />
        <lettre idLettre="3" x="145" transcription="ا" LatinTrans="Alif_E" />
      </paw>
      <paw idPaw="2" x="119" transcription="عة" LatinTrans="Ayn_B TaaaClosed_E">
        <lettre idLettre="1" x="134" transcription="ع" LatinTrans="Ayn_B" />
        <lettre idLettre="2" x="119" transcription="ة" LatinTrans="TaaaClosed_E" />
      </paw>
    </word>
    <word idWord="2" x="110" transcription=" " LatinTrans="SPACE">
      <paw idPaw="1" x="110" transcription=" " LatinTrans="SPACE">
        <lettre idLettre="1" x="110" transcription=" " LatinTrans="SPACE" />
      </paw>
    </word>
    <word idWord="3" x="77" transcription="عام" LatinTrans="Ayn_B Alif_E Miim_I">
      <paw idPaw="1" x="91" transcription="عا" LatinTrans="Ayn_B Alif_E">
        <lettre idLettre="1" x="98" transcription="ع" LatinTrans="Ayn_B" />
        <lettre idLettre="2" x="91" transcription="ا" LatinTrans="Alif_E" />
      </paw>
      <paw idPaw="2" x="77" transcription="م" LatinTrans="Miim_I">
        <lettre idLettre="1" x="77" transcription="م" LatinTrans="Miim_I" />
      </paw>
    </word>
    <word idWord="4" x="70" transcription=" " LatinTrans="SPACE">
      <paw idPaw="1" x="70" transcription=" " LatinTrans="SPACE">
        <lettre idLettre="1" x="70" transcription=" " LatinTrans="SPACE" />
      </paw>
    </word>
    <word idWord="5" x="0" transcription="1959" LatinTrans="Nine Five Nine One">
      <paw idPaw="1" x="53" transcription="9" LatinTrans="Nine">
        <lettre idLettre="1" x="53" transcription="9" LatinTrans="Nine" />
      </paw>
      <paw idPaw="2" x="35" transcription="5" LatinTrans="Five">
        <lettre idLettre="1" x="35" transcription="5" LatinTrans="Five" />
      </paw>
      <paw idPaw="3" x="15" transcription="9" LatinTrans="Nine">
        <lettre idLettre="1" x="15" transcription="9" LatinTrans="Nine" />
      </paw>
      <paw idPaw="4" x="0" transcription="1" LatinTrans="One">
        <lettre idLettre="1" x="0" transcription="1" LatinTrans="One" />
      </paw>
    </word>
  </content>
</textImage>