﻿<?xml version="1.0" encoding="UTF-8" standalone="yes"?>
<textImage id="1" width="357" height="130" transcription="صحتك" image="alarabiya_3226-05-49-20_1">
  <ArabicTranscription>صحتك</ArabicTranscription>
  <LatinTranscription>Saad_B Haaa_M Taaa_M Kaaf_E</LatinTranscription>
  <content>
    <word idWord="1" x="0" transcription="صحتك" LatinTrans="Saad_B Haaa_M Taaa_M Kaaf_E">
      <paw idPaw="1" x="0" transcription="صحتك" LatinTrans="Saad_B Haaa_M Taaa_M Kaaf_E">
        <lettre idLettre="1" x="242" transcription="ص" LatinTrans="Saad_B" />
        <lettre idLettre="2" x="172" transcription="ح" LatinTrans="Haaa_M" />
        <lettre idLettre="3" x="116" transcription="ت" LatinTrans="Taaa_M" />
        <lettre idLettre="4" x="0" transcription="ك" LatinTrans="Kaaf_E" />
      </paw>
    </word>
  </content>
</textImage>