﻿<?xml version="1.0" encoding="UTF-8" standalone="yes"?>
<textImage id="1" width="303" height="73" transcription="أقسم... إنني مسلمة" image="alarabiya_3225-03-04-30_1">
  <ArabicTranscription>أقسم... إنني مسلمة</ArabicTranscription>
  <LatinTranscription>HamzaAboveAlif_I Gaaf_B Siin_M Miim_E POINT POINT POINT SPACE HamzaOnederAlif_I Nuun_B Nuun_M Yaa_E SPACE Miim_B Siin_M Laam_M Miim_M TaaaClosed_E</LatinTranscription>
  <content>
    <word idWord="1" x="190" transcription="أقسم..." LatinTrans="HamzaAboveAlif_I Gaaf_B Siin_M Miim_E POINT POINT POINT">
      <paw idPaw="1" x="288" transcription="أ" LatinTrans="HamzaAboveAlif_I">
        <lettre idLettre="1" x="288" transcription="أ" LatinTrans="HamzaAboveAlif_I" />
      </paw>
      <paw idPaw="2" x="232" transcription="قسم" LatinTrans="Gaaf_B Siin_M Miim_E">
        <lettre idLettre="1" x="274" transcription="ق" LatinTrans="Gaaf_B" />
        <lettre idLettre="2" x="248" transcription="س" LatinTrans="Siin_M" />
        <lettre idLettre="3" x="232" transcription="م" LatinTrans="Miim_E" />
      </paw>
      <paw idPaw="3" x="217" transcription="." LatinTrans="POINT">
        <lettre idLettre="1" x="217" transcription="." LatinTrans="POINT" />
      </paw>
      <paw idPaw="4" x="204" transcription="." LatinTrans="POINT">
        <lettre idLettre="1" x="204" transcription="." LatinTrans="POINT" />
      </paw>
      <paw idPaw="5" x="190" transcription="." LatinTrans="POINT">
        <lettre idLettre="1" x="190" transcription="." LatinTrans="POINT" />
      </paw>
    </word>
    <word idWord="2" x="177" transcription=" " LatinTrans="SPACE">
      <paw idPaw="1" x="177" transcription=" " LatinTrans="SPACE">
        <lettre idLettre="1" x="177" transcription=" " LatinTrans="SPACE" />
      </paw>
    </word>
    <word idWord="3" x="106" transcription="إنني" LatinTrans="HamzaOnederAlif_I Nuun_B Nuun_M Yaa_E">
      <paw idPaw="1" x="163" transcription="إ" LatinTrans="HamzaOnederAlif_I">
        <lettre idLettre="1" x="163" transcription="إ" LatinTrans="HamzaUnderAlif_I" />
      </paw>
      <paw idPaw="2" x="106" transcription="نني" LatinTrans="Nuun_B Nuun_M Yaa_E">
        <lettre idLettre="1" x="149" transcription="ن" LatinTrans="Nuun_B" />
        <lettre idLettre="2" x="136" transcription="ن" LatinTrans="Nuun_M" />
        <lettre idLettre="3" x="106" transcription="ي" LatinTrans="Yaa_E" />
      </paw>
    </word>
    <word idWord="4" x="95" transcription=" " LatinTrans="SPACE">
      <paw idPaw="1" x="95" transcription=" " LatinTrans="SPACE">
        <lettre idLettre="1" x="95" transcription=" " LatinTrans="SPACE" />
      </paw>
    </word>
    <word idWord="5" x="0" transcription="مسلمة" LatinTrans="Miim_B Siin_M Laam_M Miim_M TaaaClosed_E">
      <paw idPaw="1" x="0" transcription="مسلمة" LatinTrans="Miim_B Siin_M Laam_M Miim_M TaaaClosed_E">
        <lettre idLettre="1" x="79" transcription="م" LatinTrans="Miim_B" />
        <lettre idLettre="2" x="54" transcription="س" LatinTrans="Siin_M" />
        <lettre idLettre="3" x="42" transcription="ل" LatinTrans="Laam_M" />
        <lettre idLettre="4" x="22" transcription="م" LatinTrans="Miim_M" />
        <lettre idLettre="5" x="0" transcription="ة" LatinTrans="TaaaClosed_E" />
      </paw>
    </word>
  </content>
</textImage>