﻿<?xml version="1.0" encoding="UTF-8" standalone="yes"?>
<textImage id="1" width="318" height="69" transcription="رئيسة وزراء جمهورية" image="alarabiya_3225-03-06-40_1">
  <ArabicTranscription>رئيسة وزراء جمهورية</ArabicTranscription>
  <LatinTranscription>Raa_I HamzaAboveAlifBroken_B Yaa_M Siin_M TaaaClosed_E SPACE Waaw_I Zaay_I Raa_I Alif_I Hamza SPACE Jiim_B Miim_M Haa_M Waaw_E Raa_I Yaa_B TaaaClosed_E</LatinTranscription>
  <content>
    <word idWord="1" x="231" transcription="رئيسة" LatinTrans="Raa_I HamzaAboveAlifBroken_B Yaa_M Siin_M TaaaClosed_E">
      <paw idPaw="1" x="301" transcription="ر" LatinTrans="Raa_I">
        <lettre idLettre="1" x="301" transcription="ر" LatinTrans="Raa_I" />
      </paw>
      <paw idPaw="2" x="231" transcription="ئيسة" LatinTrans="HamzaAboveAlifBroken_B Yaa_M Siin_M TaaaClosed_E">
        <lettre idLettre="1" x="287" transcription="ئ" LatinTrans="HamzaAboveAlifBroken_B" />
        <lettre idLettre="2" x="275" transcription="ي" LatinTrans="Yaa_M" />
        <lettre idLettre="3" x="247" transcription="س" LatinTrans="Siin_M" />
        <lettre idLettre="4" x="231" transcription="ة" LatinTrans="TaaaClosed_E" />
      </paw>
    </word>
    <word idWord="2" x="219" transcription=" " LatinTrans="SPACE">
      <paw idPaw="1" x="219" transcription=" " LatinTrans="SPACE">
        <lettre idLettre="1" x="219" transcription=" " LatinTrans="SPACE" />
      </paw>
    </word>
    <word idWord="3" x="143" transcription="وزراء" LatinTrans="Waaw_I Zaay_I Raa_I Alif_I Hamza">
      <paw idPaw="1" x="199" transcription="و" LatinTrans="Waaw_I">
        <lettre idLettre="1" x="199" transcription="و" LatinTrans="Waaw_I" />
      </paw>
      <paw idPaw="2" x="184" transcription="ز" LatinTrans="Zaay_I">
        <lettre idLettre="1" x="184" transcription="ز" LatinTrans="Zaay_I" />
      </paw>
      <paw idPaw="3" x="169" transcription="ر" LatinTrans="Raa_I">
        <lettre idLettre="1" x="169" transcription="ر" LatinTrans="Raa_I" />
      </paw>
      <paw idPaw="4" x="160" transcription="ا" LatinTrans="Alif_I">
        <lettre idLettre="1" x="160" transcription="ا" LatinTrans="Alif_I" />
      </paw>
      <paw idPaw="5" x="143" transcription="ء" LatinTrans="Hamza">
        <lettre idLettre="1" x="143" transcription="ء" LatinTrans="Hamza" />
      </paw>
    </word>
    <word idWord="4" x="132" transcription=" " LatinTrans="SPACE">
      <paw idPaw="1" x="132" transcription=" " LatinTrans="SPACE">
        <lettre idLettre="1" x="132" transcription=" " LatinTrans="SPACE" />
      </paw>
    </word>
    <word idWord="5" x="0" transcription="جمهورية" LatinTrans="Jiim_B Miim_M Haa_M Waaw_E Raa_I Yaa_B TaaaClosed_E">
      <paw idPaw="1" x="50" transcription="جمهو" LatinTrans="Jiim_B Miim_M Haa_M Waaw_E">
        <lettre idLettre="1" x="105" transcription="ج" LatinTrans="Jiim_B" />
        <lettre idLettre="2" x="85" transcription="م" LatinTrans="Miim_M" />
        <lettre idLettre="3" x="67" transcription="ه" LatinTrans="Haa_M" />
        <lettre idLettre="4" x="50" transcription="و" LatinTrans="Waaw_E" />
      </paw>
      <paw idPaw="2" x="34" transcription="ر" LatinTrans="Raa_I">
        <lettre idLettre="1" x="34" transcription="ر" LatinTrans="Raa_I" />
      </paw>
      <paw idPaw="3" x="0" transcription="ية" LatinTrans="Yaa_B TaaaClosed_E">
        <lettre idLettre="1" x="21" transcription="ي" LatinTrans="Yaa_B" />
        <lettre idLettre="2" x="0" transcription="ة" LatinTrans="TaaaClosed_E" />
      </paw>
    </word>
  </content>
</textImage>