﻿<?xml version="1.0" encoding="UTF-8" standalone="yes"?>
<textImage id="1" width="344" height="64" transcription="القرن الحادي والعشرين" image="alarabiya_3225-03-17-00_1">
  <ArabicTranscription>القرن الحادي والعشرين</ArabicTranscription>
  <LatinTranscription>Alif_I Laam_B Gaaf_M Raa_E Nuun_I SPACE Alif_I Laam_B Haaa_M Alif_E Daal_I Yaa_I SPACE Waaw_I Alif_I Laam_B Ayn_M Shiin_M Raa_E Yaa_B Nuun_E</LatinTranscription>
  <content>
    <word idWord="1" x="265" transcription="القرن" LatinTrans="Alif_I Laam_B Gaaf_M Raa_E Nuun_I">
      <paw idPaw="1" x="329" transcription="ا" LatinTrans="Alif_I">
        <lettre idLettre="1" x="329" transcription="ا" LatinTrans="Alif_I" />
      </paw>
      <paw idPaw="2" x="289" transcription="لقر" LatinTrans="Laam_B Gaaf_M Raa_E">
        <lettre idLettre="1" x="318" transcription="ل" LatinTrans="Laam_B" />
        <lettre idLettre="2" x="307" transcription="ق" LatinTrans="Gaaf_M" />
        <lettre idLettre="3" x="289" transcription="ر" LatinTrans="Raa_E" />
      </paw>
      <paw idPaw="3" x="265" transcription="ن" LatinTrans="Nuun_I">
        <lettre idLettre="1" x="265" transcription="ن" LatinTrans="Nuun_I" />
      </paw>
    </word>
    <word idWord="2" x="253" transcription=" " LatinTrans="SPACE">
      <paw idPaw="1" x="253" transcription=" " LatinTrans="SPACE">
        <lettre idLettre="1" x="253" transcription=" " LatinTrans="SPACE" />
      </paw>
    </word>
    <word idWord="3" x="146" transcription="الحادي" LatinTrans="Alif_I Laam_B Haaa_M Alif_E Daal_I Yaa_I">
      <paw idPaw="1" x="243" transcription="ا" LatinTrans="Alif_I">
        <lettre idLettre="1" x="243" transcription="ا" LatinTrans="Alif_I" />
      </paw>
      <paw idPaw="2" x="195" transcription="لحا" LatinTrans="Laam_B Haaa_M Alif_E">
        <lettre idLettre="1" x="232" transcription="ل" LatinTrans="Laam_B" />
        <lettre idLettre="2" x="204" transcription="ح" LatinTrans="Haaa_M" />
        <lettre idLettre="3" x="195" transcription="ا" LatinTrans="Alif_E" />
      </paw>
      <paw idPaw="3" x="176" transcription="د" LatinTrans="Daal_I">
        <lettre idLettre="1" x="176" transcription="د" LatinTrans="Daal_I" />
      </paw>
      <paw idPaw="4" x="146" transcription="ي" LatinTrans="Yaa_I">
        <lettre idLettre="1" x="146" transcription="ي" LatinTrans="Yaa_I" />
      </paw>
    </word>
    <word idWord="4" x="132" transcription=" " LatinTrans="SPACE">
      <paw idPaw="1" x="132" transcription=" " LatinTrans="SPACE">
        <lettre idLettre="1" x="132" transcription=" " LatinTrans="SPACE" />
      </paw>
    </word>
    <word idWord="5" x="0" transcription="والعشرين" LatinTrans="Waaw_I Alif_I Laam_B Ayn_M Shiin_M Raa_E Yaa_B Nuun_E">
      <paw idPaw="1" x="116" transcription="و" LatinTrans="Waaw_I">
        <lettre idLettre="1" x="116" transcription="و" LatinTrans="Waaw_I" />
      </paw>
      <paw idPaw="2" x="106" transcription="ا" LatinTrans="Alif_I">
        <lettre idLettre="1" x="106" transcription="ا" LatinTrans="Alif_I" />
      </paw>
      <paw idPaw="3" x="41" transcription="لعشر" LatinTrans="Laam_B Ayn_M Shiin_M Raa_E">
        <lettre idLettre="1" x="97" transcription="ل" LatinTrans="Laam_B" />
        <lettre idLettre="2" x="81" transcription="ع" LatinTrans="Ayn_M" />
        <lettre idLettre="3" x="56" transcription="ش" LatinTrans="Shiin_M" />
        <lettre idLettre="4" x="41" transcription="ر" LatinTrans="Raa_E" />
      </paw>
      <paw idPaw="4" x="0" transcription="ين" LatinTrans="Yaa_B Nuun_E">
        <lettre idLettre="1" x="24" transcription="ي" LatinTrans="Yaa_B" />
        <lettre idLettre="2" x="0" transcription="ن" LatinTrans="Nuun_E" />
      </paw>
    </word>
  </content>
</textImage>