﻿<?xml version="1.0" encoding="UTF-8" standalone="yes"?>
<textImage id="1" width="372" height="65" transcription="لن أكون أول رئيسة وزراء" image="alarabiya_3225-03-10-20_1">
  <ArabicTranscription>لن أكون أول رئيسة وزراء</ArabicTranscription>
  <LatinTranscription>Laam_B Nuun_E SPACE HamzaAboveAlif_I Kaaf_B Waaw_E Nuun_I SPACE HamzaAboveAlif_I Waaw_I Laam_I SPACE Raa_I HamzaAboveAlifBroken_B Yaa_M Siin_M TaaaClosed_E SPACE Waaw_I Zaay_I Raa_I Alif_I Hamza</LatinTranscription>
  <content>
    <word idWord="1" x="335" transcription="لن" LatinTrans="Laam_B Nuun_E">
      <paw idPaw="1" x="335" transcription="لن" LatinTrans="Laam_B Nuun_E">
        <lettre idLettre="1" x="360" transcription="ل" LatinTrans="Laam_B" />
        <lettre idLettre="2" x="335" transcription="ن" LatinTrans="Nuun_E" />
      </paw>
    </word>
    <word idWord="2" x="322" transcription=" " LatinTrans="SPACE">
      <paw idPaw="1" x="322" transcription=" " LatinTrans="SPACE">
        <lettre idLettre="1" x="322" transcription=" " LatinTrans="SPACE" />
      </paw>
    </word>
    <word idWord="3" x="253" transcription="أكون" LatinTrans="HamzaAboveAlif_I Kaaf_B Waaw_E Nuun_I">
      <paw idPaw="1" x="311" transcription="أ" LatinTrans="HamzaAboveAlif_I">
        <lettre idLettre="1" x="311" transcription="أ" LatinTrans="HamzaAboveAlif_I" />
      </paw>
      <paw idPaw="2" x="275" transcription="كو" LatinTrans="Kaaf_B Waaw_E">
        <lettre idLettre="1" x="292" transcription="ك" LatinTrans="Kaaf_B" />
        <lettre idLettre="2" x="275" transcription="و" LatinTrans="Waaw_E" />
      </paw>
      <paw idPaw="3" x="253" transcription="ن" LatinTrans="Nuun_I">
        <lettre idLettre="1" x="253" transcription="ن" LatinTrans="Nuun_I" />
      </paw>
    </word>
    <word idWord="4" x="241" transcription=" " LatinTrans="SPACE">
      <paw idPaw="1" x="241" transcription=" " LatinTrans="SPACE">
        <lettre idLettre="1" x="241" transcription=" " LatinTrans="SPACE" />
      </paw>
    </word>
    <word idWord="5" x="188" transcription="أول" LatinTrans="HamzaAboveAlif_I Waaw_I Laam_I">
      <paw idPaw="1" x="229" transcription="أ" LatinTrans="HamzaAboveAlif_I">
        <lettre idLettre="1" x="229" transcription="أ" LatinTrans="HamzaAboveAlif_I" />
      </paw>
      <paw idPaw="2" x="213" transcription="و" LatinTrans="Waaw_I">
        <lettre idLettre="1" x="213" transcription="و" LatinTrans="Waaw_I" />
      </paw>
      <paw idPaw="3" x="188" transcription="ل" LatinTrans="Laam_I">
        <lettre idLettre="1" x="188" transcription="ل" LatinTrans="Laam_I" />
      </paw>
    </word>
    <word idWord="6" x="175" transcription=" " LatinTrans="SPACE">
      <paw idPaw="1" x="175" transcription=" " LatinTrans="SPACE">
        <lettre idLettre="1" x="175" transcription=" " LatinTrans="SPACE" />
      </paw>
    </word>
    <word idWord="7" x="90" transcription="رئيسة" LatinTrans="Raa_I HamzaAboveAlifBroken_B Yaa_M Siin_M TaaaClosed_E">
      <paw idPaw="1" x="157" transcription="ر" LatinTrans="Raa_I">
        <lettre idLettre="1" x="157" transcription="ر" LatinTrans="Raa_I" />
      </paw>
      <paw idPaw="2" x="90" transcription="ئيسة" LatinTrans="HamzaAboveAlifBroken_B Yaa_M Siin_M TaaaClosed_E">
        <lettre idLettre="1" x="147" transcription="ئ" LatinTrans="HamzaAboveAlifBroken_B" />
        <lettre idLettre="2" x="132" transcription="ي" LatinTrans="Yaa_M" />
        <lettre idLettre="3" x="110" transcription="س" LatinTrans="Siin_M" />
        <lettre idLettre="4" x="90" transcription="ة" LatinTrans="TaaaClosed_E" />
      </paw>
    </word>
    <word idWord="8" x="77" transcription=" " LatinTrans="SPACE">
      <paw idPaw="1" x="77" transcription=" " LatinTrans="SPACE">
        <lettre idLettre="1" x="77" transcription=" " LatinTrans="SPACE" />
      </paw>
    </word>
    <word idWord="9" x="0" transcription="وزراء" LatinTrans="Waaw_I Zaay_I Raa_I Alif_I Hamza">
      <paw idPaw="1" x="57" transcription="و" LatinTrans="Waaw_I">
        <lettre idLettre="1" x="57" transcription="و" LatinTrans="Waaw_I" />
      </paw>
      <paw idPaw="2" x="45" transcription="ز" LatinTrans="Zaay_I">
        <lettre idLettre="1" x="45" transcription="ز" LatinTrans="Zaay_I" />
      </paw>
      <paw idPaw="3" x="28" transcription="ر" LatinTrans="Raa_I">
        <lettre idLettre="1" x="28" transcription="ر" LatinTrans="Raa_I" />
      </paw>
      <paw idPaw="4" x="20" transcription="ا" LatinTrans="Alif_I">
        <lettre idLettre="1" x="20" transcription="ا" LatinTrans="Alif_I" />
      </paw>
      <paw idPaw="5" x="0" transcription="ء" LatinTrans="Hamza">
        <lettre idLettre="1" x="0" transcription="ء" LatinTrans="Hamza" />
      </paw>
    </word>
  </content>
</textImage>