﻿<?xml version="1.0" encoding="UTF-8" standalone="yes"?>
<textImage id="1" width="327" height="70" transcription="أطلق البرنامج في وكالة" image="alarabiya_3226-01-09-10_1">
  <ArabicTranscription>أطلق البرنامج في وكالة</ArabicTranscription>
  <LatinTranscription>HamzaAboveAlif_I Thaaa_B Laam_M Gaaf_E SPACE Alif_I Laam_B Baa_M Raa_E Nuun_B Alif_E Miim_B Jiim_E SPACE Faa_B Yaa_E SPACE Waaw_I Kaaf_B Alif_E Laam_B TaaaClosed_E</LatinTranscription>
  <content>
    <word idWord="1" x="255" transcription="أطلق" LatinTrans="HamzaAboveAlif_I Thaaa_B Laam_M Gaaf_E">
      <paw idPaw="1" x="310" transcription="أ" LatinTrans="HamzaAboveAlif_I">
        <lettre idLettre="1" x="310" transcription="أ" LatinTrans="HamzaAboveAlif_I" />
      </paw>
      <paw idPaw="2" x="255" transcription="طلق" LatinTrans="Thaaa_B Laam_M Gaaf_E">
        <lettre idLettre="1" x="291" transcription="ط" LatinTrans="Thaaa_B" />
        <lettre idLettre="2" x="277" transcription="ل" LatinTrans="Laam_M" />
        <lettre idLettre="3" x="255" transcription="ق" LatinTrans="Gaaf_E" />
      </paw>
    </word>
    <word idWord="2" x="245" transcription=" " LatinTrans="SPACE">
      <paw idPaw="1" x="245" transcription=" " LatinTrans="SPACE">
        <lettre idLettre="1" x="245" transcription=" " LatinTrans="SPACE" />
      </paw>
    </word>
    <word idWord="3" x="137" transcription="البرنامج" LatinTrans="Alif_I Laam_B Baa_M Raa_E Nuun_B Alif_E Miim_B Jiim_E">
      <paw idPaw="1" x="234" transcription="ا" LatinTrans="Alif_I">
        <lettre idLettre="1" x="234" transcription="ا" LatinTrans="Alif_I" />
      </paw>
      <paw idPaw="2" x="201" transcription="لبر" LatinTrans="Laam_B Baa_M Raa_E">
        <lettre idLettre="1" x="225" transcription="ل" LatinTrans="Laam_B" />
        <lettre idLettre="2" x="213" transcription="ب" LatinTrans="Baa_M" />
        <lettre idLettre="3" x="201" transcription="ر" LatinTrans="Raa_E" />
      </paw>
      <paw idPaw="3" x="178" transcription="نا" LatinTrans="Nuun_B Alif_E">
        <lettre idLettre="1" x="189" transcription="ن" LatinTrans="Nuun_B" />
        <lettre idLettre="2" x="178" transcription="ا" LatinTrans="Alif_E" />
      </paw>
      <paw idPaw="4" x="137" transcription="مج" LatinTrans="Miim_B Jiim_E">
        <lettre idLettre="1" x="163" transcription="م" LatinTrans="Miim_B" />
        <lettre idLettre="2" x="137" transcription="ج" LatinTrans="Jiim_E" />
      </paw>
    </word>
    <word idWord="4" x="130" transcription=" " LatinTrans="SPACE">
      <paw idPaw="1" x="130" transcription=" " LatinTrans="SPACE">
        <lettre idLettre="1" x="130" transcription=" " LatinTrans="SPACE" />
      </paw>
    </word>
    <word idWord="5" x="88" transcription="في" LatinTrans="Faa_B Yaa_E">
      <paw idPaw="1" x="88" transcription="في" LatinTrans="Faa_B Yaa_E">
        <lettre idLettre="1" x="112" transcription="ف" LatinTrans="Faa_B" />
        <lettre idLettre="2" x="88" transcription="ي" LatinTrans="Yaa_E" />
      </paw>
    </word>
    <word idWord="6" x="74" transcription=" " LatinTrans="SPACE">
      <paw idPaw="1" x="74" transcription=" " LatinTrans="SPACE">
        <lettre idLettre="1" x="74" transcription=" " LatinTrans="SPACE" />
      </paw>
    </word>
    <word idWord="7" x="0" transcription="وكالة" LatinTrans="Waaw_I Kaaf_B Alif_E Laam_B TaaaClosed_E">
      <paw idPaw="1" x="62" transcription="و" LatinTrans="Waaw_I">
        <lettre idLettre="1" x="62" transcription="و" LatinTrans="Waaw_I" />
      </paw>
      <paw idPaw="2" x="31" transcription="كا" LatinTrans="Kaaf_B Alif_E">
        <lettre idLettre="1" x="41" transcription="ك" LatinTrans="Kaaf_B" />
        <lettre idLettre="2" x="31" transcription="ا" LatinTrans="Alif_E" />
      </paw>
      <paw idPaw="3" x="0" transcription="لة" LatinTrans="Laam_B TaaaClosed_E">
        <lettre idLettre="1" x="22" transcription="ل" LatinTrans="Laam_B" />
        <lettre idLettre="2" x="0" transcription="ة" LatinTrans="TaaaClosed_E" />
      </paw>
    </word>
  </content>
</textImage>