﻿<?xml version="1.0" encoding="UTF-8" standalone="yes"?>
<textImage id="2" width="58" height="35" transcription="1987" image="alarabiya_3223-00-10-30_2">
  <ArabicTranscription>1987</ArabicTranscription>
  <LatinTranscription>Seven Eight Nine One</LatinTranscription>
  <content>
    <word idWord="1" x="0" transcription="1987" LatinTrans="Seven Eight Nine One">
      <paw idPaw="1" x="41" transcription="7" LatinTrans="Seven">
        <lettre idLettre="1" x="41" transcription="7" LatinTrans="Seven" />
      </paw>
      <paw idPaw="2" x="28" transcription="8" LatinTrans="Eight">
        <lettre idLettre="1" x="28" transcription="8" LatinTrans="Eight" />
      </paw>
      <paw idPaw="3" x="14" transcription="9" LatinTrans="Nine">
        <lettre idLettre="1" x="14" transcription="9" LatinTrans="Nine" />
      </paw>
      <paw idPaw="4" x="0" transcription="1" LatinTrans="One">
        <lettre idLettre="1" x="0" transcription="1" LatinTrans="One" />
      </paw>
    </word>
  </content>
</textImage>