﻿<?xml version="1.0" encoding="UTF-8" standalone="yes"?>
<textImage id="1" width="312" height="54" transcription="ما الذي ينصح به طبيب الأسنان؟" image="alarabiya_3226-19-05-20_1">
  <ArabicTranscription>ما الذي ينصح به طبيب الأسنان؟</ArabicTranscription>
  <LatinTranscription>Miim_B Alif_E SPACE Alif_I Laam_B Thaal_E Yaa_I SPACE Yaa_B Nuun_M Saad_M Haaa_E SPACE Baa_B Haa_E SPACE Thaaa_B Baa_M Yaa_M Baa_E SPACE Alif_I Laam_HamzaAboveAlif Siin_B Nuun_M Alif_E Nuun_I INTERPOINT</LatinTranscription>
  <content>
    <word idWord="1" x="285" transcription="ما" LatinTrans="Miim_B Alif_E">
      <paw idPaw="1" x="285" transcription="ما" LatinTrans="Miim_B Alif_E">
        <lettre idLettre="1" x="295" transcription="م" LatinTrans="Miim_B" />
        <lettre idLettre="2" x="285" transcription="ا" LatinTrans="Alif_E" />
      </paw>
    </word>
    <word idWord="2" x="282" transcription=" " LatinTrans="SPACE">
      <paw idPaw="1" x="282" transcription=" " LatinTrans="SPACE">
        <lettre idLettre="1" x="282" transcription=" " LatinTrans="SPACE" />
      </paw>
    </word>
    <word idWord="3" x="234" transcription="الذي" LatinTrans="Alif_I Laam_B Thaal_E Yaa_I">
      <paw idPaw="1" x="273" transcription="ا" LatinTrans="Alif_I">
        <lettre idLettre="1" x="273" transcription="ا" LatinTrans="Alif_I" />
      </paw>
      <paw idPaw="2" x="254" transcription="لذ" LatinTrans="Laam_B Thaal_E">
        <lettre idLettre="1" x="267" transcription="ل" LatinTrans="Laam_B" />
        <lettre idLettre="2" x="254" transcription="ذ" LatinTrans="Thaal_E" />
      </paw>
      <paw idPaw="3" x="234" transcription="ي" LatinTrans="Yaa_I">
        <lettre idLettre="1" x="234" transcription="ي" LatinTrans="Yaa_I" />
      </paw>
    </word>
    <word idWord="4" x="231" transcription=" " LatinTrans="SPACE">
      <paw idPaw="1" x="231" transcription=" " LatinTrans="SPACE">
        <lettre idLettre="1" x="231" transcription=" " LatinTrans="SPACE" />
      </paw>
    </word>
    <word idWord="5" x="170" transcription="ينصح" LatinTrans="Yaa_B Nuun_M Saad_M Haaa_E">
      <paw idPaw="1" x="170" transcription="ينصح" LatinTrans="Yaa_B Nuun_M Saad_M Haaa_E">
        <lettre idLettre="1" x="223" transcription="ي" LatinTrans="Yaa_B" />
        <lettre idLettre="2" x="215" transcription="ن" LatinTrans="Nuun_M" />
        <lettre idLettre="3" x="187" transcription="ص" LatinTrans="Saad_M" />
        <lettre idLettre="4" x="170" transcription="ح" LatinTrans="Haaa_E" />
      </paw>
    </word>
    <word idWord="6" x="168" transcription=" " LatinTrans="SPACE">
      <paw idPaw="1" x="168" transcription=" " LatinTrans="SPACE">
        <lettre idLettre="1" x="168" transcription=" " LatinTrans="SPACE" />
      </paw>
    </word>
    <word idWord="7" x="148" transcription="به" LatinTrans="Baa_B Haa_E">
      <paw idPaw="1" x="148" transcription="به" LatinTrans="Baa_B Haa_E">
        <lettre idLettre="1" x="160" transcription="ب" LatinTrans="Baa_B" />
        <lettre idLettre="2" x="148" transcription="ه" LatinTrans="Haa_E" />
      </paw>
    </word>
    <word idWord="8" x="145" transcription=" " LatinTrans="SPACE">
      <paw idPaw="1" x="145" transcription=" " LatinTrans="SPACE">
        <lettre idLettre="1" x="145" transcription=" " LatinTrans="SPACE" />
      </paw>
    </word>
    <word idWord="9" x="90" transcription="طبيب" LatinTrans="Thaaa_B Baa_M Yaa_M Baa_E">
      <paw idPaw="1" x="90" transcription="طبيب" LatinTrans="Thaaa_B Baa_M Yaa_M Baa_E">
        <lettre idLettre="1" x="129" transcription="ط" LatinTrans="Thaaa_B" />
        <lettre idLettre="2" x="120" transcription="ب" LatinTrans="Baa_M" />
        <lettre idLettre="3" x="111" transcription="ي" LatinTrans="Yaa_M" />
        <lettre idLettre="4" x="90" transcription="ب" LatinTrans="Baa_E" />
      </paw>
    </word>
    <word idWord="10" x="87" transcription=" " LatinTrans="SPACE">
      <paw idPaw="1" x="87" transcription=" " LatinTrans="SPACE">
        <lettre idLettre="1" x="87" transcription=" " LatinTrans="SPACE" />
      </paw>
    </word>
    <word idWord="11" x="0" transcription="الأسنان؟" LatinTrans="Alif_I Laam_HamzaAboveAlif Siin_B Nuun_M Alif_E Nuun_I INTERPOINT">
      <paw idPaw="1" x="80" transcription="ا" LatinTrans="Alif_I">
        <lettre idLettre="1" x="80" transcription="ا" LatinTrans="Alif_I" />
      </paw>
      <paw idPaw="2" x="64" transcription="لأ" LatinTrans="Laam_HamzaAboveAlif">
        <lettre idLettre="1" x="64" transcription="لأ" LatinTrans="Laam_HamzaAboveAlif" />
      </paw>
      <paw idPaw="3" x="31" transcription="سنا" LatinTrans="Siin_B Nuun_M Alif_E">
        <lettre idLettre="1" x="47" transcription="س" LatinTrans="Siin_B" />
        <lettre idLettre="2" x="35" transcription="ن" LatinTrans="Nuun_M" />
        <lettre idLettre="3" x="31" transcription="ا" LatinTrans="Alif_E" />
      </paw>
      <paw idPaw="4" x="14" transcription="ن" LatinTrans="Nuun_I">
        <lettre idLettre="1" x="14" transcription="ن" LatinTrans="Nuun_I" />
      </paw>
      <paw idPaw="5" x="0" transcription="؟" LatinTrans="INTERPOINT">
        <lettre idLettre="1" x="0" transcription="؟" LatinTrans="INTERPOINT" />
      </paw>
    </word>
  </content>
</textImage>