﻿<?xml version="1.0" encoding="UTF-8" standalone="yes"?>
<textImage id="1" width="420" height="58" transcription="هذا مهم في بلدان مثل الهند" image="alarabiya_3226-01-46-00_1">
  <ArabicTranscription>هذا مهم في بلدان مثل الهند</ArabicTranscription>
  <LatinTranscription>Haa_B Thaal_E Alif_I SPACE Miim_B Haa_M Miim_E SPACE Faa_B Yaa_E SPACE Baa_B Laam_M Daal_E Alif_I Nuun_I SPACE Miim_B Thaa_M Laam_E SPACE Alif_I Laam_B Haa_M Nuun_M Daal_E</LatinTranscription>
  <content>
    <word idWord="1" x="371" transcription="هذا" LatinTrans="Haa_B Thaal_E Alif_I">
      <paw idPaw="1" x="384" transcription="هذ" LatinTrans="Haa_B Thaal_E">
        <lettre idLettre="1" x="403" transcription="ه" LatinTrans="Haa_B" />
        <lettre idLettre="2" x="384" transcription="ذ" LatinTrans="Thaal_E" />
      </paw>
      <paw idPaw="2" x="371" transcription="ا" LatinTrans="Alif_I">
        <lettre idLettre="1" x="371" transcription="ا" LatinTrans="Alif_I" />
      </paw>
    </word>
    <word idWord="2" x="361" transcription=" " LatinTrans="SPACE">
      <paw idPaw="1" x="361" transcription=" " LatinTrans="SPACE">
        <lettre idLettre="1" x="361" transcription=" " LatinTrans="SPACE" />
      </paw>
    </word>
    <word idWord="3" x="307" transcription="مهم" LatinTrans="Miim_B Haa_M Miim_E">
      <paw idPaw="1" x="307" transcription="مهم" LatinTrans="Miim_B Haa_M Miim_E">
        <lettre idLettre="1" x="344" transcription="م" LatinTrans="Miim_B" />
        <lettre idLettre="2" x="325" transcription="ه" LatinTrans="Haa_M" />
        <lettre idLettre="3" x="307" transcription="م" LatinTrans="Miim_E" />
      </paw>
    </word>
    <word idWord="4" x="297" transcription=" " LatinTrans="SPACE">
      <paw idPaw="1" x="297" transcription=" " LatinTrans="SPACE">
        <lettre idLettre="1" x="297" transcription=" " LatinTrans="SPACE" />
      </paw>
    </word>
    <word idWord="5" x="255" transcription="في" LatinTrans="Faa_B Yaa_E">
      <paw idPaw="1" x="255" transcription="في" LatinTrans="Faa_B Yaa_E">
        <lettre idLettre="1" x="282" transcription="ف" LatinTrans="Faa_B" />
        <lettre idLettre="2" x="255" transcription="ي" LatinTrans="Yaa_E" />
      </paw>
    </word>
    <word idWord="6" x="243" transcription=" " LatinTrans="SPACE">
      <paw idPaw="1" x="243" transcription=" " LatinTrans="SPACE">
        <lettre idLettre="1" x="243" transcription=" " LatinTrans="SPACE" />
      </paw>
    </word>
    <word idWord="7" x="170" transcription="بلدان" LatinTrans="Baa_B Laam_M Daal_E Alif_I Nuun_I">
      <paw idPaw="1" x="200" transcription="بلد" LatinTrans="Baa_B Laam_M Daal_E">
        <lettre idLettre="1" x="231" transcription="ب" LatinTrans="Baa_B" />
        <lettre idLettre="2" x="217" transcription="ل" LatinTrans="Laam_M" />
        <lettre idLettre="3" x="200" transcription="د" LatinTrans="Daal_E" />
      </paw>
      <paw idPaw="2" x="193" transcription="ا" LatinTrans="Alif_I">
        <lettre idLettre="1" x="193" transcription="ا" LatinTrans="Alif_I" />
      </paw>
      <paw idPaw="3" x="170" transcription="ن" LatinTrans="Nuun_I">
        <lettre idLettre="1" x="170" transcription="ن" LatinTrans="Nuun_I" />
      </paw>
    </word>
    <word idWord="8" x="158" transcription=" " LatinTrans="SPACE">
      <paw idPaw="1" x="158" transcription=" " LatinTrans="SPACE">
        <lettre idLettre="1" x="158" transcription=" " LatinTrans="SPACE" />
      </paw>
    </word>
    <word idWord="9" x="101" transcription="مثل" LatinTrans="Miim_B Thaa_M Laam_E">
      <paw idPaw="1" x="101" transcription="مثل" LatinTrans="Miim_B Thaa_M Laam_E">
        <lettre idLettre="1" x="143" transcription="م" LatinTrans="Miim_B" />
        <lettre idLettre="2" x="128" transcription="ث" LatinTrans="Thaa_M" />
        <lettre idLettre="3" x="101" transcription="ل" LatinTrans="Laam_E" />
      </paw>
    </word>
    <word idWord="10" x="82" transcription=" " LatinTrans="SPACE">
      <paw idPaw="1" x="82" transcription=" " LatinTrans="SPACE">
        <lettre idLettre="1" x="82" transcription=" " LatinTrans="SPACE" />
      </paw>
    </word>
    <word idWord="11" x="0" transcription="الهند" LatinTrans="Alif_I Laam_B Haa_M Nuun_M Daal_E">
      <paw idPaw="1" x="67" transcription="ا" LatinTrans="Alif_I">
        <lettre idLettre="1" x="67" transcription="ا" LatinTrans="Alif_I" />
      </paw>
      <paw idPaw="2" x="0" transcription="لهند" LatinTrans="Laam_B Haa_M Nuun_M Daal_E">
        <lettre idLettre="1" x="57" transcription="ل" LatinTrans="Laam_B" />
        <lettre idLettre="2" x="39" transcription="ه" LatinTrans="Haa_M" />
        <lettre idLettre="3" x="24" transcription="ن" LatinTrans="Nuun_M" />
        <lettre idLettre="4" x="0" transcription="د" LatinTrans="Daal_E" />
      </paw>
    </word>
  </content>
</textImage>