﻿<?xml version="1.0" encoding="UTF-8" standalone="yes"?>
<textImage id="2" width="57" height="36" transcription="2011" image="alarabiya_3223-00-11-00_2">
  <ArabicTranscription>2011</ArabicTranscription>
  <LatinTranscription>One One Zero Two</LatinTranscription>
  <content>
    <word idWord="1" x="0" transcription="2011" LatinTrans="One One Zero Two">
      <paw idPaw="1" x="41" transcription="1" LatinTrans="One">
        <lettre idLettre="1" x="41" transcription="1" LatinTrans="One" />
      </paw>
      <paw idPaw="2" x="31" transcription="1" LatinTrans="One">
        <lettre idLettre="1" x="31" transcription="1" LatinTrans="One" />
      </paw>
      <paw idPaw="3" x="15" transcription="0" LatinTrans="Zero">
        <lettre idLettre="1" x="15" transcription="0" LatinTrans="Zero" />
      </paw>
      <paw idPaw="4" x="0" transcription="2" LatinTrans="Two">
        <lettre idLettre="1" x="0" transcription="2" LatinTrans="Two" />
      </paw>
    </word>
  </content>
</textImage>