﻿<?xml version="1.0" encoding="UTF-8" standalone="yes"?>
<textImage id="1" width="403" height="105" transcription="دائرة العصيان تتسع" image="alarabiya_3225-04-46-30_1">
  <ArabicTranscription>دائرة العصيان تتسع</ArabicTranscription>
  <LatinTranscription>Daal_I Alif_I HamzaAboveAlifBroken_B Raa_E TaaaClosed_I SPACE Alif_I Laam_B Ayn_M Saad_M Yaa_M Alif_E Nuun_I SPACE Taaa_B Taaa_M Siin_M Ayn_E</LatinTranscription>
  <content>
    <word idWord="1" x="295" transcription="دائرة" LatinTrans="Daal_I Alif_I HamzaAboveAlifBroken_B Raa_E TaaaClosed_I">
      <paw idPaw="1" x="373" transcription="د" LatinTrans="Daal_I">
        <lettre idLettre="1" x="373" transcription="د" LatinTrans="Daal_I" />
      </paw>
      <paw idPaw="2" x="362" transcription="ا" LatinTrans="Alif_I">
        <lettre idLettre="1" x="362" transcription="ا" LatinTrans="Alif_I" />
      </paw>
      <paw idPaw="3" x="317" transcription="ئر" LatinTrans="HamzaAboveAlifBroken_B Raa_E">
        <lettre idLettre="1" x="341" transcription="ئ" LatinTrans="HamzaAboveAlifBroken_B" />
        <lettre idLettre="2" x="317" transcription="ر" LatinTrans="Raa_E" />
      </paw>
      <paw idPaw="4" x="295" transcription="ة" LatinTrans="TaaaClosed_I">
        <lettre idLettre="1" x="295" transcription="ة" LatinTrans="TaaaClosed_I" />
      </paw>
    </word>
    <word idWord="2" x="292" transcription=" " LatinTrans="SPACE">
      <paw idPaw="1" x="292" transcription=" " LatinTrans="SPACE">
        <lettre idLettre="1" x="292" transcription=" " LatinTrans="SPACE" />
      </paw>
    </word>
    <word idWord="3" x="118" transcription="العصيان" LatinTrans="Alif_I Laam_B Ayn_M Saad_M Yaa_M Alif_E Nuun_I">
      <paw idPaw="1" x="280" transcription="ا" LatinTrans="Alif_I">
        <lettre idLettre="1" x="280" transcription="ا" LatinTrans="Alif_I" />
      </paw>
      <paw idPaw="2" x="154" transcription="لعصيا" LatinTrans="Laam_B Ayn_M Saad_M Yaa_M Alif_E">
        <lettre idLettre="1" x="261" transcription="ل" LatinTrans="Laam_B" />
        <lettre idLettre="2" x="235" transcription="ع" LatinTrans="Ayn_M" />
        <lettre idLettre="3" x="189" transcription="ص" LatinTrans="Saad_M" />
        <lettre idLettre="4" x="166" transcription="ي" LatinTrans="Yaa_M" />
        <lettre idLettre="5" x="154" transcription="ا" LatinTrans="Alif_E" />
      </paw>
      <paw idPaw="3" x="118" transcription="ن" LatinTrans="Nuun_I">
        <lettre idLettre="1" x="118" transcription="ن" LatinTrans="Nuun_I" />
      </paw>
    </word>
    <word idWord="4" x="114" transcription=" " LatinTrans="SPACE">
      <paw idPaw="1" x="114" transcription=" " LatinTrans="SPACE">
        <lettre idLettre="1" x="114" transcription=" " LatinTrans="SPACE" />
      </paw>
    </word>
    <word idWord="5" x="0" transcription="تتسع" LatinTrans="Taaa_B Taaa_M Siin_M Ayn_E">
      <paw idPaw="1" x="0" transcription="تتسع" LatinTrans="Taaa_B Taaa_M Siin_M Ayn_E">
        <lettre idLettre="1" x="90" transcription="ت" LatinTrans="Taaa_B" />
        <lettre idLettre="2" x="70" transcription="ت" LatinTrans="Taaa_M" />
        <lettre idLettre="3" x="33" transcription="س" LatinTrans="Siin_M" />
        <lettre idLettre="4" x="0" transcription="ع" LatinTrans="Ayn_E" />
      </paw>
    </word>
  </content>
</textImage>