﻿<?xml version="1.0" encoding="UTF-8" standalone="yes"?>
<textImage id="1" width="623" height="81" transcription="كيف تلقى السوريون هذا التصريح ؟" image="alarabiya_3222-15-09-30_1">
  <ArabicTranscription>كيف تلقى السوريون هذا التصريح ؟</ArabicTranscription>
  <LatinTranscription>Kaaf_B Yaa_M Faa_E SPACE Taaa_B Laam_M Gaaf_M AlifBroken_E SPACE Alif_I Laam_B Siin_M Waaw_E Raa_I Yaa_B Waaw_E Nuun_I SPACE Haa_B Thaal_E Alif_I SPACE Alif_I Laam_B Taaa_M Saad_M Raa_E Yaa_B Haaa_E SPACE INTERPOINT</LatinTranscription>
  <content>
    <word idWord="1" x="535" transcription="كيف" LatinTrans="Kaaf_B Yaa_M Faa_E">
      <paw idPaw="1" x="535" transcription="كيف" LatinTrans="Kaaf_B Yaa_M Faa_E">
        <lettre idLettre="1" x="593" transcription="ك" LatinTrans="Kaaf_B" />
        <lettre idLettre="2" x="578" transcription="ي" LatinTrans="Yaa_M" />
        <lettre idLettre="3" x="535" transcription="ف" LatinTrans="Faa_E" />
      </paw>
    </word>
    <word idWord="2" x="529" transcription=" " LatinTrans="SPACE">
      <paw idPaw="1" x="529" transcription=" " LatinTrans="SPACE">
        <lettre idLettre="1" x="529" transcription=" " LatinTrans="SPACE" />
      </paw>
    </word>
    <word idWord="3" x="443" transcription="تلقى" LatinTrans="Taaa_B Laam_M Gaaf_M AlifBroken_E">
      <paw idPaw="1" x="443" transcription="تلقى" LatinTrans="Taaa_B Laam_M Gaaf_M AlifBroken_E">
        <lettre idLettre="1" x="511" transcription="ت" LatinTrans="Taaa_B" />
        <lettre idLettre="2" x="502" transcription="ل" LatinTrans="Laam_M" />
        <lettre idLettre="3" x="481" transcription="ق" LatinTrans="Gaaf_M" />
        <lettre idLettre="4" x="443" transcription="ى" LatinTrans="AlifBroken_E" />
      </paw>
    </word>
    <word idWord="4" x="438" transcription=" " LatinTrans="SPACE">
      <paw idPaw="1" x="438" transcription=" " LatinTrans="SPACE">
        <lettre idLettre="1" x="438" transcription=" " LatinTrans="SPACE" />
      </paw>
    </word>
    <word idWord="5" x="270" transcription="السوريون" LatinTrans="Alif_I Laam_B Siin_M Waaw_E Raa_I Yaa_B Waaw_E Nuun_I">
      <paw idPaw="1" x="425" transcription="ا" LatinTrans="Alif_I">
        <lettre idLettre="1" x="425" transcription="ا" LatinTrans="Alif_I" />
      </paw>
      <paw idPaw="2" x="352" transcription="لسو" LatinTrans="Laam_B Siin_M Waaw_E">
        <lettre idLettre="1" x="411" transcription="ل" LatinTrans="Laam_B" />
        <lettre idLettre="2" x="373" transcription="س" LatinTrans="Siin_M" />
        <lettre idLettre="3" x="352" transcription="و" LatinTrans="Waaw_E" />
      </paw>
      <paw idPaw="3" x="331" transcription="ر" LatinTrans="Raa_I">
        <lettre idLettre="1" x="331" transcription="ر" LatinTrans="Raa_I" />
      </paw>
      <paw idPaw="4" x="298" transcription="يو" LatinTrans="Yaa_B Waaw_E">
        <lettre idLettre="1" x="319" transcription="ي" LatinTrans="Yaa_B" />
        <lettre idLettre="2" x="298" transcription="و" LatinTrans="Waaw_E" />
      </paw>
      <paw idPaw="5" x="270" transcription="ن" LatinTrans="Nuun_I">
        <lettre idLettre="1" x="270" transcription="ن" LatinTrans="Nuun_I" />
      </paw>
    </word>
    <word idWord="6" x="261" transcription=" " LatinTrans="SPACE">
      <paw idPaw="1" x="261" transcription=" " LatinTrans="SPACE">
        <lettre idLettre="1" x="261" transcription=" " LatinTrans="SPACE" />
      </paw>
    </word>
    <word idWord="7" x="198" transcription="هذا" LatinTrans="Haa_B Thaal_E Alif_I">
      <paw idPaw="1" x="211" transcription="هذ" LatinTrans="Haa_B Thaal_E">
        <lettre idLettre="1" x="238" transcription="ه" LatinTrans="Haa_B" />
        <lettre idLettre="2" x="211" transcription="ذ" LatinTrans="Thaal_E" />
      </paw>
      <paw idPaw="2" x="198" transcription="ا" LatinTrans="Alif_I">
        <lettre idLettre="1" x="198" transcription="ا" LatinTrans="Alif_I" />
      </paw>
    </word>
    <word idWord="8" x="184" transcription=" " LatinTrans="SPACE">
      <paw idPaw="1" x="184" transcription=" " LatinTrans="SPACE">
        <lettre idLettre="1" x="184" transcription=" " LatinTrans="SPACE" />
      </paw>
    </word>
    <word idWord="9" x="30" transcription="التصريح" LatinTrans="Alif_I Laam_B Taaa_M Saad_M Raa_E Yaa_B Haaa_E">
      <paw idPaw="1" x="174" transcription="ا" LatinTrans="Alif_I">
        <lettre idLettre="1" x="174" transcription="ا" LatinTrans="Alif_I" />
      </paw>
      <paw idPaw="2" x="76" transcription="لتصر" LatinTrans="Laam_B Taaa_M Saad_M Raa_E">
        <lettre idLettre="1" x="158" transcription="ل" LatinTrans="Laam_B" />
        <lettre idLettre="2" x="142" transcription="ت" LatinTrans="Taaa_M" />
        <lettre idLettre="3" x="95" transcription="ص" LatinTrans="Saad_M" />
        <lettre idLettre="4" x="76" transcription="ر" LatinTrans="Raa_E" />
      </paw>
      <paw idPaw="3" x="30" transcription="يح" LatinTrans="Yaa_B Haaa_E">
        <lettre idLettre="1" x="61" transcription="ي" LatinTrans="Yaa_B" />
        <lettre idLettre="2" x="30" transcription="ح" LatinTrans="Haaa_E" />
      </paw>
    </word>
    <word idWord="10" x="22" transcription=" " LatinTrans="SPACE">
      <paw idPaw="1" x="22" transcription=" " LatinTrans="SPACE">
        <lettre idLettre="1" x="22" transcription=" " LatinTrans="SPACE" />
      </paw>
    </word>
    <word idWord="11" x="0" transcription="؟" LatinTrans="INTERPOINT">
      <paw idPaw="1" x="0" transcription="؟" LatinTrans="INTERPOINT">
        <lettre idLettre="1" x="0" transcription="؟" LatinTrans="INTERPOINT" />
      </paw>
    </word>
  </content>
</textImage>