﻿<?xml version="1.0" encoding="UTF-8" standalone="yes"?>
<textImage id="1" width="302" height="44" transcription="الأمير سلمان يمنع قطع البث التلفزيوني" image="alarabiya_26-03-47-10_1">
  <ArabicTranscription>الأمير سلمان يمنع قطع البث التلفزيوني</ArabicTranscription>
  <LatinTranscription>Alif_I Laam_HamzaAboveAlif Miim_B Yaa_M Raa_E SPACE Siin_B Laam_M Miim_M Alif_E Nuun_I SPACE Yaa_B Miim_M Nuun_M Ayn_E SPACE Gaaf_B Thaaa_M Ayn_E SPACE Alif_I Laam_B Baa_M Thaa_E SPACE Alif_I Laam_B Taaa_M Laam_M Faa_M Zaay_E Yaa_B Waaw_E Nuun_B Yaa_E</LatinTranscription>
  <content>
    <word idWord="1" x="256" transcription="الأمير" LatinTrans="Alif_I Laam_HamzaAboveAlif Miim_B Yaa_M Raa_E">
      <paw idPaw="1" x="292" transcription="ا" LatinTrans="Alif_I">
        <lettre idLettre="1" x="292" transcription="ا" LatinTrans="Alif_I" />
      </paw>
      <paw idPaw="2" x="281" transcription="لأ" LatinTrans="Laam_HamzaAboveAlif">
        <lettre idLettre="1" x="281" transcription="لأ" LatinTrans="Laam_HamzaAboveAlif" />
      </paw>
      <paw idPaw="3" x="256" transcription="مير" LatinTrans="Miim_B Yaa_M Raa_E">
        <lettre idLettre="1" x="274" transcription="م" LatinTrans="Miim_B" />
        <lettre idLettre="2" x="267" transcription="ي" LatinTrans="Yaa_M" />
        <lettre idLettre="3" x="256" transcription="ر" LatinTrans="Raa_E" />
      </paw>
    </word>
    <word idWord="2" x="252" transcription=" " LatinTrans="SPACE">
      <paw idPaw="1" x="252" transcription=" " LatinTrans="SPACE">
        <lettre idLettre="1" x="252" transcription=" " LatinTrans="SPACE" />
      </paw>
    </word>
    <word idWord="3" x="200" transcription="سلمان" LatinTrans="Siin_B Laam_M Miim_M Alif_E Nuun_I">
      <paw idPaw="1" x="214" transcription="سلما" LatinTrans="Siin_B Laam_M Miim_M Alif_E">
        <lettre idLettre="1" x="236" transcription="س" LatinTrans="Siin_B" />
        <lettre idLettre="2" x="231" transcription="ل" LatinTrans="Laam_M" />
        <lettre idLettre="3" x="222" transcription="م" LatinTrans="Miim_M" />
        <lettre idLettre="4" x="214" transcription="ا" LatinTrans="Alif_E" />
      </paw>
      <paw idPaw="2" x="200" transcription="ن" LatinTrans="Nuun_I">
        <lettre idLettre="1" x="200" transcription="ن" LatinTrans="Nuun_I" />
      </paw>
    </word>
    <word idWord="4" x="197" transcription=" " LatinTrans="SPACE">
      <paw idPaw="1" x="197" transcription=" " LatinTrans="SPACE">
        <lettre idLettre="1" x="197" transcription=" " LatinTrans="SPACE" />
      </paw>
    </word>
    <word idWord="5" x="162" transcription="يمنع" LatinTrans="Yaa_B Miim_M Nuun_M Ayn_E">
      <paw idPaw="1" x="162" transcription="يمنع" LatinTrans="Yaa_B Miim_M Nuun_M Ayn_E">
        <lettre idLettre="1" x="191" transcription="ي" LatinTrans="Yaa_B" />
        <lettre idLettre="2" x="182" transcription="م" LatinTrans="Miim_M" />
        <lettre idLettre="3" x="173" transcription="ن" LatinTrans="Nuun_M" />
        <lettre idLettre="4" x="162" transcription="ع" LatinTrans="Ayn_E" />
      </paw>
    </word>
    <word idWord="6" x="158" transcription=" " LatinTrans="SPACE">
      <paw idPaw="1" x="158" transcription=" " LatinTrans="SPACE">
        <lettre idLettre="1" x="158" transcription=" " LatinTrans="SPACE" />
      </paw>
    </word>
    <word idWord="7" x="124" transcription="قطع" LatinTrans="Gaaf_B Thaaa_M Ayn_E">
      <paw idPaw="1" x="124" transcription="قطع" LatinTrans="Gaaf_B Thaaa_M Ayn_E">
        <lettre idLettre="1" x="148" transcription="ق" LatinTrans="Gaaf_B" />
        <lettre idLettre="2" x="137" transcription="ط" LatinTrans="Thaaa_M" />
        <lettre idLettre="3" x="124" transcription="ع" LatinTrans="Ayn_E" />
      </paw>
    </word>
    <word idWord="8" x="121" transcription=" " LatinTrans="SPACE">
      <paw idPaw="1" x="121" transcription=" " LatinTrans="SPACE">
        <lettre idLettre="1" x="121" transcription=" " LatinTrans="SPACE" />
      </paw>
    </word>
    <word idWord="9" x="86" transcription="البث" LatinTrans="Alif_I Laam_B Baa_M Thaa_E">
      <paw idPaw="1" x="114" transcription="ا" LatinTrans="Alif_I">
        <lettre idLettre="1" x="114" transcription="ا" LatinTrans="Alif_I" />
      </paw>
      <paw idPaw="2" x="86" transcription="لبث" LatinTrans="Laam_B Baa_M Thaa_E">
        <lettre idLettre="1" x="110" transcription="ل" LatinTrans="Laam_B" />
        <lettre idLettre="2" x="104" transcription="ب" LatinTrans="Baa_M" />
        <lettre idLettre="3" x="86" transcription="ث" LatinTrans="Thaa_E" />
      </paw>
    </word>
    <word idWord="10" x="83" transcription=" " LatinTrans="SPACE">
      <paw idPaw="1" x="83" transcription=" " LatinTrans="SPACE">
        <lettre idLettre="1" x="83" transcription=" " LatinTrans="SPACE" />
      </paw>
    </word>
    <word idWord="11" x="0" transcription="التلفزيوني" LatinTrans="Alif_I Laam_B Taaa_M Laam_M Faa_M Zaay_E Yaa_B Waaw_E Nuun_B Yaa_E">
      <paw idPaw="1" x="77" transcription="ا" LatinTrans="Alif_I">
        <lettre idLettre="1" x="77" transcription="ا" LatinTrans="Alif_I" />
      </paw>
      <paw idPaw="2" x="43" transcription="لتلفز" LatinTrans="Laam_B Taaa_M Laam_M Faa_M Zaay_E">
        <lettre idLettre="1" x="72" transcription="ل" LatinTrans="Laam_B" />
        <lettre idLettre="2" x="65" transcription="ت" LatinTrans="Taaa_M" />
        <lettre idLettre="3" x="59" transcription="ل" LatinTrans="Laam_M" />
        <lettre idLettre="4" x="52" transcription="ف" LatinTrans="Faa_M" />
        <lettre idLettre="5" x="43" transcription="ز" LatinTrans="Zaay_E" />
      </paw>
      <paw idPaw="3" x="25" transcription="يو" LatinTrans="Yaa_B Waaw_E">
        <lettre idLettre="1" x="37" transcription="ي" LatinTrans="Yaa_B" />
        <lettre idLettre="2" x="25" transcription="و" LatinTrans="Waaw_E" />
      </paw>
      <paw idPaw="4" x="0" transcription="ني" LatinTrans="Nuun_B Yaa_E">
        <lettre idLettre="1" x="18" transcription="ن" LatinTrans="Nuun_B" />
        <lettre idLettre="2" x="0" transcription="ي" LatinTrans="Yaa_E" />
      </paw>
    </word>
  </content>
</textImage>