﻿<?xml version="1.0" encoding="UTF-8" standalone="yes"?>
<textImage id="1" width="210" height="64" transcription="مجرد أكاذيب" image="alarabiya_3225-03-20-50_1">
  <ArabicTranscription>مجرد أكاذيب</ArabicTranscription>
  <LatinTranscription>Miim_B Jiim_M Raa_E Daal_I SPACE HamzaAboveAlif_I Kaaf_B Alif_E Thaal_I Yaa_B Baa_E</LatinTranscription>
  <content>
    <word idWord="1" x="124" transcription="مجرد" LatinTrans="Miim_B Jiim_M Raa_E Daal_I">
      <paw idPaw="1" x="143" transcription="مجر" LatinTrans="Miim_B Jiim_M Raa_E">
        <lettre idLettre="1" x="187" transcription="م" LatinTrans="Miim_B" />
        <lettre idLettre="2" x="163" transcription="ج" LatinTrans="Jiim_M" />
        <lettre idLettre="3" x="143" transcription="ر" LatinTrans="Raa_E" />
      </paw>
      <paw idPaw="2" x="124" transcription="د" LatinTrans="Daal_I">
        <lettre idLettre="1" x="124" transcription="د" LatinTrans="Daal_I" />
      </paw>
    </word>
    <word idWord="2" x="113" transcription=" " LatinTrans="SPACE">
      <paw idPaw="1" x="113" transcription=" " LatinTrans="SPACE">
        <lettre idLettre="1" x="113" transcription=" " LatinTrans="SPACE" />
      </paw>
    </word>
    <word idWord="3" x="0" transcription="أكاذيب" LatinTrans="HamzaAboveAlif_I Kaaf_B Alif_E Thaal_I Yaa_B Baa_E">
      <paw idPaw="1" x="102" transcription="أ" LatinTrans="HamzaAboveAlif_I">
        <lettre idLettre="1" x="102" transcription="أ" LatinTrans="HamzaAboveAlif_I" />
      </paw>
      <paw idPaw="2" x="74" transcription="كا" LatinTrans="Kaaf_B Alif_E">
        <lettre idLettre="1" x="82" transcription="ك" LatinTrans="Kaaf_B" />
        <lettre idLettre="2" x="74" transcription="ا" LatinTrans="Alif_E" />
      </paw>
      <paw idPaw="3" x="56" transcription="ذ" LatinTrans="Thaal_I">
        <lettre idLettre="1" x="56" transcription="ذ" LatinTrans="Thaal_I" />
      </paw>
      <paw idPaw="4" x="0" transcription="يب" LatinTrans="Yaa_B Baa_E">
        <lettre idLettre="1" x="43" transcription="ي" LatinTrans="Yaa_B" />
        <lettre idLettre="2" x="0" transcription="ب" LatinTrans="Baa_E" />
      </paw>
    </word>
  </content>
</textImage>