﻿<?xml version="1.0" encoding="UTF-8" standalone="yes"?>
<textImage id="2" width="222" height="60" transcription="بعد 6 أسابيع" image="alarabiya_3219-13-47-00_2">
  <ArabicTranscription>بعد 6 أسابيع</ArabicTranscription>
  <LatinTranscription>Baa_B Ayn_M Daal_E SPACE Six SPACE HamzaAboveAlif_I Siin_B Alif_E Baa_B Yaa_M Ayn_E</LatinTranscription>
  <content>
    <word idWord="1" x="158" transcription="بعد" LatinTrans="Baa_B Ayn_M Daal_E">
      <paw idPaw="1" x="158" transcription="بعد" LatinTrans="Baa_B Ayn_M Daal_E">
        <lettre idLettre="1" x="204" transcription="ب" LatinTrans="Baa_B" />
        <lettre idLettre="2" x="184" transcription="ع" LatinTrans="Ayn_M" />
        <lettre idLettre="3" x="158" transcription="د" LatinTrans="Daal_E" />
      </paw>
    </word>
    <word idWord="2" x="153" transcription=" " LatinTrans="SPACE">
      <paw idPaw="1" x="153" transcription=" " LatinTrans="SPACE">
        <lettre idLettre="1" x="153" transcription=" " LatinTrans="SPACE" />
      </paw>
    </word>
    <word idWord="3" x="124" transcription="6" LatinTrans="Six">
      <paw idPaw="1" x="124" transcription="6" LatinTrans="Six">
        <lettre idLettre="1" x="124" transcription="6" LatinTrans="Six" />
      </paw>
    </word>
    <word idWord="4" x="118" transcription=" " LatinTrans="SPACE">
      <paw idPaw="1" x="118" transcription=" " LatinTrans="SPACE">
        <lettre idLettre="1" x="118" transcription=" " LatinTrans="SPACE" />
      </paw>
    </word>
    <word idWord="5" x="0" transcription="أسابيع" LatinTrans="HamzaAboveAlif_I Siin_B Alif_E Baa_B Yaa_M Ayn_E">
      <paw idPaw="1" x="106" transcription="أ" LatinTrans="HamzaAboveAlif_I">
        <lettre idLettre="1" x="106" transcription="أ" LatinTrans="HamzaAboveAlif_I" />
      </paw>
      <paw idPaw="2" x="65" transcription="سا" LatinTrans="Siin_B Alif_E">
        <lettre idLettre="1" x="80" transcription="س" LatinTrans="Siin_B" />
        <lettre idLettre="2" x="65" transcription="ا" LatinTrans="Alif_E" />
      </paw>
      <paw idPaw="3" x="0" transcription="بيع" LatinTrans="Baa_B Yaa_M Ayn_E">
        <lettre idLettre="1" x="46" transcription="ب" LatinTrans="Baa_B" />
        <lettre idLettre="2" x="29" transcription="ي" LatinTrans="Yaa_M" />
        <lettre idLettre="3" x="0" transcription="ع" LatinTrans="Ayn_E" />
      </paw>
    </word>
  </content>
</textImage>