﻿<?xml version="1.0" encoding="UTF-8" standalone="yes"?>
<textImage id="1" width="212" height="53" transcription="معلومات العالم" image="alarabiya_26-01-08-00_1_02">
  <ArabicTranscription>معلومات العالم</ArabicTranscription>
  <LatinTranscription>Miim_B Ayn_M Laam_M Waaw_E Miim_B Alif_E Taaa_I SPACE Alif_I Laam_B Ayn_M Alif_E Laam_B Miim_E</LatinTranscription>
  <content>
    <word idWord="1" x="87" transcription="معلومات" LatinTrans="Miim_B Ayn_M Laam_M Waaw_E Miim_B Alif_E Taaa_I">
      <paw idPaw="1" x="146" transcription="معلو" LatinTrans="Miim_B Ayn_M Laam_M Waaw_E">
        <lettre idLettre="1" x="192" transcription="م" LatinTrans="Miim_B" />
        <lettre idLettre="2" x="175" transcription="ع" LatinTrans="Ayn_M" />
        <lettre idLettre="3" x="163" transcription="ل" LatinTrans="Laam_M" />
        <lettre idLettre="4" x="146" transcription="و" LatinTrans="Waaw_E" />
      </paw>
      <paw idPaw="2" x="122" transcription="ما" LatinTrans="Miim_B Alif_E">
        <lettre idLettre="1" x="132" transcription="م" LatinTrans="Miim_B" />
        <lettre idLettre="2" x="122" transcription="ا" LatinTrans="Alif_E" />
      </paw>
      <paw idPaw="3" x="87" transcription="ت" LatinTrans="Taaa_I">
        <lettre idLettre="1" x="87" transcription="ت" LatinTrans="Taaa_I" />
      </paw>
    </word>
    <word idWord="2" x="76" transcription=" " LatinTrans="SPACE">
      <paw idPaw="1" x="76" transcription=" " LatinTrans="SPACE">
        <lettre idLettre="1" x="76" transcription=" " LatinTrans="SPACE" />
      </paw>
    </word>
    <word idWord="3" x="0" transcription="العالم" LatinTrans="Alif_I Laam_B Ayn_M Alif_E Laam_B Miim_E">
      <paw idPaw="1" x="65" transcription="ا" LatinTrans="Alif_I">
        <lettre idLettre="1" x="65" transcription="ا" LatinTrans="Alif_I" />
      </paw>
      <paw idPaw="2" x="29" transcription="لعا" LatinTrans="Laam_B Ayn_M Alif_E">
        <lettre idLettre="1" x="55" transcription="ل" LatinTrans="Laam_B" />
        <lettre idLettre="2" x="36" transcription="ع" LatinTrans="Ayn_M" />
        <lettre idLettre="3" x="29" transcription="ا" LatinTrans="Alif_E" />
      </paw>
      <paw idPaw="3" x="0" transcription="لم" LatinTrans="Laam_B Miim_E">
        <lettre idLettre="1" x="21" transcription="ل" LatinTrans="Laam_B" />
        <lettre idLettre="2" x="0" transcription="م" LatinTrans="Miim_E" />
      </paw>
    </word>
  </content>
</textImage>