﻿<?xml version="1.0" encoding="UTF-8" standalone="yes"?>
<textImage id="2" width="54" height="39" transcription="النقل" image="alarabiya_23-00-10-00_2">
  <ArabicTranscription>النقل</ArabicTranscription>
  <LatinTranscription>Alif_I Laam_B Nuun_M Gaaf_M Laam_E</LatinTranscription>
  <content>
    <word idWord="1" x="47" transcription="ا" LatinTrans="Alif_I">
      <paw idPaw="1" x="47" transcription="ا" LatinTrans="Alif_I">
        <lettre idLettre="1" x="47" transcription="ا" LatinTrans="Alif_I" />
      </paw>
    </word>
    <word idWord="2" x="0" transcription="لنقل" LatinTrans="Laam_B Nuun_M Gaaf_M Laam_E">
      <paw idPaw="1" x="0" transcription="لنقل" LatinTrans="Laam_B Nuun_M Gaaf_M Laam_E">
        <lettre idLettre="1" x="41" transcription="ل" LatinTrans="Laam_B" />
        <lettre idLettre="2" x="32" transcription="ن" LatinTrans="Nuun_M" />
        <lettre idLettre="3" x="18" transcription="ق" LatinTrans="Gaaf_M" />
        <lettre idLettre="4" x="0" transcription="ل" LatinTrans="Laam_E" />
      </paw>
    </word>
  </content>
</textImage>