﻿<?xml version="1.0" encoding="UTF-8" standalone="yes"?>
<textImage id="1" width="370" height="63" transcription="ضمير الوطن صوت المواطن" image="alarabiya_3220-19-04-30_1">
  <ArabicTranscription>ضمير الوطن صوت المواطن</ArabicTranscription>
  <LatinTranscription>Daad_B Miim_M Yaa_M Raa_E SPACE Alif_I Laam_B Waaw_E Thaaa_B Nuun_E SPACE Saad_B Waaw_E Taaa_I SPACE Alif_I Miim_E Waaw_E Alif_I Thaaa_B Nuun_E</LatinTranscription>
  <content>
    <word idWord="1" x="281" transcription="ضمير" LatinTrans="Daad_B Miim_M Yaa_M Raa_E">
      <paw idPaw="1" x="281" transcription="ضمير" LatinTrans="Daad_B Miim_M Yaa_M Raa_E">
        <lettre idLettre="1" x="333" transcription="ض" LatinTrans="Daad_B" />
        <lettre idLettre="2" x="312" transcription="م" LatinTrans="Miim_M" />
        <lettre idLettre="3" x="298" transcription="ي" LatinTrans="Yaa_M" />
        <lettre idLettre="4" x="281" transcription="ر" LatinTrans="Raa_E" />
      </paw>
    </word>
    <word idWord="2" x="276" transcription=" " LatinTrans="SPACE">
      <paw idPaw="1" x="276" transcription=" " LatinTrans="SPACE">
        <lettre idLettre="1" x="276" transcription=" " LatinTrans="SPACE" />
      </paw>
    </word>
    <word idWord="3" x="190" transcription="الوطن" LatinTrans="Alif_I Laam_B Waaw_E Thaaa_B Nuun_E">
      <paw idPaw="1" x="268" transcription="ا" LatinTrans="Alif_I">
        <lettre idLettre="1" x="268" transcription="ا" LatinTrans="Alif_I" />
      </paw>
      <paw idPaw="2" x="242" transcription="لو" LatinTrans="Laam_B Waaw_E">
        <lettre idLettre="1" x="255" transcription="ل" LatinTrans="Laam_B" />
        <lettre idLettre="2" x="242" transcription="و" LatinTrans="Waaw_E" />
      </paw>
      <paw idPaw="3" x="190" transcription="طن" LatinTrans="Thaaa_B Nuun_E">
        <lettre idLettre="1" x="213" transcription="ط" LatinTrans="Thaaa_B" />
        <lettre idLettre="2" x="190" transcription="ن" LatinTrans="Nuun_E" />
      </paw>
    </word>
    <word idWord="4" x="184" transcription=" " LatinTrans="SPACE">
      <paw idPaw="1" x="184" transcription=" " LatinTrans="SPACE">
        <lettre idLettre="1" x="184" transcription=" " LatinTrans="SPACE" />
      </paw>
    </word>
    <word idWord="5" x="111" transcription="صوت" LatinTrans="Saad_B Waaw_E Taaa_I">
      <paw idPaw="1" x="136" transcription="صو" LatinTrans="Saad_B Waaw_E">
        <lettre idLettre="1" x="154" transcription="ص" LatinTrans="Saad_B" />
        <lettre idLettre="2" x="136" transcription="و" LatinTrans="Waaw_E" />
      </paw>
      <paw idPaw="2" x="111" transcription="ت" LatinTrans="Taaa_I">
        <lettre idLettre="1" x="111" transcription="ت" LatinTrans="Taaa_I" />
      </paw>
    </word>
    <word idWord="6" x="104" transcription=" " LatinTrans="SPACE">
      <paw idPaw="1" x="104" transcription=" " LatinTrans="SPACE">
        <lettre idLettre="1" x="104" transcription=" " LatinTrans="SPACE" />
      </paw>
    </word>
    <word idWord="7" x="0" transcription="المواطن" LatinTrans="Alif_I Miim_E Waaw_E Alif_I Thaaa_B Nuun_E">
      <paw idPaw="1" x="95" transcription="ا" LatinTrans="Alif_I">
        <lettre idLettre="1" x="95" transcription="ا" LatinTrans="Alif_I" />
      </paw>
      <paw idPaw="2" x="63" transcription="لمو" LatinTrans="Miim_E Waaw_E">
        <lettre idLettre="1" x="81" transcription="لم" LatinTrans="Miim_E" />
        <lettre idLettre="2" x="63" transcription="و" LatinTrans="Waaw_E" />
      </paw>
      <paw idPaw="3" x="55" transcription="ا" LatinTrans="Alif_I">
        <lettre idLettre="1" x="55" transcription="ا" LatinTrans="Alif_I" />
      </paw>
      <paw idPaw="4" x="0" transcription="طن" LatinTrans="Thaaa_B Nuun_E">
        <lettre idLettre="1" x="29" transcription="ط" LatinTrans="Thaaa_B" />
        <lettre idLettre="2" x="0" transcription="ن" LatinTrans="Nuun_E" />
      </paw>
    </word>
  </content>
</textImage>