﻿<?xml version="1.0" encoding="UTF-8" standalone="yes"?>
<textImage id="2" width="148" height="52" transcription="منقسم حول" image="alarabiya_19-14-01-30_2">
  <ArabicTranscription>منقسم حول</ArabicTranscription>
  <LatinTranscription>Miim_B Nuun_M Gaaf_M Siin_M Miim_E SPACE Haaa_B Waaw_E Laam_I</LatinTranscription>
  <content>
    <word idWord="1" x="56" transcription="منقسم" LatinTrans="Miim_B Nuun_M Gaaf_M Siin_M Miim_E">
      <paw idPaw="1" x="56" transcription="منقسم" LatinTrans="Miim_B Nuun_M Gaaf_M Siin_M Miim_E">
        <lettre idLettre="1" x="129" transcription="م" LatinTrans="Miim_B" />
        <lettre idLettre="2" x="118" transcription="ن" LatinTrans="Nuun_M" />
        <lettre idLettre="3" x="104" transcription="ق" LatinTrans="Gaaf_M" />
        <lettre idLettre="4" x="77" transcription="س" LatinTrans="Siin_M" />
        <lettre idLettre="5" x="56" transcription="م" LatinTrans="Miim_E" />
      </paw>
    </word>
    <word idWord="2" x="51" transcription=" " LatinTrans="SPACE">
      <paw idPaw="1" x="51" transcription=" " LatinTrans="SPACE">
        <lettre idLettre="1" x="51" transcription=" " LatinTrans="SPACE" />
      </paw>
    </word>
    <word idWord="3" x="0" transcription="حول" LatinTrans="Haaa_B Waaw_E Laam_I">
      <paw idPaw="1" x="22" transcription="حو" LatinTrans="Haaa_B Waaw_E">
        <lettre idLettre="1" x="36" transcription="ح" LatinTrans="Haaa_B" />
        <lettre idLettre="2" x="22" transcription="و" LatinTrans="Waaw_E" />
      </paw>
      <paw idPaw="2" x="0" transcription="ل" LatinTrans="Laam_I">
        <lettre idLettre="1" x="0" transcription="ل" LatinTrans="Laam_I" />
      </paw>
    </word>
  </content>
</textImage>