﻿<?xml version="1.0" encoding="UTF-8" standalone="yes"?>
<textImage id="3" width="592" height="110" transcription="قضية طفلة جازان" image="alarabiya_19-13-47-00_3">
  <ArabicTranscription>قضية طفلة جازان</ArabicTranscription>
  <LatinTranscription>Gaaf_B Daad_M Yaa_M TaaaClosed_E SPACE Thaaa_B Faa_M Laam_M TaaaClosed_E SPACE Jiim_B Alif_E Zaay_I Alif_I Nuun_I</LatinTranscription>
  <content>
    <word idWord="1" x="409" transcription="قضية" LatinTrans="Gaaf_B Daad_M Yaa_M TaaaClosed_E">
      <paw idPaw="1" x="409" transcription="قضية" LatinTrans="Gaaf_B Daad_M Yaa_M TaaaClosed_E">
        <lettre idLettre="1" x="551" transcription="ق" LatinTrans="Gaaf_B" />
        <lettre idLettre="2" x="492" transcription="ض" LatinTrans="Daad_M" />
        <lettre idLettre="3" x="450" transcription="ي" LatinTrans="Yaa_M" />
        <lettre idLettre="4" x="409" transcription="ة" LatinTrans="TaaaClosed_E" />
      </paw>
    </word>
    <word idWord="2" x="390" transcription=" " LatinTrans="SPACE">
      <paw idPaw="1" x="390" transcription=" " LatinTrans="SPACE">
        <lettre idLettre="1" x="390" transcription=" " LatinTrans="SPACE" />
      </paw>
    </word>
    <word idWord="3" x="225" transcription="طفلة" LatinTrans="Thaaa_B Faa_M Laam_M TaaaClosed_E">
      <paw idPaw="1" x="225" transcription="طفلة" LatinTrans="Thaaa_B Faa_M Laam_M TaaaClosed_E">
        <lettre idLettre="1" x="330" transcription="ط" LatinTrans="Thaaa_B" />
        <lettre idLettre="2" x="296" transcription="ف" LatinTrans="Faa_M" />
        <lettre idLettre="3" x="274" transcription="ل" LatinTrans="Laam_M" />
        <lettre idLettre="4" x="225" transcription="ة" LatinTrans="TaaaClosed_E" />
      </paw>
    </word>
    <word idWord="4" x="207" transcription=" " LatinTrans="SPACE">
      <paw idPaw="1" x="207" transcription=" " LatinTrans="SPACE">
        <lettre idLettre="1" x="207" transcription=" " LatinTrans="SPACE" />
      </paw>
    </word>
    <word idWord="5" x="0" transcription="جازان" LatinTrans="Jiim_B Alif_E Zaay_I Alif_I Nuun_I">
      <paw idPaw="1" x="125" transcription="جا" LatinTrans="Jiim_B Alif_E">
        <lettre idLettre="1" x="148" transcription="ج" LatinTrans="Jiim_B" />
        <lettre idLettre="2" x="125" transcription="ا" LatinTrans="Alif_E" />
      </paw>
      <paw idPaw="2" x="85" transcription="ز" LatinTrans="Zaay_I">
        <lettre idLettre="1" x="85" transcription="ز" LatinTrans="Zaay_I" />
      </paw>
      <paw idPaw="3" x="68" transcription="ا" LatinTrans="Alif_I">
        <lettre idLettre="1" x="68" transcription="ا" LatinTrans="Alif_I" />
      </paw>
      <paw idPaw="4" x="0" transcription="ن" LatinTrans="Nuun_I">
        <lettre idLettre="1" x="0" transcription="ن" LatinTrans="Nuun_I" />
      </paw>
    </word>
  </content>
</textImage>