﻿<?xml version="1.0" encoding="UTF-8" standalone="yes"?>
<textImage id="1" width="406" height="66" transcription="عندما تعشق الشوكولاتة" image="alarabiya_3226-18-29-00_1">
  <ArabicTranscription>عندما تعشق الشوكولاتة</ArabicTranscription>
  <LatinTranscription>Ayn_B Nuun_M Daal_E Miim_B Alif_E SPACE Taaa_B Ayn_M Shiin_M Gaaf_E SPACE Alif_I Laam_B Shiin_M Waaw_E Kaaf_B Waaw_E Laam_Alif Taaa_B TaaaClosed_E</LatinTranscription>
  <content>
    <word idWord="1" x="301" transcription="عندما" LatinTrans="Ayn_B Nuun_M Daal_E Miim_B Alif_E">
      <paw idPaw="1" x="340" transcription="عند" LatinTrans="Ayn_B Nuun_M Daal_E">
        <lettre idLettre="1" x="381" transcription="ع" LatinTrans="Ayn_B" />
        <lettre idLettre="2" x="366" transcription="ن" LatinTrans="Nuun_M" />
        <lettre idLettre="3" x="340" transcription="د" LatinTrans="Daal_E" />
      </paw>
      <paw idPaw="2" x="301" transcription="ما" LatinTrans="Miim_B Alif_E">
        <lettre idLettre="1" x="315" transcription="م" LatinTrans="Miim_B" />
        <lettre idLettre="2" x="301" transcription="ا" LatinTrans="Alif_E" />
      </paw>
    </word>
    <word idWord="2" x="292" transcription=" " LatinTrans="SPACE">
      <paw idPaw="1" x="292" transcription=" " LatinTrans="SPACE">
        <lettre idLettre="1" x="292" transcription=" " LatinTrans="SPACE" />
      </paw>
    </word>
    <word idWord="3" x="197" transcription="تعشق" LatinTrans="Taaa_B Ayn_M Shiin_M Gaaf_E">
      <paw idPaw="1" x="197" transcription="تعشق" LatinTrans="Taaa_B Ayn_M Shiin_M Gaaf_E">
        <lettre idLettre="1" x="275" transcription="ت" LatinTrans="Taaa_B" />
        <lettre idLettre="2" x="257" transcription="ع" LatinTrans="Ayn_M" />
        <lettre idLettre="3" x="228" transcription="ش" LatinTrans="Shiin_M" />
        <lettre idLettre="4" x="197" transcription="ق" LatinTrans="Gaaf_E" />
      </paw>
    </word>
    <word idWord="4" x="189" transcription=" " LatinTrans="SPACE">
      <paw idPaw="1" x="189" transcription=" " LatinTrans="SPACE">
        <lettre idLettre="1" x="189" transcription=" " LatinTrans="SPACE" />
      </paw>
    </word>
    <word idWord="5" x="0" transcription="الشوكولاتة" LatinTrans="Alif_I Laam_B Shiin_M Waaw_E Kaaf_B Waaw_E Laam_Alif Taaa_B TaaaClosed_E">
      <paw idPaw="1" x="180" transcription="ا" LatinTrans="Alif_I">
        <lettre idLettre="1" x="180" transcription="ا" LatinTrans="Alif_I" />
      </paw>
      <paw idPaw="2" x="110" transcription="لشو" LatinTrans="Laam_B Shiin_M Waaw_E">
        <lettre idLettre="1" x="162" transcription="ل" LatinTrans="Laam_B" />
        <lettre idLettre="2" x="134" transcription="ش" LatinTrans="Shiin_M" />
        <lettre idLettre="3" x="110" transcription="و" LatinTrans="Waaw_E" />
      </paw>
      <paw idPaw="3" x="68" transcription="كو" LatinTrans="Kaaf_B Waaw_E">
        <lettre idLettre="1" x="87" transcription="ك" LatinTrans="Kaaf_B" />
        <lettre idLettre="2" x="68" transcription="و" LatinTrans="Waaw_E" />
      </paw>
      <paw idPaw="4" x="39" transcription="لا" LatinTrans="Laam_Alif">
        <lettre idLettre="1" x="39" transcription="لا" LatinTrans="Laam_Alif" />
      </paw>
      <paw idPaw="5" x="0" transcription="تة" LatinTrans="Taaa_B TaaaClosed_E">
        <lettre idLettre="1" x="21" transcription="ت" LatinTrans="Taaa_B" />
        <lettre idLettre="2" x="0" transcription="ة" LatinTrans="TaaaClosed_E" />
      </paw>
    </word>
  </content>
</textImage>