﻿<?xml version="1.0" encoding="UTF-8" standalone="yes"?>
<textImage id="1" width="284" height="61" transcription="لم نستطع استشرافها" image="alarabiya_3226-01-09-50_1">
  <ArabicTranscription>لم نستطع استشرافها</ArabicTranscription>
  <LatinTranscription>Laam_B Miim_E SPACE Nuun_B Siin_M Taaa_M Thaaa_M Ayn_E SPACE Alif_I Siin_B Taaa_M Shiin_M Raa_E Alif_I Faa_B Haa_M Alif_E</LatinTranscription>
  <content>
    <word idWord="1" x="252" transcription="لم" LatinTrans="Laam_B Miim_E">
      <paw idPaw="1" x="252" transcription="لم" LatinTrans="Laam_B Miim_E">
        <lettre idLettre="1" x="269" transcription="ل" LatinTrans="Laam_B" />
        <lettre idLettre="2" x="252" transcription="م" LatinTrans="Miim_E" />
      </paw>
    </word>
    <word idWord="2" x="242" transcription=" " LatinTrans="SPACE">
      <paw idPaw="1" x="242" transcription=" " LatinTrans="SPACE">
        <lettre idLettre="1" x="242" transcription=" " LatinTrans="SPACE" />
      </paw>
    </word>
    <word idWord="3" x="148" transcription="نستطع" LatinTrans="Nuun_B Siin_M Taaa_M Thaaa_M Ayn_E">
      <paw idPaw="1" x="148" transcription="نستطع" LatinTrans="Nuun_B Siin_M Taaa_M Thaaa_M Ayn_E">
        <lettre idLettre="1" x="229" transcription="ن" LatinTrans="Nuun_B" />
        <lettre idLettre="2" x="205" transcription="س" LatinTrans="Siin_M" />
        <lettre idLettre="3" x="194" transcription="ت" LatinTrans="Taaa_M" />
        <lettre idLettre="4" x="173" transcription="ط" LatinTrans="Thaaa_M" />
        <lettre idLettre="5" x="148" transcription="ع" LatinTrans="Ayn_E" />
      </paw>
    </word>
    <word idWord="4" x="137" transcription=" " LatinTrans="SPACE">
      <paw idPaw="1" x="137" transcription=" " LatinTrans="SPACE">
        <lettre idLettre="1" x="137" transcription=" " LatinTrans="SPACE" />
      </paw>
    </word>
    <word idWord="5" x="0" transcription="استشرافها" LatinTrans="Alif_I Siin_B Taaa_M Shiin_M Raa_E Alif_I Faa_B Haa_M Alif_E">
      <paw idPaw="1" x="127" transcription="ا" LatinTrans="Alif_I">
        <lettre idLettre="1" x="127" transcription="ا" LatinTrans="Alif_I" />
      </paw>
      <paw idPaw="2" x="53" transcription="ستشر" LatinTrans="Siin_B Taaa_M Shiin_M Raa_E">
        <lettre idLettre="1" x="103" transcription="س" LatinTrans="Siin_B" />
        <lettre idLettre="2" x="90" transcription="ت" LatinTrans="Taaa_M" />
        <lettre idLettre="3" x="69" transcription="ش" LatinTrans="Shiin_M" />
        <lettre idLettre="4" x="53" transcription="ر" LatinTrans="Raa_E" />
      </paw>
      <paw idPaw="3" x="45" transcription="ا" LatinTrans="Alif_I">
        <lettre idLettre="1" x="45" transcription="ا" LatinTrans="Alif_I" />
      </paw>
      <paw idPaw="4" x="0" transcription="فها" LatinTrans="Faa_B Haa_M Alif_E">
        <lettre idLettre="1" x="31" transcription="ف" LatinTrans="Faa_B" />
        <lettre idLettre="2" x="10" transcription="ه" LatinTrans="Haa_M" />
        <lettre idLettre="3" x="0" transcription="ا" LatinTrans="Alif_E" />
      </paw>
    </word>
  </content>
</textImage>