﻿<?xml version="1.0" encoding="UTF-8" standalone="yes"?>
<textImage id="1" width="411" height="101" transcription="السلطة الرابعة" image="alarabiya_19-13-56-30_1">
  <ArabicTranscription>السلطة الرابعة</ArabicTranscription>
  <LatinTranscription>Alif_I Laam_B Siin_M Laam_M Thaaa_M TaaaClosed_E SPACE Alif_I Laam_B Raa_E Alif_I Baa_B Ayn_M TaaaClosed_E</LatinTranscription>
  <content>
    <word idWord="1" x="201" transcription="السلطة" LatinTrans="Alif_I Laam_B Siin_M Laam_M Thaaa_M TaaaClosed_E">
      <paw idPaw="1" x="388" transcription="ا" LatinTrans="Alif_I">
        <lettre idLettre="1" x="388" transcription="ا" LatinTrans="Alif_I" />
      </paw>
      <paw idPaw="2" x="201" transcription="لسلطة" LatinTrans="Laam_B Siin_M Laam_M Thaaa_M TaaaClosed_E">
        <lettre idLettre="1" x="370" transcription="ل" LatinTrans="Laam_B" />
        <lettre idLettre="2" x="316" transcription="س" LatinTrans="Siin_M" />
        <lettre idLettre="3" x="293" transcription="ل" LatinTrans="Laam_M" />
        <lettre idLettre="4" x="239" transcription="ط" LatinTrans="Thaaa_M" />
        <lettre idLettre="5" x="201" transcription="ة" LatinTrans="TaaaClosed_E" />
      </paw>
    </word>
    <word idWord="2" x="192" transcription=" " LatinTrans="SPACE">
      <paw idPaw="1" x="192" transcription=" " LatinTrans="SPACE">
        <lettre idLettre="1" x="192" transcription=" " LatinTrans="SPACE" />
      </paw>
    </word>
    <word idWord="3" x="0" transcription="الرابعة" LatinTrans="Alif_I Laam_B Raa_E Alif_I Baa_B Ayn_M TaaaClosed_E">
      <paw idPaw="1" x="178" transcription="ا" LatinTrans="Alif_I">
        <lettre idLettre="1" x="178" transcription="ا" LatinTrans="Alif_I" />
      </paw>
      <paw idPaw="2" x="129" transcription="لر" LatinTrans="Laam_B Raa_E">
        <lettre idLettre="1" x="157" transcription="ل" LatinTrans="Laam_B" />
        <lettre idLettre="2" x="129" transcription="ر" LatinTrans="Raa_E" />
      </paw>
      <paw idPaw="3" x="111" transcription="ا" LatinTrans="Alif_I">
        <lettre idLettre="1" x="111" transcription="ا" LatinTrans="Alif_I" />
      </paw>
      <paw idPaw="4" x="0" transcription="بعة" LatinTrans="Baa_B Ayn_M TaaaClosed_E">
        <lettre idLettre="1" x="86" transcription="ب" LatinTrans="Baa_B" />
        <lettre idLettre="2" x="42" transcription="ع" LatinTrans="Ayn_M" />
        <lettre idLettre="3" x="0" transcription="ة" LatinTrans="TaaaClosed_E" />
      </paw>
    </word>
  </content>
</textImage>