﻿<?xml version="1.0" encoding="UTF-8" standalone="yes"?>
<textImage id="1" width="384" height="62" transcription="انتهى الاحتلال السوفياتي" image="alarabiya_25-03-13-00_1">
  <ArabicTranscription>انتهى الاحتلال السوفياتي</ArabicTranscription>
  <LatinTranscription>Alif_I Nuun_B Taaa_M Haa_M AlifBroken_E SPACE Alif_I Laam_Alif Haaa_B Taaa_M Laam_Alif Laam_I SPACE Alif_I Laam_B Siin_M Waaw_E Faa_B Yaa_M Alif_E Taaa_B Yaa_E</LatinTranscription>
  <content>
    <word idWord="1" x="294" transcription="انتهى" LatinTrans="Alif_I Nuun_B Taaa_M Haa_M AlifBroken_E">
      <paw idPaw="1" x="371" transcription="ا" LatinTrans="Alif_I">
        <lettre idLettre="1" x="371" transcription="ا" LatinTrans="Alif_I" />
      </paw>
      <paw idPaw="2" x="294" transcription="نتهى" LatinTrans="Nuun_B Taaa_M Haa_M AlifBroken_E">
        <lettre idLettre="1" x="358" transcription="ن" LatinTrans="Nuun_B" />
        <lettre idLettre="2" x="343" transcription="ت" LatinTrans="Taaa_M" />
        <lettre idLettre="3" x="324" transcription="ه" LatinTrans="Haa_M" />
        <lettre idLettre="4" x="294" transcription="ى" LatinTrans="AlifBroken_E" />
      </paw>
    </word>
    <word idWord="2" x="281" transcription=" " LatinTrans="SPACE">
      <paw idPaw="1" x="281" transcription=" " LatinTrans="SPACE">
        <lettre idLettre="1" x="281" transcription=" " LatinTrans="SPACE" />
      </paw>
    </word>
    <word idWord="3" x="156" transcription="الاحتلال" LatinTrans="Alif_I Laam_Alif Haaa_B Taaa_M Laam_Alif Laam_I">
      <paw idPaw="1" x="270" transcription="ا" LatinTrans="Alif_I">
        <lettre idLettre="1" x="270" transcription="ا" LatinTrans="Alif_I" />
      </paw>
      <paw idPaw="2" x="248" transcription="لا" LatinTrans="Laam_Alif">
        <lettre idLettre="1" x="248" transcription="لا" LatinTrans="Laam_Alif" />
      </paw>
      <paw idPaw="3" x="181" transcription="حتلا" LatinTrans="Haaa_B Taaa_M Laam_Alif">
        <lettre idLettre="1" x="223" transcription="ح" LatinTrans="Haaa_B" />
        <lettre idLettre="2" x="205" transcription="ت" LatinTrans="Taaa_M" />
        <lettre idLettre="3" x="181" transcription="لا" LatinTrans="Laam_Alif" />
      </paw>
      <paw idPaw="4" x="156" transcription="ل" LatinTrans="Laam_I">
        <lettre idLettre="1" x="156" transcription="ل" LatinTrans="Laam_I" />
      </paw>
    </word>
    <word idWord="4" x="143" transcription=" " LatinTrans="SPACE">
      <paw idPaw="1" x="143" transcription=" " LatinTrans="SPACE">
        <lettre idLettre="1" x="143" transcription=" " LatinTrans="SPACE" />
      </paw>
    </word>
    <word idWord="5" x="0" transcription="السوفياتي" LatinTrans="Alif_I Laam_B Siin_M Waaw_E Faa_B Yaa_M Alif_E Taaa_B Yaa_E">
      <paw idPaw="1" x="133" transcription="ا" LatinTrans="Alif_I">
        <lettre idLettre="1" x="133" transcription="ا" LatinTrans="Alif_I" />
      </paw>
      <paw idPaw="2" x="83" transcription="لسو" LatinTrans="Laam_B Siin_M Waaw_E">
        <lettre idLettre="1" x="124" transcription="ل" LatinTrans="Laam_B" />
        <lettre idLettre="2" x="100" transcription="س" LatinTrans="Siin_M" />
        <lettre idLettre="3" x="83" transcription="و" LatinTrans="Waaw_E" />
      </paw>
      <paw idPaw="3" x="46" transcription="فيا" LatinTrans="Faa_B Yaa_M Alif_E">
        <lettre idLettre="1" x="68" transcription="ف" LatinTrans="Faa_B" />
        <lettre idLettre="2" x="55" transcription="ي" LatinTrans="Yaa_M" />
        <lettre idLettre="3" x="46" transcription="ا" LatinTrans="Alif_E" />
      </paw>
      <paw idPaw="4" x="0" transcription="تي" LatinTrans="Taaa_B Yaa_E">
        <lettre idLettre="1" x="33" transcription="ت" LatinTrans="Taaa_B" />
        <lettre idLettre="2" x="0" transcription="ي" LatinTrans="Yaa_E" />
      </paw>
    </word>
  </content>
</textImage>