﻿<?xml version="1.0" encoding="UTF-8" standalone="yes"?>
<textImage id="2" width="430" height="64" transcription="لم نكن نتمتع بالخبرة الكافية" image="alarabiya_25-03-11-00_2">
  <ArabicTranscription>لم نكن نتمتع بالخبرة الكافية</ArabicTranscription>
  <LatinTranscription>Laam_B Miim_E SPACE Nuun_B Kaaf_M Nuun_E SPACE Nuun_B Taaa_M Miim_M Taaa_M Ayn_E SPACE Baa_B Alif_E Laam_B Xaa_M Baa_M Raa_E TaaaClosed_I SPACE Alif_I Laam_B Kaaf_M Alif_E Faa_B Yaa_M TaaaClosed_E</LatinTranscription>
  <content>
    <word idWord="1" x="395" transcription="لم" LatinTrans="Laam_B Miim_E">
      <paw idPaw="1" x="395" transcription="لم" LatinTrans="Laam_B Miim_E">
        <lettre idLettre="1" x="416" transcription="ل" LatinTrans="Laam_B" />
        <lettre idLettre="2" x="395" transcription="م" LatinTrans="Miim_E" />
      </paw>
    </word>
    <word idWord="2" x="386" transcription=" " LatinTrans="SPACE">
      <paw idPaw="1" x="386" transcription=" " LatinTrans="SPACE">
        <lettre idLettre="1" x="386" transcription=" " LatinTrans="SPACE" />
      </paw>
    </word>
    <word idWord="3" x="327" transcription="نكن" LatinTrans="Nuun_B Kaaf_M Nuun_E">
      <paw idPaw="1" x="327" transcription="نكن" LatinTrans="Nuun_B Kaaf_M Nuun_E">
        <lettre idLettre="1" x="370" transcription="ن" LatinTrans="Nuun_B" />
        <lettre idLettre="2" x="352" transcription="ك" LatinTrans="Kaaf_M" />
        <lettre idLettre="3" x="327" transcription="ن" LatinTrans="Nuun_E" />
      </paw>
    </word>
    <word idWord="4" x="314" transcription=" " LatinTrans="SPACE">
      <paw idPaw="1" x="314" transcription=" " LatinTrans="SPACE">
        <lettre idLettre="1" x="314" transcription=" " LatinTrans="SPACE" />
      </paw>
    </word>
    <word idWord="5" x="231" transcription="نتمتع" LatinTrans="Nuun_B Taaa_M Miim_M Taaa_M Ayn_E">
      <paw idPaw="1" x="231" transcription="نتمتع" LatinTrans="Nuun_B Taaa_M Miim_M Taaa_M Ayn_E">
        <lettre idLettre="1" x="302" transcription="ن" LatinTrans="Nuun_B" />
        <lettre idLettre="2" x="288" transcription="ت" LatinTrans="Taaa_M" />
        <lettre idLettre="3" x="273" transcription="م" LatinTrans="Miim_M" />
        <lettre idLettre="4" x="259" transcription="ت" LatinTrans="Taaa_M" />
        <lettre idLettre="5" x="231" transcription="ع" LatinTrans="Ayn_E" />
      </paw>
    </word>
    <word idWord="6" x="220" transcription=" " LatinTrans="SPACE">
      <paw idPaw="1" x="220" transcription=" " LatinTrans="SPACE">
        <lettre idLettre="1" x="220" transcription=" " LatinTrans="SPACE" />
      </paw>
    </word>
    <word idWord="7" x="110" transcription="بالخبرة" LatinTrans="Baa_B Alif_E Laam_B Xaa_M Baa_M Raa_E TaaaClosed_I">
      <paw idPaw="1" x="194" transcription="با" LatinTrans="Baa_B Alif_E">
        <lettre idLettre="1" x="202" transcription="ب" LatinTrans="Baa_B" />
        <lettre idLettre="2" x="194" transcription="ا" LatinTrans="Alif_E" />
      </paw>
      <paw idPaw="2" x="126" transcription="لخبر" LatinTrans="Laam_B Xaa_M Baa_M Raa_E">
        <lettre idLettre="1" x="183" transcription="ل" LatinTrans="Laam_B" />
        <lettre idLettre="2" x="158" transcription="خ" LatinTrans="Xaa_M" />
        <lettre idLettre="3" x="144" transcription="ب" LatinTrans="Baa_M" />
        <lettre idLettre="4" x="126" transcription="ر" LatinTrans="Raa_E" />
      </paw>
      <paw idPaw="3" x="110" transcription="ة" LatinTrans="TaaaClosed_I">
        <lettre idLettre="1" x="110" transcription="ة" LatinTrans="TaaaClosed_I" />
      </paw>
    </word>
    <word idWord="8" x="101" transcription=" " LatinTrans="SPACE">
      <paw idPaw="1" x="101" transcription=" " LatinTrans="SPACE">
        <lettre idLettre="1" x="101" transcription=" " LatinTrans="SPACE" />
      </paw>
    </word>
    <word idWord="9" x="0" transcription="الكافية" LatinTrans="Alif_I Laam_B Kaaf_M Alif_E Faa_B Yaa_M TaaaClosed_E">
      <paw idPaw="1" x="89" transcription="ا" LatinTrans="Alif_I">
        <lettre idLettre="1" x="89" transcription="ا" LatinTrans="Alif_I" />
      </paw>
      <paw idPaw="2" x="49" transcription="لكا" LatinTrans="Laam_B Kaaf_M Alif_E">
        <lettre idLettre="1" x="79" transcription="ل" LatinTrans="Laam_B" />
        <lettre idLettre="2" x="58" transcription="ك" LatinTrans="Kaaf_M" />
        <lettre idLettre="3" x="49" transcription="ا" LatinTrans="Alif_E" />
      </paw>
      <paw idPaw="3" x="0" transcription="فية" LatinTrans="Faa_B Yaa_M TaaaClosed_E">
        <lettre idLettre="1" x="38" transcription="ف" LatinTrans="Faa_B" />
        <lettre idLettre="2" x="25" transcription="ي" LatinTrans="Yaa_M" />
        <lettre idLettre="3" x="0" transcription="ة" LatinTrans="TaaaClosed_E" />
      </paw>
    </word>
  </content>
</textImage>