﻿<?xml version="1.0" encoding="UTF-8" standalone="yes"?>
<textImage id="2" width="295" height="54" transcription="بحسب قانون البلاد" image="alarabiya_20-03-20-10_2">
  <ArabicTranscription>بحسب قانون البلاد</ArabicTranscription>
  <LatinTranscription>Baa_B Haaa_M Siin_M Baa_E SPACE Gaaf_B Alif_E Nuun_B Waaw_E Nuun_I SPACE Alif_I Laam_B Baa_M Laam_Alif Daal_I</LatinTranscription>
  <content>
    <word idWord="1" x="186" transcription="بحسب" LatinTrans="Baa_B Haaa_M Siin_M Baa_E">
      <paw idPaw="1" x="186" transcription="بحسب" LatinTrans="Baa_B Haaa_M Siin_M Baa_E">
        <lettre idLettre="1" x="276" transcription="ب" LatinTrans="Baa_B" />
        <lettre idLettre="2" x="250" transcription="ح" LatinTrans="Haaa_M" />
        <lettre idLettre="3" x="225" transcription="س" LatinTrans="Siin_M" />
        <lettre idLettre="4" x="186" transcription="ب" LatinTrans="Baa_E" />
      </paw>
    </word>
    <word idWord="2" x="173" transcription=" " LatinTrans="SPACE">
      <paw idPaw="1" x="173" transcription=" " LatinTrans="SPACE">
        <lettre idLettre="1" x="173" transcription=" " LatinTrans="SPACE" />
      </paw>
    </word>
    <word idWord="3" x="95" transcription="قانون" LatinTrans="Gaaf_B Alif_E Nuun_B Waaw_E Nuun_I">
      <paw idPaw="1" x="149" transcription="قا" LatinTrans="Gaaf_B Alif_E">
        <lettre idLettre="1" x="157" transcription="ق" LatinTrans="Gaaf_B" />
        <lettre idLettre="2" x="149" transcription="ا" LatinTrans="Alif_E" />
      </paw>
      <paw idPaw="2" x="121" transcription="نو" LatinTrans="Nuun_B Waaw_E">
        <lettre idLettre="1" x="134" transcription="ن" LatinTrans="Nuun_B" />
        <lettre idLettre="2" x="121" transcription="و" LatinTrans="Waaw_E" />
      </paw>
      <paw idPaw="3" x="95" transcription="ن" LatinTrans="Nuun_I">
        <lettre idLettre="1" x="95" transcription="ن" LatinTrans="Nuun_I" />
      </paw>
    </word>
    <word idWord="4" x="81" transcription=" " LatinTrans="SPACE">
      <paw idPaw="1" x="81" transcription=" " LatinTrans="SPACE">
        <lettre idLettre="1" x="81" transcription=" " LatinTrans="SPACE" />
      </paw>
    </word>
    <word idWord="5" x="0" transcription="البلاد" LatinTrans="Alif_I Laam_B Baa_M Laam_Alif Daal_I">
      <paw idPaw="1" x="70" transcription="ا" LatinTrans="Alif_I">
        <lettre idLettre="1" x="70" transcription="ا" LatinTrans="Alif_I" />
      </paw>
      <paw idPaw="2" x="22" transcription="لبلا" LatinTrans="Laam_B Baa_M Laam_Alif">
        <lettre idLettre="1" x="63" transcription="ل" LatinTrans="Laam_B" />
        <lettre idLettre="2" x="47" transcription="ب" LatinTrans="Baa_M" />
        <lettre idLettre="3" x="22" transcription="لا" LatinTrans="Laam_Alif" />
      </paw>
      <paw idPaw="3" x="0" transcription="د" LatinTrans="Daal_I">
        <lettre idLettre="1" x="0" transcription="د" LatinTrans="Daal_I" />
      </paw>
    </word>
  </content>
</textImage>