﻿<?xml version="1.0" encoding="UTF-8" standalone="yes"?>
<textImage id="1" width="507" height="63" transcription="خشوا الانتقام من القتلة والجلادين" image="alarabiya_3225-03-07-00_1">
  <ArabicTranscription>خشوا الانتقام من القتلة والجلادين</ArabicTranscription>
  <LatinTranscription>Xaa_B Shiin_M Waaw_E Alif_I SPACE Alif_I Laam_Alif Nuun_B Taaa_M Gaaf_M Alif_E Miim_I SPACE Miim_B Nuun_E SPACE Alif_I Laam_B Gaaf_M Taaa_M Laam_M TaaaClosed_E SPACE Waaw_I Alif_I Laam_B Jiim_M Laam_Alif Daal_I Yaa_B Nuun_E</LatinTranscription>
  <content>
    <word idWord="1" x="423" transcription="خشوا" LatinTrans="Xaa_B Shiin_M Waaw_E Alif_I">
      <paw idPaw="1" x="433" transcription="خشو" LatinTrans="Xaa_B Shiin_M Waaw_E">
        <lettre idLettre="1" x="476" transcription="خ" LatinTrans="Xaa_B" />
        <lettre idLettre="2" x="450" transcription="ش" LatinTrans="Shiin_M" />
        <lettre idLettre="3" x="433" transcription="و" LatinTrans="Waaw_E" />
      </paw>
      <paw idPaw="2" x="423" transcription="ا" LatinTrans="Alif_I">
        <lettre idLettre="1" x="423" transcription="ا" LatinTrans="Alif_I" />
      </paw>
    </word>
    <word idWord="2" x="408" transcription=" " LatinTrans="SPACE">
      <paw idPaw="1" x="408" transcription=" " LatinTrans="SPACE">
        <lettre idLettre="1" x="408" transcription=" " LatinTrans="SPACE" />
      </paw>
    </word>
    <word idWord="3" x="308" transcription="الانتقام" LatinTrans="Alif_I Laam_Alif Nuun_B Taaa_M Gaaf_M Alif_E Miim_I">
      <paw idPaw="1" x="396" transcription="ا" LatinTrans="Alif_I">
        <lettre idLettre="1" x="396" transcription="ا" LatinTrans="Alif_I" />
      </paw>
      <paw idPaw="2" x="376" transcription="لا" LatinTrans="Laam_Alif">
        <lettre idLettre="1" x="376" transcription="لا" LatinTrans="Laam_Alif" />
      </paw>
      <paw idPaw="3" x="326" transcription="نتقا" LatinTrans="Nuun_B Taaa_M Gaaf_M Alif_E">
        <lettre idLettre="1" x="364" transcription="ن" LatinTrans="Nuun_B" />
        <lettre idLettre="2" x="349" transcription="ت" LatinTrans="Taaa_M" />
        <lettre idLettre="3" x="334" transcription="ق" LatinTrans="Gaaf_M" />
        <lettre idLettre="4" x="326" transcription="ا" LatinTrans="Alif_E" />
      </paw>
      <paw idPaw="4" x="308" transcription="م" LatinTrans="Miim_I">
        <lettre idLettre="1" x="308" transcription="م" LatinTrans="Miim_I" />
      </paw>
    </word>
    <word idWord="4" x="297" transcription=" " LatinTrans="SPACE">
      <paw idPaw="1" x="297" transcription=" " LatinTrans="SPACE">
        <lettre idLettre="1" x="297" transcription=" " LatinTrans="SPACE" />
      </paw>
    </word>
    <word idWord="5" x="253" transcription="من" LatinTrans="Miim_B Nuun_E">
      <paw idPaw="1" x="253" transcription="من" LatinTrans="Miim_B Nuun_E">
        <lettre idLettre="1" x="277" transcription="م" LatinTrans="Miim_B" />
        <lettre idLettre="2" x="253" transcription="ن" LatinTrans="Nuun_E" />
      </paw>
    </word>
    <word idWord="6" x="240" transcription=" " LatinTrans="SPACE">
      <paw idPaw="1" x="240" transcription=" " LatinTrans="SPACE">
        <lettre idLettre="1" x="240" transcription=" " LatinTrans="SPACE" />
      </paw>
    </word>
    <word idWord="7" x="159" transcription="القتلة" LatinTrans="Alif_I Laam_B Gaaf_M Taaa_M Laam_M TaaaClosed_E">
      <paw idPaw="1" x="230" transcription="ا" LatinTrans="Alif_I">
        <lettre idLettre="1" x="230" transcription="ا" LatinTrans="Alif_I" />
      </paw>
      <paw idPaw="2" x="159" transcription="لقتلة" LatinTrans="Laam_B Gaaf_M Taaa_M Laam_M TaaaClosed_E">
        <lettre idLettre="1" x="222" transcription="ل" LatinTrans="Laam_B" />
        <lettre idLettre="2" x="205" transcription="ق" LatinTrans="Gaaf_M" />
        <lettre idLettre="3" x="193" transcription="ت" LatinTrans="Taaa_M" />
        <lettre idLettre="4" x="179" transcription="ل" LatinTrans="Laam_M" />
        <lettre idLettre="5" x="159" transcription="ة" LatinTrans="TaaaClosed_E" />
      </paw>
    </word>
    <word idWord="8" x="151" transcription=" " LatinTrans="SPACE">
      <paw idPaw="1" x="151" transcription=" " LatinTrans="SPACE">
        <lettre idLettre="1" x="151" transcription=" " LatinTrans="SPACE" />
      </paw>
    </word>
    <word idWord="9" x="0" transcription="والجلادين" LatinTrans="Waaw_I Alif_I Laam_B Jiim_M Laam_Alif Daal_I Yaa_B Nuun_E">
      <paw idPaw="1" x="129" transcription="و" LatinTrans="Waaw_I">
        <lettre idLettre="1" x="129" transcription="و" LatinTrans="Waaw_I" />
      </paw>
      <paw idPaw="2" x="119" transcription="ا" LatinTrans="Alif_I">
        <lettre idLettre="1" x="119" transcription="ا" LatinTrans="Alif_I" />
      </paw>
      <paw idPaw="3" x="55" transcription="لجلا" LatinTrans="Laam_B Jiim_M Laam_Alif">
        <lettre idLettre="1" x="111" transcription="ل" LatinTrans="Laam_B" />
        <lettre idLettre="2" x="80" transcription="ج" LatinTrans="Jiim_M" />
        <lettre idLettre="3" x="55" transcription="لا" LatinTrans="Laam_Alif" />
      </paw>
      <paw idPaw="4" x="41" transcription="د" LatinTrans="Daal_I">
        <lettre idLettre="1" x="41" transcription="د" LatinTrans="Daal_I" />
      </paw>
      <paw idPaw="5" x="0" transcription="ين" LatinTrans="Yaa_B Nuun_E">
        <lettre idLettre="1" x="26" transcription="ي" LatinTrans="Yaa_B" />
        <lettre idLettre="2" x="0" transcription="ن" LatinTrans="Nuun_E" />
      </paw>
    </word>
  </content>
</textImage>