﻿<?xml version="1.0" encoding="UTF-8" standalone="yes"?>
<textImage id="1" width="259" height="58" transcription="تخضع لتحاليل" image="alarabiya_3219-13-47-00_1">
  <ArabicTranscription>تخضع لتحاليل</ArabicTranscription>
  <LatinTranscription>Taaa_B Xaa_M Daad_M Ayn_E SPACE Laam_B Taaa_M Haaa_M Alif_E Laam_B Yaa_M Laam_E</LatinTranscription>
  <content>
    <word idWord="1" x="142" transcription="تخضع" LatinTrans="Taaa_B Xaa_M Daad_M Ayn_E">
      <paw idPaw="1" x="142" transcription="تخضع" LatinTrans="Taaa_B Xaa_M Daad_M Ayn_E">
        <lettre idLettre="1" x="235" transcription="ت" LatinTrans="Taaa_B" />
        <lettre idLettre="2" x="202" transcription="خ" LatinTrans="Xaa_M" />
        <lettre idLettre="3" x="170" transcription="ض" LatinTrans="Daad_M" />
        <lettre idLettre="4" x="142" transcription="ع" LatinTrans="Ayn_E" />
      </paw>
    </word>
    <word idWord="2" x="136" transcription=" " LatinTrans="SPACE">
      <paw idPaw="1" x="136" transcription=" " LatinTrans="SPACE">
        <lettre idLettre="1" x="136" transcription=" " LatinTrans="SPACE" />
      </paw>
    </word>
    <word idWord="3" x="0" transcription="لتحاليل" LatinTrans="Laam_B Taaa_M Haaa_M Alif_E Laam_B Yaa_M Laam_E">
      <paw idPaw="1" x="62" transcription="لتحا" LatinTrans="Laam_B Taaa_M Haaa_M Alif_E">
        <lettre idLettre="1" x="123" transcription="ل" LatinTrans="Laam_B" />
        <lettre idLettre="2" x="106" transcription="ت" LatinTrans="Taaa_M" />
        <lettre idLettre="3" x="75" transcription="ح" LatinTrans="Haaa_M" />
        <lettre idLettre="4" x="62" transcription="ا" LatinTrans="Alif_E" />
      </paw>
      <paw idPaw="2" x="0" transcription="ليل" LatinTrans="Laam_B Yaa_M Laam_E">
        <lettre idLettre="1" x="47" transcription="ل" LatinTrans="Laam_B" />
        <lettre idLettre="2" x="30" transcription="ي" LatinTrans="Yaa_M" />
        <lettre idLettre="3" x="0" transcription="ل" LatinTrans="Laam_E" />
      </paw>
    </word>
  </content>
</textImage>