﻿<?xml version="1.0" encoding="UTF-8" standalone="yes"?>
<textImage id="1" width="234" height="70" transcription="عوائد مرتفعة" image="alarabiya_20-09-32-20_1">
  <ArabicTranscription>عوائد مرتفعة</ArabicTranscription>
  <LatinTranscription>Ayn_B Waaw_E Alif_I HamzaAboveAlifBroken_B Daal_E SPACE Miim_B Raa_E Taaa_B Faa_M Ayn_M TaaaClosed_E</LatinTranscription>
  <content>
    <word idWord="1" x="134" transcription="عوائد" LatinTrans="Ayn_B Waaw_E Alif_I HamzaAboveAlifBroken_B Daal_E">
      <paw idPaw="1" x="184" transcription="عو" LatinTrans="Ayn_B Waaw_E">
        <lettre idLettre="1" x="202" transcription="ع" LatinTrans="Ayn_B" />
        <lettre idLettre="2" x="184" transcription="و" LatinTrans="Waaw_E" />
      </paw>
      <paw idPaw="2" x="174" transcription="ا" LatinTrans="Alif_I">
        <lettre idLettre="1" x="174" transcription="ا" LatinTrans="Alif_I" />
      </paw>
      <paw idPaw="3" x="134" transcription="ئد" LatinTrans="HamzaAboveAlifBroken_B Daal_E">
        <lettre idLettre="1" x="160" transcription="ئ" LatinTrans="HamzaAboveAlifBroken_B" />
        <lettre idLettre="2" x="134" transcription="د" LatinTrans="Daal_E" />
      </paw>
    </word>
    <word idWord="2" x="127" transcription=" " LatinTrans="SPACE">
      <paw idPaw="1" x="127" transcription=" " LatinTrans="SPACE">
        <lettre idLettre="1" x="127" transcription=" " LatinTrans="SPACE" />
      </paw>
    </word>
    <word idWord="3" x="0" transcription="مرتفعة" LatinTrans="Miim_B Raa_E Taaa_B Faa_M Ayn_M TaaaClosed_E">
      <paw idPaw="1" x="84" transcription="مر" LatinTrans="Miim_B Raa_E">
        <lettre idLettre="1" x="104" transcription="م" LatinTrans="Miim_B" />
        <lettre idLettre="2" x="84" transcription="ر" LatinTrans="Raa_E" />
      </paw>
      <paw idPaw="2" x="0" transcription="تفعة" LatinTrans="Taaa_B Faa_M Ayn_M TaaaClosed_E">
        <lettre idLettre="1" x="64" transcription="ت" LatinTrans="Taaa_B" />
        <lettre idLettre="2" x="47" transcription="ف" LatinTrans="Faa_M" />
        <lettre idLettre="3" x="26" transcription="ع" LatinTrans="Ayn_M" />
        <lettre idLettre="4" x="0" transcription="ة" LatinTrans="TaaaClosed_E" />
      </paw>
    </word>
  </content>
</textImage>