﻿<?xml version="1.0" encoding="UTF-8" standalone="yes"?>
<textImage id="1" width="290" height="71" transcription="خلال ولايتي الأولى" image="alarabiya_3225-03-11-00_1">
  <ArabicTranscription>خلال ولايتي الأولى</ArabicTranscription>
  <LatinTranscription>Xaa_B Laam_Alif Laam_I SPACE Waaw_I Laam_Alif Yaa_B Taaa_M Yaa_E SPACE Alif_I Laam_HamzaAboveAlif Waaw_I Laam_B AlifBroken_E</LatinTranscription>
  <content>
    <word idWord="1" x="208" transcription="خلال" LatinTrans="Xaa_B Laam_Alif Laam_I">
      <paw idPaw="1" x="233" transcription="خلا" LatinTrans="Xaa_B Laam_Alif">
        <lettre idLettre="1" x="259" transcription="خ" LatinTrans="Xaa_B" />
        <lettre idLettre="2" x="233" transcription="لا" LatinTrans="Laam_Alif" />
      </paw>
      <paw idPaw="2" x="208" transcription="ل" LatinTrans="Laam_I">
        <lettre idLettre="1" x="208" transcription="ل" LatinTrans="Laam_I" />
      </paw>
    </word>
    <word idWord="2" x="196" transcription=" " LatinTrans="SPACE">
      <paw idPaw="1" x="196" transcription=" " LatinTrans="SPACE">
        <lettre idLettre="1" x="196" transcription=" " LatinTrans="SPACE" />
      </paw>
    </word>
    <word idWord="3" x="101" transcription="ولايتي" LatinTrans="Waaw_I Laam_Alif Yaa_B Taaa_M Yaa_E">
      <paw idPaw="1" x="179" transcription="و" LatinTrans="Waaw_I">
        <lettre idLettre="1" x="179" transcription="و" LatinTrans="Waaw_I" />
      </paw>
      <paw idPaw="2" x="158" transcription="لا" LatinTrans="Laam_Alif">
        <lettre idLettre="1" x="158" transcription="لا" LatinTrans="Laam_Alif" />
      </paw>
      <paw idPaw="3" x="101" transcription="يتي" LatinTrans="Yaa_B Taaa_M Yaa_E">
        <lettre idLettre="1" x="143" transcription="ي" LatinTrans="Yaa_B" />
        <lettre idLettre="2" x="129" transcription="ت" LatinTrans="Taaa_M" />
        <lettre idLettre="3" x="101" transcription="ي" LatinTrans="Yaa_E" />
      </paw>
    </word>
    <word idWord="4" x="86" transcription=" " LatinTrans="SPACE">
      <paw idPaw="1" x="86" transcription=" " LatinTrans="SPACE">
        <lettre idLettre="1" x="86" transcription=" " LatinTrans="SPACE" />
      </paw>
    </word>
    <word idWord="5" x="0" transcription="الأولى" LatinTrans="Alif_I Laam_HamzaAboveAlif Waaw_I Laam_B AlifBroken_E">
      <paw idPaw="1" x="80" transcription="ا" LatinTrans="Alif_I">
        <lettre idLettre="1" x="80" transcription="ا" LatinTrans="Alif_I" />
      </paw>
      <paw idPaw="2" x="56" transcription="لأ" LatinTrans="Laam_HamzaAboveAlif">
        <lettre idLettre="1" x="56" transcription="لأ" LatinTrans="Laam_HamzaAboveAlif" />
      </paw>
      <paw idPaw="3" x="39" transcription="و" LatinTrans="Waaw_I">
        <lettre idLettre="1" x="39" transcription="و" LatinTrans="Waaw_I" />
      </paw>
      <paw idPaw="4" x="0" transcription="لى" LatinTrans="Laam_B AlifBroken_E">
        <lettre idLettre="1" x="27" transcription="ل" LatinTrans="Laam_B" />
        <lettre idLettre="2" x="0" transcription="ى" LatinTrans="AlifBroken_E" />
      </paw>
    </word>
  </content>
</textImage>