﻿<?xml version="1.0" encoding="UTF-8" standalone="yes"?>
<textImage id="1" width="612" height="64" transcription="وصل ممثلون عن 44 دولة حليفة وشريكة" image="alarabiya_23-02-08-40_1">
  <ArabicTranscription>وصل ممثلون عن 44 دولة حليفة وشريكة</ArabicTranscription>
  <LatinTranscription>Waaw_I Saad_B Laam_E SPACE Miim_B Miim_M Thaa_M Laam_M Waaw_E Nuun_I SPACE Ayn_B Nuun_E SPACE Four Four SPACE Daal_I Waaw_I Laam_B TaaaClosed_E SPACE Haaa_B Laam_M Yaa_M Faa_M TaaaClosed_E SPACE Waaw_I Shiin_B Raa_E Yaa_B Kaaf_M TaaaClosed_E</LatinTranscription>
  <content>
    <word idWord="1" x="537" transcription="وصل" LatinTrans="Waaw_I Saad_B Laam_E">
      <paw idPaw="1" x="591" transcription="و" LatinTrans="Waaw_I">
        <lettre idLettre="1" x="591" transcription="و" LatinTrans="Waaw_I" />
      </paw>
      <paw idPaw="2" x="537" transcription="صل" LatinTrans="Saad_B Laam_E">
        <lettre idLettre="1" x="567" transcription="ص" LatinTrans="Saad_B" />
        <lettre idLettre="2" x="537" transcription="ل" LatinTrans="Laam_E" />
      </paw>
    </word>
    <word idWord="2" x="523" transcription=" " LatinTrans="SPACE">
      <paw idPaw="1" x="523" transcription=" " LatinTrans="SPACE">
        <lettre idLettre="1" x="523" transcription=" " LatinTrans="SPACE" />
      </paw>
    </word>
    <word idWord="3" x="426" transcription="ممثلون" LatinTrans="Miim_B Miim_M Thaa_M Laam_M Waaw_E Nuun_I">
      <paw idPaw="1" x="450" transcription="ممثلو" LatinTrans="Miim_B Miim_M Thaa_M Laam_M Waaw_E">
        <lettre idLettre="1" x="506" transcription="م" LatinTrans="Miim_B" />
        <lettre idLettre="2" x="492" transcription="م" LatinTrans="Miim_M" />
        <lettre idLettre="3" x="475" transcription="ث" LatinTrans="Thaa_M" />
        <lettre idLettre="4" x="463" transcription="ل" LatinTrans="Laam_M" />
        <lettre idLettre="5" x="450" transcription="و" LatinTrans="Waaw_E" />
      </paw>
      <paw idPaw="2" x="426" transcription="ن" LatinTrans="Nuun_I">
        <lettre idLettre="1" x="426" transcription="ن" LatinTrans="Nuun_I" />
      </paw>
    </word>
    <word idWord="4" x="413" transcription=" " LatinTrans="SPACE">
      <paw idPaw="1" x="413" transcription=" " LatinTrans="SPACE">
        <lettre idLettre="1" x="413" transcription=" " LatinTrans="SPACE" />
      </paw>
    </word>
    <word idWord="5" x="362" transcription="عن" LatinTrans="Ayn_B Nuun_E">
      <paw idPaw="1" x="362" transcription="عن" LatinTrans="Ayn_B Nuun_E">
        <lettre idLettre="1" x="392" transcription="ع" LatinTrans="Ayn_B" />
        <lettre idLettre="2" x="362" transcription="ن" LatinTrans="Nuun_E" />
      </paw>
    </word>
    <word idWord="6" x="351" transcription=" " LatinTrans="SPACE">
      <paw idPaw="1" x="351" transcription=" " LatinTrans="SPACE">
        <lettre idLettre="1" x="351" transcription=" " LatinTrans="SPACE" />
      </paw>
    </word>
    <word idWord="7" x="308" transcription="44" LatinTrans="Four Four">
      <paw idPaw="1" x="332" transcription="4" LatinTrans="Four">
        <lettre idLettre="1" x="332" transcription="4" LatinTrans="Four" />
      </paw>
      <paw idPaw="2" x="308" transcription="4" LatinTrans="Four">
        <lettre idLettre="1" x="308" transcription="4" LatinTrans="Four" />
      </paw>
    </word>
    <word idWord="8" x="294" transcription=" " LatinTrans="SPACE">
      <paw idPaw="1" x="294" transcription=" " LatinTrans="SPACE">
        <lettre idLettre="1" x="294" transcription=" " LatinTrans="SPACE" />
      </paw>
    </word>
    <word idWord="9" x="230" transcription="دولة" LatinTrans="Daal_I Waaw_I Laam_B TaaaClosed_E">
      <paw idPaw="1" x="274" transcription="د" LatinTrans="Daal_I">
        <lettre idLettre="1" x="274" transcription="د" LatinTrans="Daal_I" />
      </paw>
      <paw idPaw="2" x="261" transcription="و" LatinTrans="Waaw_I">
        <lettre idLettre="1" x="261" transcription="و" LatinTrans="Waaw_I" />
      </paw>
      <paw idPaw="3" x="230" transcription="لة" LatinTrans="Laam_B TaaaClosed_E">
        <lettre idLettre="1" x="249" transcription="ل" LatinTrans="Laam_B" />
        <lettre idLettre="2" x="230" transcription="ة" LatinTrans="TaaaClosed_E" />
      </paw>
    </word>
    <word idWord="10" x="219" transcription=" " LatinTrans="SPACE">
      <paw idPaw="1" x="219" transcription=" " LatinTrans="SPACE">
        <lettre idLettre="1" x="219" transcription=" " LatinTrans="SPACE" />
      </paw>
    </word>
    <word idWord="11" x="128" transcription="حليفة" LatinTrans="Haaa_B Laam_M Yaa_M Faa_M TaaaClosed_E">
      <paw idPaw="1" x="128" transcription="حليفة" LatinTrans="Haaa_B Laam_M Yaa_M Faa_M TaaaClosed_E">
        <lettre idLettre="1" x="187" transcription="ح" LatinTrans="Haaa_B" />
        <lettre idLettre="2" x="175" transcription="ل" LatinTrans="Laam_M" />
        <lettre idLettre="3" x="160" transcription="ي" LatinTrans="Yaa_M" />
        <lettre idLettre="4" x="145" transcription="ف" LatinTrans="Faa_M" />
        <lettre idLettre="5" x="128" transcription="ة" LatinTrans="TaaaClosed_E" />
      </paw>
    </word>
    <word idWord="12" x="115" transcription=" " LatinTrans="SPACE">
      <paw idPaw="1" x="115" transcription=" " LatinTrans="SPACE">
        <lettre idLettre="1" x="115" transcription=" " LatinTrans="SPACE" />
      </paw>
    </word>
    <word idWord="13" x="0" transcription="وشريكة" LatinTrans="Waaw_I Shiin_B Raa_E Yaa_B Kaaf_M TaaaClosed_E">
      <paw idPaw="1" x="97" transcription="و" LatinTrans="Waaw_I">
        <lettre idLettre="1" x="97" transcription="و" LatinTrans="Waaw_I" />
      </paw>
      <paw idPaw="2" x="59" transcription="شر" LatinTrans="Shiin_B Raa_E">
        <lettre idLettre="1" x="77" transcription="ش" LatinTrans="Shiin_B" />
        <lettre idLettre="2" x="59" transcription="ر" LatinTrans="Raa_E" />
      </paw>
      <paw idPaw="3" x="0" transcription="يكة" LatinTrans="Yaa_B Kaaf_M TaaaClosed_E">
        <lettre idLettre="1" x="46" transcription="ي" LatinTrans="Yaa_B" />
        <lettre idLettre="2" x="26" transcription="ك" LatinTrans="Kaaf_M" />
        <lettre idLettre="3" x="0" transcription="ة" LatinTrans="TaaaClosed_E" />
      </paw>
    </word>
  </content>
</textImage>