﻿<?xml version="1.0" encoding="UTF-8" standalone="yes"?>
<textImage id="1" width="138" height="77" transcription="اليادودة" image="alarabiya_3226-04-12-00_1">
  <ArabicTranscription>اليادودة</ArabicTranscription>
  <LatinTranscription>Alif_I Laam_B Yaa_M Alif_E Daal_I Waaw_I Daal_I TaaaClosed_I</LatinTranscription>
  <content>
    <word idWord="1" x="0" transcription="اليادودة" LatinTrans="Alif_I Laam_B Yaa_M Alif_E Daal_I Waaw_I Daal_I TaaaClosed_I">
      <paw idPaw="1" x="125" transcription="ا" LatinTrans="Alif_I">
        <lettre idLettre="1" x="125" transcription="ا" LatinTrans="Alif_I" />
      </paw>
      <paw idPaw="2" x="85" transcription="ليا" LatinTrans="Laam_B Yaa_M Alif_E">
        <lettre idLettre="1" x="114" transcription="ل" LatinTrans="Laam_B" />
        <lettre idLettre="2" x="97" transcription="ي" LatinTrans="Yaa_M" />
        <lettre idLettre="3" x="85" transcription="ا" LatinTrans="Alif_E" />
      </paw>
      <paw idPaw="3" x="64" transcription="د" LatinTrans="Daal_I">
        <lettre idLettre="1" x="64" transcription="د" LatinTrans="Daal_I" />
      </paw>
      <paw idPaw="4" x="40" transcription="و" LatinTrans="Waaw_I">
        <lettre idLettre="1" x="40" transcription="و" LatinTrans="Waaw_I" />
      </paw>
      <paw idPaw="5" x="22" transcription="د" LatinTrans="Daal_I">
        <lettre idLettre="1" x="22" transcription="د" LatinTrans="Daal_I" />
      </paw>
      <paw idPaw="6" x="0" transcription="ة" LatinTrans="TaaaClosed_I">
        <lettre idLettre="1" x="0" transcription="ة" LatinTrans="TaaaClosed_I" />
      </paw>
    </word>
  </content>
</textImage>