﻿<?xml version="1.0" encoding="UTF-8" standalone="yes"?>
<textImage id="1" width="199" height="40" transcription="إحياء لذكرى ضحايا" image="alarabiya_3222-01-57-00_1">
  <ArabicTranscription>إحياء لذكرى ضحايا</ArabicTranscription>
  <LatinTranscription>HamzaOnederAlif_I Haaa_B Yaa_M Alif_E Hamza SPACE Laam_B Thaal_E Kaaf_B Raa_E AlifBroken_I SPACE Daad_B Haaa_M Alif_E Yaa_B Alif_E</LatinTranscription>
  <content>
    <word idWord="1" x="144" transcription="إحياء" LatinTrans="HamzaOnederAlif_I Haaa_B Yaa_M Alif_E Hamza">
      <paw idPaw="1" x="188" transcription="إ" LatinTrans="HamzaOnederAlif_I">
        <lettre idLettre="1" x="188" transcription="إ" LatinTrans="HamzaUnderAlif_I" />
      </paw>
      <paw idPaw="2" x="157" transcription="حيا" LatinTrans="Haaa_B Yaa_M Alif_E">
        <lettre idLettre="1" x="175" transcription="ح" LatinTrans="Haaa_B" />
        <lettre idLettre="2" x="165" transcription="ي" LatinTrans="Yaa_M" />
        <lettre idLettre="3" x="157" transcription="ا" LatinTrans="Alif_E" />
      </paw>
      <paw idPaw="3" x="144" transcription="ء" LatinTrans="Hamza">
        <lettre idLettre="1" x="144" transcription="ء" LatinTrans="Hamza" />
      </paw>
    </word>
    <word idWord="2" x="138" transcription=" " LatinTrans="SPACE">
      <paw idPaw="1" x="138" transcription=" " LatinTrans="SPACE">
        <lettre idLettre="1" x="138" transcription=" " LatinTrans="SPACE" />
      </paw>
    </word>
    <word idWord="3" x="73" transcription="لذكرى" LatinTrans="Laam_B Thaal_E Kaaf_B Raa_E AlifBroken_I">
      <paw idPaw="1" x="115" transcription="لذ" LatinTrans="Laam_B Thaal_E">
        <lettre idLettre="1" x="130" transcription="ل" LatinTrans="Laam_B" />
        <lettre idLettre="2" x="115" transcription="ذ" LatinTrans="Thaal_E" />
      </paw>
      <paw idPaw="2" x="89" transcription="كر" LatinTrans="Kaaf_B Raa_E">
        <lettre idLettre="1" x="97" transcription="ك" LatinTrans="Kaaf_B" />
        <lettre idLettre="2" x="89" transcription="ر" LatinTrans="Raa_E" />
      </paw>
      <paw idPaw="3" x="73" transcription="ى" LatinTrans="AlifBroken_I">
        <lettre idLettre="1" x="73" transcription="ى" LatinTrans="AlifBroken_I" />
      </paw>
    </word>
    <word idWord="4" x="65" transcription=" " LatinTrans="SPACE">
      <paw idPaw="1" x="65" transcription=" " LatinTrans="SPACE">
        <lettre idLettre="1" x="65" transcription=" " LatinTrans="SPACE" />
      </paw>
    </word>
    <word idWord="5" x="0" transcription="ضحايا" LatinTrans="Daad_B Haaa_M Alif_E Yaa_B Alif_E">
      <paw idPaw="1" x="20" transcription="ضحا" LatinTrans="Daad_B Haaa_M Alif_E">
        <lettre idLettre="1" x="41" transcription="ض" LatinTrans="Daad_B" />
        <lettre idLettre="2" x="27" transcription="ح" LatinTrans="Haaa_M" />
        <lettre idLettre="3" x="20" transcription="ا" LatinTrans="Alif_E" />
      </paw>
      <paw idPaw="2" x="0" transcription="يا" LatinTrans="Yaa_B Alif_E">
        <lettre idLettre="1" x="8" transcription="ي" LatinTrans="Yaa_B" />
        <lettre idLettre="2" x="0" transcription="ا" LatinTrans="Alif_E" />
      </paw>
    </word>
  </content>
</textImage>