﻿<?xml version="1.0" encoding="UTF-8" standalone="yes"?>
<textImage id="1" width="533" height="60" transcription="تتمثل بإلحاق الضرر بسياسة شقيقتي" image="alarabiya_25-03-16-00_1">
  <ArabicTranscription>تتمثل بإلحاق الضرر بسياسة شقيقتي</ArabicTranscription>
  <LatinTranscription>Taaa_B Taaa_M Miim_M Thaa_M Laam_E SPACE Baa_B HamzaOnederAlif_E Laam_B Haaa_M Alif_E Gaaf_I SPACE Alif_I Laam_B Daad_M Raa_E Raa_I SPACE Baa_B Siin_M Yaa_M Alif_E Siin_B TaaaClosed_E SPACE Shiin_B Gaaf_M Yaa_M Gaaf_M Taaa_M Yaa_E</LatinTranscription>
  <content>
    <word idWord="1" x="445" transcription="تتمثل" LatinTrans="Taaa_B Taaa_M Miim_M Thaa_M Laam_E">
      <paw idPaw="1" x="445" transcription="تتمثل" LatinTrans="Taaa_B Taaa_M Miim_M Thaa_M Laam_E">
        <lettre idLettre="1" x="516" transcription="ت" LatinTrans="Taaa_B" />
        <lettre idLettre="2" x="501" transcription="ت" LatinTrans="Taaa_M" />
        <lettre idLettre="3" x="489" transcription="م" LatinTrans="Miim_M" />
        <lettre idLettre="4" x="472" transcription="ث" LatinTrans="Thaa_M" />
        <lettre idLettre="5" x="445" transcription="ل" LatinTrans="Laam_E" />
      </paw>
    </word>
    <word idWord="2" x="437" transcription=" " LatinTrans="SPACE">
      <paw idPaw="1" x="437" transcription=" " LatinTrans="SPACE">
        <lettre idLettre="1" x="437" transcription=" " LatinTrans="SPACE" />
      </paw>
    </word>
    <word idWord="3" x="334" transcription="بإلحاق" LatinTrans="Baa_B HamzaOnederAlif_E Laam_B Haaa_M Alif_E Gaaf_I">
      <paw idPaw="1" x="406" transcription="بإ" LatinTrans="Baa_B HamzaOnederAlif_E">
        <lettre idLettre="1" x="418" transcription="ب" LatinTrans="Baa_B" />
        <lettre idLettre="2" x="406" transcription="إ" LatinTrans="HamzaUnderAlif_E" />
      </paw>
      <paw idPaw="2" x="361" transcription="لحا" LatinTrans="Laam_B Haaa_M Alif_E">
        <lettre idLettre="1" x="398" transcription="ل" LatinTrans="Laam_B" />
        <lettre idLettre="2" x="372" transcription="ح" LatinTrans="Haaa_M" />
        <lettre idLettre="3" x="361" transcription="ا" LatinTrans="Alif_E" />
      </paw>
      <paw idPaw="3" x="334" transcription="ق" LatinTrans="Gaaf_I">
        <lettre idLettre="1" x="334" transcription="ق" LatinTrans="Gaaf_I" />
      </paw>
    </word>
    <word idWord="4" x="323" transcription=" " LatinTrans="SPACE">
      <paw idPaw="1" x="323" transcription=" " LatinTrans="SPACE">
        <lettre idLettre="1" x="323" transcription=" " LatinTrans="SPACE" />
      </paw>
    </word>
    <word idWord="5" x="235" transcription="الضرر" LatinTrans="Alif_I Laam_B Daad_M Raa_E Raa_I">
      <paw idPaw="1" x="312" transcription="ا" LatinTrans="Alif_I">
        <lettre idLettre="1" x="312" transcription="ا" LatinTrans="Alif_I" />
      </paw>
      <paw idPaw="2" x="256" transcription="لضر" LatinTrans="Laam_B Daad_M Raa_E">
        <lettre idLettre="1" x="302" transcription="ل" LatinTrans="Laam_B" />
        <lettre idLettre="2" x="274" transcription="ض" LatinTrans="Daad_M" />
        <lettre idLettre="3" x="256" transcription="ر" LatinTrans="Raa_E" />
      </paw>
      <paw idPaw="3" x="235" transcription="ر" LatinTrans="Raa_I">
        <lettre idLettre="1" x="235" transcription="ر" LatinTrans="Raa_I" />
      </paw>
    </word>
    <word idWord="6" x="226" transcription=" " LatinTrans="SPACE">
      <paw idPaw="1" x="226" transcription=" " LatinTrans="SPACE">
        <lettre idLettre="1" x="226" transcription=" " LatinTrans="SPACE" />
      </paw>
    </word>
    <word idWord="7" x="120" transcription="بسياسة" LatinTrans="Baa_B Siin_M Yaa_M Alif_E Siin_B TaaaClosed_E">
      <paw idPaw="1" x="167" transcription="بسيا" LatinTrans="Baa_B Siin_M Yaa_M Alif_E">
        <lettre idLettre="1" x="212" transcription="ب" LatinTrans="Baa_B" />
        <lettre idLettre="2" x="191" transcription="س" LatinTrans="Siin_M" />
        <lettre idLettre="3" x="172" transcription="ي" LatinTrans="Yaa_M" />
        <lettre idLettre="4" x="167" transcription="ا" LatinTrans="Alif_E" />
      </paw>
      <paw idPaw="2" x="120" transcription="سة" LatinTrans="Siin_B TaaaClosed_E">
        <lettre idLettre="1" x="140" transcription="س" LatinTrans="Siin_B" />
        <lettre idLettre="2" x="120" transcription="ة" LatinTrans="TaaaClosed_E" />
      </paw>
    </word>
    <word idWord="8" x="107" transcription=" " LatinTrans="SPACE">
      <paw idPaw="1" x="107" transcription=" " LatinTrans="SPACE">
        <lettre idLettre="1" x="107" transcription=" " LatinTrans="SPACE" />
      </paw>
    </word>
    <word idWord="9" x="0" transcription="شقيقتي" LatinTrans="Shiin_B Gaaf_M Yaa_M Gaaf_M Taaa_M Yaa_E">
      <paw idPaw="1" x="0" transcription="شقيقتي" LatinTrans="Shiin_B Gaaf_M Yaa_M Gaaf_M Taaa_M Yaa_E">
        <lettre idLettre="1" x="79" transcription="ش" LatinTrans="Shiin_B" />
        <lettre idLettre="2" x="68" transcription="ق" LatinTrans="Gaaf_M" />
        <lettre idLettre="3" x="56" transcription="ي" LatinTrans="Yaa_M" />
        <lettre idLettre="4" x="43" transcription="ق" LatinTrans="Gaaf_M" />
        <lettre idLettre="5" x="29" transcription="ت" LatinTrans="Taaa_M" />
        <lettre idLettre="6" x="0" transcription="ي" LatinTrans="Yaa_E" />
      </paw>
    </word>
  </content>
</textImage>