﻿<?xml version="1.0" encoding="UTF-8" standalone="yes"?>
<textImage id="1" width="340" height="66" transcription="ربيع الثقافة البحرين 2013" image="alarabiya_26-19-05-10_1">
  <ArabicTranscription>ربيع الثقافة البحرين 2013</ArabicTranscription>
  <LatinTranscription>Raa_I Baa_B Yaa_M Ayn_E SPACE Alif_I Laam_B Thaa_M Gaaf_M Alif_E Faa_B TaaaClosed_E SPACE Alif_I Laam_B Baa_M Haaa_M Raa_E Yaa_B Nuun_E SPACE Three One Zero Two</LatinTranscription>
  <content>
    <word idWord="1" x="280" transcription="ربيع" LatinTrans="Raa_I Baa_B Yaa_M Ayn_E">
      <paw idPaw="1" x="320" transcription="ر" LatinTrans="Raa_I">
        <lettre idLettre="1" x="320" transcription="ر" LatinTrans="Raa_I" />
      </paw>
      <paw idPaw="2" x="280" transcription="بيع" LatinTrans="Baa_B Yaa_M Ayn_E">
        <lettre idLettre="1" x="310" transcription="ب" LatinTrans="Baa_B" />
        <lettre idLettre="2" x="296" transcription="ي" LatinTrans="Yaa_M" />
        <lettre idLettre="3" x="280" transcription="ع" LatinTrans="Ayn_E" />
      </paw>
    </word>
    <word idWord="2" x="274" transcription=" " LatinTrans="SPACE">
      <paw idPaw="1" x="274" transcription=" " LatinTrans="SPACE">
        <lettre idLettre="1" x="274" transcription=" " LatinTrans="SPACE" />
      </paw>
    </word>
    <word idWord="3" x="200" transcription="الثقافة" LatinTrans="Alif_I Laam_B Thaa_M Gaaf_M Alif_E Faa_B TaaaClosed_E">
      <paw idPaw="1" x="265" transcription="ا" LatinTrans="Alif_I">
        <lettre idLettre="1" x="265" transcription="ا" LatinTrans="Alif_I" />
      </paw>
      <paw idPaw="2" x="227" transcription="لثقا" LatinTrans="Laam_B Thaa_M Gaaf_M Alif_E">
        <lettre idLettre="1" x="258" transcription="ل" LatinTrans="Laam_B" />
        <lettre idLettre="2" x="245" transcription="ث" LatinTrans="Thaa_M" />
        <lettre idLettre="3" x="234" transcription="ق" LatinTrans="Gaaf_M" />
        <lettre idLettre="4" x="227" transcription="ا" LatinTrans="Alif_E" />
      </paw>
      <paw idPaw="3" x="200" transcription="فة" LatinTrans="Faa_B TaaaClosed_E">
        <lettre idLettre="1" x="214" transcription="ف" LatinTrans="Faa_B" />
        <lettre idLettre="2" x="200" transcription="ة" LatinTrans="TaaaClosed_E" />
      </paw>
    </word>
    <word idWord="4" x="194" transcription=" " LatinTrans="SPACE">
      <paw idPaw="1" x="194" transcription=" " LatinTrans="SPACE">
        <lettre idLettre="1" x="194" transcription=" " LatinTrans="SPACE" />
      </paw>
    </word>
    <word idWord="5" x="98" transcription="البحرين" LatinTrans="Alif_I Laam_B Baa_M Haaa_M Raa_E Yaa_B Nuun_E">
      <paw idPaw="1" x="184" transcription="ا" LatinTrans="Alif_I">
        <lettre idLettre="1" x="184" transcription="ا" LatinTrans="Alif_I" />
      </paw>
      <paw idPaw="2" x="130" transcription="لبحر" LatinTrans="Laam_B Baa_M Haaa_M Raa_E">
        <lettre idLettre="1" x="177" transcription="ل" LatinTrans="Laam_B" />
        <lettre idLettre="2" x="164" transcription="ب" LatinTrans="Baa_M" />
        <lettre idLettre="3" x="145" transcription="ح" LatinTrans="Haaa_M" />
        <lettre idLettre="4" x="130" transcription="ر" LatinTrans="Raa_E" />
      </paw>
      <paw idPaw="3" x="98" transcription="ين" LatinTrans="Yaa_B Nuun_E">
        <lettre idLettre="1" x="121" transcription="ي" LatinTrans="Yaa_B" />
        <lettre idLettre="2" x="98" transcription="ن" LatinTrans="Nuun_E" />
      </paw>
    </word>
    <word idWord="6" x="90" transcription=" " LatinTrans="SPACE">
      <paw idPaw="1" x="90" transcription=" " LatinTrans="SPACE">
        <lettre idLettre="1" x="90" transcription=" " LatinTrans="SPACE" />
      </paw>
    </word>
    <word idWord="7" x="0" transcription="2013" LatinTrans="Three One Zero Two">
      <paw idPaw="1" x="67" transcription="3" LatinTrans="Three">
        <lettre idLettre="1" x="67" transcription="3" LatinTrans="Three" />
      </paw>
      <paw idPaw="2" x="49" transcription="1" LatinTrans="One">
        <lettre idLettre="1" x="49" transcription="1" LatinTrans="One" />
      </paw>
      <paw idPaw="3" x="23" transcription="0" LatinTrans="Zero">
        <lettre idLettre="1" x="23" transcription="0" LatinTrans="Zero" />
      </paw>
      <paw idPaw="4" x="0" transcription="2" LatinTrans="Two">
        <lettre idLettre="1" x="0" transcription="2" LatinTrans="Two" />
      </paw>
    </word>
  </content>
</textImage>