﻿<?xml version="1.0" encoding="UTF-8" standalone="yes"?>
<textImage id="1" width="426" height="50" transcription="شركة تركز على التكنولوجيات" image="alarabiya_3226-01-07-40_1">
  <ArabicTranscription>شركة تركز على التكنولوجيات</ArabicTranscription>
  <LatinTranscription>Shiin_B Raa_E Kaaf_B TaaaClosed_E SPACE Taaa_B Raa_E Kaaf_B Zaay_E SPACE Ayn_B Laam_M AlifBroken_E SPACE Alif_I Laam_B Taaa_M Kaaf_M Nuun_M Waaw_E Laam_B Waaw_E Jiim_B Yaa_M Alif_E Taaa_I</LatinTranscription>
  <content>
    <word idWord="1" x="347" transcription="شركة" LatinTrans="Shiin_B Raa_E Kaaf_B TaaaClosed_E">
      <paw idPaw="1" x="383" transcription="شر" LatinTrans="Shiin_B Raa_E">
        <lettre idLettre="1" x="398" transcription="ش" LatinTrans="Shiin_B" />
        <lettre idLettre="2" x="383" transcription="ر" LatinTrans="Raa_E" />
      </paw>
      <paw idPaw="2" x="347" transcription="كة" LatinTrans="Kaaf_B TaaaClosed_E">
        <lettre idLettre="1" x="365" transcription="ك" LatinTrans="Kaaf_B" />
        <lettre idLettre="2" x="347" transcription="ة" LatinTrans="TaaaClosed_E" />
      </paw>
    </word>
    <word idWord="2" x="335" transcription=" " LatinTrans="SPACE">
      <paw idPaw="1" x="335" transcription=" " LatinTrans="SPACE">
        <lettre idLettre="1" x="335" transcription=" " LatinTrans="SPACE" />
      </paw>
    </word>
    <word idWord="3" x="268" transcription="تركز" LatinTrans="Taaa_B Raa_E Kaaf_B Zaay_E">
      <paw idPaw="1" x="309" transcription="تر" LatinTrans="Taaa_B Raa_E">
        <lettre idLettre="1" x="321" transcription="ت" LatinTrans="Taaa_B" />
        <lettre idLettre="2" x="309" transcription="ر" LatinTrans="Raa_E" />
      </paw>
      <paw idPaw="2" x="268" transcription="كز" LatinTrans="Kaaf_B Zaay_E">
        <lettre idLettre="1" x="291" transcription="ك" LatinTrans="Kaaf_B" />
        <lettre idLettre="2" x="268" transcription="ز" LatinTrans="Zaay_E" />
      </paw>
    </word>
    <word idWord="4" x="259" transcription=" " LatinTrans="SPACE">
      <paw idPaw="1" x="259" transcription=" " LatinTrans="SPACE">
        <lettre idLettre="1" x="259" transcription=" " LatinTrans="SPACE" />
      </paw>
    </word>
    <word idWord="6" x="197" transcription="على" LatinTrans="Ayn_B Laam_M AlifBroken_E">
      <paw idPaw="1" x="197" transcription="على" LatinTrans="Ayn_B Laam_M AlifBroken_E">
        <lettre idLettre="1" x="237" transcription="ع" LatinTrans="Ayn_B" />
        <lettre idLettre="2" x="228" transcription="ل" LatinTrans="Laam_M" />
        <lettre idLettre="3" x="197" transcription="ى" LatinTrans="AlifBroken_E" />
      </paw>
    </word>
    <word idWord="7" x="187" transcription=" " LatinTrans="SPACE">
      <paw idPaw="1" x="187" transcription=" " LatinTrans="SPACE">
        <lettre idLettre="1" x="187" transcription=" " LatinTrans="SPACE" />
      </paw>
    </word>
    <word idWord="8" x="0" transcription="التكنولوجيات" LatinTrans="Alif_I Laam_B Taaa_M Kaaf_M Nuun_M Waaw_E Laam_B Waaw_E Jiim_B Yaa_M Alif_E Taaa_I">
      <paw idPaw="1" x="178" transcription="ا" LatinTrans="Alif_I">
        <lettre idLettre="1" x="178" transcription="ا" LatinTrans="Alif_I" />
      </paw>
      <paw idPaw="2" x="109" transcription="لتكنو" LatinTrans="Laam_B Taaa_M Kaaf_M Nuun_M Waaw_E">
        <lettre idLettre="1" x="170" transcription="ل" LatinTrans="Laam_B" />
        <lettre idLettre="2" x="153" transcription="ت" LatinTrans="Taaa_M" />
        <lettre idLettre="3" x="138" transcription="ك" LatinTrans="Kaaf_M" />
        <lettre idLettre="4" x="126" transcription="ن" LatinTrans="Nuun_M" />
        <lettre idLettre="5" x="109" transcription="و" LatinTrans="Waaw_E" />
      </paw>
      <paw idPaw="3" x="87" transcription="لو" LatinTrans="Laam_B Waaw_E">
        <lettre idLettre="1" x="104" transcription="ل" LatinTrans="Laam_B" />
        <lettre idLettre="2" x="87" transcription="و" LatinTrans="Waaw_E" />
      </paw>
      <paw idPaw="4" x="40" transcription="جيا" LatinTrans="Jiim_B Yaa_M Alif_E">
        <lettre idLettre="1" x="65" transcription="ج" LatinTrans="Jiim_B" />
        <lettre idLettre="2" x="47" transcription="ي" LatinTrans="Yaa_M" />
        <lettre idLettre="3" x="40" transcription="ا" LatinTrans="Alif_E" />
      </paw>
      <paw idPaw="5" x="0" transcription="ت" LatinTrans="Taaa_I">
        <lettre idLettre="1" x="0" transcription="ت" LatinTrans="Taaa_I" />
      </paw>
    </word>
  </content>
</textImage>