﻿<?xml version="1.0" encoding="UTF-8" standalone="yes"?>
<textImage id="1" width="295" height="68" transcription="القضايا في المحكمة" image="alarabiya_3225-03-19-50_1">
  <ArabicTranscription>القضايا في المحكمة</ArabicTranscription>
  <LatinTranscription>Alif_I Laam_B Gaaf_M Daad_M Alif_E Yaa_B Alif_E SPACE Faa_B Yaa_E SPACE Alif_I Laam_B Miim_M Haaa_M Kaaf_M Miim_M TaaaClosed_E</LatinTranscription>
  <content>
    <word idWord="1" x="192" transcription="القضايا" LatinTrans="Alif_I Laam_B Gaaf_M Daad_M Alif_E Yaa_B Alif_E">
      <paw idPaw="1" x="280" transcription="ا" LatinTrans="Alif_I">
        <lettre idLettre="1" x="280" transcription="ا" LatinTrans="Alif_I" />
      </paw>
      <paw idPaw="2" x="219" transcription="لقضا" LatinTrans="Laam_B Gaaf_M Daad_M Alif_E">
        <lettre idLettre="1" x="273" transcription="ل" LatinTrans="Laam_B" />
        <lettre idLettre="2" x="257" transcription="ق" LatinTrans="Gaaf_M" />
        <lettre idLettre="3" x="229" transcription="ض" LatinTrans="Daad_M" />
        <lettre idLettre="4" x="219" transcription="ا" LatinTrans="Alif_E" />
      </paw>
      <paw idPaw="3" x="192" transcription="يا" LatinTrans="Yaa_B Alif_E">
        <lettre idLettre="1" x="205" transcription="ي" LatinTrans="Yaa_B" />
        <lettre idLettre="2" x="192" transcription="ا" LatinTrans="Alif_E" />
      </paw>
    </word>
    <word idWord="2" x="181" transcription=" " LatinTrans="SPACE">
      <paw idPaw="1" x="181" transcription=" " LatinTrans="SPACE">
        <lettre idLettre="1" x="181" transcription=" " LatinTrans="SPACE" />
      </paw>
    </word>
    <word idWord="3" x="136" transcription="في" LatinTrans="Faa_B Yaa_E">
      <paw idPaw="1" x="136" transcription="في" LatinTrans="Faa_B Yaa_E">
        <lettre idLettre="1" x="165" transcription="ف" LatinTrans="Faa_B" />
        <lettre idLettre="2" x="136" transcription="ي" LatinTrans="Yaa_E" />
      </paw>
    </word>
    <word idWord="4" x="123" transcription=" " LatinTrans="SPACE">
      <paw idPaw="1" x="123" transcription=" " LatinTrans="SPACE">
        <lettre idLettre="1" x="123" transcription=" " LatinTrans="SPACE" />
      </paw>
    </word>
    <word idWord="5" x="0" transcription="المحكمة" LatinTrans="Alif_I Laam_B Miim_M Haaa_M Kaaf_M Miim_M TaaaClosed_E">
      <paw idPaw="1" x="113" transcription="ا" LatinTrans="Alif_I">
        <lettre idLettre="1" x="113" transcription="ا" LatinTrans="Alif_I" />
      </paw>
      <paw idPaw="2" x="0" transcription="لمحكمة" LatinTrans="Laam_B Miim_M Haaa_M Kaaf_M Miim_M TaaaClosed_E">
        <lettre idLettre="1" x="103" transcription="ل" LatinTrans="Laam_B" />
        <lettre idLettre="2" x="88" transcription="م" LatinTrans="Miim_M" />
        <lettre idLettre="3" x="58" transcription="ح" LatinTrans="Haaa_M" />
        <lettre idLettre="4" x="39" transcription="ك" LatinTrans="Kaaf_M" />
        <lettre idLettre="5" x="23" transcription="م" LatinTrans="Miim_M" />
        <lettre idLettre="6" x="0" transcription="ة" LatinTrans="TaaaClosed_E" />
      </paw>
    </word>
  </content>
</textImage>