﻿<?xml version="1.0" encoding="UTF-8" standalone="yes"?>
<textImage id="4" width="590" height="127" transcription="تعجل بربط 150" image="alarabiya_19-13-47-00_4">
  <ArabicTranscription>تعجل بربط 150</ArabicTranscription>
  <LatinTranscription>Taaa_B Ayn_M Jiim_M Laam_E SPACE Baa_B Raa_E Baa_B Thaaa_E SPACE Zero Five One</LatinTranscription>
  <content>
    <word idWord="1" x="374" transcription="تعجل" LatinTrans="Taaa_B Ayn_M Jiim_M Laam_E">
      <paw idPaw="1" x="374" transcription="تعجل" LatinTrans="Taaa_B Ayn_M Jiim_M Laam_E">
        <lettre idLettre="1" x="555" transcription="ت" LatinTrans="Taaa_B" />
        <lettre idLettre="2" x="498" transcription="ع" LatinTrans="Ayn_M" />
        <lettre idLettre="3" x="441" transcription="ج" LatinTrans="Jiim_M" />
        <lettre idLettre="4" x="374" transcription="ل" LatinTrans="Laam_E" />
      </paw>
    </word>
    <word idWord="2" x="353" transcription=" " LatinTrans="SPACE">
      <paw idPaw="1" x="353" transcription=" " LatinTrans="SPACE">
        <lettre idLettre="1" x="353" transcription=" " LatinTrans="SPACE" />
      </paw>
    </word>
    <word idWord="3" x="184" transcription="بربط " LatinTrans="Baa_B Raa_E Baa_B Thaaa_E">
      <paw idPaw="1" x="283" transcription="بر" LatinTrans="Baa_B Raa_E">
        <lettre idLettre="1" x="322" transcription="ب" LatinTrans="Baa_B" />
        <lettre idLettre="2" x="283" transcription="ر" LatinTrans="Raa_E" />
      </paw>
      <paw idPaw="2" x="184" transcription="بط" LatinTrans="Baa_B Thaaa_E">
        <lettre idLettre="1" x="252" transcription="ب" LatinTrans="Baa_B" />
        <lettre idLettre="2" x="184" transcription="ط" LatinTrans="Thaaa_E" />
      </paw>
    </word>
    <word idWord="4" x="165" transcription=" " LatinTrans="SPACE">
      <paw idPaw="1" x="165" transcription=" " LatinTrans="SPACE">
        <lettre idLettre="1" x="165" transcription=" " LatinTrans="SPACE" />
      </paw>
    </word>
    <word idWord="5" x="0" transcription="150" LatinTrans="Zero Five One">
      <paw idPaw="1" x="107" transcription="0" LatinTrans="Zero">
        <lettre idLettre="1" x="107" transcription="0" LatinTrans="Zero" />
      </paw>
      <paw idPaw="2" x="45" transcription="5" LatinTrans="Five">
        <lettre idLettre="1" x="45" transcription="5" LatinTrans="Five" />
      </paw>
      <paw idPaw="3" x="0" transcription="1" LatinTrans="One">
        <lettre idLettre="1" x="0" transcription="1" LatinTrans="One" />
      </paw>
    </word>
  </content>
</textImage>