﻿<?xml version="1.0" encoding="UTF-8" standalone="yes"?>
<textImage id="1" width="140" height="36" transcription="الشرق الأوسط" image="aljazeera_3212-05-28-40_1">
  <ArabicTranscription>الشرق الأوسط</ArabicTranscription>
  <LatinTranscription>Alif_I Laam_B Shiin_M Raa_E Gaaf_I SPACE Alif_I Laam_HamzaAboveAlif Waaw_I Siin_B Thaaa_E</LatinTranscription>
  <content>
    <word idWord="1" x="76" transcription="الشرق" LatinTrans="Alif_I Laam_B Shiin_M Raa_E Gaaf_I">
      <paw idPaw="1" x="130" transcription="ا" LatinTrans="Alif_I">
        <lettre idLettre="1" x="130" transcription="ا" LatinTrans="Alif_I" />
      </paw>
      <paw idPaw="2" x="94" transcription="لشر" LatinTrans="Laam_B Shiin_M Raa_E">
        <lettre idLettre="1" x="124" transcription="ل" LatinTrans="Laam_B" />
        <lettre idLettre="2" x="104" transcription="ش" LatinTrans="Shiin_M" />
        <lettre idLettre="3" x="94" transcription="ر" LatinTrans="Raa_E" />
      </paw>
      <paw idPaw="3" x="76" transcription="ق" LatinTrans="Gaaf_I">
        <lettre idLettre="1" x="76" transcription="ق" LatinTrans="Gaaf_I" />
      </paw>
    </word>
    <word idWord="2" x="72" transcription=" " LatinTrans="SPACE">
      <paw idPaw="1" x="72" transcription=" " LatinTrans="SPACE">
        <lettre idLettre="1" x="72" transcription=" " LatinTrans="SPACE" />
      </paw>
    </word>
    <word idWord="3" x="0" transcription="الأوسط" LatinTrans="Alif_I Laam_HamzaAboveAlif Waaw_I Siin_B Thaaa_E">
      <paw idPaw="1" x="65" transcription="ا" LatinTrans="Alif_I">
        <lettre idLettre="1" x="65" transcription="ا" LatinTrans="Alif_I" />
      </paw>
      <paw idPaw="2" x="53" transcription="لأ" LatinTrans="Laam_HamzaAboveAlif">
        <lettre idLettre="1" x="53" transcription="لأ" LatinTrans="Laam_HamzaAboveAlif" />
      </paw>
      <paw idPaw="3" x="42" transcription="و" LatinTrans="Waaw_I">
        <lettre idLettre="1" x="42" transcription="و" LatinTrans="Waaw_I" />
      </paw>
      <paw idPaw="4" x="0" transcription="سط" LatinTrans="Siin_B Thaaa_E">
        <lettre idLettre="1" x="26" transcription="س" LatinTrans="Siin_B" />
        <lettre idLettre="2" x="0" transcription="ط" LatinTrans="Thaaa_E" />
      </paw>
    </word>
  </content>
</textImage>