﻿<?xml version="1.0" encoding="UTF-8" standalone="yes"?>
<textImage id="1" width="487" height="43" transcription="القوات التايلندية تقتل 19 مسلحا" image="aljazeera_3213-05-36-20_1">
  <ArabicTranscription>القوات التايلندية تقتل 19 مسلحا</ArabicTranscription>
  <LatinTranscription>Alif_I Laam_B Gaaf_M Waaw_E Alif_I Taaa_I SPACE Alif_I Laam_B Taaa_M Alif_E Yaa_B Laam_M Nuun_M Daal_E Yaa_B TaaaClosed_E SPACE Taaa_B Gaaf_M Taaa_M Laam_E SPACE Nine One SPACE Miim_B Siin_M Laam_M Haaa_M Alif_E</LatinTranscription>
  <content>
    <word idWord="1" x="395" transcription="القوات" LatinTrans="Alif_I Laam_B Gaaf_M Waaw_E Alif_I Taaa_I">
      <paw idPaw="1" x="477" transcription="ا" LatinTrans="Alif_I">
        <lettre idLettre="1" x="477" transcription="ا" LatinTrans="Alif_I" />
      </paw>
      <paw idPaw="2" x="431" transcription="لقو" LatinTrans="Laam_B Gaaf_M Waaw_E">
        <lettre idLettre="1" x="468" transcription="ل" LatinTrans="Laam_B" />
        <lettre idLettre="2" x="448" transcription="ق" LatinTrans="Gaaf_M" />
        <lettre idLettre="3" x="431" transcription="و" LatinTrans="Waaw_E" />
      </paw>
      <paw idPaw="3" x="423" transcription="ا" LatinTrans="Alif_I">
        <lettre idLettre="1" x="423" transcription="ا" LatinTrans="Alif_I" />
      </paw>
      <paw idPaw="4" x="395" transcription="ت" LatinTrans="Taaa_I">
        <lettre idLettre="1" x="395" transcription="ت" LatinTrans="Taaa_I" />
      </paw>
    </word>
    <word idWord="2" x="390" transcription=" " LatinTrans="SPACE">
      <paw idPaw="1" x="390" transcription=" " LatinTrans="SPACE">
        <lettre idLettre="1" x="390" transcription=" " LatinTrans="SPACE" />
      </paw>
    </word>
    <word idWord="3" x="259" transcription="التايلندية" LatinTrans="Alif_I Laam_B Taaa_M Alif_E Yaa_B Laam_M Nuun_M Daal_E Yaa_B TaaaClosed_E">
      <paw idPaw="1" x="382" transcription="ا" LatinTrans="Alif_I">
        <lettre idLettre="1" x="382" transcription="ا" LatinTrans="Alif_I" />
      </paw>
      <paw idPaw="2" x="347" transcription="لتا" LatinTrans="Laam_B Taaa_M Alif_E">
        <lettre idLettre="1" x="373" transcription="ل" LatinTrans="Laam_B" />
        <lettre idLettre="2" x="357" transcription="ت" LatinTrans="Taaa_M" />
        <lettre idLettre="3" x="347" transcription="ا" LatinTrans="Alif_E" />
      </paw>
      <paw idPaw="3" x="292" transcription="يلند" LatinTrans="Yaa_B Laam_M Nuun_M Daal_E">
        <lettre idLettre="1" x="332" transcription="ي" LatinTrans="Yaa_B" />
        <lettre idLettre="2" x="321" transcription="ل" LatinTrans="Laam_M" />
        <lettre idLettre="3" x="307" transcription="ن" LatinTrans="Nuun_M" />
        <lettre idLettre="4" x="292" transcription="د" LatinTrans="Daal_E" />
      </paw>
      <paw idPaw="4" x="259" transcription="ية" LatinTrans="Yaa_B TaaaClosed_E">
        <lettre idLettre="1" x="277" transcription="ي" LatinTrans="Yaa_B" />
        <lettre idLettre="2" x="259" transcription="ة" LatinTrans="TaaaClosed_E" />
      </paw>
    </word>
    <word idWord="4" x="254" transcription=" " LatinTrans="SPACE">
      <paw idPaw="1" x="254" transcription=" " LatinTrans="SPACE">
        <lettre idLettre="1" x="254" transcription=" " LatinTrans="SPACE" />
      </paw>
    </word>
    <word idWord="5" x="159" transcription="تقتل" LatinTrans="Taaa_B Gaaf_M Taaa_M Laam_E">
      <paw idPaw="1" x="159" transcription="تقتل" LatinTrans="Taaa_B Gaaf_M Taaa_M Laam_E">
        <lettre idLettre="1" x="237" transcription="ت" LatinTrans="Taaa_B" />
        <lettre idLettre="2" x="218" transcription="ق" LatinTrans="Gaaf_M" />
        <lettre idLettre="3" x="194" transcription="ت" LatinTrans="Taaa_M" />
        <lettre idLettre="4" x="159" transcription="ل" LatinTrans="Laam_E" />
      </paw>
    </word>
    <word idWord="6" x="151" transcription=" " LatinTrans="SPACE">
      <paw idPaw="1" x="151" transcription=" " LatinTrans="SPACE">
        <lettre idLettre="1" x="151" transcription=" " LatinTrans="SPACE" />
      </paw>
    </word>
    <word idWord="7" x="116" transcription="19" LatinTrans="Nine One">
      <paw idPaw="1" x="133" transcription="9" LatinTrans="Nine">
        <lettre idLettre="1" x="133" transcription="9" LatinTrans="Nine" />
      </paw>
      <paw idPaw="2" x="116" transcription="1" LatinTrans="One">
        <lettre idLettre="1" x="116" transcription="1" LatinTrans="One" />
      </paw>
    </word>
    <word idWord="8" x="110" transcription=" " LatinTrans="SPACE">
      <paw idPaw="1" x="110" transcription=" " LatinTrans="SPACE">
        <lettre idLettre="1" x="110" transcription=" " LatinTrans="SPACE" />
      </paw>
    </word>
    <word idWord="9" x="0" transcription="مسلحا" LatinTrans="Miim_B Siin_M Laam_M Haaa_M Alif_E">
      <paw idPaw="1" x="0" transcription="مسلحا" LatinTrans="Miim_B Siin_M Laam_M Haaa_M Alif_E">
        <lettre idLettre="1" x="93" transcription="م" LatinTrans="Miim_B" />
        <lettre idLettre="2" x="65" transcription="س" LatinTrans="Siin_M" />
        <lettre idLettre="3" x="54" transcription="ل" LatinTrans="Laam_M" />
        <lettre idLettre="4" x="31" transcription="ح" LatinTrans="Haaa_M" />
        <lettre idLettre="5" x="0" transcription="ا" LatinTrans="Alif_E" />
      </paw>
    </word>
  </content>
</textImage>