﻿<?xml version="1.0" encoding="UTF-8" standalone="yes"?>
<textImage id="1" width="360" height="26" transcription="السلطات التركية تغلق معبر باب الهوى" image="aljazeera_3211-20-06-00_1">
  <ArabicTranscription>السلطات التركية تغلق معبر باب الهوى</ArabicTranscription>
  <LatinTranscription>Alif_I Laam_B Siin_M Laam_M Thaaa_M Alif_E Taaa_I SPACE Alif_I Laam_B Taaa_M Raa_E Kaaf_B Yaa_M TaaaClosed_E SPACE Taaa_B Ghayn_M Laam_M Gaaf_E SPACE Miim_B Ayn_M Baa_M Raa_E SPACE Baa_B Alif_E Baa_I SPACE Alif_I Laam_B Haa_M Waaw_E AlifBroken_I</LatinTranscription>
  <content>
    <word idWord="1" x="275" transcription="السلطات" LatinTrans="Alif_I Laam_B Siin_M Laam_M Thaaa_M Alif_E Taaa_I">
      <paw idPaw="1" x="349" transcription="ا" LatinTrans="Alif_I">
        <lettre idLettre="1" x="349" transcription="ا" LatinTrans="Alif_I" />
      </paw>
      <paw idPaw="2" x="295" transcription="لسلطا" LatinTrans="Laam_B Siin_M Laam_M Thaaa_M Alif_E">
        <lettre idLettre="1" x="343" transcription="ل" LatinTrans="Laam_B" />
        <lettre idLettre="2" x="326" transcription="س" LatinTrans="Siin_M" />
        <lettre idLettre="3" x="318" transcription="ل" LatinTrans="Laam_M" />
        <lettre idLettre="4" x="300" transcription="ط" LatinTrans="Thaaa_M" />
        <lettre idLettre="5" x="295" transcription="ا" LatinTrans="Alif_E" />
      </paw>
      <paw idPaw="3" x="275" transcription="ت" LatinTrans="Taaa_I">
        <lettre idLettre="1" x="275" transcription="ت" LatinTrans="Taaa_I" />
      </paw>
    </word>
    <word idWord="2" x="272" transcription=" " LatinTrans="SPACE">
      <paw idPaw="1" x="272" transcription=" " LatinTrans="SPACE">
        <lettre idLettre="1" x="272" transcription=" " LatinTrans="SPACE" />
      </paw>
    </word>
    <word idWord="3" x="207" transcription="التركية" LatinTrans="Alif_I Laam_B Taaa_M Raa_E Kaaf_B Yaa_M TaaaClosed_E">
      <paw idPaw="1" x="266" transcription="ا" LatinTrans="Alif_I">
        <lettre idLettre="1" x="266" transcription="ا" LatinTrans="Alif_I" />
      </paw>
      <paw idPaw="2" x="241" transcription="لتر" LatinTrans="Laam_B Taaa_M Raa_E">
        <lettre idLettre="1" x="260" transcription="ل" LatinTrans="Laam_B" />
        <lettre idLettre="2" x="250" transcription="ت" LatinTrans="Taaa_M" />
        <lettre idLettre="3" x="241" transcription="ر" LatinTrans="Raa_E" />
      </paw>
      <paw idPaw="3" x="207" transcription="كية" LatinTrans="Kaaf_B Yaa_M TaaaClosed_E">
        <lettre idLettre="1" x="231" transcription="ك" LatinTrans="Kaaf_B" />
        <lettre idLettre="2" x="221" transcription="ي" LatinTrans="Yaa_M" />
        <lettre idLettre="3" x="207" transcription="ة" LatinTrans="TaaaClosed_E" />
      </paw>
    </word>
    <word idWord="4" x="204" transcription=" " LatinTrans="SPACE">
      <paw idPaw="1" x="204" transcription=" " LatinTrans="SPACE">
        <lettre idLettre="1" x="204" transcription=" " LatinTrans="SPACE" />
      </paw>
    </word>
    <word idWord="5" x="156" transcription="تغلق" LatinTrans="Taaa_B Ghayn_M Laam_M Gaaf_E">
      <paw idPaw="1" x="156" transcription="تغلق" LatinTrans="Taaa_B Ghayn_M Laam_M Gaaf_E">
        <lettre idLettre="1" x="195" transcription="ت" LatinTrans="Taaa_B" />
        <lettre idLettre="2" x="180" transcription="غ" LatinTrans="Ghayn_M" />
        <lettre idLettre="3" x="172" transcription="ل" LatinTrans="Laam_M" />
        <lettre idLettre="4" x="156" transcription="ق" LatinTrans="Gaaf_E" />
      </paw>
    </word>
    <word idWord="6" x="153" transcription=" " LatinTrans="SPACE">
      <paw idPaw="1" x="153" transcription=" " LatinTrans="SPACE">
        <lettre idLettre="1" x="153" transcription=" " LatinTrans="SPACE" />
      </paw>
    </word>
    <word idWord="7" x="93" transcription="معبر" LatinTrans="Miim_B Ayn_M Baa_M Raa_E">
      <paw idPaw="1" x="93" transcription="معبر" LatinTrans="Miim_B Ayn_M Baa_M Raa_E">
        <lettre idLettre="1" x="140" transcription="م" LatinTrans="Miim_B" />
        <lettre idLettre="2" x="126" transcription="ع" LatinTrans="Ayn_M" />
        <lettre idLettre="3" x="115" transcription="ب" LatinTrans="Baa_M" />
        <lettre idLettre="4" x="93" transcription="ر" LatinTrans="Raa_E" />
      </paw>
    </word>
    <word idWord="8" x="91" transcription=" " LatinTrans="SPACE">
      <paw idPaw="1" x="91" transcription=" " LatinTrans="SPACE">
        <lettre idLettre="1" x="91" transcription=" " LatinTrans="SPACE" />
      </paw>
    </word>
    <word idWord="9" x="55" transcription="باب" LatinTrans="Baa_B Alif_E Baa_I">
      <paw idPaw="1" x="74" transcription="با" LatinTrans="Baa_B Alif_E">
        <lettre idLettre="1" x="80" transcription="ب" LatinTrans="Baa_B" />
        <lettre idLettre="2" x="74" transcription="ا" LatinTrans="Alif_E" />
      </paw>
      <paw idPaw="2" x="55" transcription="ب" LatinTrans="Baa_I">
        <lettre idLettre="1" x="55" transcription="ب" LatinTrans="Baa_I" />
      </paw>
    </word>
    <word idWord="10" x="52" transcription=" " LatinTrans="SPACE">
      <paw idPaw="1" x="52" transcription=" " LatinTrans="SPACE">
        <lettre idLettre="1" x="52" transcription=" " LatinTrans="SPACE" />
      </paw>
    </word>
    <word idWord="11" x="0" transcription="الهوى" LatinTrans="Alif_I Laam_B Haa_M Waaw_E AlifBroken_I">
      <paw idPaw="1" x="46" transcription="ا" LatinTrans="Alif_I">
        <lettre idLettre="1" x="46" transcription="ا" LatinTrans="Alif_I" />
      </paw>
      <paw idPaw="2" x="17" transcription="لهو" LatinTrans="Laam_B Haa_M Waaw_E">
        <lettre idLettre="1" x="40" transcription="ل" LatinTrans="Laam_B" />
        <lettre idLettre="2" x="28" transcription="ه" LatinTrans="Haa_M" />
        <lettre idLettre="3" x="17" transcription="و" LatinTrans="Waaw_E" />
      </paw>
      <paw idPaw="3" x="0" transcription="ى" LatinTrans="AlifBroken_I">
        <lettre idLettre="1" x="0" transcription="ى" LatinTrans="AlifBroken_I" />
      </paw>
    </word>
  </content>
</textImage>