﻿<?xml version="1.0" encoding="UTF-8" standalone="yes"?>
<textImage id="1" width="494" height="53" transcription="وزير الدفاع الإسرائيلي إلى واشنطن" image="aljazeera_3212-05-40-10_1">
  <ArabicTranscription>وزير الدفاع الإسرائيلي إلى واشنطن</ArabicTranscription>
  <LatinTranscription>Waaw_I Zaay_I Yaa_B Raa_E SPACE Alif_I Laam_B Daal_E Faa_B Alif_E Ayn_I SPACE Alif_I Laam_HamzaOnederAlif Siin_B Raa_E Alif_I HamzaAboveAlifBroken_B Yaa_M Laam_M Yaa_E SPACE HamzaOnederAlif_I Laam_B AlifBroken_E SPACE Waaw_I Alif_I Shiin_B Nuun_M Thaaa_M Nuun_E</LatinTranscription>
  <content>
    <word idWord="1" x="432" transcription="وزير" LatinTrans="Waaw_I Zaay_I Yaa_B Raa_E">
      <paw idPaw="1" x="474" transcription="و" LatinTrans="Waaw_I">
        <lettre idLettre="1" x="474" transcription="و" LatinTrans="Waaw_I" />
      </paw>
      <paw idPaw="2" x="461" transcription="ز" LatinTrans="Zaay_I">
        <lettre idLettre="1" x="461" transcription="ز" LatinTrans="Zaay_I" />
      </paw>
      <paw idPaw="3" x="432" transcription="ير" LatinTrans="Yaa_B Raa_E">
        <lettre idLettre="1" x="446" transcription="ي" LatinTrans="Yaa_B" />
        <lettre idLettre="2" x="432" transcription="ر" LatinTrans="Raa_E" />
      </paw>
    </word>
    <word idWord="2" x="427" transcription=" " LatinTrans="SPACE">
      <paw idPaw="1" x="427" transcription=" " LatinTrans="SPACE">
        <lettre idLettre="1" x="427" transcription=" " LatinTrans="SPACE" />
      </paw>
    </word>
    <word idWord="3" x="340" transcription="الدفاع" LatinTrans="Alif_I Laam_B Daal_E Faa_B Alif_E Ayn_I">
      <paw idPaw="1" x="418" transcription="ا" LatinTrans="Alif_I">
        <lettre idLettre="1" x="418" transcription="ا" LatinTrans="Alif_I" />
      </paw>
      <paw idPaw="2" x="393" transcription="لد" LatinTrans="Laam_B Daal_E">
        <lettre idLettre="1" x="408" transcription="ل" LatinTrans="Laam_B" />
        <lettre idLettre="2" x="393" transcription="د" LatinTrans="Daal_E" />
      </paw>
      <paw idPaw="3" x="362" transcription="فا" LatinTrans="Faa_B Alif_E">
        <lettre idLettre="1" x="372" transcription="ف" LatinTrans="Faa_B" />
        <lettre idLettre="2" x="362" transcription="ا" LatinTrans="Alif_E" />
      </paw>
      <paw idPaw="4" x="340" transcription="ع" LatinTrans="Ayn_I">
        <lettre idLettre="1" x="340" transcription="ع" LatinTrans="Ayn_I" />
      </paw>
    </word>
    <word idWord="4" x="334" transcription=" " LatinTrans="SPACE">
      <paw idPaw="1" x="334" transcription=" " LatinTrans="SPACE">
        <lettre idLettre="1" x="334" transcription=" " LatinTrans="SPACE" />
      </paw>
    </word>
    <word idWord="5" x="198" transcription="الإسرائيلي" LatinTrans="Alif_I Laam_HamzaOnederAlif Siin_B Raa_E Alif_I HamzaAboveAlifBroken_B Yaa_M Laam_M Yaa_E">
      <paw idPaw="1" x="326" transcription="ا" LatinTrans="Alif_I">
        <lettre idLettre="1" x="326" transcription="ا" LatinTrans="Alif_I" />
      </paw>
      <paw idPaw="2" x="309" transcription="لإ" LatinTrans="Laam_HamzaOnederAlif">
        <lettre idLettre="1" x="309" transcription="لإ" LatinTrans="Laam_HamzaUnderAlif" />
      </paw>
      <paw idPaw="3" x="272" transcription="سر" LatinTrans="Siin_B Raa_E">
        <lettre idLettre="1" x="285" transcription="س" LatinTrans="Siin_B" />
        <lettre idLettre="2" x="272" transcription="ر" LatinTrans="Raa_E" />
      </paw>
      <paw idPaw="4" x="265" transcription="ا" LatinTrans="Alif_I">
        <lettre idLettre="1" x="265" transcription="ا" LatinTrans="Alif_I" />
      </paw>
      <paw idPaw="5" x="198" transcription="ئيلي" LatinTrans="HamzaAboveAlifBroken_B Yaa_M Laam_M Yaa_E">
        <lettre idLettre="1" x="251" transcription="ئ" LatinTrans="HamzaAboveAlifBroken_B" />
        <lettre idLettre="2" x="235" transcription="ي" LatinTrans="Yaa_M" />
        <lettre idLettre="3" x="224" transcription="ل" LatinTrans="Laam_M" />
        <lettre idLettre="4" x="198" transcription="ي" LatinTrans="Yaa_E" />
      </paw>
    </word>
    <word idWord="6" x="193" transcription=" " LatinTrans="SPACE">
      <paw idPaw="1" x="193" transcription=" " LatinTrans="SPACE">
        <lettre idLettre="1" x="193" transcription=" " LatinTrans="SPACE" />
      </paw>
    </word>
    <word idWord="7" x="146" transcription="إلى" LatinTrans="HamzaOnederAlif_I Laam_B AlifBroken_E">
      <paw idPaw="1" x="183" transcription="إ" LatinTrans="HamzaOnederAlif_I">
        <lettre idLettre="1" x="183" transcription="إ" LatinTrans="HamzaUnderAlif_I" />
      </paw>
      <paw idPaw="2" x="146" transcription="لى" LatinTrans="Laam_B AlifBroken_E">
        <lettre idLettre="1" x="173" transcription="ل" LatinTrans="Laam_B" />
        <lettre idLettre="2" x="146" transcription="ى" LatinTrans="AlifBroken_E" />
      </paw>
    </word>
    <word idWord="8" x="140" transcription=" " LatinTrans="SPACE">
      <paw idPaw="1" x="140" transcription=" " LatinTrans="SPACE">
        <lettre idLettre="1" x="140" transcription=" " LatinTrans="SPACE" />
      </paw>
    </word>
    <word idWord="9" x="0" transcription="واشنطن" LatinTrans="Waaw_I Alif_I Shiin_B Nuun_M Thaaa_M Nuun_E">
      <paw idPaw="1" x="125" transcription="و" LatinTrans="Waaw_I">
        <lettre idLettre="1" x="125" transcription="و" LatinTrans="Waaw_I" />
      </paw>
      <paw idPaw="2" x="117" transcription="ا" LatinTrans="Alif_I">
        <lettre idLettre="1" x="117" transcription="ا" LatinTrans="Alif_I" />
      </paw>
      <paw idPaw="3" x="0" transcription="شنطن" LatinTrans="Shiin_B Nuun_M Thaaa_M Nuun_E">
        <lettre idLettre="1" x="92" transcription="ش" LatinTrans="Shiin_B" />
        <lettre idLettre="2" x="80" transcription="ن" LatinTrans="Nuun_M" />
        <lettre idLettre="3" x="52" transcription="ط" LatinTrans="Thaaa_M" />
        <lettre idLettre="4" x="0" transcription="ن" LatinTrans="Nuun_E" />
      </paw>
    </word>
  </content>
</textImage>