﻿<?xml version="1.0" encoding="UTF-8" standalone="yes"?>
<textImage id="1" width="297" height="45" transcription="الموقف من مبادرة" image="aljazeera_3213-05-31-40_3">
  <ArabicTranscription>الموقف من مبادرة</ArabicTranscription>
  <LatinTranscription>Alif_I Laam_B Miim_M Waaw_E Gaaf_B Faa_E SPACE Miim_B Nuun_E SPACE Miim_B Baa_M Alif_E Daal_I Raa_I TaaaClosed_I</LatinTranscription>
  <content>
    <word idWord="1" x="167" transcription="الموقف" LatinTrans="Alif_I Laam_B Miim_M Waaw_E Gaaf_B Faa_E">
      <paw idPaw="1" x="286" transcription="ا" LatinTrans="Alif_I">
        <lettre idLettre="1" x="286" transcription="ا" LatinTrans="Alif_I" />
      </paw>
      <paw idPaw="2" x="241" transcription="لمو" LatinTrans="Laam_B Miim_M Waaw_E">
        <lettre idLettre="1" x="275" transcription="ل" LatinTrans="Laam_B" />
        <lettre idLettre="2" x="260" transcription="م" LatinTrans="Miim_M" />
        <lettre idLettre="3" x="241" transcription="و" LatinTrans="Waaw_E" />
      </paw>
      <paw idPaw="3" x="167" transcription="قف" LatinTrans="Gaaf_B Faa_E">
        <lettre idLettre="1" x="217" transcription="ق" LatinTrans="Gaaf_B" />
        <lettre idLettre="2" x="167" transcription="ف" LatinTrans="Faa_E" />
      </paw>
    </word>
    <word idWord="2" x="161" transcription=" " LatinTrans="SPACE">
      <paw idPaw="1" x="161" transcription=" " LatinTrans="SPACE">
        <lettre idLettre="1" x="161" transcription=" " LatinTrans="SPACE" />
      </paw>
    </word>
    <word idWord="3" x="93" transcription="من" LatinTrans="Miim_B Nuun_E">
      <paw idPaw="1" x="93" transcription="من" LatinTrans="Miim_B Nuun_E">
        <lettre idLettre="1" x="138" transcription="م" LatinTrans="Miim_B" />
        <lettre idLettre="2" x="93" transcription="ن" LatinTrans="Nuun_E" />
      </paw>
    </word>
    <word idWord="4" x="87" transcription=" " LatinTrans="SPACE">
      <paw idPaw="1" x="87" transcription=" " LatinTrans="SPACE">
        <lettre idLettre="1" x="87" transcription=" " LatinTrans="SPACE" />
      </paw>
    </word>
    <word idWord="5" x="0" transcription="مبادرة" LatinTrans="Miim_B Baa_M Alif_E Daal_I Raa_I TaaaClosed_I">
      <paw idPaw="1" x="48" transcription="مبا" LatinTrans="Miim_B Baa_M Alif_E">
        <lettre idLettre="1" x="70" transcription="م" LatinTrans="Miim_B" />
        <lettre idLettre="2" x="59" transcription="ب" LatinTrans="Baa_M" />
        <lettre idLettre="3" x="48" transcription="ا" LatinTrans="Alif_E" />
      </paw>
      <paw idPaw="2" x="31" transcription="د" LatinTrans="Daal_I">
        <lettre idLettre="1" x="31" transcription="د" LatinTrans="Daal_I" />
      </paw>
      <paw idPaw="3" x="18" transcription="ر" LatinTrans="Raa_I">
        <lettre idLettre="1" x="18" transcription="ر" LatinTrans="Raa_I" />
      </paw>
      <paw idPaw="4" x="0" transcription="ة" LatinTrans="TaaaClosed_I">
        <lettre idLettre="1" x="0" transcription="ة" LatinTrans="TaaaClosed_I" />
      </paw>
    </word>
  </content>
</textImage>