﻿<?xml version="1.0" encoding="UTF-8" standalone="yes"?>
<textImage id="3" width="487" height="43" transcription="الثلاث القادمة ويفضل الاحتفاظ" image="aljazeera_3212-05-35-20_3">
  <ArabicTranscription>الثلاث القادمة ويفضل الاحتفاظ</ArabicTranscription>
  <LatinTranscription>Alif_I Laam_B Thaa_M Laam_Alif Thaa_I SPACE Alif_I Laam_B Gaaf_M Alif_E Daal_I Miim_B TaaaClosed_E SPACE Waaw_I Yaa_B Faa_M Daad_M Laam_E SPACE Alif_I Laam_Alif Haaa_B Taaa_M Faa_M Alif_E Taa_I</LatinTranscription>
  <content>
    <word idWord="1" x="388" transcription="الثلاث" LatinTrans="Alif_I Laam_B Thaa_M Laam_Alif Thaa_I">
      <paw idPaw="1" x="477" transcription="ا" LatinTrans="Alif_I">
        <lettre idLettre="1" x="477" transcription="ا" LatinTrans="Alif_I" />
      </paw>
      <paw idPaw="2" x="413" transcription="لثلا" LatinTrans="Laam_B Thaa_M Laam_Alif">
        <lettre idLettre="1" x="462" transcription="ل" LatinTrans="Laam_B" />
        <lettre idLettre="2" x="432" transcription="ث" LatinTrans="Thaa_M" />
        <lettre idLettre="3" x="413" transcription="لا" LatinTrans="Laam_Alif" />
      </paw>
      <paw idPaw="3" x="388" transcription="ث" LatinTrans="Thaa_I">
        <lettre idLettre="1" x="388" transcription="ث" LatinTrans="Thaa_I" />
      </paw>
    </word>
    <word idWord="2" x="380" transcription=" " LatinTrans="SPACE">
      <paw idPaw="1" x="380" transcription=" " LatinTrans="SPACE">
        <lettre idLettre="1" x="380" transcription=" " LatinTrans="SPACE" />
      </paw>
    </word>
    <word idWord="3" x="262" transcription="القادمة" LatinTrans="Alif_I Laam_B Gaaf_M Alif_E Daal_I Miim_B TaaaClosed_E">
      <paw idPaw="1" x="372" transcription="ا" LatinTrans="Alif_I">
        <lettre idLettre="1" x="372" transcription="ا" LatinTrans="Alif_I" />
      </paw>
      <paw idPaw="2" x="333" transcription="لقا" LatinTrans="Laam_B Gaaf_M Alif_E">
        <lettre idLettre="1" x="362" transcription="ل" LatinTrans="Laam_B" />
        <lettre idLettre="2" x="343" transcription="ق" LatinTrans="Gaaf_M" />
        <lettre idLettre="3" x="333" transcription="ا" LatinTrans="Alif_E" />
      </paw>
      <paw idPaw="3" x="317" transcription="د" LatinTrans="Daal_I">
        <lettre idLettre="1" x="317" transcription="د" LatinTrans="Daal_I" />
      </paw>
      <paw idPaw="4" x="262" transcription="مة" LatinTrans="Miim_B TaaaClosed_E">
        <lettre idLettre="1" x="296" transcription="م" LatinTrans="Miim_B" />
        <lettre idLettre="2" x="262" transcription="ة" LatinTrans="TaaaClosed_E" />
      </paw>
    </word>
    <word idWord="4" x="257" transcription=" " LatinTrans="SPACE">
      <paw idPaw="1" x="257" transcription=" " LatinTrans="SPACE">
        <lettre idLettre="1" x="257" transcription=" " LatinTrans="SPACE" />
      </paw>
    </word>
    <word idWord="5" x="127" transcription="ويفضل" LatinTrans="Waaw_I Yaa_B Faa_M Daad_M Laam_E">
      <paw idPaw="1" x="240" transcription="و" LatinTrans="Waaw_I">
        <lettre idLettre="1" x="240" transcription="و" LatinTrans="Waaw_I" />
      </paw>
      <paw idPaw="2" x="127" transcription="يفضل" LatinTrans="Yaa_B Faa_M Daad_M Laam_E">
        <lettre idLettre="1" x="226" transcription="ي" LatinTrans="Yaa_B" />
        <lettre idLettre="2" x="207" transcription="ف" LatinTrans="Faa_M" />
        <lettre idLettre="3" x="179" transcription="ض" LatinTrans="Daad_M" />
        <lettre idLettre="4" x="127" transcription="ل" LatinTrans="Laam_E" />
      </paw>
    </word>
    <word idWord="6" x="120" transcription=" " LatinTrans="SPACE">
      <paw idPaw="1" x="120" transcription=" " LatinTrans="SPACE">
        <lettre idLettre="1" x="120" transcription=" " LatinTrans="SPACE" />
      </paw>
    </word>
    <word idWord="7" x="0" transcription="الاحتفاظ" LatinTrans="Alif_I Laam_Alif Haaa_B Taaa_M Faa_M Alif_E Taa_I">
      <paw idPaw="1" x="112" transcription="ا" LatinTrans="Alif_I">
        <lettre idLettre="1" x="112" transcription="ا" LatinTrans="Alif_I" />
      </paw>
      <paw idPaw="2" x="94" transcription="لا" LatinTrans="Laam_Alif">
        <lettre idLettre="1" x="94" transcription="لا" LatinTrans="Laam_Alif" />
      </paw>
      <paw idPaw="3" x="27" transcription="حتفا" LatinTrans="Haaa_B Taaa_M Faa_M Alif_E">
        <lettre idLettre="1" x="76" transcription="ح" LatinTrans="Haaa_B" />
        <lettre idLettre="2" x="58" transcription="ت" LatinTrans="Taaa_M" />
        <lettre idLettre="3" x="37" transcription="ف" LatinTrans="Faa_M" />
        <lettre idLettre="4" x="27" transcription="ا" LatinTrans="Alif_E" />
      </paw>
      <paw idPaw="4" x="0" transcription="ظ" LatinTrans="Taa_I">
        <lettre idLettre="1" x="0" transcription="ظ" LatinTrans="Taa_I" />
      </paw>
    </word>
  </content>
</textImage>