﻿<?xml version="1.0" encoding="UTF-8" standalone="yes"?>
<textImage id="1" width="263" height="47" transcription="شركة قطر للإضافات" image="aljazeera_3212-04-29-10_1">
  <ArabicTranscription>شركة قطر للإضافات</ArabicTranscription>
  <LatinTranscription>Shiin_B Raa_E Kaaf_B TaaaClosed_E SPACE Gaaf_B Thaaa_M Raa_E SPACE Laam_B Laam_HamzaOnederAlif Daad_B Alif_E Faa_B Alif_E Taaa_I</LatinTranscription>
  <content>
    <word idWord="1" x="178" transcription="شركة" LatinTrans="Shiin_B Raa_E Kaaf_B TaaaClosed_E">
      <paw idPaw="1" x="213" transcription="شر" LatinTrans="Shiin_B Raa_E">
        <lettre idLettre="1" x="229" transcription="ش" LatinTrans="Shiin_B" />
        <lettre idLettre="2" x="213" transcription="ر" LatinTrans="Raa_E" />
      </paw>
      <paw idPaw="2" x="178" transcription="كة" LatinTrans="Kaaf_B TaaaClosed_E">
        <lettre idLettre="1" x="197" transcription="ك" LatinTrans="Kaaf_B" />
        <lettre idLettre="2" x="178" transcription="ة" LatinTrans="TaaaClosed_E" />
      </paw>
    </word>
    <word idWord="2" x="174" transcription=" " LatinTrans="SPACE">
      <paw idPaw="1" x="174" transcription=" " LatinTrans="SPACE">
        <lettre idLettre="1" x="174" transcription=" " LatinTrans="SPACE" />
      </paw>
    </word>
    <word idWord="3" x="118" transcription="قطر" LatinTrans="Gaaf_B Thaaa_M Raa_E">
      <paw idPaw="1" x="118" transcription="قطر" LatinTrans="Gaaf_B Thaaa_M Raa_E">
        <lettre idLettre="1" x="157" transcription="ق" LatinTrans="Gaaf_B" />
        <lettre idLettre="2" x="135" transcription="ط" LatinTrans="Thaaa_M" />
        <lettre idLettre="3" x="118" transcription="ر" LatinTrans="Raa_E" />
      </paw>
    </word>
    <word idWord="4" x="114" transcription=" " LatinTrans="SPACE">
      <paw idPaw="1" x="114" transcription=" " LatinTrans="SPACE">
        <lettre idLettre="1" x="114" transcription=" " LatinTrans="SPACE" />
      </paw>
    </word>
    <word idWord="5" x="0" transcription="للإضافات" LatinTrans="Laam_B Laam_HamzaOnederAlif Daad_B Alif_E Faa_B Alif_E Taaa_I">
      <paw idPaw="1" x="82" transcription="للإ" LatinTrans="Laam_B Laam_HamzaOnederAlif">
        <lettre idLettre="1" x="105" transcription="ل" LatinTrans="Laam_B" />
        <lettre idLettre="2" x="82" transcription="لإ" LatinTrans="Laam_HamzaUnderAlif" />
      </paw>
      <paw idPaw="2" x="49" transcription="ضا" LatinTrans="Daad_B Alif_E">
        <lettre idLettre="1" x="60" transcription="ض" LatinTrans="Daad_B" />
        <lettre idLettre="2" x="49" transcription="ا" LatinTrans="Alif_E" />
      </paw>
      <paw idPaw="3" x="28" transcription="فا" LatinTrans="Faa_B Alif_E">
        <lettre idLettre="1" x="35" transcription="ف" LatinTrans="Faa_B" />
        <lettre idLettre="2" x="28" transcription="ا" LatinTrans="Alif_E" />
      </paw>
      <paw idPaw="4" x="0" transcription="ت" LatinTrans="Taaa_I">
        <lettre idLettre="1" x="0" transcription="ت" LatinTrans="Taaa_I" />
      </paw>
    </word>
  </content>
</textImage>