﻿<?xml version="1.0" encoding="UTF-8" standalone="yes"?>
<textImage id="3" width="219" height="51" transcription="لاتفاق من شأنه" image="aljazeera_3213-05-00-00_3">
  <ArabicTranscription>لاتفاق من شأنه</ArabicTranscription>
  <LatinTranscription>Laam_Alif Taaa_B Faa_M Alif_E Gaaf_I SPACE Miim_B Nuun_E SPACE Shiin_B HamzaAboveAlif_E Nuun_B Haa_E</LatinTranscription>
  <content>
    <word idWord="1" x="130" transcription="لاتفاق" LatinTrans="Laam_Alif Taaa_B Faa_M Alif_E Gaaf_I">
      <paw idPaw="1" x="197" transcription="لا" LatinTrans="Laam_Alif">
        <lettre idLettre="1" x="197" transcription="لا" LatinTrans="Laam_Alif" />
      </paw>
      <paw idPaw="2" x="154" transcription="تفا" LatinTrans="Taaa_B Faa_M Alif_E">
        <lettre idLettre="1" x="183" transcription="ت" LatinTrans="Taaa_B" />
        <lettre idLettre="2" x="166" transcription="ف" LatinTrans="Faa_M" />
        <lettre idLettre="3" x="154" transcription="ا" LatinTrans="Alif_E" />
      </paw>
      <paw idPaw="3" x="130" transcription="ق" LatinTrans="Gaaf_I">
        <lettre idLettre="1" x="130" transcription="ق" LatinTrans="Gaaf_I" />
      </paw>
    </word>
    <word idWord="2" x="125" transcription=" " LatinTrans="SPACE">
      <paw idPaw="1" x="125" transcription=" " LatinTrans="SPACE">
        <lettre idLettre="1" x="125" transcription=" " LatinTrans="SPACE" />
      </paw>
    </word>
    <word idWord="3" x="81" transcription="من" LatinTrans="Miim_B Nuun_E">
      <paw idPaw="1" x="81" transcription="من" LatinTrans="Miim_B Nuun_E">
        <lettre idLettre="1" x="108" transcription="م" LatinTrans="Miim_B" />
        <lettre idLettre="2" x="81" transcription="ن" LatinTrans="Nuun_E" />
      </paw>
    </word>
    <word idWord="4" x="77" transcription=" " LatinTrans="SPACE">
      <paw idPaw="1" x="77" transcription=" " LatinTrans="SPACE">
        <lettre idLettre="1" x="77" transcription=" " LatinTrans="SPACE" />
      </paw>
    </word>
    <word idWord="5" x="0" transcription="شأنه" LatinTrans="Shiin_B HamzaAboveAlif_E Nuun_B Haa_E">
      <paw idPaw="1" x="41" transcription="شأ" LatinTrans="Shiin_B HamzaAboveAlif_E">
        <lettre idLettre="1" x="55" transcription="ش" LatinTrans="Shiin_B" />
        <lettre idLettre="2" x="41" transcription="أ" LatinTrans="HamzaAboveAlif_E" />
      </paw>
      <paw idPaw="2" x="0" transcription="نه" LatinTrans="Nuun_B Haa_E">
        <lettre idLettre="1" x="25" transcription="ن" LatinTrans="Nuun_B" />
        <lettre idLettre="2" x="0" transcription="ه" LatinTrans="Haa_E" />
      </paw>
    </word>
  </content>
</textImage>