﻿<?xml version="1.0" encoding="UTF-8" standalone="yes"?>
<textImage id="1" width="491" height="48" transcription="كتلة المستقبل: لا إبراء لميشيل" image="aljazeera_3213-05-31-30_1">
  <ArabicTranscription>كتلة المستقبل: لا إبراء لميشيل</ArabicTranscription>
  <LatinTranscription>Kaaf_B Taaa_M Laam_M TaaaClosed_E SPACE Alif_I Laam_B Miim_M Siin_M Taaa_M Gaaf_M Baa_M Laam_E TWOPOINTS SPACE Laam_Alif SPACE HamzaOnederAlif_I Baa_B Raa_E Alif_I Hamza SPACE Laam_B Miim_M Yaa_M Shiin_M Yaa_M Laam_E</LatinTranscription>
  <content>
    <word idWord="1" x="405" transcription="كتلة" LatinTrans="Kaaf_B Taaa_M Laam_M TaaaClosed_E">
      <paw idPaw="1" x="405" transcription="كتلة" LatinTrans="Kaaf_B Taaa_M Laam_M TaaaClosed_E">
        <lettre idLettre="1" x="470" transcription="ك" LatinTrans="Kaaf_B" />
        <lettre idLettre="2" x="453" transcription="ت" LatinTrans="Taaa_M" />
        <lettre idLettre="3" x="440" transcription="ل" LatinTrans="Laam_M" />
        <lettre idLettre="4" x="405" transcription="ة" LatinTrans="TaaaClosed_E" />
      </paw>
    </word>
    <word idWord="2" x="398" transcription=" " LatinTrans="SPACE">
      <paw idPaw="1" x="398" transcription=" " LatinTrans="SPACE">
        <lettre idLettre="1" x="398" transcription=" " LatinTrans="SPACE" />
      </paw>
    </word>
    <word idWord="3" x="234" transcription="المستقبل:" LatinTrans="Alif_I Laam_B Miim_M Siin_M Taaa_M Gaaf_M Baa_M Laam_E TWOPOINTS">
      <paw idPaw="1" x="391" transcription="ا" LatinTrans="Alif_I">
        <lettre idLettre="1" x="391" transcription="ا" LatinTrans="Alif_I" />
      </paw>
      <paw idPaw="2" x="244" transcription="لمستقبل" LatinTrans="Laam_B Miim_M Siin_M Taaa_M Gaaf_M Baa_M Laam_E">
        <lettre idLettre="1" x="381" transcription="ل" LatinTrans="Laam_B" />
        <lettre idLettre="2" x="363" transcription="م" LatinTrans="Miim_M" />
        <lettre idLettre="3" x="337" transcription="س" LatinTrans="Siin_M" />
        <lettre idLettre="4" x="319" transcription="ت" LatinTrans="Taaa_M" />
        <lettre idLettre="5" x="304" transcription="ق" LatinTrans="Gaaf_M" />
        <lettre idLettre="6" x="283" transcription="ب" LatinTrans="Baa_M" />
        <lettre idLettre="7" x="244" transcription="ل" LatinTrans="Laam_E" />
      </paw>
      <paw idPaw="3" x="234" transcription=":" LatinTrans="TWOPOINTS">
        <lettre idLettre="1" x="234" transcription=":" LatinTrans="TWOPOINTS" />
      </paw>
    </word>
    <word idWord="4" x="229" transcription=" " LatinTrans="SPACE">
      <paw idPaw="1" x="229" transcription=" " LatinTrans="SPACE">
        <lettre idLettre="1" x="229" transcription=" " LatinTrans="SPACE" />
      </paw>
    </word>
    <word idWord="5" x="207" transcription="لا" LatinTrans="Laam_Alif">
      <paw idPaw="1" x="207" transcription="لا" LatinTrans="Laam_Alif">
        <lettre idLettre="1" x="207" transcription="لا" LatinTrans="Laam_Alif" />
      </paw>
    </word>
    <word idWord="6" x="204" transcription=" " LatinTrans="SPACE">
      <paw idPaw="1" x="204" transcription=" " LatinTrans="SPACE">
        <lettre idLettre="1" x="204" transcription=" " LatinTrans="SPACE" />
      </paw>
    </word>
    <word idWord="7" x="144" transcription="إبراء" LatinTrans="HamzaOnederAlif_I Baa_B Raa_E Alif_I Hamza">
      <paw idPaw="1" x="194" transcription="إ" LatinTrans="HamzaOnederAlif_I">
        <lettre idLettre="1" x="194" transcription="إ" LatinTrans="HamzaUnderAlif_I" />
      </paw>
      <paw idPaw="2" x="167" transcription="بر" LatinTrans="Baa_B Raa_E">
        <lettre idLettre="1" x="183" transcription="ب" LatinTrans="Baa_B" />
        <lettre idLettre="2" x="167" transcription="ر" LatinTrans="Raa_E" />
      </paw>
      <paw idPaw="3" x="159" transcription="ا" LatinTrans="Alif_I">
        <lettre idLettre="1" x="159" transcription="ا" LatinTrans="Alif_I" />
      </paw>
      <paw idPaw="4" x="144" transcription="ء" LatinTrans="Hamza">
        <lettre idLettre="1" x="144" transcription="ء" LatinTrans="Hamza" />
      </paw>
    </word>
    <word idWord="8" x="137" transcription=" " LatinTrans="SPACE">
      <paw idPaw="1" x="137" transcription=" " LatinTrans="SPACE">
        <lettre idLettre="1" x="137" transcription=" " LatinTrans="SPACE" />
      </paw>
    </word>
    <word idWord="9" x="0" transcription="لميشيل" LatinTrans="Laam_B Miim_M Yaa_M Shiin_M Yaa_M Laam_E">
      <paw idPaw="1" x="0" transcription="لميشيل" LatinTrans="Laam_B Miim_M Yaa_M Shiin_M Yaa_M Laam_E">
        <lettre idLettre="1" x="127" transcription="ل" LatinTrans="Laam_B" />
        <lettre idLettre="2" x="110" transcription="م" LatinTrans="Miim_M" />
        <lettre idLettre="3" x="93" transcription="ي" LatinTrans="Yaa_M" />
        <lettre idLettre="4" x="68" transcription="ش" LatinTrans="Shiin_M" />
        <lettre idLettre="5" x="48" transcription="ي" LatinTrans="Yaa_M" />
        <lettre idLettre="6" x="0" transcription="ل" LatinTrans="Laam_E" />
      </paw>
    </word>
  </content>
</textImage>