﻿<?xml version="1.0" encoding="UTF-8" standalone="yes"?>
<textImage id="2" width="135" height="27" transcription="مستمرة حتى" image="aljazeera_3211-12-04-00_2">
  <ArabicTranscription>مستمرة حتى</ArabicTranscription>
  <LatinTranscription>Miim_B Siin_M Taaa_M Miim_M Raa_E TaaaClosed_I SPACE Haaa_B Taaa_M AlifBroken_E</LatinTranscription>
  <content>
    <word idWord="1" x="59" transcription="مستمرة" LatinTrans="Miim_B Siin_M Taaa_M Miim_M Raa_E TaaaClosed_I">
      <paw idPaw="1" x="71" transcription="مستمر" LatinTrans="Miim_B Siin_M Taaa_M Miim_M Raa_E">
        <lettre idLettre="1" x="121" transcription="م" LatinTrans="Miim_B" />
        <lettre idLettre="2" x="101" transcription="س" LatinTrans="Siin_M" />
        <lettre idLettre="3" x="91" transcription="ت" LatinTrans="Taaa_M" />
        <lettre idLettre="4" x="81" transcription="م" LatinTrans="Miim_M" />
        <lettre idLettre="5" x="71" transcription="ر" LatinTrans="Raa_E" />
      </paw>
      <paw idPaw="2" x="59" transcription="ة" LatinTrans="TaaaClosed_I">
        <lettre idLettre="1" x="59" transcription="ة" LatinTrans="TaaaClosed_I" />
      </paw>
    </word>
    <word idWord="2" x="55" transcription=" " LatinTrans="SPACE">
      <paw idPaw="1" x="55" transcription=" " LatinTrans="SPACE">
        <lettre idLettre="1" x="55" transcription=" " LatinTrans="SPACE" />
      </paw>
    </word>
    <word idWord="3" x="0" transcription="حتى" LatinTrans="Haaa_B Taaa_M AlifBroken_E">
      <paw idPaw="1" x="0" transcription="حتى" LatinTrans="Haaa_B Taaa_M AlifBroken_E">
        <lettre idLettre="1" x="41" transcription="ح" LatinTrans="Haaa_B" />
        <lettre idLettre="2" x="22" transcription="ت" LatinTrans="Taaa_M" />
        <lettre idLettre="3" x="0" transcription="ى" LatinTrans="AlifBroken_E" />
      </paw>
    </word>
  </content>
</textImage>