﻿<?xml version="1.0" encoding="UTF-8" standalone="yes"?>
<textImage id="3" width="490" height="44" transcription="استعدادا لاحتجاجات الجمعة ضد" image="aljazeera_3213-05-32-50_3">
  <ArabicTranscription>استعدادا لاحتجاجات الجمعة ضد</ArabicTranscription>
  <LatinTranscription>Alif_I Siin_B Taaa_M Ayn_M Daal_E Alif_I Daal_I Alif_I SPACE Laam_Alif Haaa_B Taaa_M Jiim_M Alif_E Jiim_B Alif_E Taaa_I SPACE Alif_I Laam_B Jiim_M Miim_M Ayn_M TaaaClosed_E SPACE Daad_B Daal_E</LatinTranscription>
  <content>
    <word idWord="1" x="348" transcription="استعدادا" LatinTrans="Alif_I Siin_B Taaa_M Ayn_M Daal_E Alif_I Daal_I Alif_I">
      <paw idPaw="1" x="479" transcription="ا" LatinTrans="Alif_I">
        <lettre idLettre="1" x="479" transcription="ا" LatinTrans="Alif_I" />
      </paw>
      <paw idPaw="2" x="379" transcription="ستعد" LatinTrans="Siin_B Taaa_M Ayn_M Daal_E">
        <lettre idLettre="1" x="450" transcription="س" LatinTrans="Siin_B" />
        <lettre idLettre="2" x="417" transcription="ت" LatinTrans="Taaa_M" />
        <lettre idLettre="3" x="397" transcription="ع" LatinTrans="Ayn_M" />
        <lettre idLettre="4" x="379" transcription="د" LatinTrans="Daal_E" />
      </paw>
      <paw idPaw="3" x="370" transcription="ا" LatinTrans="Alif_I">
        <lettre idLettre="1" x="370" transcription="ا" LatinTrans="Alif_I" />
      </paw>
      <paw idPaw="4" x="356" transcription="د" LatinTrans="Daal_I">
        <lettre idLettre="1" x="356" transcription="د" LatinTrans="Daal_I" />
      </paw>
      <paw idPaw="5" x="348" transcription="ا" LatinTrans="Alif_I">
        <lettre idLettre="1" x="348" transcription="ا" LatinTrans="Alif_I" />
      </paw>
    </word>
    <word idWord="2" x="343" transcription=" " LatinTrans="SPACE">
      <paw idPaw="1" x="343" transcription=" " LatinTrans="SPACE">
        <lettre idLettre="1" x="343" transcription=" " LatinTrans="SPACE" />
      </paw>
    </word>
    <word idWord="3" x="198" transcription="لاحتجاجات" LatinTrans="Laam_Alif Haaa_B Taaa_M Jiim_M Alif_E Jiim_B Alif_E Taaa_I">
      <paw idPaw="1" x="321" transcription="لا" LatinTrans="Laam_Alif">
        <lettre idLettre="1" x="321" transcription="لا" LatinTrans="Laam_Alif" />
      </paw>
      <paw idPaw="2" x="257" transcription="حتجا" LatinTrans="Haaa_B Taaa_M Jiim_M Alif_E">
        <lettre idLettre="1" x="304" transcription="ح" LatinTrans="Haaa_B" />
        <lettre idLettre="2" x="286" transcription="ت" LatinTrans="Taaa_M" />
        <lettre idLettre="3" x="264" transcription="ج" LatinTrans="Jiim_M" />
        <lettre idLettre="4" x="257" transcription="ا" LatinTrans="Alif_E" />
      </paw>
      <paw idPaw="3" x="225" transcription="جا" LatinTrans="Jiim_B Alif_E">
        <lettre idLettre="1" x="234" transcription="ج" LatinTrans="Jiim_B" />
        <lettre idLettre="2" x="225" transcription="ا" LatinTrans="Alif_E" />
      </paw>
      <paw idPaw="4" x="198" transcription="ت" LatinTrans="Taaa_I">
        <lettre idLettre="1" x="198" transcription="ت" LatinTrans="Taaa_I" />
      </paw>
    </word>
    <word idWord="4" x="191" transcription=" " LatinTrans="SPACE">
      <paw idPaw="1" x="191" transcription=" " LatinTrans="SPACE">
        <lettre idLettre="1" x="191" transcription=" " LatinTrans="SPACE" />
      </paw>
    </word>
    <word idWord="5" x="76" transcription="الجمعة" LatinTrans="Alif_I Laam_B Jiim_M Miim_M Ayn_M TaaaClosed_E">
      <paw idPaw="1" x="183" transcription="ا" LatinTrans="Alif_I">
        <lettre idLettre="1" x="183" transcription="ا" LatinTrans="Alif_I" />
      </paw>
      <paw idPaw="2" x="76" transcription="لجمعة" LatinTrans="Laam_B Jiim_M Miim_M Ayn_M TaaaClosed_E">
        <lettre idLettre="1" x="175" transcription="ل" LatinTrans="Laam_B" />
        <lettre idLettre="2" x="155" transcription="ج" LatinTrans="Jiim_M" />
        <lettre idLettre="3" x="137" transcription="م" LatinTrans="Miim_M" />
        <lettre idLettre="4" x="111" transcription="ع" LatinTrans="Ayn_M" />
        <lettre idLettre="5" x="76" transcription="ة" LatinTrans="TaaaClosed_E" />
      </paw>
    </word>
    <word idWord="6" x="70" transcription=" " LatinTrans="SPACE">
      <paw idPaw="1" x="70" transcription=" " LatinTrans="SPACE">
        <lettre idLettre="1" x="70" transcription=" " LatinTrans="SPACE" />
      </paw>
    </word>
    <word idWord="7" x="0" transcription="ضد" LatinTrans="Daad_B Daal_E">
      <paw idPaw="1" x="0" transcription="ضد" LatinTrans="Daad_B Daal_E">
        <lettre idLettre="1" x="36" transcription="ض" LatinTrans="Daad_B" />
        <lettre idLettre="2" x="0" transcription="د" LatinTrans="Daal_E" />
      </paw>
    </word>
  </content>
</textImage>