﻿<?xml version="1.0" encoding="UTF-8" standalone="yes"?>
<textImage id="1" width="488" height="52" transcription="إيطاليا: الحكم على رئيس مخابرات" image="aljazeera_3213-05-34-10_1">
  <ArabicTranscription>إيطاليا: الحكم على رئيس مخابرات</ArabicTranscription>
  <LatinTranscription>HamzaOnederAlif_I Yaa_B Thaaa_M Alif_E Laam_B Yaa_M Alif_E TWOPOINTS SPACE Alif_I Laam_B Haaa_M Kaaf_M Miim_E SPACE Ayn_B Laam_M AlifBroken_E SPACE Raa_I HamzaAboveAlifBroken_B Yaa_M Siin_E SPACE Miim_B Xaa_M Alif_E Baa_B Raa_E Alif_I Taaa_I</LatinTranscription>
  <content>
    <word idWord="1" x="380" transcription="إيطاليا:" LatinTrans="HamzaOnederAlif_I Yaa_B Thaaa_M Alif_E Laam_B Yaa_M Alif_E TWOPOINTS">
      <paw idPaw="1" x="474" transcription="إ" LatinTrans="HamzaOnederAlif_I">
        <lettre idLettre="1" x="474" transcription="إ" LatinTrans="HamzaUnderAlif_I" />
      </paw>
      <paw idPaw="2" x="424" transcription="يطا" LatinTrans="Yaa_B Thaaa_M Alif_E">
        <lettre idLettre="1" x="458" transcription="ي" LatinTrans="Yaa_B" />
        <lettre idLettre="2" x="433" transcription="ط" LatinTrans="Thaaa_M" />
        <lettre idLettre="3" x="424" transcription="ا" LatinTrans="Alif_E" />
      </paw>
      <paw idPaw="3" x="388" transcription="ليا" LatinTrans="Laam_B Yaa_M Alif_E">
        <lettre idLettre="1" x="415" transcription="ل" LatinTrans="Laam_B" />
        <lettre idLettre="2" x="399" transcription="ي" LatinTrans="Yaa_M" />
        <lettre idLettre="3" x="388" transcription="ا" LatinTrans="Alif_E" />
      </paw>
      <paw idPaw="4" x="380" transcription=":" LatinTrans="TWOPOINTS">
        <lettre idLettre="1" x="380" transcription=":" LatinTrans="TWOPOINTS" />
      </paw>
    </word>
    <word idWord="2" x="372" transcription=" " LatinTrans="SPACE">
      <paw idPaw="1" x="372" transcription=" " LatinTrans="SPACE">
        <lettre idLettre="1" x="372" transcription=" " LatinTrans="SPACE" />
      </paw>
    </word>
    <word idWord="3" x="296" transcription="الحكم" LatinTrans="Alif_I Laam_B Haaa_M Kaaf_M Miim_E">
      <paw idPaw="1" x="363" transcription="ا" LatinTrans="Alif_I">
        <lettre idLettre="1" x="363" transcription="ا" LatinTrans="Alif_I" />
      </paw>
      <paw idPaw="2" x="296" transcription="لحكم" LatinTrans="Laam_B Haaa_M Kaaf_M Miim_E">
        <lettre idLettre="1" x="354" transcription="ل" LatinTrans="Laam_B" />
        <lettre idLettre="2" x="337" transcription="ح" LatinTrans="Haaa_M" />
        <lettre idLettre="3" x="317" transcription="ك" LatinTrans="Kaaf_M" />
        <lettre idLettre="4" x="296" transcription="م" LatinTrans="Miim_E" />
      </paw>
    </word>
    <word idWord="4" x="291" transcription=" " LatinTrans="SPACE">
      <paw idPaw="1" x="291" transcription=" " LatinTrans="SPACE">
        <lettre idLettre="1" x="291" transcription=" " LatinTrans="SPACE" />
      </paw>
    </word>
    <word idWord="5" x="230" transcription="على" LatinTrans="Ayn_B Laam_M AlifBroken_E">
      <paw idPaw="1" x="230" transcription="على" LatinTrans="Ayn_B Laam_M AlifBroken_E">
        <lettre idLettre="1" x="267" transcription="ع" LatinTrans="Ayn_B" />
        <lettre idLettre="2" x="251" transcription="ل" LatinTrans="Laam_M" />
        <lettre idLettre="3" x="230" transcription="ى" LatinTrans="AlifBroken_E" />
      </paw>
    </word>
    <word idWord="6" x="223" transcription=" " LatinTrans="SPACE">
      <paw idPaw="1" x="223" transcription=" " LatinTrans="SPACE">
        <lettre idLettre="1" x="223" transcription=" " LatinTrans="SPACE" />
      </paw>
    </word>
    <word idWord="7" x="116" transcription="رئيس" LatinTrans="Raa_I HamzaAboveAlifBroken_B Yaa_M Siin_E">
      <paw idPaw="1" x="211" transcription="ر" LatinTrans="Raa_I">
        <lettre idLettre="1" x="211" transcription="ر" LatinTrans="Raa_I" />
      </paw>
      <paw idPaw="2" x="116" transcription="ئيس" LatinTrans="HamzaAboveAlifBroken_B Yaa_M Siin_E">
        <lettre idLettre="1" x="199" transcription="ئ" LatinTrans="HamzaAboveAlifBroken_B" />
        <lettre idLettre="2" x="171" transcription="ي" LatinTrans="Yaa_M" />
        <lettre idLettre="3" x="116" transcription="س" LatinTrans="Siin_E" />
      </paw>
    </word>
    <word idWord="8" x="110" transcription=" " LatinTrans="SPACE">
      <paw idPaw="1" x="110" transcription=" " LatinTrans="SPACE">
        <lettre idLettre="1" x="110" transcription=" " LatinTrans="SPACE" />
      </paw>
    </word>
    <word idWord="9" x="0" transcription="مخابرات" LatinTrans="Miim_B Xaa_M Alif_E Baa_B Raa_E Alif_I Taaa_I">
      <paw idPaw="1" x="63" transcription="مخا" LatinTrans="Miim_B Xaa_M Alif_E">
        <lettre idLettre="1" x="92" transcription="م" LatinTrans="Miim_B" />
        <lettre idLettre="2" x="72" transcription="خ" LatinTrans="Xaa_M" />
        <lettre idLettre="3" x="63" transcription="ا" LatinTrans="Alif_E" />
      </paw>
      <paw idPaw="2" x="36" transcription="بر" LatinTrans="Baa_B Raa_E">
        <lettre idLettre="1" x="49" transcription="ب" LatinTrans="Baa_B" />
        <lettre idLettre="2" x="36" transcription="ر" LatinTrans="Raa_E" />
      </paw>
      <paw idPaw="3" x="28" transcription="ا" LatinTrans="Alif_I">
        <lettre idLettre="1" x="28" transcription="ا" LatinTrans="Alif_I" />
      </paw>
      <paw idPaw="4" x="0" transcription="ت" LatinTrans="Taaa_I">
        <lettre idLettre="1" x="0" transcription="ت" LatinTrans="Taaa_I" />
      </paw>
    </word>
  </content>
</textImage>