﻿<?xml version="1.0" encoding="UTF-8" standalone="yes"?>
<textImage id="1" width="276" height="43" transcription="الكشف عن قتلة شكري" image="aljazeera_3212-08-45-30_1">
  <ArabicTranscription>الكشف عن قتلة شكري</ArabicTranscription>
  <LatinTranscription>Alif_I Laam_B Kaaf_M Shiin_M Faa_E SPACE Ayn_B Nuun_E SPACE Gaaf_B Taaa_M Laam_M TaaaClosed_E SPACE Shiin_B Kaaf_M Raa_E Yaa_I</LatinTranscription>
  <content>
    <word idWord="1" x="190" transcription="الكشف" LatinTrans="Alif_I Laam_B Kaaf_M Shiin_M Faa_E">
      <paw idPaw="1" x="265" transcription="ا" LatinTrans="Alif_I">
        <lettre idLettre="1" x="265" transcription="ا" LatinTrans="Alif_I" />
      </paw>
      <paw idPaw="2" x="190" transcription="لكشف" LatinTrans="Laam_B Kaaf_M Shiin_M Faa_E">
        <lettre idLettre="1" x="258" transcription="ل" LatinTrans="Laam_B" />
        <lettre idLettre="2" x="243" transcription="ك" LatinTrans="Kaaf_M" />
        <lettre idLettre="3" x="219" transcription="ش" LatinTrans="Shiin_M" />
        <lettre idLettre="4" x="190" transcription="ف" LatinTrans="Faa_E" />
      </paw>
    </word>
    <word idWord="2" x="185" transcription=" " LatinTrans="SPACE">
      <paw idPaw="1" x="185" transcription=" " LatinTrans="SPACE">
        <lettre idLettre="1" x="185" transcription=" " LatinTrans="SPACE" />
      </paw>
    </word>
    <word idWord="3" x="141" transcription="عن" LatinTrans="Ayn_B Nuun_E">
      <paw idPaw="1" x="141" transcription="عن" LatinTrans="Ayn_B Nuun_E">
        <lettre idLettre="1" x="165" transcription="ع" LatinTrans="Ayn_B" />
        <lettre idLettre="2" x="141" transcription="ن" LatinTrans="Nuun_E" />
      </paw>
    </word>
    <word idWord="4" x="135" transcription=" " LatinTrans="SPACE">
      <paw idPaw="1" x="135" transcription=" " LatinTrans="SPACE">
        <lettre idLettre="1" x="135" transcription=" " LatinTrans="SPACE" />
      </paw>
    </word>
    <word idWord="5" x="78" transcription="قتلة" LatinTrans="Gaaf_B Taaa_M Laam_M TaaaClosed_E">
      <paw idPaw="1" x="78" transcription="قتلة" LatinTrans="Gaaf_B Taaa_M Laam_M TaaaClosed_E">
        <lettre idLettre="1" x="118" transcription="ق" LatinTrans="Gaaf_B" />
        <lettre idLettre="2" x="104" transcription="ت" LatinTrans="Taaa_M" />
        <lettre idLettre="3" x="95" transcription="ل" LatinTrans="Laam_M" />
        <lettre idLettre="4" x="78" transcription="ة" LatinTrans="TaaaClosed_E" />
      </paw>
    </word>
    <word idWord="6" x="72" transcription=" " LatinTrans="SPACE">
      <paw idPaw="1" x="72" transcription=" " LatinTrans="SPACE">
        <lettre idLettre="1" x="72" transcription=" " LatinTrans="SPACE" />
      </paw>
    </word>
    <word idWord="7" x="0" transcription="شكري" LatinTrans="Shiin_B Kaaf_M Raa_E Yaa_I">
      <paw idPaw="1" x="22" transcription="شكر" LatinTrans="Shiin_B Kaaf_M Raa_E">
        <lettre idLettre="1" x="52" transcription="ش" LatinTrans="Shiin_B" />
        <lettre idLettre="2" x="34" transcription="ك" LatinTrans="Kaaf_M" />
        <lettre idLettre="3" x="22" transcription="ر" LatinTrans="Raa_E" />
      </paw>
      <paw idPaw="2" x="0" transcription="ي" LatinTrans="Yaa_I">
        <lettre idLettre="1" x="0" transcription="ي" LatinTrans="Yaa_I" />
      </paw>
    </word>
  </content>
</textImage>