﻿<?xml version="1.0" encoding="UTF-8" standalone="yes"?>
<textImage id="2" width="306" height="36" transcription="السياسية بشكل اكثر فعالية" image="aljazeera_3211-10-27-20_2">
  <ArabicTranscription>السياسية بشكل اكثر فعالية</ArabicTranscription>
  <LatinTranscription>Alif_I Laam_B Siin_M Yaa_M Alif_E Siin_B Yaa_M TaaaClosed_E SPACE Baa_B Shiin_M Kaaf_M Laam_E SPACE Alif_I Kaaf_B Thaa_M Raa_E SPACE Faa_B Ayn_M Alif_E Laam_B Yaa_M TaaaClosed_E</LatinTranscription>
  <content>
    <word idWord="1" x="215" transcription="السياسية" LatinTrans="Alif_I Laam_B Siin_M Yaa_M Alif_E Siin_B Yaa_M TaaaClosed_E">
      <paw idPaw="1" x="297" transcription="ا" LatinTrans="Alif_I">
        <lettre idLettre="1" x="297" transcription="ا" LatinTrans="Alif_I" />
      </paw>
      <paw idPaw="2" x="255" transcription="لسيا" LatinTrans="Laam_B Siin_M Yaa_M Alif_E">
        <lettre idLettre="1" x="291" transcription="ل" LatinTrans="Laam_B" />
        <lettre idLettre="2" x="272" transcription="س" LatinTrans="Siin_M" />
        <lettre idLettre="3" x="261" transcription="ي" LatinTrans="Yaa_M" />
        <lettre idLettre="4" x="255" transcription="ا" LatinTrans="Alif_E" />
      </paw>
      <paw idPaw="3" x="215" transcription="سية" LatinTrans="Siin_B Yaa_M TaaaClosed_E">
        <lettre idLettre="1" x="238" transcription="س" LatinTrans="Siin_B" />
        <lettre idLettre="2" x="228" transcription="ي" LatinTrans="Yaa_M" />
        <lettre idLettre="3" x="215" transcription="ة" LatinTrans="TaaaClosed_E" />
      </paw>
    </word>
    <word idWord="2" x="213" transcription=" " LatinTrans="SPACE">
      <paw idPaw="1" x="213" transcription=" " LatinTrans="SPACE">
        <lettre idLettre="1" x="213" transcription=" " LatinTrans="SPACE" />
      </paw>
    </word>
    <word idWord="3" x="145" transcription="بشكل" LatinTrans="Baa_B Shiin_M Kaaf_M Laam_E">
      <paw idPaw="1" x="145" transcription="بشكل" LatinTrans="Baa_B Shiin_M Kaaf_M Laam_E">
        <lettre idLettre="1" x="202" transcription="ب" LatinTrans="Baa_B" />
        <lettre idLettre="2" x="183" transcription="ش" LatinTrans="Shiin_M" />
        <lettre idLettre="3" x="164" transcription="ك" LatinTrans="Kaaf_M" />
        <lettre idLettre="4" x="145" transcription="ل" LatinTrans="Laam_E" />
      </paw>
    </word>
    <word idWord="4" x="140" transcription=" " LatinTrans="SPACE">
      <paw idPaw="1" x="140" transcription=" " LatinTrans="SPACE">
        <lettre idLettre="1" x="140" transcription=" " LatinTrans="SPACE" />
      </paw>
    </word>
    <word idWord="5" x="86" transcription="اكثر" LatinTrans="Alif_I Kaaf_B Thaa_M Raa_E">
      <paw idPaw="1" x="134" transcription="ا" LatinTrans="Alif_I">
        <lettre idLettre="1" x="134" transcription="ا" LatinTrans="Alif_I" />
      </paw>
      <paw idPaw="2" x="86" transcription="كثر" LatinTrans="Kaaf_B Thaa_M Raa_E">
        <lettre idLettre="1" x="125" transcription="ك" LatinTrans="Kaaf_B" />
        <lettre idLettre="2" x="106" transcription="ث" LatinTrans="Thaa_M" />
        <lettre idLettre="3" x="86" transcription="ر" LatinTrans="Raa_E" />
      </paw>
    </word>
    <word idWord="6" x="84" transcription=" " LatinTrans="SPACE">
      <paw idPaw="1" x="84" transcription=" " LatinTrans="SPACE">
        <lettre idLettre="1" x="84" transcription=" " LatinTrans="SPACE" />
      </paw>
    </word>
    <word idWord="7" x="0" transcription="فعالية" LatinTrans="Faa_B Ayn_M Alif_E Laam_B Yaa_M TaaaClosed_E">
      <paw idPaw="1" x="49" transcription="فعا" LatinTrans="Faa_B Ayn_M Alif_E">
        <lettre idLettre="1" x="70" transcription="ف" LatinTrans="Faa_B" />
        <lettre idLettre="2" x="56" transcription="ع" LatinTrans="Ayn_M" />
        <lettre idLettre="3" x="49" transcription="ا" LatinTrans="Alif_E" />
      </paw>
      <paw idPaw="2" x="0" transcription="لية" LatinTrans="Laam_B Yaa_M TaaaClosed_E">
        <lettre idLettre="1" x="43" transcription="ل" LatinTrans="Laam_B" />
        <lettre idLettre="2" x="25" transcription="ي" LatinTrans="Yaa_M" />
        <lettre idLettre="3" x="0" transcription="ة" LatinTrans="TaaaClosed_E" />
      </paw>
    </word>
  </content>
</textImage>