﻿<?xml version="1.0" encoding="UTF-8" standalone="yes"?>
<textImage id="2" width="89" height="37" transcription="العراق" image="aljazeera_3213-04-56-30_2">
  <ArabicTranscription>العراق</ArabicTranscription>
  <LatinTranscription>Alif_I Laam_B Ayn_M Raa_E Alif_I Gaaf_I</LatinTranscription>
  <content>
    <word idWord="1" x="0" transcription="العراق" LatinTrans="Alif_I Laam_B Ayn_M Raa_E Alif_I Gaaf_I">
      <paw idPaw="1" x="81" transcription="ا" LatinTrans="Alif_I">
        <lettre idLettre="1" x="81" transcription="ا" LatinTrans="Alif_I" />
      </paw>
      <paw idPaw="2" x="26" transcription="لعر" LatinTrans="Laam_B Ayn_M Raa_E">
        <lettre idLettre="1" x="74" transcription="ل" LatinTrans="Laam_B" />
        <lettre idLettre="2" x="54" transcription="ع" LatinTrans="Ayn_M" />
        <lettre idLettre="3" x="26" transcription="ر" LatinTrans="Raa_E" />
      </paw>
      <paw idPaw="3" x="21" transcription="ا" LatinTrans="Alif_I">
        <lettre idLettre="1" x="21" transcription="ا" LatinTrans="Alif_I" />
      </paw>
      <paw idPaw="4" x="0" transcription="ق" LatinTrans="Gaaf_I">
        <lettre idLettre="1" x="0" transcription="ق" LatinTrans="Gaaf_I" />
      </paw>
    </word>
  </content>
</textImage>