﻿<?xml version="1.0" encoding="UTF-8" standalone="yes"?>
<textImage id="1" width="285" height="52" transcription="أولوية المجلس هي المصالحة" image="aljazeera_3212-12-47-30_1">
  <ArabicTranscription>أولوية المجلس هي المصالحة</ArabicTranscription>
  <LatinTranscription>HamzaAboveAlif_I Waaw_I Laam_B Waaw_E Yaa_B TaaaClosed_E SPACE Alif_I Laam_B Miim_M Jiim_M Laam_M Siin_E SPACE Haa_B Yaa_E SPACE Alif_I Laam_B Miim_M Saad_M Alif_E Laam_B Haaa_M TaaaClosed_E</LatinTranscription>
  <content>
    <word idWord="1" x="219" transcription="أولوية" LatinTrans="HamzaAboveAlif_I Waaw_I Laam_B Waaw_E Yaa_B TaaaClosed_E">
      <paw idPaw="1" x="275" transcription="أ" LatinTrans="HamzaAboveAlif_I">
        <lettre idLettre="1" x="275" transcription="أ" LatinTrans="HamzaAboveAlif_I" />
      </paw>
      <paw idPaw="2" x="263" transcription="و" LatinTrans="Waaw_I">
        <lettre idLettre="1" x="263" transcription="و" LatinTrans="Waaw_I" />
      </paw>
      <paw idPaw="3" x="243" transcription="لو" LatinTrans="Laam_B Waaw_E">
        <lettre idLettre="1" x="257" transcription="ل" LatinTrans="Laam_B" />
        <lettre idLettre="2" x="243" transcription="و" LatinTrans="Waaw_E" />
      </paw>
      <paw idPaw="4" x="219" transcription="ية" LatinTrans="Yaa_B TaaaClosed_E">
        <lettre idLettre="1" x="233" transcription="ي" LatinTrans="Yaa_B" />
        <lettre idLettre="2" x="219" transcription="ة" LatinTrans="TaaaClosed_E" />
      </paw>
    </word>
    <word idWord="2" x="215" transcription=" " LatinTrans="SPACE">
      <paw idPaw="1" x="215" transcription=" " LatinTrans="SPACE">
        <lettre idLettre="1" x="215" transcription=" " LatinTrans="SPACE" />
      </paw>
    </word>
    <word idWord="3" x="135" transcription="المجلس" LatinTrans="Alif_I Laam_B Miim_M Jiim_M Laam_M Siin_E">
      <paw idPaw="1" x="209" transcription="ا" LatinTrans="Alif_I">
        <lettre idLettre="1" x="209" transcription="ا" LatinTrans="Alif_I" />
      </paw>
      <paw idPaw="2" x="135" transcription="لمجلس" LatinTrans="Laam_B Miim_M Jiim_M Laam_M Siin_E">
        <lettre idLettre="1" x="201" transcription="ل" LatinTrans="Laam_B" />
        <lettre idLettre="2" x="190" transcription="م" LatinTrans="Miim_M" />
        <lettre idLettre="3" x="174" transcription="ج" LatinTrans="Jiim_M" />
        <lettre idLettre="4" x="168" transcription="ل" LatinTrans="Laam_M" />
        <lettre idLettre="5" x="135" transcription="س" LatinTrans="Siin_E" />
      </paw>
    </word>
    <word idWord="4" x="132" transcription=" " LatinTrans="SPACE">
      <paw idPaw="1" x="132" transcription=" " LatinTrans="SPACE">
        <lettre idLettre="1" x="132" transcription=" " LatinTrans="SPACE" />
      </paw>
    </word>
    <word idWord="5" x="99" transcription="هي" LatinTrans="Haa_B Yaa_E">
      <paw idPaw="1" x="99" transcription="هي" LatinTrans="Haa_B Yaa_E">
        <lettre idLettre="1" x="115" transcription="ه" LatinTrans="Haa_B" />
        <lettre idLettre="2" x="99" transcription="ي" LatinTrans="Yaa_E" />
      </paw>
    </word>
    <word idWord="6" x="94" transcription=" " LatinTrans="SPACE">
      <paw idPaw="1" x="94" transcription=" " LatinTrans="SPACE">
        <lettre idLettre="1" x="94" transcription=" " LatinTrans="SPACE" />
      </paw>
    </word>
    <word idWord="7" x="0" transcription="المصالحة" LatinTrans="Alif_I Laam_B Miim_M Saad_M Alif_E Laam_B Haaa_M TaaaClosed_E">
      <paw idPaw="1" x="88" transcription="ا" LatinTrans="Alif_I">
        <lettre idLettre="1" x="88" transcription="ا" LatinTrans="Alif_I" />
      </paw>
      <paw idPaw="2" x="39" transcription="لمصا" LatinTrans="Laam_B Miim_M Saad_M Alif_E">
        <lettre idLettre="1" x="81" transcription="ل" LatinTrans="Laam_B" />
        <lettre idLettre="2" x="70" transcription="م" LatinTrans="Miim_M" />
        <lettre idLettre="3" x="48" transcription="ص" LatinTrans="Saad_M" />
        <lettre idLettre="4" x="39" transcription="ا" LatinTrans="Alif_E" />
      </paw>
      <paw idPaw="3" x="0" transcription="لحة" LatinTrans="Laam_B Haaa_M TaaaClosed_E">
        <lettre idLettre="1" x="32" transcription="ل" LatinTrans="Laam_B" />
        <lettre idLettre="2" x="18" transcription="ح" LatinTrans="Haaa_M" />
        <lettre idLettre="3" x="0" transcription="ة" LatinTrans="TaaaClosed_E" />
      </paw>
    </word>
  </content>
</textImage>