﻿<?xml version="1.0" encoding="UTF-8" standalone="yes"?>
<textImage id="2" width="487" height="48" transcription="عون في هدر الدماء وتخريب البلاد" image="aljazeera_3213-05-31-30_2">
  <ArabicTranscription>عون في هدر الدماء وتخريب البلاد</ArabicTranscription>
  <LatinTranscription>Ayn_B Waaw_E Nuun_I SPACE Faa_B Yaa_E SPACE Haa_B Daal_E Raa_I SPACE Alif_I Laam_B Daal_E Miim_B Alif_E Hamza SPACE Waaw_I Taaa_B Xaa_M Raa_E Yaa_B Baa_E SPACE Alif_I Laam_B Baa_M Laam_Alif Daal_I</LatinTranscription>
  <content>
    <word idWord="1" x="422" transcription="عون" LatinTrans="Ayn_B Waaw_E Nuun_I">
      <paw idPaw="1" x="447" transcription="عو" LatinTrans="Ayn_B Waaw_E">
        <lettre idLettre="1" x="463" transcription="ع" LatinTrans="Ayn_B" />
        <lettre idLettre="2" x="447" transcription="و" LatinTrans="Waaw_E" />
      </paw>
      <paw idPaw="2" x="422" transcription="ن" LatinTrans="Nuun_I">
        <lettre idLettre="1" x="422" transcription="ن" LatinTrans="Nuun_I" />
      </paw>
    </word>
    <word idWord="2" x="416" transcription=" " LatinTrans="SPACE">
      <paw idPaw="1" x="416" transcription=" " LatinTrans="SPACE">
        <lettre idLettre="1" x="416" transcription=" " LatinTrans="SPACE" />
      </paw>
    </word>
    <word idWord="3" x="356" transcription="في" LatinTrans="Faa_B Yaa_E">
      <paw idPaw="1" x="356" transcription="في" LatinTrans="Faa_B Yaa_E">
        <lettre idLettre="1" x="395" transcription="ف" LatinTrans="Faa_B" />
        <lettre idLettre="2" x="356" transcription="ي" LatinTrans="Yaa_E" />
      </paw>
    </word>
    <word idWord="4" x="349" transcription=" " LatinTrans="SPACE">
      <paw idPaw="1" x="349" transcription=" " LatinTrans="SPACE">
        <lettre idLettre="1" x="349" transcription=" " LatinTrans="SPACE" />
      </paw>
    </word>
    <word idWord="5" x="292" transcription="هدر" LatinTrans="Haa_B Daal_E Raa_I">
      <paw idPaw="1" x="307" transcription="هد" LatinTrans="Haa_B Daal_E">
        <lettre idLettre="1" x="326" transcription="ه" LatinTrans="Haa_B" />
        <lettre idLettre="2" x="307" transcription="د" LatinTrans="Daal_E" />
      </paw>
      <paw idPaw="2" x="292" transcription="ر" LatinTrans="Raa_I">
        <lettre idLettre="1" x="292" transcription="ر" LatinTrans="Raa_I" />
      </paw>
    </word>
    <word idWord="6" x="286" transcription=" " LatinTrans="SPACE">
      <paw idPaw="1" x="286" transcription=" " LatinTrans="SPACE">
        <lettre idLettre="1" x="286" transcription=" " LatinTrans="SPACE" />
      </paw>
    </word>
    <word idWord="7" x="210" transcription="الدماء" LatinTrans="Alif_I Laam_B Daal_E Miim_B Alif_E Hamza">
      <paw idPaw="1" x="279" transcription="ا" LatinTrans="Alif_I">
        <lettre idLettre="1" x="279" transcription="ا" LatinTrans="Alif_I" />
      </paw>
      <paw idPaw="2" x="254" transcription="لد" LatinTrans="Laam_B Daal_E">
        <lettre idLettre="1" x="270" transcription="ل" LatinTrans="Laam_B" />
        <lettre idLettre="2" x="254" transcription="د" LatinTrans="Daal_E" />
      </paw>
      <paw idPaw="3" x="226" transcription="ما" LatinTrans="Miim_B Alif_E">
        <lettre idLettre="1" x="236" transcription="م" LatinTrans="Miim_B" />
        <lettre idLettre="2" x="226" transcription="ا" LatinTrans="Alif_E" />
      </paw>
      <paw idPaw="4" x="210" transcription="ء" LatinTrans="Hamza">
        <lettre idLettre="1" x="210" transcription="ء" LatinTrans="Hamza" />
      </paw>
    </word>
    <word idWord="8" x="203" transcription=" " LatinTrans="SPACE">
      <paw idPaw="1" x="203" transcription=" " LatinTrans="SPACE">
        <lettre idLettre="1" x="203" transcription=" " LatinTrans="SPACE" />
      </paw>
    </word>
    <word idWord="9" x="73" transcription="وتخريب" LatinTrans="Waaw_I Taaa_B Xaa_M Raa_E Yaa_B Baa_E">
      <paw idPaw="1" x="188" transcription="و" LatinTrans="Waaw_I">
        <lettre idLettre="1" x="188" transcription="و" LatinTrans="Waaw_I" />
      </paw>
      <paw idPaw="2" x="142" transcription="تخر" LatinTrans="Taaa_B Xaa_M Raa_E">
        <lettre idLettre="1" x="173" transcription="ت" LatinTrans="Taaa_B" />
        <lettre idLettre="2" x="155" transcription="خ" LatinTrans="Xaa_M" />
        <lettre idLettre="3" x="142" transcription="ر" LatinTrans="Raa_E" />
      </paw>
      <paw idPaw="3" x="73" transcription="يب" LatinTrans="Yaa_B Baa_E">
        <lettre idLettre="1" x="124" transcription="ي" LatinTrans="Yaa_B" />
        <lettre idLettre="2" x="73" transcription="ب" LatinTrans="Baa_E" />
      </paw>
    </word>
    <word idWord="10" x="68" transcription=" " LatinTrans="SPACE">
      <paw idPaw="1" x="68" transcription=" " LatinTrans="SPACE">
        <lettre idLettre="1" x="68" transcription=" " LatinTrans="SPACE" />
      </paw>
    </word>
    <word idWord="11" x="0" transcription="البلاد" LatinTrans="Alif_I Laam_B Baa_M Laam_Alif Daal_I">
      <paw idPaw="1" x="60" transcription="ا" LatinTrans="Alif_I">
        <lettre idLettre="1" x="60" transcription="ا" LatinTrans="Alif_I" />
      </paw>
      <paw idPaw="2" x="19" transcription="لبلا" LatinTrans="Laam_B Baa_M Laam_Alif">
        <lettre idLettre="1" x="51" transcription="ل" LatinTrans="Laam_B" />
        <lettre idLettre="2" x="37" transcription="ب" LatinTrans="Baa_M" />
        <lettre idLettre="3" x="19" transcription="لا" LatinTrans="Laam_Alif" />
      </paw>
      <paw idPaw="3" x="0" transcription="د" LatinTrans="Daal_I">
        <lettre idLettre="1" x="0" transcription="د" LatinTrans="Daal_I" />
      </paw>
    </word>
  </content>
</textImage>