﻿<?xml version="1.0" encoding="UTF-8" standalone="yes"?>
<textImage id="4" width="487" height="52" transcription="بثمانية الاف جندي بعد عام 2014" image="aljazeera_3212-05-35-20_4">
  <ArabicTranscription>بثمانية الاف جندي بعد عام 2014</ArabicTranscription>
  <LatinTranscription>Baa_B Thaa_M Miim_M Alif_E Nuun_B Yaa_M TaaaClosed_E SPACE Alif_I Laam_Alif Faa_I SPACE Jiim_B Nuun_M Daal_E Yaa_I SPACE Baa_B Ayn_M Daal_E SPACE Ayn_B Alif_E Miim_I SPACE Four One Zero Two</LatinTranscription>
  <content>
    <word idWord="1" x="368" transcription="بثمانية" LatinTrans="Baa_B Thaa_M Miim_M Alif_E Nuun_B Yaa_M TaaaClosed_E">
      <paw idPaw="1" x="421" transcription="بثما" LatinTrans="Baa_B Thaa_M Miim_M Alif_E">
        <lettre idLettre="1" x="466" transcription="ب" LatinTrans="Baa_B" />
        <lettre idLettre="2" x="445" transcription="ث" LatinTrans="Thaa_M" />
        <lettre idLettre="3" x="431" transcription="م" LatinTrans="Miim_M" />
        <lettre idLettre="4" x="421" transcription="ا" LatinTrans="Alif_E" />
      </paw>
      <paw idPaw="2" x="368" transcription="نية" LatinTrans="Nuun_B Yaa_M TaaaClosed_E">
        <lettre idLettre="1" x="407" transcription="ن" LatinTrans="Nuun_B" />
        <lettre idLettre="2" x="386" transcription="ي" LatinTrans="Yaa_M" />
        <lettre idLettre="3" x="368" transcription="ة" LatinTrans="TaaaClosed_E" />
      </paw>
    </word>
    <word idWord="2" x="361" transcription=" " LatinTrans="SPACE">
      <paw idPaw="1" x="361" transcription=" " LatinTrans="SPACE">
        <lettre idLettre="1" x="361" transcription=" " LatinTrans="SPACE" />
      </paw>
    </word>
    <word idWord="3" x="307" transcription="الاف" LatinTrans="Alif_I Laam_Alif Faa_I">
      <paw idPaw="1" x="352" transcription="ا" LatinTrans="Alif_I">
        <lettre idLettre="1" x="352" transcription="ا" LatinTrans="Alif_I" />
      </paw>
      <paw idPaw="2" x="334" transcription="لا" LatinTrans="Laam_Alif">
        <lettre idLettre="1" x="334" transcription="لا" LatinTrans="Laam_Alif" />
      </paw>
      <paw idPaw="3" x="307" transcription="ف" LatinTrans="Faa_I">
        <lettre idLettre="1" x="307" transcription="ف" LatinTrans="Faa_I" />
      </paw>
    </word>
    <word idWord="4" x="300" transcription=" " LatinTrans="SPACE">
      <paw idPaw="1" x="300" transcription=" " LatinTrans="SPACE">
        <lettre idLettre="1" x="300" transcription=" " LatinTrans="SPACE" />
      </paw>
    </word>
    <word idWord="5" x="226" transcription="جندي" LatinTrans="Jiim_B Nuun_M Daal_E Yaa_I">
      <paw idPaw="1" x="248" transcription="جند" LatinTrans="Jiim_B Nuun_M Daal_E">
        <lettre idLettre="1" x="280" transcription="ج" LatinTrans="Jiim_B" />
        <lettre idLettre="2" x="263" transcription="ن" LatinTrans="Nuun_M" />
        <lettre idLettre="3" x="248" transcription="د" LatinTrans="Daal_E" />
      </paw>
      <paw idPaw="2" x="226" transcription="ي" LatinTrans="Yaa_I">
        <lettre idLettre="1" x="226" transcription="ي" LatinTrans="Yaa_I" />
      </paw>
    </word>
    <word idWord="6" x="220" transcription=" " LatinTrans="SPACE">
      <paw idPaw="1" x="220" transcription=" " LatinTrans="SPACE">
        <lettre idLettre="1" x="220" transcription=" " LatinTrans="SPACE" />
      </paw>
    </word>
    <word idWord="7" x="139" transcription="بعد" LatinTrans="Baa_B Ayn_M Daal_E">
      <paw idPaw="1" x="139" transcription="بعد" LatinTrans="Baa_B Ayn_M Daal_E">
        <lettre idLettre="1" x="204" transcription="ب" LatinTrans="Baa_B" />
        <lettre idLettre="2" x="184" transcription="ع" LatinTrans="Ayn_M" />
        <lettre idLettre="3" x="139" transcription="د" LatinTrans="Daal_E" />
      </paw>
    </word>
    <word idWord="8" x="132" transcription=" " LatinTrans="SPACE">
      <paw idPaw="1" x="132" transcription=" " LatinTrans="SPACE">
        <lettre idLettre="1" x="132" transcription=" " LatinTrans="SPACE" />
      </paw>
    </word>
    <word idWord="9" x="77" transcription="عام" LatinTrans="Ayn_B Alif_E Miim_I">
      <paw idPaw="1" x="100" transcription="عا" LatinTrans="Ayn_B Alif_E">
        <lettre idLettre="1" x="111" transcription="ع" LatinTrans="Ayn_B" />
        <lettre idLettre="2" x="100" transcription="ا" LatinTrans="Alif_E" />
      </paw>
      <paw idPaw="2" x="77" transcription="م" LatinTrans="Miim_I">
        <lettre idLettre="1" x="77" transcription="م" LatinTrans="Miim_I" />
      </paw>
    </word>
    <word idWord="10" x="72" transcription=" " LatinTrans="SPACE">
      <paw idPaw="1" x="72" transcription=" " LatinTrans="SPACE">
        <lettre idLettre="1" x="72" transcription=" " LatinTrans="SPACE" />
      </paw>
    </word>
    <word idWord="11" x="0" transcription="2014" LatinTrans="Four One Zero Two">
      <paw idPaw="1" x="51" transcription="4" LatinTrans="Four">
        <lettre idLettre="1" x="51" transcription="4" LatinTrans="Four" />
      </paw>
      <paw idPaw="2" x="38" transcription="1" LatinTrans="One">
        <lettre idLettre="1" x="38" transcription="1" LatinTrans="One" />
      </paw>
      <paw idPaw="3" x="20" transcription="0" LatinTrans="Zero">
        <lettre idLettre="1" x="20" transcription="0" LatinTrans="Zero" />
      </paw>
      <paw idPaw="4" x="0" transcription="2" LatinTrans="Two">
        <lettre idLettre="1" x="0" transcription="2" LatinTrans="Two" />
      </paw>
    </word>
  </content>
</textImage>