﻿<?xml version="1.0" encoding="UTF-8" standalone="yes"?>
<textImage id="2" width="150" height="35" transcription="حبيب العريقي" image="aljazeera_3211-10-23-10_2">
  <ArabicTranscription>حبيب العريقي</ArabicTranscription>
  <LatinTranscription>Haaa_B Baa_M Yaa_M Baa_E SPACE Alif_I Laam_B Ayn_M Raa_E Yaa_B Gaaf_M Yaa_E</LatinTranscription>
  <content>
    <word idWord="1" x="90" transcription="حبيب" LatinTrans="Haaa_B Baa_M Yaa_M Baa_E">
      <paw idPaw="1" x="90" transcription="حبيب" LatinTrans="Haaa_B Baa_M Yaa_M Baa_E">
        <lettre idLettre="1" x="130" transcription="ح" LatinTrans="Haaa_B" />
        <lettre idLettre="2" x="123" transcription="ب" LatinTrans="Baa_M" />
        <lettre idLettre="3" x="110" transcription="ي" LatinTrans="Yaa_M" />
        <lettre idLettre="4" x="90" transcription="ب" LatinTrans="Baa_E" />
      </paw>
    </word>
    <word idWord="2" x="85" transcription=" " LatinTrans="SPACE">
      <paw idPaw="1" x="85" transcription=" " LatinTrans="SPACE">
        <lettre idLettre="1" x="85" transcription=" " LatinTrans="SPACE" />
      </paw>
    </word>
    <word idWord="3" x="0" transcription="العريقي" LatinTrans="Alif_I Laam_B Ayn_M Raa_E Yaa_B Gaaf_M Yaa_E">
      <paw idPaw="1" x="79" transcription="ا" LatinTrans="Alif_I">
        <lettre idLettre="1" x="79" transcription="ا" LatinTrans="Alif_I" />
      </paw>
      <paw idPaw="2" x="46" transcription="لعر" LatinTrans="Laam_B Ayn_M Raa_E">
        <lettre idLettre="1" x="72" transcription="ل" LatinTrans="Laam_B" />
        <lettre idLettre="2" x="55" transcription="ع" LatinTrans="Ayn_M" />
        <lettre idLettre="3" x="46" transcription="ر" LatinTrans="Raa_E" />
      </paw>
      <paw idPaw="3" x="0" transcription="يقي" LatinTrans="Yaa_B Gaaf_M Yaa_E">
        <lettre idLettre="1" x="34" transcription="ي" LatinTrans="Yaa_B" />
        <lettre idLettre="2" x="21" transcription="ق" LatinTrans="Gaaf_M" />
        <lettre idLettre="3" x="0" transcription="ي" LatinTrans="Yaa_E" />
      </paw>
    </word>
  </content>
</textImage>