﻿<?xml version="1.0" encoding="UTF-8" standalone="yes"?>
<textImage id="2" width="242" height="62" transcription="يمحو تواطأه في" image="aljazeera_3212-05-35-00_2">
  <ArabicTranscription>يمحو تواطأه في</ArabicTranscription>
  <LatinTranscription>Yaa_B Miim_M Haaa_M Waaw_E SPACE Taaa_B Waaw_E Alif_I Thaaa_B HamzaAboveAlif_E Haa_I SPACE Faa_B Yaa_E</LatinTranscription>
  <content>
    <word idWord="1" x="168" transcription="يمحو" LatinTrans="Yaa_B Miim_M Haaa_M Waaw_E">
      <paw idPaw="1" x="168" transcription="يمحو " LatinTrans="Yaa_B Miim_M Haaa_M Waaw_E">
        <lettre idLettre="1" x="221" transcription="ي" LatinTrans="Yaa_B" />
        <lettre idLettre="2" x="201" transcription="م" LatinTrans="Miim_M" />
        <lettre idLettre="3" x="183" transcription="ح" LatinTrans="Haaa_M" />
        <lettre idLettre="4" x="168" transcription="و" LatinTrans="Waaw_E" />
      </paw>
    </word>
    <word idWord="2" x="162" transcription=" " LatinTrans="SPACE">
      <paw idPaw="1" x="162" transcription=" " LatinTrans="SPACE">
        <lettre idLettre="1" x="162" transcription=" " LatinTrans="SPACE" />
      </paw>
    </word>
    <word idWord="3" x="70" transcription="تواطأه" LatinTrans="Taaa_B Waaw_E Alif_I Thaaa_B HamzaAboveAlif_E Haa_I">
      <paw idPaw="1" x="129" transcription="تو" LatinTrans="Taaa_B Waaw_E">
        <lettre idLettre="1" x="146" transcription="ت" LatinTrans="Taaa_B" />
        <lettre idLettre="2" x="129" transcription="و" LatinTrans="Waaw_E" />
      </paw>
      <paw idPaw="2" x="121" transcription="ا" LatinTrans="Alif_I">
        <lettre idLettre="1" x="121" transcription="ا" LatinTrans="Alif_I" />
      </paw>
      <paw idPaw="3" x="85" transcription="طأ" LatinTrans="Thaaa_B HamzaAboveAlif_E">
        <lettre idLettre="1" x="97" transcription="ط" LatinTrans="Thaaa_B" />
        <lettre idLettre="2" x="85" transcription="أ" LatinTrans="HamzaAboveAlif_E" />
      </paw>
      <paw idPaw="4" x="70" transcription="ه" LatinTrans="Haa_I">
        <lettre idLettre="1" x="70" transcription="ه" LatinTrans="Haa_I" />
      </paw>
    </word>
    <word idWord="4" x="65" transcription=" " LatinTrans="SPACE">
      <paw idPaw="1" x="65" transcription=" " LatinTrans="SPACE">
        <lettre idLettre="1" x="65" transcription=" " LatinTrans="SPACE" />
      </paw>
    </word>
    <word idWord="5" x="0" transcription="في" LatinTrans="Faa_B Yaa_E">
      <paw idPaw="1" x="0" transcription="في" LatinTrans="Faa_B Yaa_E">
        <lettre idLettre="1" x="41" transcription="ف" LatinTrans="Faa_B" />
        <lettre idLettre="2" x="0" transcription="ي" LatinTrans="Yaa_E" />
      </paw>
    </word>
  </content>
</textImage>