﻿<?xml version="1.0" encoding="UTF-8" standalone="yes"?>
<textImage id="2" width="116" height="35" transcription="عامل منجم" image="aljazeera_3213-03-44-00_2">
  <ArabicTranscription>عامل منجم</ArabicTranscription>
  <LatinTranscription>Ayn_B Alif_E Miim_B Laam_E SPACE Miim_B Nuun_M Jiim_M Miim_E</LatinTranscription>
  <content>
    <word idWord="1" x="59" transcription="عامل" LatinTrans="Ayn_B Alif_E Miim_B Laam_E">
      <paw idPaw="1" x="89" transcription="عا" LatinTrans="Ayn_B Alif_E">
        <lettre idLettre="1" x="98" transcription="ع" LatinTrans="Ayn_B" />
        <lettre idLettre="2" x="89" transcription="ا" LatinTrans="Alif_E" />
      </paw>
      <paw idPaw="2" x="59" transcription="مل" LatinTrans="Miim_B Laam_E">
        <lettre idLettre="1" x="79" transcription="م" LatinTrans="Miim_B" />
        <lettre idLettre="2" x="59" transcription="ل" LatinTrans="Laam_E" />
      </paw>
    </word>
    <word idWord="2" x="56" transcription=" " LatinTrans="SPACE">
      <paw idPaw="1" x="56" transcription=" " LatinTrans="SPACE">
        <lettre idLettre="1" x="56" transcription=" " LatinTrans="SPACE" />
      </paw>
    </word>
    <word idWord="3" x="0" transcription="منجم" LatinTrans="Miim_B Nuun_M Jiim_M Miim_E">
      <paw idPaw="1" x="0" transcription="منجم" LatinTrans="Miim_B Nuun_M Jiim_M Miim_E">
        <lettre idLettre="1" x="43" transcription="م" LatinTrans="Miim_B" />
        <lettre idLettre="2" x="31" transcription="ن" LatinTrans="Nuun_M" />
        <lettre idLettre="3" x="17" transcription="ج" LatinTrans="Jiim_M" />
        <lettre idLettre="4" x="0" transcription="م" LatinTrans="Miim_E" />
      </paw>
    </word>
  </content>
</textImage>