﻿<?xml version="1.0" encoding="UTF-8" standalone="yes"?>
<textImage id="4" width="278" height="39" transcription="ما دعاها الضغوط والمؤامرات" image="aljazeera_3212-05-16-40_4">
  <ArabicTranscription>ما دعاها الضغوط والمؤامرات</ArabicTranscription>
  <LatinTranscription>Miim_B Alif_E SPACE Daal_I Ayn_B Alif_E Haa_B Alif_E SPACE Alif_I Laam_B Daad_M Ghayn_M Waaw_E Thaaa_I SPACE Waaw_I Alif_I Laam_B Miim_M HamzaAboveWaaw_E Alif_I Miim_B Raa_E Alif_I Taaa_I</LatinTranscription>
  <content>
    <word idWord="1" x="253" transcription="ما" LatinTrans="Miim_B Alif_E">
      <paw idPaw="1" x="253" transcription="ما" LatinTrans="Miim_B Alif_E">
        <lettre idLettre="1" x="261" transcription="م" LatinTrans="Miim_B" />
        <lettre idLettre="2" x="253" transcription="ا" LatinTrans="Alif_E" />
      </paw>
    </word>
    <word idWord="2" x="248" transcription=" " LatinTrans="SPACE">
      <paw idPaw="1" x="248" transcription=" " LatinTrans="SPACE">
        <lettre idLettre="1" x="248" transcription=" " LatinTrans="SPACE" />
      </paw>
    </word>
    <word idWord="3" x="176" transcription="دعاها" LatinTrans="Daal_I Ayn_B Alif_E Haa_B Alif_E">
      <paw idPaw="1" x="237" transcription="د" LatinTrans="Daal_I">
        <lettre idLettre="1" x="237" transcription="د" LatinTrans="Daal_I" />
      </paw>
      <paw idPaw="2" x="216" transcription="عا" LatinTrans="Ayn_B Alif_E">
        <lettre idLettre="1" x="223" transcription="ع" LatinTrans="Ayn_B" />
        <lettre idLettre="2" x="216" transcription="ا" LatinTrans="Alif_E" />
      </paw>
      <paw idPaw="3" x="176" transcription="ها" LatinTrans="Haa_B Alif_E">
        <lettre idLettre="1" x="199" transcription="ه" LatinTrans="Haa_B" />
        <lettre idLettre="2" x="176" transcription="ا" LatinTrans="Alif_E" />
      </paw>
    </word>
    <word idWord="4" x="173" transcription=" " LatinTrans="SPACE">
      <paw idPaw="1" x="173" transcription=" " LatinTrans="SPACE">
        <lettre idLettre="1" x="173" transcription=" " LatinTrans="SPACE" />
      </paw>
    </word>
    <word idWord="5" x="98" transcription="الضغوط" LatinTrans="Alif_I Laam_B Daad_M Ghayn_M Waaw_E Thaaa_I">
      <paw idPaw="1" x="167" transcription="ا" LatinTrans="Alif_I">
        <lettre idLettre="1" x="167" transcription="ا" LatinTrans="Alif_I" />
      </paw>
      <paw idPaw="2" x="115" transcription="لضغو" LatinTrans="Laam_B Daad_M Ghayn_M Waaw_E">
        <lettre idLettre="1" x="160" transcription="ل" LatinTrans="Laam_B" />
        <lettre idLettre="2" x="141" transcription="ض" LatinTrans="Daad_M" />
        <lettre idLettre="3" x="128" transcription="غ" LatinTrans="Ghayn_M" />
        <lettre idLettre="4" x="115" transcription="و" LatinTrans="Waaw_E" />
      </paw>
      <paw idPaw="3" x="98" transcription="ط" LatinTrans="Thaaa_I">
        <lettre idLettre="1" x="98" transcription="ط" LatinTrans="Thaaa_I" />
      </paw>
    </word>
    <word idWord="6" x="92" transcription=" " LatinTrans="SPACE">
      <paw idPaw="1" x="92" transcription=" " LatinTrans="SPACE">
        <lettre idLettre="1" x="92" transcription=" " LatinTrans="SPACE" />
      </paw>
    </word>
    <word idWord="7" x="0" transcription="والمؤامرات" LatinTrans="Waaw_I Alif_I Laam_B Miim_M HamzaAboveWaaw_E Alif_I Miim_B Raa_E Alif_I Taaa_I">
      <paw idPaw="1" x="82" transcription="و" LatinTrans="Waaw_I">
        <lettre idLettre="1" x="82" transcription="و" LatinTrans="Waaw_I" />
      </paw>
      <paw idPaw="2" x="77" transcription="ا" LatinTrans="Alif_I">
        <lettre idLettre="1" x="77" transcription="ا" LatinTrans="Alif_I" />
      </paw>
      <paw idPaw="3" x="48" transcription="لمؤ" LatinTrans="Laam_B Miim_M HamzaAboveWaaw_E">
        <lettre idLettre="1" x="72" transcription="ل" LatinTrans="Laam_B" />
        <lettre idLettre="2" x="60" transcription="م" LatinTrans="Miim_M" />
        <lettre idLettre="3" x="48" transcription="ؤ" LatinTrans="HamzaAboveWaaw_E" />
      </paw>
      <paw idPaw="4" x="44" transcription="ا" LatinTrans="Alif_I">
        <lettre idLettre="1" x="44" transcription="ا" LatinTrans="Alif_I" />
      </paw>
      <paw idPaw="5" x="23" transcription="مر" LatinTrans="Miim_B Raa_E">
        <lettre idLettre="1" x="35" transcription="م" LatinTrans="Miim_B" />
        <lettre idLettre="2" x="23" transcription="ر" LatinTrans="Raa_E" />
      </paw>
      <paw idPaw="6" x="18" transcription="ا" LatinTrans="Alif_I">
        <lettre idLettre="1" x="18" transcription="ا" LatinTrans="Alif_I" />
      </paw>
      <paw idPaw="7" x="0" transcription="ت" LatinTrans="Taaa_I">
        <lettre idLettre="1" x="0" transcription="ت" LatinTrans="Taaa_I" />
      </paw>
    </word>
  </content>
</textImage>