﻿<?xml version="1.0" encoding="UTF-8" standalone="yes"?>
<textImage id="1" width="370" height="34" transcription="نيجيريا تتوج بلقب البطولة الإفريقية" image="aljazeera_3211-13-35-00_1">
  <ArabicTranscription>نيجيريا تتوج بلقب البطولة الإفريقية</ArabicTranscription>
  <LatinTranscription>Nuun_B Yaa_M Jiim_M Yaa_M Raa_E Yaa_B Alif_E SPACE Taaa_B Taaa_M Waaw_E Jiim_I SPACE Baa_B Laam_M Gaaf_M Baa_E SPACE Alif_I Laam_B Baa_M Thaaa_M Waaw_E Laam_B TaaaClosed_E SPACE Alif_I Laam_HamzaOnederAlif Faa_B Raa_E Yaa_B Gaaf_M Yaa_M TaaaClosed_E</LatinTranscription>
  <content>
    <word idWord="1" x="297" transcription="نيجيريا" LatinTrans="Nuun_B Yaa_M Jiim_M Yaa_M Raa_E Yaa_B Alif_E">
      <paw idPaw="1" x="314" transcription="نيجير" LatinTrans="Nuun_B Yaa_M Jiim_M Yaa_M Raa_E">
        <lettre idLettre="1" x="357" transcription="ن" LatinTrans="Nuun_B" />
        <lettre idLettre="2" x="345" transcription="ي" LatinTrans="Yaa_M" />
        <lettre idLettre="3" x="334" transcription="ج" LatinTrans="Jiim_M" />
        <lettre idLettre="4" x="321" transcription="ي" LatinTrans="Yaa_M" />
        <lettre idLettre="5" x="314" transcription="ر" LatinTrans="Raa_E" />
      </paw>
      <paw idPaw="2" x="297" transcription="يا" LatinTrans="Yaa_B Alif_E">
        <lettre idLettre="1" x="304" transcription="ي" LatinTrans="Yaa_B" />
        <lettre idLettre="2" x="297" transcription="ا" LatinTrans="Alif_E" />
      </paw>
    </word>
    <word idWord="2" x="293" transcription=" " LatinTrans="SPACE">
      <paw idPaw="1" x="293" transcription=" " LatinTrans="SPACE">
        <lettre idLettre="1" x="293" transcription=" " LatinTrans="SPACE" />
      </paw>
    </word>
    <word idWord="3" x="245" transcription="تتوج" LatinTrans="Taaa_B Taaa_M Waaw_E Jiim_I">
      <paw idPaw="1" x="262" transcription="تتو" LatinTrans="Taaa_B Taaa_M Waaw_E">
        <lettre idLettre="1" x="283" transcription="ت" LatinTrans="Taaa_B" />
        <lettre idLettre="2" x="272" transcription="ت" LatinTrans="Taaa_M" />
        <lettre idLettre="3" x="262" transcription="و" LatinTrans="Waaw_E" />
      </paw>
      <paw idPaw="2" x="245" transcription="ج" LatinTrans="Jiim_I">
        <lettre idLettre="1" x="245" transcription="ج" LatinTrans="Jiim_I" />
      </paw>
    </word>
    <word idWord="4" x="243" transcription=" " LatinTrans="SPACE">
      <paw idPaw="1" x="243" transcription=" " LatinTrans="SPACE">
        <lettre idLettre="1" x="243" transcription=" " LatinTrans="SPACE" />
      </paw>
    </word>
    <word idWord="5" x="193" transcription="بلقب" LatinTrans="Baa_B Laam_M Gaaf_M Baa_E">
      <paw idPaw="1" x="193" transcription="بلقب" LatinTrans="Baa_B Laam_M Gaaf_M Baa_E">
        <lettre idLettre="1" x="233" transcription="ب" LatinTrans="Baa_B" />
        <lettre idLettre="2" x="225" transcription="ل" LatinTrans="Laam_M" />
        <lettre idLettre="3" x="213" transcription="ق" LatinTrans="Gaaf_M" />
        <lettre idLettre="4" x="193" transcription="ب" LatinTrans="Baa_E" />
      </paw>
    </word>
    <word idWord="6" x="189" transcription=" " LatinTrans="SPACE">
      <paw idPaw="1" x="189" transcription=" " LatinTrans="SPACE">
        <lettre idLettre="1" x="189" transcription=" " LatinTrans="SPACE" />
      </paw>
    </word>
    <word idWord="7" x="109" transcription="البطولة" LatinTrans="Alif_I Laam_B Baa_M Thaaa_M Waaw_E Laam_B TaaaClosed_E">
      <paw idPaw="1" x="184" transcription="ا" LatinTrans="Alif_I">
        <lettre idLettre="1" x="184" transcription="ا" LatinTrans="Alif_I" />
      </paw>
      <paw idPaw="2" x="141" transcription="لبطو" LatinTrans="Laam_B Baa_M Thaaa_M Waaw_E">
        <lettre idLettre="1" x="178" transcription="ل" LatinTrans="Laam_B" />
        <lettre idLettre="2" x="168" transcription="ب" LatinTrans="Baa_M" />
        <lettre idLettre="3" x="152" transcription="ط" LatinTrans="Thaaa_M" />
        <lettre idLettre="4" x="141" transcription="و" LatinTrans="Waaw_E" />
      </paw>
      <paw idPaw="3" x="109" transcription="لة" LatinTrans="Laam_B TaaaClosed_E">
        <lettre idLettre="1" x="133" transcription="ل" LatinTrans="Laam_B" />
        <lettre idLettre="2" x="109" transcription="ة" LatinTrans="TaaaClosed_E" />
      </paw>
    </word>
    <word idWord="8" x="105" transcription=" " LatinTrans="SPACE">
      <paw idPaw="1" x="105" transcription=" " LatinTrans="SPACE">
        <lettre idLettre="1" x="105" transcription=" " LatinTrans="SPACE" />
      </paw>
    </word>
    <word idWord="9" x="0" transcription="الإفريقية" LatinTrans="Alif_I Laam_HamzaOnederAlif Faa_B Raa_E Yaa_B Gaaf_M Yaa_M TaaaClosed_E">
      <paw idPaw="1" x="99" transcription="ا" LatinTrans="Alif_I">
        <lettre idLettre="1" x="99" transcription="ا" LatinTrans="Alif_I" />
      </paw>
      <paw idPaw="2" x="88" transcription="لإ" LatinTrans="Laam_HamzaOnederAlif">
        <lettre idLettre="1" x="88" transcription="لإ" LatinTrans="Laam_HamzaUnderAlif" />
      </paw>
      <paw idPaw="3" x="68" transcription="فر" LatinTrans="Faa_B Raa_E">
        <lettre idLettre="1" x="77" transcription="ف" LatinTrans="Faa_B" />
        <lettre idLettre="2" x="68" transcription="ر" LatinTrans="Raa_E" />
      </paw>
      <paw idPaw="4" x="0" transcription="يقية" LatinTrans="Yaa_B Gaaf_M Yaa_M TaaaClosed_E">
        <lettre idLettre="1" x="56" transcription="ي" LatinTrans="Yaa_B" />
        <lettre idLettre="2" x="46" transcription="ق" LatinTrans="Gaaf_M" />
        <lettre idLettre="3" x="30" transcription="ي" LatinTrans="Yaa_M" />
        <lettre idLettre="4" x="0" transcription="ة" LatinTrans="TaaaClosed_E" />
      </paw>
    </word>
  </content>
</textImage>