﻿<?xml version="1.0" encoding="UTF-8" standalone="yes"?>
<textImage id="1" width="204" height="44" transcription="جوهانا ميجر" image="aljazeera_3212-04-23-30_1">
  <ArabicTranscription>جوهانا ميجر</ArabicTranscription>
  <LatinTranscription>Jiim_B Waaw_E Haa_B Alif_E Nuun_B Alif_E SPACE Miim_B Yaa_M Jiim_M Raa_E</LatinTranscription>
  <content>
    <word idWord="1" x="91" transcription="جوهانا" LatinTrans="Jiim_B Waaw_E Haa_B Alif_E Nuun_B Alif_E">
      <paw idPaw="1" x="158" transcription="جو" LatinTrans="Jiim_B Waaw_E">
        <lettre idLettre="1" x="175" transcription="ج" LatinTrans="Jiim_B" />
        <lettre idLettre="2" x="158" transcription="و" LatinTrans="Waaw_E" />
      </paw>
      <paw idPaw="2" x="120" transcription="ها" LatinTrans="Haa_B Alif_E">
        <lettre idLettre="1" x="134" transcription="ه" LatinTrans="Haa_B" />
        <lettre idLettre="2" x="120" transcription="ا" LatinTrans="Alif_E" />
      </paw>
      <paw idPaw="3" x="91" transcription="نا" LatinTrans="Nuun_B Alif_E">
        <lettre idLettre="1" x="104" transcription="ن" LatinTrans="Nuun_B" />
        <lettre idLettre="2" x="91" transcription="ا" LatinTrans="Alif_E" />
      </paw>
    </word>
    <word idWord="2" x="82" transcription=" " LatinTrans="SPACE">
      <paw idPaw="1" x="82" transcription=" " LatinTrans="SPACE">
        <lettre idLettre="1" x="82" transcription=" " LatinTrans="SPACE" />
      </paw>
    </word>
    <word idWord="3" x="0" transcription="ميجر" LatinTrans="Miim_B Yaa_M Jiim_M Raa_E">
      <paw idPaw="1" x="0" transcription="ميجر" LatinTrans="Miim_B Yaa_M Jiim_M Raa_E">
        <lettre idLettre="1" x="65" transcription="م" LatinTrans="Miim_B" />
        <lettre idLettre="2" x="42" transcription="ي" LatinTrans="Yaa_M" />
        <lettre idLettre="3" x="23" transcription="ج" LatinTrans="Jiim_M" />
        <lettre idLettre="4" x="0" transcription="ر" LatinTrans="Raa_E" />
      </paw>
    </word>
  </content>
</textImage>