﻿<?xml version="1.0" encoding="UTF-8" standalone="yes"?>
<textImage id="1" width="164" height="34" transcription="تقرير عامر لافي" image="aljazeera_3211-23-03-50_1">
  <ArabicTranscription>تقرير عامر لافي</ArabicTranscription>
  <LatinTranscription>Taaa_B Gaaf_M Raa_E Yaa_B Raa_E SPACE Ayn_B Alif_E Miim_B Raa_E SPACE Laam_Alif Faa_B Yaa_E</LatinTranscription>
  <content>
    <word idWord="1" x="104" transcription="تقرير" LatinTrans="Taaa_B Gaaf_M Raa_E Yaa_B Raa_E">
      <paw idPaw="1" x="126" transcription="تقر" LatinTrans="Taaa_B Gaaf_M Raa_E">
        <lettre idLettre="1" x="149" transcription="ت" LatinTrans="Taaa_B" />
        <lettre idLettre="2" x="135" transcription="ق" LatinTrans="Gaaf_M" />
        <lettre idLettre="3" x="126" transcription="ر" LatinTrans="Raa_E" />
      </paw>
      <paw idPaw="2" x="104" transcription="ير" LatinTrans="Yaa_B Raa_E">
        <lettre idLettre="1" x="115" transcription="ي" LatinTrans="Yaa_B" />
        <lettre idLettre="2" x="104" transcription="ر" LatinTrans="Raa_E" />
      </paw>
    </word>
    <word idWord="2" x="100" transcription=" " LatinTrans="SPACE">
      <paw idPaw="1" x="100" transcription=" " LatinTrans="SPACE">
        <lettre idLettre="1" x="100" transcription=" " LatinTrans="SPACE" />
      </paw>
    </word>
    <word idWord="3" x="53" transcription="عامر" LatinTrans="Ayn_B Alif_E Miim_B Raa_E">
      <paw idPaw="1" x="75" transcription="عا" LatinTrans="Ayn_B Alif_E">
        <lettre idLettre="1" x="82" transcription="ع" LatinTrans="Ayn_B" />
        <lettre idLettre="2" x="75" transcription="ا" LatinTrans="Alif_E" />
      </paw>
      <paw idPaw="2" x="53" transcription="مر" LatinTrans="Miim_B Raa_E">
        <lettre idLettre="1" x="63" transcription="م" LatinTrans="Miim_B" />
        <lettre idLettre="2" x="53" transcription="ر" LatinTrans="Raa_E" />
      </paw>
    </word>
    <word idWord="4" x="49" transcription=" " LatinTrans="SPACE">
      <paw idPaw="1" x="49" transcription=" " LatinTrans="SPACE">
        <lettre idLettre="1" x="49" transcription=" " LatinTrans="SPACE" />
      </paw>
    </word>
    <word idWord="5" x="0" transcription="لافي" LatinTrans="Laam_Alif Faa_B Yaa_E">
      <paw idPaw="1" x="36" transcription="لا" LatinTrans="Laam_Alif">
        <lettre idLettre="1" x="36" transcription="لا" LatinTrans="Laam_Alif" />
      </paw>
      <paw idPaw="2" x="0" transcription="في" LatinTrans="Faa_B Yaa_E">
        <lettre idLettre="1" x="22" transcription="ف" LatinTrans="Faa_B" />
        <lettre idLettre="2" x="0" transcription="ي" LatinTrans="Yaa_E" />
      </paw>
    </word>
  </content>
</textImage>