﻿<?xml version="1.0" encoding="UTF-8" standalone="yes"?>
<textImage id="3" width="222" height="50" transcription="في قضية انتحار" image="aljazeera_3213-05-34-40_3">
  <ArabicTranscription>في قضية انتحار</ArabicTranscription>
  <LatinTranscription>Faa_B Yaa_E SPACE Gaaf_B Daad_M Yaa_M TaaaClosed_E SPACE Alif_I Nuun_B Taaa_M Haaa_M Alif_E Raa_I</LatinTranscription>
  <content>
    <word idWord="1" x="178" transcription="في" LatinTrans="Faa_B Yaa_E">
      <paw idPaw="1" x="178" transcription="في" LatinTrans="Faa_B Yaa_E">
        <lettre idLettre="1" x="200" transcription="ف" LatinTrans="Faa_B" />
        <lettre idLettre="2" x="178" transcription="ي" LatinTrans="Yaa_E" />
      </paw>
    </word>
    <word idWord="2" x="170" transcription=" " LatinTrans="SPACE">
      <paw idPaw="1" x="170" transcription=" " LatinTrans="SPACE">
        <lettre idLettre="1" x="170" transcription=" " LatinTrans="SPACE" />
      </paw>
    </word>
    <word idWord="3" x="88" transcription="قضية" LatinTrans="Gaaf_B Daad_M Yaa_M TaaaClosed_E">
      <paw idPaw="1" x="88" transcription="قضية" LatinTrans="Gaaf_B Daad_M Yaa_M TaaaClosed_E">
        <lettre idLettre="1" x="153" transcription="ق" LatinTrans="Gaaf_B" />
        <lettre idLettre="2" x="123" transcription="ض" LatinTrans="Daad_M" />
        <lettre idLettre="3" x="106" transcription="ي" LatinTrans="Yaa_M" />
        <lettre idLettre="4" x="88" transcription="ة" LatinTrans="TaaaClosed_E" />
      </paw>
    </word>
    <word idWord="4" x="82" transcription=" " LatinTrans="SPACE">
      <paw idPaw="1" x="82" transcription=" " LatinTrans="SPACE">
        <lettre idLettre="1" x="82" transcription=" " LatinTrans="SPACE" />
      </paw>
    </word>
    <word idWord="5" x="0" transcription="انتحار" LatinTrans="Alif_I Nuun_B Taaa_M Haaa_M Alif_E Raa_I">
      <paw idPaw="1" x="73" transcription="ا" LatinTrans="Alif_I">
        <lettre idLettre="1" x="73" transcription="ا" LatinTrans="Alif_I" />
      </paw>
      <paw idPaw="2" x="13" transcription="نتحا" LatinTrans="Nuun_B Taaa_M Haaa_M Alif_E">
        <lettre idLettre="1" x="60" transcription="ن" LatinTrans="Nuun_B" />
        <lettre idLettre="2" x="41" transcription="ت" LatinTrans="Taaa_M" />
        <lettre idLettre="3" x="27" transcription="ح" LatinTrans="Haaa_M" />
        <lettre idLettre="4" x="13" transcription="ا" LatinTrans="Alif_E" />
      </paw>
      <paw idPaw="3" x="0" transcription="ر" LatinTrans="Raa_I">
        <lettre idLettre="1" x="0" transcription="ر" LatinTrans="Raa_I" />
      </paw>
    </word>
  </content>
</textImage>