﻿<?xml version="1.0" encoding="UTF-8" standalone="yes"?>
<textImage id="1" width="509" height="100" transcription="الشريعة والحياة" image="aljazeera_3212-00-04-10_1">
  <ArabicTranscription>الشريعة والحياة</ArabicTranscription>
  <LatinTranscription>Alif_I Laam_B Shiin_M Raa_E Yaa_B Ayn_M TaaaClosed_E SPACE Waaw_I SPACE Alif_I Laam_B Haaa_M Yaa_M Alif_E TaaaClosed_I</LatinTranscription>
  <content>
    <word idWord="1" x="254" transcription="الشريعة" LatinTrans="Alif_I Laam_B Shiin_M Raa_E Yaa_B Ayn_M TaaaClosed_E">
      <paw idPaw="1" x="485" transcription="ا" LatinTrans="Alif_I">
        <lettre idLettre="1" x="485" transcription="ا" LatinTrans="Alif_I" />
      </paw>
      <paw idPaw="2" x="363" transcription="لشر" LatinTrans="Laam_B Shiin_M Raa_E">
        <lettre idLettre="1" x="460" transcription="ل" LatinTrans="Laam_B" />
        <lettre idLettre="2" x="391" transcription="ش" LatinTrans="Shiin_M" />
        <lettre idLettre="3" x="363" transcription="ر" LatinTrans="Raa_E" />
      </paw>
      <paw idPaw="3" x="254" transcription="يعة" LatinTrans="Yaa_B Ayn_M TaaaClosed_E">
        <lettre idLettre="1" x="335" transcription="ي" LatinTrans="Yaa_B" />
        <lettre idLettre="2" x="295" transcription="ع" LatinTrans="Ayn_M" />
        <lettre idLettre="3" x="254" transcription="ة" LatinTrans="TaaaClosed_E" />
      </paw>
    </word>
    <word idWord="2" x="235" transcription=" " LatinTrans="SPACE">
      <paw idPaw="1" x="235" transcription=" " LatinTrans="SPACE">
        <lettre idLettre="1" x="235" transcription=" " LatinTrans="SPACE" />
      </paw>
    </word>
    <word idWord="3" x="196" transcription="و" LatinTrans="Waaw_I">
      <paw idPaw="1" x="196" transcription="و" LatinTrans="Waaw_I">
        <lettre idLettre="1" x="196" transcription="و" LatinTrans="Waaw_I" />
      </paw>
    </word>
    <word idWord="4" x="172" transcription=" " LatinTrans="SPACE">
      <paw idPaw="1" x="172" transcription=" " LatinTrans="SPACE">
        <lettre idLettre="1" x="172" transcription=" " LatinTrans="SPACE" />
      </paw>
    </word>
    <word idWord="5" x="0" transcription="الحياة" LatinTrans="Alif_I Laam_B Haaa_M Yaa_M Alif_E TaaaClosed_I">
      <paw idPaw="1" x="151" transcription="ا" LatinTrans="Alif_I">
        <lettre idLettre="1" x="151" transcription="ا" LatinTrans="Alif_I" />
      </paw>
      <paw idPaw="2" x="39" transcription="لحيا" LatinTrans="Laam_B Haaa_M Yaa_M Alif_E">
        <lettre idLettre="1" x="129" transcription="ل" LatinTrans="Laam_B" />
        <lettre idLettre="2" x="94" transcription="ح" LatinTrans="Haaa_M" />
        <lettre idLettre="3" x="61" transcription="ي" LatinTrans="Yaa_M" />
        <lettre idLettre="4" x="39" transcription="ا" LatinTrans="Alif_E" />
      </paw>
      <paw idPaw="3" x="0" transcription="ة" LatinTrans="TaaaClosed_I">
        <lettre idLettre="1" x="0" transcription="ة" LatinTrans="TaaaClosed_I" />
      </paw>
    </word>
  </content>
</textImage>