﻿<?xml version="1.0" encoding="UTF-8" standalone="yes"?>
<textImage id="2" width="87" height="36" transcription="السودان" image="aljazeera_3213-04-56-40_2">
  <ArabicTranscription>السودان</ArabicTranscription>
  <LatinTranscription>Alif_I Laam_B Siin_M Waaw_E Daal_I Alif_I Nuun_I</LatinTranscription>
  <content>
    <word idWord="1" x="0" transcription="السودان" LatinTrans="Alif_I Laam_B Siin_M Waaw_E Daal_I Alif_I Nuun_I">
      <paw idPaw="1" x="77" transcription="ا" LatinTrans="Alif_I">
        <lettre idLettre="1" x="77" transcription="ا" LatinTrans="Alif_I" />
      </paw>
      <paw idPaw="2" x="36" transcription="لسو" LatinTrans="Laam_B Siin_M Waaw_E">
        <lettre idLettre="1" x="69" transcription="ل" LatinTrans="Laam_B" />
        <lettre idLettre="2" x="49" transcription="س" LatinTrans="Siin_M" />
        <lettre idLettre="3" x="36" transcription="و" LatinTrans="Waaw_E" />
      </paw>
      <paw idPaw="3" x="25" transcription="د" LatinTrans="Daal_I">
        <lettre idLettre="1" x="25" transcription="د" LatinTrans="Daal_I" />
      </paw>
      <paw idPaw="4" x="18" transcription="ا" LatinTrans="Alif_I">
        <lettre idLettre="1" x="18" transcription="ا" LatinTrans="Alif_I" />
      </paw>
      <paw idPaw="5" x="0" transcription="ن" LatinTrans="Nuun_I">
        <lettre idLettre="1" x="0" transcription="ن" LatinTrans="Nuun_I" />
      </paw>
    </word>
  </content>
</textImage>