﻿<?xml version="1.0" encoding="UTF-8" standalone="yes"?>
<textImage id="1" width="205" height="58" transcription="حالة الطقس" image="aljazeera_3212-01-56-00_1">
  <ArabicTranscription>حالة الطقس</ArabicTranscription>
  <LatinTranscription>Haaa_B Alif_E Laam_B TaaaClosed_E SPACE Alif_I Laam_B Thaaa_M Gaaf_M Siin_E</LatinTranscription>
  <content>
    <word idWord="1" x="128" transcription="حالة" LatinTrans="Haaa_B Alif_E Laam_B TaaaClosed_E">
      <paw idPaw="1" x="163" transcription="حا" LatinTrans="Haaa_B Alif_E">
        <lettre idLettre="1" x="176" transcription="ح" LatinTrans="Haaa_B" />
        <lettre idLettre="2" x="163" transcription="ا" LatinTrans="Alif_E" />
      </paw>
      <paw idPaw="2" x="128" transcription="لة" LatinTrans="Laam_B TaaaClosed_E">
        <lettre idLettre="1" x="153" transcription="ل" LatinTrans="Laam_B" />
        <lettre idLettre="2" x="128" transcription="ة" LatinTrans="TaaaClosed_E" />
      </paw>
    </word>
    <word idWord="2" x="123" transcription=" " LatinTrans="SPACE">
      <paw idPaw="1" x="123" transcription=" " LatinTrans="SPACE">
        <lettre idLettre="1" x="123" transcription=" " LatinTrans="SPACE" />
      </paw>
    </word>
    <word idWord="3" x="0" transcription="الطقس" LatinTrans="Alif_I Laam_B Thaaa_M Gaaf_M Siin_E">
      <paw idPaw="1" x="115" transcription="ا" LatinTrans="Alif_I">
        <lettre idLettre="1" x="115" transcription="ا" LatinTrans="Alif_I" />
      </paw>
      <paw idPaw="2" x="0" transcription="لطقس" LatinTrans="Laam_B Thaaa_M Gaaf_M Siin_E">
        <lettre idLettre="1" x="106" transcription="ل" LatinTrans="Laam_B" />
        <lettre idLettre="2" x="74" transcription="ط" LatinTrans="Thaaa_M" />
        <lettre idLettre="3" x="52" transcription="ق" LatinTrans="Gaaf_M" />
        <lettre idLettre="4" x="0" transcription="س" LatinTrans="Siin_E" />
      </paw>
    </word>
  </content>
</textImage>