﻿<?xml version="1.0" encoding="UTF-8" standalone="yes"?>
<textImage id="1" width="474" height="40" transcription="مؤتمر صحفي لحزب المؤتمر من أجل" image="aljazeera_3211-10-33-00_1">
  <ArabicTranscription>مؤتمر صحفي لحزب المؤتمر من أجل</ArabicTranscription>
  <LatinTranscription>Miim_B HamzaAboveWaaw_E Taaa_B Miim_M Raa_E SPACE Saad_B Haaa_M Faa_M Yaa_E SPACE Laam_B Haaa_M Zaay_E Baa_I SPACE Alif_I Laam_B Miim_M HamzaAboveWaaw_E Taaa_B Miim_M Raa_E SPACE Miim_B Nuun_E SPACE HamzaAboveAlif_I Jiim_B Laam_E</LatinTranscription>
  <content>
    <word idWord="1" x="378" transcription="مؤتمر" LatinTrans="Miim_B HamzaAboveWaaw_E Taaa_B Miim_M Raa_E">
      <paw idPaw="1" x="436" transcription="مؤ" LatinTrans="Miim_B HamzaAboveWaaw_E">
        <lettre idLettre="1" x="455" transcription="م" LatinTrans="Miim_B" />
        <lettre idLettre="2" x="436" transcription="ؤ" LatinTrans="HamzaAboveWaaw_E" />
      </paw>
      <paw idPaw="2" x="378" transcription="تمر" LatinTrans="Taaa_B Miim_M Raa_E">
        <lettre idLettre="1" x="421" transcription="ت" LatinTrans="Taaa_B" />
        <lettre idLettre="2" x="397" transcription="م" LatinTrans="Miim_M" />
        <lettre idLettre="3" x="378" transcription="ر" LatinTrans="Raa_E" />
      </paw>
    </word>
    <word idWord="2" x="373" transcription=" " LatinTrans="SPACE">
      <paw idPaw="1" x="373" transcription=" " LatinTrans="SPACE">
        <lettre idLettre="1" x="373" transcription=" " LatinTrans="SPACE" />
      </paw>
    </word>
    <word idWord="3" x="273" transcription="صحفي" LatinTrans="Saad_B Haaa_M Faa_M Yaa_E">
      <paw idPaw="1" x="273" transcription="صحفي" LatinTrans="Saad_B Haaa_M Faa_M Yaa_E">
        <lettre idLettre="1" x="352" transcription="ص" LatinTrans="Saad_B" />
        <lettre idLettre="2" x="326" transcription="ح" LatinTrans="Haaa_M" />
        <lettre idLettre="3" x="300" transcription="ف" LatinTrans="Faa_M" />
        <lettre idLettre="4" x="273" transcription="ي" LatinTrans="Yaa_E" />
      </paw>
    </word>
    <word idWord="4" x="270" transcription=" " LatinTrans="SPACE">
      <paw idPaw="1" x="270" transcription=" " LatinTrans="SPACE">
        <lettre idLettre="1" x="270" transcription=" " LatinTrans="SPACE" />
      </paw>
    </word>
    <word idWord="5" x="197" transcription="لحزب" LatinTrans="Laam_B Haaa_M Zaay_E Baa_I">
      <paw idPaw="1" x="215" transcription="لحز" LatinTrans="Laam_B Haaa_M Zaay_E">
        <lettre idLettre="1" x="260" transcription="ل" LatinTrans="Laam_B" />
        <lettre idLettre="2" x="234" transcription="ح" LatinTrans="Haaa_M" />
        <lettre idLettre="3" x="215" transcription="ز" LatinTrans="Zaay_E" />
      </paw>
      <paw idPaw="2" x="197" transcription="ب" LatinTrans="Baa_I">
        <lettre idLettre="1" x="197" transcription="ب" LatinTrans="Baa_I" />
      </paw>
    </word>
    <word idWord="6" x="193" transcription=" " LatinTrans="SPACE">
      <paw idPaw="1" x="193" transcription=" " LatinTrans="SPACE">
        <lettre idLettre="1" x="193" transcription=" " LatinTrans="SPACE" />
      </paw>
    </word>
    <word idWord="7" x="100" transcription="المؤتمر" LatinTrans="Alif_I Laam_B Miim_M HamzaAboveWaaw_E Taaa_B Miim_M Raa_E">
      <paw idPaw="1" x="187" transcription="ا" LatinTrans="Alif_I">
        <lettre idLettre="1" x="187" transcription="ا" LatinTrans="Alif_I" />
      </paw>
      <paw idPaw="2" x="146" transcription="لمؤ" LatinTrans="Laam_B Miim_M HamzaAboveWaaw_E">
        <lettre idLettre="1" x="179" transcription="ل" LatinTrans="Laam_B" />
        <lettre idLettre="2" x="157" transcription="م" LatinTrans="Miim_M" />
        <lettre idLettre="3" x="146" transcription="ؤ" LatinTrans="HamzaAboveWaaw_E" />
      </paw>
      <paw idPaw="3" x="100" transcription="تمر" LatinTrans="Taaa_B Miim_M Raa_E">
        <lettre idLettre="1" x="136" transcription="ت" LatinTrans="Taaa_B" />
        <lettre idLettre="2" x="121" transcription="م" LatinTrans="Miim_M" />
        <lettre idLettre="3" x="100" transcription="ر" LatinTrans="Raa_E" />
      </paw>
    </word>
    <word idWord="8" x="97" transcription=" " LatinTrans="SPACE">
      <paw idPaw="1" x="97" transcription=" " LatinTrans="SPACE">
        <lettre idLettre="1" x="97" transcription=" " LatinTrans="SPACE" />
      </paw>
    </word>
    <word idWord="9" x="57" transcription="من" LatinTrans="Miim_B Nuun_E">
      <paw idPaw="1" x="57" transcription="من" LatinTrans="Miim_B Nuun_E">
        <lettre idLettre="1" x="75" transcription="م" LatinTrans="Miim_B" />
        <lettre idLettre="2" x="57" transcription="ن" LatinTrans="Nuun_E" />
      </paw>
    </word>
    <word idWord="10" x="53" transcription=" " LatinTrans="SPACE">
      <paw idPaw="1" x="53" transcription=" " LatinTrans="SPACE">
        <lettre idLettre="1" x="53" transcription=" " LatinTrans="SPACE" />
      </paw>
    </word>
    <word idWord="11" x="0" transcription="أجل" LatinTrans="HamzaAboveAlif_I Jiim_B Laam_E">
      <paw idPaw="1" x="47" transcription="أ" LatinTrans="HamzaAboveAlif_I">
        <lettre idLettre="1" x="47" transcription="أ" LatinTrans="HamzaAboveAlif_I" />
      </paw>
      <paw idPaw="2" x="0" transcription="جل" LatinTrans="Jiim_B Laam_E">
        <lettre idLettre="1" x="30" transcription="ج" LatinTrans="Jiim_B" />
        <lettre idLettre="2" x="0" transcription="ل" LatinTrans="Laam_E" />
      </paw>
    </word>
  </content>
</textImage>