﻿<?xml version="1.0" encoding="UTF-8" standalone="yes"?>
<textImage id="2" width="296" height="37" transcription="مفتوحة إذا ما استمر قتل الشعب" image="aljazeera_3211-12-03-10_2">
  <ArabicTranscription>مفتوحة إذا ما استمر قتل الشعب</ArabicTranscription>
  <LatinTranscription>Miim_B Faa_M Taaa_M Waaw_E Haaa_B TaaaClosed_E SPACE HamzaOnederAlif_I Thaal_I Alif_I SPACE Miim_B Alif_E SPACE Alif_I Siin_B Taaa_M Miim_M Raa_E SPACE Gaaf_B Taaa_M Laam_E SPACE Alif_I Laam_B Shiin_M Ayn_M Baa_E</LatinTranscription>
  <content>
    <word idWord="1" x="221" transcription="مفتوحة" LatinTrans="Miim_B Faa_M Taaa_M Waaw_E Haaa_B TaaaClosed_E">
      <paw idPaw="1" x="246" transcription="مفتو" LatinTrans="Miim_B Faa_M Taaa_M Waaw_E">
        <lettre idLettre="1" x="282" transcription="م" LatinTrans="Miim_B" />
        <lettre idLettre="2" x="268" transcription="ف" LatinTrans="Faa_M" />
        <lettre idLettre="3" x="257" transcription="ت" LatinTrans="Taaa_M" />
        <lettre idLettre="4" x="246" transcription="و" LatinTrans="Waaw_E" />
      </paw>
      <paw idPaw="2" x="221" transcription="حة" LatinTrans="Haaa_B TaaaClosed_E">
        <lettre idLettre="1" x="233" transcription="ح" LatinTrans="Haaa_B" />
        <lettre idLettre="2" x="221" transcription="ة" LatinTrans="TaaaClosed_E" />
      </paw>
    </word>
    <word idWord="2" x="217" transcription=" " LatinTrans="SPACE">
      <paw idPaw="1" x="217" transcription=" " LatinTrans="SPACE">
        <lettre idLettre="1" x="217" transcription=" " LatinTrans="SPACE" />
      </paw>
    </word>
    <word idWord="3" x="194" transcription="إذا" LatinTrans="HamzaOnederAlif_I Thaal_I Alif_I">
      <paw idPaw="1" x="209" transcription="إ" LatinTrans="HamzaOnederAlif_I">
        <lettre idLettre="1" x="209" transcription="إ" LatinTrans="HamzaUnderAlif_I" />
      </paw>
      <paw idPaw="2" x="199" transcription="ذ" LatinTrans="Thaal_I">
        <lettre idLettre="1" x="199" transcription="ذ" LatinTrans="Thaal_I" />
      </paw>
      <paw idPaw="3" x="194" transcription="ا" LatinTrans="Alif_I">
        <lettre idLettre="1" x="194" transcription="ا" LatinTrans="Alif_I" />
      </paw>
    </word>
    <word idWord="4" x="189" transcription=" " LatinTrans="SPACE">
      <paw idPaw="1" x="189" transcription=" " LatinTrans="SPACE">
        <lettre idLettre="1" x="189" transcription=" " LatinTrans="SPACE" />
      </paw>
    </word>
    <word idWord="5" x="172" transcription="ما" LatinTrans="Miim_B Alif_E">
      <paw idPaw="1" x="172" transcription="ما" LatinTrans="Miim_B Alif_E">
        <lettre idLettre="1" x="178" transcription="م" LatinTrans="Miim_B" />
        <lettre idLettre="2" x="172" transcription="ا" LatinTrans="Alif_E" />
      </paw>
    </word>
    <word idWord="6" x="167" transcription=" " LatinTrans="SPACE">
      <paw idPaw="1" x="167" transcription=" " LatinTrans="SPACE">
        <lettre idLettre="1" x="167" transcription=" " LatinTrans="SPACE" />
      </paw>
    </word>
    <word idWord="7" x="114" transcription="استمر" LatinTrans="Alif_I Siin_B Taaa_M Miim_M Raa_E">
      <paw idPaw="1" x="162" transcription="ا" LatinTrans="Alif_I">
        <lettre idLettre="1" x="162" transcription="ا" LatinTrans="Alif_I" />
      </paw>
      <paw idPaw="2" x="114" transcription="ستمر" LatinTrans="Siin_B Taaa_M Miim_M Raa_E">
        <lettre idLettre="1" x="145" transcription="س" LatinTrans="Siin_B" />
        <lettre idLettre="2" x="134" transcription="ت" LatinTrans="Taaa_M" />
        <lettre idLettre="3" x="124" transcription="م" LatinTrans="Miim_M" />
        <lettre idLettre="4" x="114" transcription="ر" LatinTrans="Raa_E" />
      </paw>
    </word>
    <word idWord="8" x="109" transcription=" " LatinTrans="SPACE">
      <paw idPaw="1" x="109" transcription=" " LatinTrans="SPACE">
        <lettre idLettre="1" x="109" transcription=" " LatinTrans="SPACE" />
      </paw>
    </word>
    <word idWord="9" x="70" transcription="قتل" LatinTrans="Gaaf_B Taaa_M Laam_E">
      <paw idPaw="1" x="70" transcription="قتل" LatinTrans="Gaaf_B Taaa_M Laam_E">
        <lettre idLettre="1" x="97" transcription="ق" LatinTrans="Gaaf_B" />
        <lettre idLettre="2" x="85" transcription="ت" LatinTrans="Taaa_M" />
        <lettre idLettre="3" x="70" transcription="ل" LatinTrans="Laam_E" />
      </paw>
    </word>
    <word idWord="10" x="67" transcription=" " LatinTrans="SPACE">
      <paw idPaw="1" x="67" transcription=" " LatinTrans="SPACE">
        <lettre idLettre="1" x="67" transcription=" " LatinTrans="SPACE" />
      </paw>
    </word>
    <word idWord="11" x="0" transcription="الشعب" LatinTrans="Alif_I Laam_B Shiin_M Ayn_M Baa_E">
      <paw idPaw="1" x="61" transcription="ا" LatinTrans="Alif_I">
        <lettre idLettre="1" x="61" transcription="ا" LatinTrans="Alif_I" />
      </paw>
      <paw idPaw="2" x="0" transcription="لشعب" LatinTrans="Laam_B Shiin_M Ayn_M Baa_E">
        <lettre idLettre="1" x="55" transcription="ل" LatinTrans="Laam_B" />
        <lettre idLettre="2" x="37" transcription="ش" LatinTrans="Shiin_M" />
        <lettre idLettre="3" x="22" transcription="ع" LatinTrans="Ayn_M" />
        <lettre idLettre="4" x="0" transcription="ب" LatinTrans="Baa_E" />
      </paw>
    </word>
  </content>
</textImage>