﻿<?xml version="1.0" encoding="UTF-8" standalone="yes"?>
<textImage id="1" width="432" height="53" transcription="العنف السياسي والتسامح الثوري" image="aljazeera_3212-08-42-30_1">
  <ArabicTranscription>العنف السياسي والتسامح الثوري</ArabicTranscription>
  <LatinTranscription>Alif_I Laam_B Ayn_M Nuun_M Faa_E SPACE Alif_I Laam_B Siin_M Yaa_M Alif_E Siin_B Yaa_E SPACE Waaw_I Alif_I Laam_B Taaa_M Siin_M Alif_E Miim_B Haaa_E SPACE Alif_I Laam_B Thaa_M Waaw_E Raa_I Yaa_I</LatinTranscription>
  <content>
    <word idWord="1" x="345" transcription="العنف" LatinTrans="Alif_I Laam_B Ayn_M Nuun_M Faa_E">
      <paw idPaw="1" x="418" transcription="ا" LatinTrans="Alif_I">
        <lettre idLettre="1" x="418" transcription="ا" LatinTrans="Alif_I" />
      </paw>
      <paw idPaw="2" x="345" transcription="لعنف" LatinTrans="Laam_B Ayn_M Nuun_M Faa_E">
        <lettre idLettre="1" x="410" transcription="ل" LatinTrans="Laam_B" />
        <lettre idLettre="2" x="386" transcription="ع" LatinTrans="Ayn_M" />
        <lettre idLettre="3" x="374" transcription="ن" LatinTrans="Nuun_M" />
        <lettre idLettre="4" x="345" transcription="ف" LatinTrans="Faa_E" />
      </paw>
    </word>
    <word idWord="2" x="337" transcription=" " LatinTrans="SPACE">
      <paw idPaw="1" x="337" transcription=" " LatinTrans="SPACE">
        <lettre idLettre="1" x="337" transcription=" " LatinTrans="SPACE" />
      </paw>
    </word>
    <word idWord="3" x="223" transcription="السياسي" LatinTrans="Alif_I Laam_B Siin_M Yaa_M Alif_E Siin_B Yaa_E">
      <paw idPaw="1" x="330" transcription="ا" LatinTrans="Alif_I">
        <lettre idLettre="1" x="330" transcription="ا" LatinTrans="Alif_I" />
      </paw>
      <paw idPaw="2" x="270" transcription="لسيا" LatinTrans="Laam_B Siin_M Yaa_M Alif_E">
        <lettre idLettre="1" x="322" transcription="ل" LatinTrans="Laam_B" />
        <lettre idLettre="2" x="296" transcription="س" LatinTrans="Siin_M" />
        <lettre idLettre="3" x="278" transcription="ي" LatinTrans="Yaa_M" />
        <lettre idLettre="4" x="270" transcription="ا" LatinTrans="Alif_E" />
      </paw>
      <paw idPaw="3" x="223" transcription="سي" LatinTrans="Siin_B Yaa_E">
        <lettre idLettre="1" x="247" transcription="س" LatinTrans="Siin_B" />
        <lettre idLettre="2" x="223" transcription="ي" LatinTrans="Yaa_E" />
      </paw>
    </word>
    <word idWord="4" x="220" transcription=" " LatinTrans="SPACE">
      <paw idPaw="1" x="220" transcription=" " LatinTrans="SPACE">
        <lettre idLettre="1" x="220" transcription=" " LatinTrans="SPACE" />
      </paw>
    </word>
    <word idWord="5" x="91" transcription="والتسامح" LatinTrans="Waaw_I Alif_I Laam_B Taaa_M Siin_M Alif_E Miim_B Haaa_E">
      <paw idPaw="1" x="204" transcription="و" LatinTrans="Waaw_I">
        <lettre idLettre="1" x="204" transcription="و" LatinTrans="Waaw_I" />
      </paw>
      <paw idPaw="2" x="195" transcription="ا" LatinTrans="Alif_I">
        <lettre idLettre="1" x="195" transcription="ا" LatinTrans="Alif_I" />
      </paw>
      <paw idPaw="3" x="135" transcription="لتسا" LatinTrans="Laam_B Taaa_M Siin_M Alif_E">
        <lettre idLettre="1" x="188" transcription="ل" LatinTrans="Laam_B" />
        <lettre idLettre="2" x="171" transcription="ت" LatinTrans="Taaa_M" />
        <lettre idLettre="3" x="144" transcription="س" LatinTrans="Siin_M" />
        <lettre idLettre="4" x="135" transcription="ا" LatinTrans="Alif_E" />
      </paw>
      <paw idPaw="4" x="91" transcription="مح" LatinTrans="Miim_B Haaa_E">
        <lettre idLettre="1" x="116" transcription="م" LatinTrans="Miim_B" />
        <lettre idLettre="2" x="91" transcription="ح" LatinTrans="Haaa_E" />
      </paw>
    </word>
    <word idWord="6" x="85" transcription=" " LatinTrans="SPACE">
      <paw idPaw="1" x="85" transcription=" " LatinTrans="SPACE">
        <lettre idLettre="1" x="85" transcription=" " LatinTrans="SPACE" />
      </paw>
    </word>
    <word idWord="7" x="0" transcription="الثوري" LatinTrans="Alif_I Laam_B Thaa_M Waaw_E Raa_I Yaa_I">
      <paw idPaw="1" x="80" transcription="ا" LatinTrans="Alif_I">
        <lettre idLettre="1" x="80" transcription="ا" LatinTrans="Alif_I" />
      </paw>
      <paw idPaw="2" x="38" transcription="لثو" LatinTrans="Laam_B Thaa_M Waaw_E">
        <lettre idLettre="1" x="69" transcription="ل" LatinTrans="Laam_B" />
        <lettre idLettre="2" x="54" transcription="ث" LatinTrans="Thaa_M" />
        <lettre idLettre="3" x="38" transcription="و" LatinTrans="Waaw_E" />
      </paw>
      <paw idPaw="3" x="27" transcription="ر" LatinTrans="Raa_I">
        <lettre idLettre="1" x="27" transcription="ر" LatinTrans="Raa_I" />
      </paw>
      <paw idPaw="4" x="0" transcription="ي" LatinTrans="Yaa_I">
        <lettre idLettre="1" x="0" transcription="ي" LatinTrans="Yaa_I" />
      </paw>
    </word>
  </content>
</textImage>