﻿<?xml version="1.0" encoding="UTF-8" standalone="yes"?>
<textImage id="1" width="276" height="35" transcription="المعتقلون السوريون" image="aljazeera_3212-20-01-50_1">
  <ArabicTranscription>المعتقلون السوريون</ArabicTranscription>
  <LatinTranscription>Alif_I Laam_B Miim_M Ayn_M Taaa_M Gaaf_M Laam_M Waaw_E Nuun_I SPACE Alif_I Laam_B Siin_M Waaw_E Raa_I Yaa_B Waaw_E Nuun_I</LatinTranscription>
  <content>
    <word idWord="1" x="134" transcription="المعتقلون" LatinTrans="Alif_I Laam_B Miim_M Ayn_M Taaa_M Gaaf_M Laam_M Waaw_E Nuun_I">
      <paw idPaw="1" x="265" transcription="ا" LatinTrans="Alif_I">
        <lettre idLettre="1" x="265" transcription="ا" LatinTrans="Alif_I" />
      </paw>
      <paw idPaw="2" x="152" transcription="لمعتقلو" LatinTrans="Laam_B Miim_M Ayn_M Taaa_M Gaaf_M Laam_M Waaw_E">
        <lettre idLettre="1" x="260" transcription="ل" LatinTrans="Laam_B" />
        <lettre idLettre="2" x="245" transcription="م" LatinTrans="Miim_M" />
        <lettre idLettre="3" x="229" transcription="ع" LatinTrans="Ayn_M" />
        <lettre idLettre="4" x="216" transcription="ت" LatinTrans="Taaa_M" />
        <lettre idLettre="5" x="198" transcription="ق" LatinTrans="Gaaf_M" />
        <lettre idLettre="6" x="165" transcription="ل" LatinTrans="Laam_M" />
        <lettre idLettre="7" x="152" transcription="و" LatinTrans="Waaw_E" />
      </paw>
      <paw idPaw="3" x="134" transcription="ن" LatinTrans="Nuun_I">
        <lettre idLettre="1" x="134" transcription="ن" LatinTrans="Nuun_I" />
      </paw>
    </word>
    <word idWord="2" x="132" transcription=" " LatinTrans="SPACE">
      <paw idPaw="1" x="132" transcription=" " LatinTrans="SPACE">
        <lettre idLettre="1" x="132" transcription=" " LatinTrans="SPACE" />
      </paw>
    </word>
    <word idWord="3" x="0" transcription="السوريون" LatinTrans="Alif_I Laam_B Siin_M Waaw_E Raa_I Yaa_B Waaw_E Nuun_I">
      <paw idPaw="1" x="125" transcription="ا" LatinTrans="Alif_I">
        <lettre idLettre="1" x="125" transcription="ا" LatinTrans="Alif_I" />
      </paw>
      <paw idPaw="2" x="54" transcription="لسو" LatinTrans="Laam_B Siin_M Waaw_E">
        <lettre idLettre="1" x="117" transcription="ل" LatinTrans="Laam_B" />
        <lettre idLettre="2" x="94" transcription="س" LatinTrans="Siin_M" />
        <lettre idLettre="3" x="54" transcription="و" LatinTrans="Waaw_E" />
      </paw>
      <paw idPaw="3" x="47" transcription="ر" LatinTrans="Raa_I">
        <lettre idLettre="1" x="47" transcription="ر" LatinTrans="Raa_I" />
      </paw>
      <paw idPaw="4" x="22" transcription="يو" LatinTrans="Yaa_B Waaw_E">
        <lettre idLettre="1" x="34" transcription="ي" LatinTrans="Yaa_B" />
        <lettre idLettre="2" x="22" transcription="و" LatinTrans="Waaw_E" />
      </paw>
      <paw idPaw="5" x="0" transcription="ن" LatinTrans="Nuun_I">
        <lettre idLettre="1" x="0" transcription="ن" LatinTrans="Nuun_I" />
      </paw>
    </word>
  </content>
</textImage>