﻿<?xml version="1.0" encoding="UTF-8" standalone="yes"?>
<textImage id="1" width="450" height="40" transcription="خسائر الاقتصاد السوري جراء انقطاع الكهرباء" image="aljazeera_3212-17-49-30_1">
  <ArabicTranscription>خسائر الاقتصاد السوري جراء انقطاع الكهرباء</ArabicTranscription>
  <LatinTranscription>Xaa_B Siin_M Alif_E HamzaAboveAlifBroken_B Raa_E SPACE Alif_I Laam_Alif Gaaf_B Taaa_M Saad_M Alif_E Daal_I SPACE Alif_I Laam_B Siin_M Waaw_E Raa_I Yaa_I SPACE Jiim_B Raa_E Alif_I Hamza SPACE Alif_I Nuun_B Gaaf_M Thaaa_M Alif_E Ayn_I SPACE Alif_I Laam_B Kaaf_M Haa_M Raa_E Baa_B Alif_E Hamza</LatinTranscription>
  <content>
    <word idWord="1" x="381" transcription="خسائر" LatinTrans="Xaa_B Siin_M Alif_E HamzaAboveAlifBroken_B Raa_E">
      <paw idPaw="1" x="403" transcription="خسا" LatinTrans="Xaa_B Siin_M Alif_E">
        <lettre idLettre="1" x="432" transcription="خ" LatinTrans="Xaa_B" />
        <lettre idLettre="2" x="411" transcription="س" LatinTrans="Siin_M" />
        <lettre idLettre="3" x="403" transcription="ا" LatinTrans="Alif_E" />
      </paw>
      <paw idPaw="2" x="381" transcription="ئر" LatinTrans="HamzaAboveAlifBroken_B Raa_E">
        <lettre idLettre="1" x="393" transcription="ئ" LatinTrans="HamzaAboveAlifBroken_B" />
        <lettre idLettre="2" x="381" transcription="ر" LatinTrans="Raa_E" />
      </paw>
    </word>
    <word idWord="2" x="378" transcription=" " LatinTrans="SPACE">
      <paw idPaw="1" x="378" transcription=" " LatinTrans="SPACE">
        <lettre idLettre="1" x="378" transcription=" " LatinTrans="SPACE" />
      </paw>
    </word>
    <word idWord="3" x="290" transcription="الاقتصاد" LatinTrans="Alif_I Laam_Alif Gaaf_B Taaa_M Saad_M Alif_E Daal_I">
      <paw idPaw="1" x="371" transcription="ا" LatinTrans="Alif_I">
        <lettre idLettre="1" x="371" transcription="ا" LatinTrans="Alif_I" />
      </paw>
      <paw idPaw="2" x="357" transcription="لا" LatinTrans="Laam_Alif">
        <lettre idLettre="1" x="357" transcription="لا" LatinTrans="Laam_Alif" />
      </paw>
      <paw idPaw="3" x="302" transcription="قتصا" LatinTrans="Gaaf_B Taaa_M Saad_M Alif_E">
        <lettre idLettre="1" x="344" transcription="ق" LatinTrans="Gaaf_B" />
        <lettre idLettre="2" x="332" transcription="ت" LatinTrans="Taaa_M" />
        <lettre idLettre="3" x="309" transcription="ص" LatinTrans="Saad_M" />
        <lettre idLettre="4" x="302" transcription="ا" LatinTrans="Alif_E" />
      </paw>
      <paw idPaw="4" x="290" transcription="د" LatinTrans="Daal_I">
        <lettre idLettre="1" x="290" transcription="د" LatinTrans="Daal_I" />
      </paw>
    </word>
    <word idWord="4" x="286" transcription=" " LatinTrans="SPACE">
      <paw idPaw="1" x="286" transcription=" " LatinTrans="SPACE">
        <lettre idLettre="1" x="286" transcription=" " LatinTrans="SPACE" />
      </paw>
    </word>
    <word idWord="5" x="213" transcription="السوري" LatinTrans="Alif_I Laam_B Siin_M Waaw_E Raa_I Yaa_I">
      <paw idPaw="1" x="281" transcription="ا" LatinTrans="Alif_I">
        <lettre idLettre="1" x="281" transcription="ا" LatinTrans="Alif_I" />
      </paw>
      <paw idPaw="2" x="239" transcription="لسو" LatinTrans="Laam_B Siin_M Waaw_E">
        <lettre idLettre="1" x="273" transcription="ل" LatinTrans="Laam_B" />
        <lettre idLettre="2" x="253" transcription="س" LatinTrans="Siin_M" />
        <lettre idLettre="3" x="239" transcription="و" LatinTrans="Waaw_E" />
      </paw>
      <paw idPaw="3" x="231" transcription="ر" LatinTrans="Raa_I">
        <lettre idLettre="1" x="231" transcription="ر" LatinTrans="Raa_I" />
      </paw>
      <paw idPaw="4" x="213" transcription="ي" LatinTrans="Yaa_I">
        <lettre idLettre="1" x="213" transcription="ي" LatinTrans="Yaa_I" />
      </paw>
    </word>
    <word idWord="6" x="209" transcription=" " LatinTrans="SPACE">
      <paw idPaw="1" x="209" transcription=" " LatinTrans="SPACE">
        <lettre idLettre="1" x="209" transcription=" " LatinTrans="SPACE" />
      </paw>
    </word>
    <word idWord="7" x="167" transcription="جراء" LatinTrans="Jiim_B Raa_E Alif_I Hamza">
      <paw idPaw="1" x="184" transcription="جر" LatinTrans="Jiim_B Raa_E">
        <lettre idLettre="1" x="194" transcription="ج" LatinTrans="Jiim_B" />
        <lettre idLettre="2" x="184" transcription="ر" LatinTrans="Raa_E" />
      </paw>
      <paw idPaw="2" x="177" transcription="ا" LatinTrans="Alif_I">
        <lettre idLettre="1" x="177" transcription="ا" LatinTrans="Alif_I" />
      </paw>
      <paw idPaw="3" x="167" transcription="ء" LatinTrans="Hamza">
        <lettre idLettre="1" x="167" transcription="ء" LatinTrans="Hamza" />
      </paw>
    </word>
    <word idWord="8" x="160" transcription=" " LatinTrans="SPACE">
      <paw idPaw="1" x="160" transcription=" " LatinTrans="SPACE">
        <lettre idLettre="1" x="160" transcription=" " LatinTrans="SPACE" />
      </paw>
    </word>
    <word idWord="9" x="86" transcription="انقطاع" LatinTrans="Alif_I Nuun_B Gaaf_M Thaaa_M Alif_E Ayn_I">
      <paw idPaw="1" x="154" transcription="ا" LatinTrans="Alif_I">
        <lettre idLettre="1" x="154" transcription="ا" LatinTrans="Alif_I" />
      </paw>
      <paw idPaw="2" x="103" transcription="نقطا" LatinTrans="Nuun_B Gaaf_M Thaaa_M Alif_E">
        <lettre idLettre="1" x="144" transcription="ن" LatinTrans="Nuun_B" />
        <lettre idLettre="2" x="130" transcription="ق" LatinTrans="Gaaf_M" />
        <lettre idLettre="3" x="108" transcription="ط" LatinTrans="Thaaa_M" />
        <lettre idLettre="4" x="103" transcription="ا" LatinTrans="Alif_E" />
      </paw>
      <paw idPaw="3" x="86" transcription="ع" LatinTrans="Ayn_I">
        <lettre idLettre="1" x="86" transcription="ع" LatinTrans="Ayn_I" />
      </paw>
    </word>
    <word idWord="10" x="82" transcription=" " LatinTrans="SPACE">
      <paw idPaw="1" x="82" transcription=" " LatinTrans="SPACE">
        <lettre idLettre="1" x="82" transcription=" " LatinTrans="SPACE" />
      </paw>
    </word>
    <word idWord="11" x="0" transcription="الكهرباء" LatinTrans="Alif_I Laam_B Kaaf_M Haa_M Raa_E Baa_B Alif_E Hamza">
      <paw idPaw="1" x="75" transcription="ا" LatinTrans="Alif_I">
        <lettre idLettre="1" x="75" transcription="ا" LatinTrans="Alif_I" />
      </paw>
      <paw idPaw="2" x="34" transcription="لكهر" LatinTrans="Laam_B Kaaf_M Haa_M Raa_E">
        <lettre idLettre="1" x="67" transcription="ل" LatinTrans="Laam_B" />
        <lettre idLettre="2" x="58" transcription="ك" LatinTrans="Kaaf_M" />
        <lettre idLettre="3" x="43" transcription="ه" LatinTrans="Haa_M" />
        <lettre idLettre="4" x="34" transcription="ر" LatinTrans="Raa_E" />
      </paw>
      <paw idPaw="3" x="15" transcription="با" LatinTrans="Baa_B Alif_E">
        <lettre idLettre="1" x="25" transcription="ب" LatinTrans="Baa_B" />
        <lettre idLettre="2" x="15" transcription="ا" LatinTrans="Alif_E" />
      </paw>
      <paw idPaw="4" x="0" transcription="ء" LatinTrans="Hamza">
        <lettre idLettre="1" x="0" transcription="ء" LatinTrans="Hamza" />
      </paw>
    </word>
  </content>
</textImage>