﻿<?xml version="1.0" encoding="UTF-8" standalone="yes"?>
<textImage id="1" width="313" height="32" transcription="حكومة تكنوقراط ليست" image="aljazeera_3211-10-49-20_1">
  <ArabicTranscription>حكومة تكنوقراط ليست</ArabicTranscription>
  <LatinTranscription>Haaa_B Kaaf_M Waaw_E Miim_B TaaaClosed_E SPACE Taaa_B Kaaf_M Nuun_M Waaw_E Gaaf_B Raa_E Alif_I Thaaa_I SPACE Laam_B Yaa_M Siin_M Taaa_E</LatinTranscription>
  <content>
    <word idWord="1" x="210" transcription="حكومة" LatinTrans="Haaa_B Kaaf_M Waaw_E Miim_B TaaaClosed_E">
      <paw idPaw="1" x="245" transcription="حكو" LatinTrans="Haaa_B Kaaf_M Waaw_E">
        <lettre idLettre="1" x="293" transcription="ح" LatinTrans="Haaa_B" />
        <lettre idLettre="2" x="266" transcription="ك" LatinTrans="Kaaf_M" />
        <lettre idLettre="3" x="245" transcription="و" LatinTrans="Waaw_E" />
      </paw>
      <paw idPaw="2" x="210" transcription="مة" LatinTrans="Miim_B TaaaClosed_E">
        <lettre idLettre="1" x="232" transcription="م" LatinTrans="Miim_B" />
        <lettre idLettre="2" x="210" transcription="ة" LatinTrans="TaaaClosed_E" />
      </paw>
    </word>
    <word idWord="2" x="206" transcription=" " LatinTrans="SPACE">
      <paw idPaw="1" x="206" transcription=" " LatinTrans="SPACE">
        <lettre idLettre="1" x="206" transcription=" " LatinTrans="SPACE" />
      </paw>
    </word>
    <word idWord="3" x="80" transcription="تكنوقراط" LatinTrans="Taaa_B Kaaf_M Nuun_M Waaw_E Gaaf_B Raa_E Alif_I Thaaa_I">
      <paw idPaw="1" x="125" transcription="تكنو" LatinTrans="Taaa_B Kaaf_M Nuun_M Waaw_E">
        <lettre idLettre="1" x="191" transcription="ت" LatinTrans="Taaa_B" />
        <lettre idLettre="2" x="168" transcription="ك" LatinTrans="Kaaf_M" />
        <lettre idLettre="3" x="143" transcription="ن" LatinTrans="Nuun_M" />
        <lettre idLettre="4" x="125" transcription="و" LatinTrans="Waaw_E" />
      </paw>
      <paw idPaw="2" x="103" transcription="قر" LatinTrans="Gaaf_B Raa_E">
        <lettre idLettre="1" x="112" transcription="ق" LatinTrans="Gaaf_B" />
        <lettre idLettre="2" x="103" transcription="ر" LatinTrans="Raa_E" />
      </paw>
      <paw idPaw="3" x="97" transcription="ا" LatinTrans="Alif_I">
        <lettre idLettre="1" x="97" transcription="ا" LatinTrans="Alif_I" />
      </paw>
      <paw idPaw="4" x="80" transcription="ط" LatinTrans="Thaaa_I">
        <lettre idLettre="1" x="80" transcription="ط" LatinTrans="Thaaa_I" />
      </paw>
    </word>
    <word idWord="4" x="76" transcription=" " LatinTrans="SPACE">
      <paw idPaw="1" x="76" transcription=" " LatinTrans="SPACE">
        <lettre idLettre="1" x="76" transcription=" " LatinTrans="SPACE" />
      </paw>
    </word>
    <word idWord="5" x="0" transcription="ليست" LatinTrans="Laam_B Yaa_M Siin_M Taaa_E">
      <paw idPaw="1" x="0" transcription="ليست" LatinTrans="Laam_B Yaa_M Siin_M Taaa_E">
        <lettre idLettre="1" x="70" transcription="ل" LatinTrans="Laam_B" />
        <lettre idLettre="2" x="59" transcription="ي" LatinTrans="Yaa_M" />
        <lettre idLettre="3" x="40" transcription="س" LatinTrans="Siin_M" />
        <lettre idLettre="4" x="0" transcription="ت" LatinTrans="Taaa_E" />
      </paw>
    </word>
  </content>
</textImage>