﻿<?xml version="1.0" encoding="UTF-8" standalone="yes"?>
<textImage id="2" width="184" height="32" transcription="ربى خليل" image="aljazeera_3212-00-55-30_2">
  <ArabicTranscription>ربى خليل</ArabicTranscription>
  <LatinTranscription>Raa_I Baa_B AlifBroken_E SPACE Xaa_B Laam_M Yaa_M Laam_E</LatinTranscription>
  <content>
    <word idWord="1" x="113" transcription="ربى" LatinTrans="Raa_I Baa_B AlifBroken_E">
      <paw idPaw="1" x="170" transcription="ر" LatinTrans="Raa_I">
        <lettre idLettre="1" x="170" transcription="ر" LatinTrans="Raa_I" />
      </paw>
      <paw idPaw="2" x="113" transcription="بى" LatinTrans="Baa_B AlifBroken_E">
        <lettre idLettre="1" x="155" transcription="ب" LatinTrans="Baa_B" />
        <lettre idLettre="2" x="113" transcription="ى" LatinTrans="AlifBroken_E" />
      </paw>
    </word>
    <word idWord="2" x="107" transcription=" " LatinTrans="SPACE">
      <paw idPaw="1" x="107" transcription=" " LatinTrans="SPACE">
        <lettre idLettre="1" x="107" transcription=" " LatinTrans="SPACE" />
      </paw>
    </word>
    <word idWord="3" x="0" transcription="خليل" LatinTrans="Xaa_B Laam_M Yaa_M Laam_E">
      <paw idPaw="1" x="0" transcription="خليل" LatinTrans="Xaa_B Laam_M Yaa_M Laam_E">
        <lettre idLettre="1" x="89" transcription="خ" LatinTrans="Xaa_B" />
        <lettre idLettre="2" x="65" transcription="ل" LatinTrans="Laam_M" />
        <lettre idLettre="3" x="32" transcription="ي" LatinTrans="Yaa_M" />
        <lettre idLettre="4" x="0" transcription="ل" LatinTrans="Laam_E" />
      </paw>
    </word>
  </content>
</textImage>