﻿<?xml version="1.0" encoding="UTF-8" standalone="yes"?>
<textImage id="5" width="152" height="45" transcription="ريال قطري" image="aljazeera_3212-10-47-30_5">
  <ArabicTranscription>ريال قطري</ArabicTranscription>
  <LatinTranscription>Raa_I Yaa_B Alif_E Laam_I SPACE Gaaf_B Thaaa_M Raa_E Yaa_I</LatinTranscription>
  <content>
    <word idWord="1" x="99" transcription="ريال" LatinTrans="Raa_I Yaa_B Alif_E Laam_I">
      <paw idPaw="1" x="138" transcription="ر" LatinTrans="Raa_I">
        <lettre idLettre="1" x="138" transcription="ر" LatinTrans="Raa_I" />
      </paw>
      <paw idPaw="2" x="117" transcription="يا" LatinTrans="Yaa_B Alif_E">
        <lettre idLettre="1" x="126" transcription="ي" LatinTrans="Yaa_B" />
        <lettre idLettre="2" x="117" transcription="ا" LatinTrans="Alif_E" />
      </paw>
      <paw idPaw="3" x="99" transcription="ل" LatinTrans="Laam_I">
        <lettre idLettre="1" x="99" transcription="ل" LatinTrans="Laam_I" />
      </paw>
    </word>
    <word idWord="2" x="93" transcription=" " LatinTrans="SPACE">
      <paw idPaw="1" x="93" transcription=" " LatinTrans="SPACE">
        <lettre idLettre="1" x="93" transcription=" " LatinTrans="SPACE" />
      </paw>
    </word>
    <word idWord="3" x="0" transcription="قطري" LatinTrans="Gaaf_B Thaaa_M Raa_E Yaa_I">
      <paw idPaw="1" x="22" transcription="قطر" LatinTrans="Gaaf_B Thaaa_M Raa_E">
        <lettre idLettre="1" x="73" transcription="ق" LatinTrans="Gaaf_B" />
        <lettre idLettre="2" x="48" transcription="ط" LatinTrans="Thaaa_M" />
        <lettre idLettre="3" x="22" transcription="ر" LatinTrans="Raa_E" />
      </paw>
      <paw idPaw="2" x="0" transcription="ي" LatinTrans="Yaa_I">
        <lettre idLettre="1" x="0" transcription="ي" LatinTrans="Yaa_I" />
      </paw>
    </word>
  </content>
</textImage>