﻿<?xml version="1.0" encoding="UTF-8" standalone="yes"?>
<textImage id="1" width="174" height="34" transcription="أفضل شركة طيران" image="aljazeera_3212-00-57-20_1">
  <ArabicTranscription>أفضل شركة طيران</ArabicTranscription>
  <LatinTranscription>HamzaAboveAlif_I Faa_B Daad_M Laam_E SPACE Shiin_B Raa_E Kaaf_B TaaaClosed_E SPACE Thaaa_B Yaa_M Raa_E Alif_I Nuun_I</LatinTranscription>
  <content>
    <word idWord="1" x="114" transcription="أفضل" LatinTrans="HamzaAboveAlif_I Faa_B Daad_M Laam_E">
      <paw idPaw="1" x="162" transcription="أ" LatinTrans="HamzaAboveAlif_I">
        <lettre idLettre="1" x="162" transcription="أ" LatinTrans="HamzaAboveAlif_I" />
      </paw>
      <paw idPaw="2" x="114" transcription="فضل" LatinTrans="Faa_B Daad_M Laam_E">
        <lettre idLettre="1" x="148" transcription="ف" LatinTrans="Faa_B" />
        <lettre idLettre="2" x="130" transcription="ض" LatinTrans="Daad_M" />
        <lettre idLettre="3" x="114" transcription="ل" LatinTrans="Laam_E" />
      </paw>
    </word>
    <word idWord="2" x="109" transcription=" " LatinTrans="SPACE">
      <paw idPaw="1" x="109" transcription=" " LatinTrans="SPACE">
        <lettre idLettre="1" x="109" transcription=" " LatinTrans="SPACE" />
      </paw>
    </word>
    <word idWord="3" x="63" transcription="شركة" LatinTrans="Shiin_B Raa_E Kaaf_B TaaaClosed_E">
      <paw idPaw="1" x="85" transcription="شر" LatinTrans="Shiin_B Raa_E">
        <lettre idLettre="1" x="94" transcription="ش" LatinTrans="Shiin_B" />
        <lettre idLettre="2" x="85" transcription="ر" LatinTrans="Raa_E" />
      </paw>
      <paw idPaw="2" x="63" transcription="كة" LatinTrans="Kaaf_B TaaaClosed_E">
        <lettre idLettre="1" x="73" transcription="ك" LatinTrans="Kaaf_B" />
        <lettre idLettre="2" x="63" transcription="ة" LatinTrans="TaaaClosed_E" />
      </paw>
    </word>
    <word idWord="4" x="59" transcription=" " LatinTrans="SPACE">
      <paw idPaw="1" x="59" transcription=" " LatinTrans="SPACE">
        <lettre idLettre="1" x="59" transcription=" " LatinTrans="SPACE" />
      </paw>
    </word>
    <word idWord="5" x="0" transcription="طيران" LatinTrans="Thaaa_B Yaa_M Raa_E Alif_I Nuun_I">
      <paw idPaw="1" x="25" transcription="طير" LatinTrans="Thaaa_B Yaa_M Raa_E">
        <lettre idLettre="1" x="42" transcription="ط" LatinTrans="Thaaa_B" />
        <lettre idLettre="2" x="32" transcription="ي" LatinTrans="Yaa_M" />
        <lettre idLettre="3" x="25" transcription="ر" LatinTrans="Raa_E" />
      </paw>
      <paw idPaw="2" x="19" transcription="ا" LatinTrans="Alif_I">
        <lettre idLettre="1" x="19" transcription="ا" LatinTrans="Alif_I" />
      </paw>
      <paw idPaw="3" x="0" transcription="ن" LatinTrans="Nuun_I">
        <lettre idLettre="1" x="0" transcription="ن" LatinTrans="Nuun_I" />
      </paw>
    </word>
  </content>
</textImage>