﻿<?xml version="1.0" encoding="UTF-8" standalone="yes"?>
<textImage id="1" width="338" height="32" transcription="اتصلت بنا قيادات حركة النهضة" image="aljazeera_3211-10-51-30_1">
  <ArabicTranscription>اتصلت بنا قيادات حركة النهضة</ArabicTranscription>
  <LatinTranscription>Alif_I Taaa_B Saad_M Laam_M Taaa_E SPACE Baa_B Nuun_M Alif_E SPACE Gaaf_B Yaa_M Alif_E Daal_I Alif_I Taaa_I SPACE Haaa_B Raa_E Kaaf_B TaaaClosed_E SPACE Alif_I Laam_B Nuun_M Haa_M Daad_M TaaaClosed_E</LatinTranscription>
  <content>
    <word idWord="1" x="261" transcription="اتصلت" LatinTrans="Alif_I Taaa_B Saad_M Laam_M Taaa_E">
      <paw idPaw="1" x="329" transcription="ا" LatinTrans="Alif_I">
        <lettre idLettre="1" x="329" transcription="ا" LatinTrans="Alif_I" />
      </paw>
      <paw idPaw="2" x="261" transcription="تصلت" LatinTrans="Taaa_B Saad_M Laam_M Taaa_E">
        <lettre idLettre="1" x="320" transcription="ت" LatinTrans="Taaa_B" />
        <lettre idLettre="2" x="302" transcription="ص" LatinTrans="Saad_M" />
        <lettre idLettre="3" x="292" transcription="ل" LatinTrans="Laam_M" />
        <lettre idLettre="4" x="261" transcription="ت" LatinTrans="Taaa_E" />
      </paw>
    </word>
    <word idWord="2" x="257" transcription=" " LatinTrans="SPACE">
      <paw idPaw="1" x="257" transcription=" " LatinTrans="SPACE">
        <lettre idLettre="1" x="257" transcription=" " LatinTrans="SPACE" />
      </paw>
    </word>
    <word idWord="3" x="218" transcription="بنا" LatinTrans="Baa_B Nuun_M Alif_E">
      <paw idPaw="1" x="218" transcription="بنا" LatinTrans="Baa_B Nuun_M Alif_E">
        <lettre idLettre="1" x="248" transcription="ب" LatinTrans="Baa_B" />
        <lettre idLettre="2" x="237" transcription="ن" LatinTrans="Nuun_M" />
        <lettre idLettre="3" x="218" transcription="ا" LatinTrans="Alif_E" />
      </paw>
    </word>
    <word idWord="4" x="214" transcription=" " LatinTrans="SPACE">
      <paw idPaw="1" x="214" transcription=" " LatinTrans="SPACE">
        <lettre idLettre="1" x="214" transcription=" " LatinTrans="SPACE" />
      </paw>
    </word>
    <word idWord="5" x="150" transcription="قيادات" LatinTrans="Gaaf_B Yaa_M Alif_E Daal_I Alif_I Taaa_I">
      <paw idPaw="1" x="183" transcription="قيا" LatinTrans="Gaaf_B Yaa_M Alif_E">
        <lettre idLettre="1" x="200" transcription="ق" LatinTrans="Gaaf_B" />
        <lettre idLettre="2" x="191" transcription="ي" LatinTrans="Yaa_M" />
        <lettre idLettre="3" x="183" transcription="ا" LatinTrans="Alif_E" />
      </paw>
      <paw idPaw="2" x="174" transcription="د" LatinTrans="Daal_I">
        <lettre idLettre="1" x="174" transcription="د" LatinTrans="Daal_I" />
      </paw>
      <paw idPaw="3" x="169" transcription="ا" LatinTrans="Alif_I">
        <lettre idLettre="1" x="169" transcription="ا" LatinTrans="Alif_I" />
      </paw>
      <paw idPaw="4" x="150" transcription="ت" LatinTrans="Taaa_I">
        <lettre idLettre="1" x="150" transcription="ت" LatinTrans="Taaa_I" />
      </paw>
    </word>
    <word idWord="6" x="146" transcription=" " LatinTrans="SPACE">
      <paw idPaw="1" x="146" transcription=" " LatinTrans="SPACE">
        <lettre idLettre="1" x="146" transcription=" " LatinTrans="SPACE" />
      </paw>
    </word>
    <word idWord="7" x="86" transcription="حركة" LatinTrans="Haaa_B Raa_E Kaaf_B TaaaClosed_E">
      <paw idPaw="1" x="122" transcription="حر" LatinTrans="Haaa_B Raa_E">
        <lettre idLettre="1" x="132" transcription="ح" LatinTrans="Haaa_B" />
        <lettre idLettre="2" x="122" transcription="ر" LatinTrans="Raa_E" />
      </paw>
      <paw idPaw="2" x="86" transcription="كة" LatinTrans="Kaaf_B TaaaClosed_E">
        <lettre idLettre="1" x="109" transcription="ك" LatinTrans="Kaaf_B" />
        <lettre idLettre="2" x="86" transcription="ة" LatinTrans="TaaaClosed_E" />
      </paw>
    </word>
    <word idWord="8" x="83" transcription=" " LatinTrans="SPACE">
      <paw idPaw="1" x="83" transcription=" " LatinTrans="SPACE">
        <lettre idLettre="1" x="83" transcription=" " LatinTrans="SPACE" />
      </paw>
    </word>
    <word idWord="9" x="0" transcription="النهضة" LatinTrans="Alif_I Laam_B Nuun_M Haa_M Daad_M TaaaClosed_E">
      <paw idPaw="1" x="77" transcription="ا" LatinTrans="Alif_I">
        <lettre idLettre="1" x="77" transcription="ا" LatinTrans="Alif_I" />
      </paw>
      <paw idPaw="2" x="0" transcription="لنهضة" LatinTrans="Laam_B Nuun_M Haa_M Daad_M TaaaClosed_E">
        <lettre idLettre="1" x="70" transcription="ل" LatinTrans="Laam_B" />
        <lettre idLettre="2" x="61" transcription="ن" LatinTrans="Nuun_M" />
        <lettre idLettre="3" x="52" transcription="ه" LatinTrans="Haa_M" />
        <lettre idLettre="4" x="31" transcription="ض" LatinTrans="Daad_M" />
        <lettre idLettre="5" x="0" transcription="ة" LatinTrans="TaaaClosed_E" />
      </paw>
    </word>
  </content>
</textImage>