﻿<?xml version="1.0" encoding="UTF-8" standalone="yes"?>
<textImage id="1" width="498" height="45" transcription="نحو 450 طائرة بريطانية بدون طيار" image="aljazeera_3213-05-37-10_1">
  <ArabicTranscription>نحو 450 طائرة بريطانية بدون طيار</ArabicTranscription>
  <LatinTranscription>Nuun_B Haaa_M Waaw_E SPACE Zero Five Four SPACE Thaaa_B Alif_E HamzaAboveAlifBroken_B Raa_E TaaaClosed_I SPACE Baa_B Raa_E Yaa_B Thaaa_M Alif_E Nuun_B Yaa_M TaaaClosed_E SPACE Baa_B Daal_E Waaw_I Nuun_I SPACE Thaaa_B Yaa_M Alif_E Raa_I</LatinTranscription>
  <content>
    <word idWord="1" x="440" transcription="نحو" LatinTrans="Nuun_B Haaa_M Waaw_E">
      <paw idPaw="1" x="440" transcription="نحو" LatinTrans="Nuun_B Haaa_M Waaw_E">
        <lettre idLettre="1" x="478" transcription="ن" LatinTrans="Nuun_B" />
        <lettre idLettre="2" x="458" transcription="ح" LatinTrans="Haaa_M" />
        <lettre idLettre="3" x="440" transcription="و" LatinTrans="Waaw_E" />
      </paw>
    </word>
    <word idWord="2" x="435" transcription=" " LatinTrans="SPACE">
      <paw idPaw="1" x="435" transcription=" " LatinTrans="SPACE">
        <lettre idLettre="1" x="435" transcription=" " LatinTrans="SPACE" />
      </paw>
    </word>
    <word idWord="3" x="380" transcription="450" LatinTrans="Zero Five Four">
      <paw idPaw="1" x="417" transcription="0" LatinTrans="Zero">
        <lettre idLettre="1" x="417" transcription="0" LatinTrans="Zero" />
      </paw>
      <paw idPaw="2" x="401" transcription="5" LatinTrans="Five">
        <lettre idLettre="1" x="401" transcription="5" LatinTrans="Five" />
      </paw>
      <paw idPaw="3" x="380" transcription="4" LatinTrans="Four">
        <lettre idLettre="1" x="380" transcription="4" LatinTrans="Four" />
      </paw>
    </word>
    <word idWord="4" x="375" transcription=" " LatinTrans="SPACE">
      <paw idPaw="1" x="375" transcription=" " LatinTrans="SPACE">
        <lettre idLettre="1" x="375" transcription=" " LatinTrans="SPACE" />
      </paw>
    </word>
    <word idWord="5" x="294" transcription="طائرة" LatinTrans="Thaaa_B Alif_E HamzaAboveAlifBroken_B Raa_E TaaaClosed_I">
      <paw idPaw="1" x="340" transcription="طا" LatinTrans="Thaaa_B Alif_E">
        <lettre idLettre="1" x="346" transcription="ط" LatinTrans="Thaaa_B" />
        <lettre idLettre="2" x="340" transcription="ا" LatinTrans="Alif_E" />
      </paw>
      <paw idPaw="2" x="311" transcription="ئر" LatinTrans="HamzaAboveAlifBroken_B Raa_E">
        <lettre idLettre="1" x="324" transcription="ئ" LatinTrans="HamzaAboveAlifBroken_B" />
        <lettre idLettre="2" x="311" transcription="ر" LatinTrans="Raa_E" />
      </paw>
      <paw idPaw="3" x="294" transcription="ة" LatinTrans="TaaaClosed_I">
        <lettre idLettre="1" x="294" transcription="ة" LatinTrans="TaaaClosed_I" />
      </paw>
    </word>
    <word idWord="6" x="288" transcription=" " LatinTrans="SPACE">
      <paw idPaw="1" x="288" transcription=" " LatinTrans="SPACE">
        <lettre idLettre="1" x="288" transcription=" " LatinTrans="SPACE" />
      </paw>
    </word>
    <word idWord="7" x="155" transcription="بريطانية" LatinTrans="Baa_B Raa_E Yaa_B Thaaa_M Alif_E Nuun_B Yaa_M TaaaClosed_E">
      <paw idPaw="1" x="259" transcription="بر" LatinTrans="Baa_B Raa_E">
        <lettre idLettre="1" x="274" transcription="ب" LatinTrans="Baa_B" />
        <lettre idLettre="2" x="259" transcription="ر" LatinTrans="Raa_E" />
      </paw>
      <paw idPaw="2" x="210" transcription="يطا" LatinTrans="Yaa_B Thaaa_M Alif_E">
        <lettre idLettre="1" x="245" transcription="ي" LatinTrans="Yaa_B" />
        <lettre idLettre="2" x="219" transcription="ط" LatinTrans="Thaaa_M" />
        <lettre idLettre="3" x="210" transcription="ا" LatinTrans="Alif_E" />
      </paw>
      <paw idPaw="3" x="155" transcription="نية" LatinTrans="Nuun_B Yaa_M TaaaClosed_E">
        <lettre idLettre="1" x="197" transcription="ن" LatinTrans="Nuun_B" />
        <lettre idLettre="2" x="179" transcription="ي" LatinTrans="Yaa_M" />
        <lettre idLettre="3" x="155" transcription="ة" LatinTrans="TaaaClosed_E" />
      </paw>
    </word>
    <word idWord="8" x="148" transcription=" " LatinTrans="SPACE">
      <paw idPaw="1" x="148" transcription=" " LatinTrans="SPACE">
        <lettre idLettre="1" x="148" transcription=" " LatinTrans="SPACE" />
      </paw>
    </word>
    <word idWord="9" x="79" transcription="بدون" LatinTrans="Baa_B Daal_E Waaw_I Nuun_I">
      <paw idPaw="1" x="116" transcription="بد" LatinTrans="Baa_B Daal_E">
        <lettre idLettre="1" x="135" transcription="ب" LatinTrans="Baa_B" />
        <lettre idLettre="2" x="116" transcription="د" LatinTrans="Daal_E" />
      </paw>
      <paw idPaw="2" x="102" transcription="و" LatinTrans="Waaw_I">
        <lettre idLettre="1" x="102" transcription="و" LatinTrans="Waaw_I" />
      </paw>
      <paw idPaw="3" x="79" transcription="ن" LatinTrans="Nuun_I">
        <lettre idLettre="1" x="79" transcription="ن" LatinTrans="Nuun_I" />
      </paw>
    </word>
    <word idWord="10" x="74" transcription=" " LatinTrans="SPACE">
      <paw idPaw="1" x="74" transcription=" " LatinTrans="SPACE">
        <lettre idLettre="1" x="74" transcription=" " LatinTrans="SPACE" />
      </paw>
    </word>
    <word idWord="11" x="0" transcription="طيار" LatinTrans="Thaaa_B Yaa_M Alif_E Raa_I">
      <paw idPaw="1" x="23" transcription="طيا" LatinTrans="Thaaa_B Yaa_M Alif_E">
        <lettre idLettre="1" x="49" transcription="ط" LatinTrans="Thaaa_B" />
        <lettre idLettre="2" x="30" transcription="ي" LatinTrans="Yaa_M" />
        <lettre idLettre="3" x="23" transcription="ا" LatinTrans="Alif_E" />
      </paw>
      <paw idPaw="2" x="0" transcription="ر" LatinTrans="Raa_I">
        <lettre idLettre="1" x="0" transcription="ر" LatinTrans="Raa_I" />
      </paw>
    </word>
  </content>
</textImage>