﻿<?xml version="1.0" encoding="UTF-8" standalone="yes"?>
<textImage id="1" width="493" height="56" transcription="الاختبار النووي الأخير لكوريا الشمالية" image="aljazeera_3213-05-35-30_1">
  <ArabicTranscription>الاختبار النووي الأخير لكوريا الشمالية</ArabicTranscription>
  <LatinTranscription>Alif_I Laam_Alif Xaa_B Taaa_M Baa_M Alif_E Raa_I SPACE Alif_I Laam_B Nuun_M Waaw_E Waaw_I Yaa_I SPACE Alif_I Laam_HamzaAboveAlif Xaa_B Yaa_M Raa_E SPACE Laam_B Kaaf_M Waaw_E Raa_I Yaa_B Alif_E SPACE Alif_I Laam_B Shiin_M Miim_M Alif_E Laam_B Yaa_M TaaaClosed_E</LatinTranscription>
  <content>
    <word idWord="1" x="390" transcription="الاختبار" LatinTrans="Alif_I Laam_Alif Xaa_B Taaa_M Baa_M Alif_E Raa_I">
      <paw idPaw="1" x="480" transcription="ا" LatinTrans="Alif_I">
        <lettre idLettre="1" x="480" transcription="ا" LatinTrans="Alif_I" />
      </paw>
      <paw idPaw="2" x="462" transcription="لا" LatinTrans="Laam_Alif">
        <lettre idLettre="1" x="462" transcription="لا" LatinTrans="Laam_Alif" />
      </paw>
      <paw idPaw="3" x="404" transcription="ختبا" LatinTrans="Xaa_B Taaa_M Baa_M Alif_E">
        <lettre idLettre="1" x="443" transcription="خ" LatinTrans="Xaa_B" />
        <lettre idLettre="2" x="428" transcription="ت" LatinTrans="Taaa_M" />
        <lettre idLettre="3" x="414" transcription="ب" LatinTrans="Baa_M" />
        <lettre idLettre="4" x="404" transcription="ا" LatinTrans="Alif_E" />
      </paw>
      <paw idPaw="4" x="390" transcription="ر" LatinTrans="Raa_I">
        <lettre idLettre="1" x="390" transcription="ر" LatinTrans="Raa_I" />
      </paw>
    </word>
    <word idWord="2" x="386" transcription=" " LatinTrans="SPACE">
      <paw idPaw="1" x="386" transcription=" " LatinTrans="SPACE">
        <lettre idLettre="1" x="386" transcription=" " LatinTrans="SPACE" />
      </paw>
    </word>
    <word idWord="3" x="300" transcription="النووي" LatinTrans="Alif_I Laam_B Nuun_M Waaw_E Waaw_I Yaa_I">
      <paw idPaw="1" x="376" transcription="ا" LatinTrans="Alif_I">
        <lettre idLettre="1" x="376" transcription="ا" LatinTrans="Alif_I" />
      </paw>
      <paw idPaw="2" x="338" transcription="لنو" LatinTrans="Laam_B Nuun_M Waaw_E">
        <lettre idLettre="1" x="368" transcription="ل" LatinTrans="Laam_B" />
        <lettre idLettre="2" x="353" transcription="ن" LatinTrans="Nuun_M" />
        <lettre idLettre="3" x="338" transcription="و" LatinTrans="Waaw_E" />
      </paw>
      <paw idPaw="3" x="322" transcription="و" LatinTrans="Waaw_I">
        <lettre idLettre="1" x="322" transcription="و" LatinTrans="Waaw_I" />
      </paw>
      <paw idPaw="4" x="300" transcription="ي" LatinTrans="Yaa_I">
        <lettre idLettre="1" x="300" transcription="ي" LatinTrans="Yaa_I" />
      </paw>
    </word>
    <word idWord="4" x="294" transcription=" " LatinTrans="SPACE">
      <paw idPaw="1" x="294" transcription=" " LatinTrans="SPACE">
        <lettre idLettre="1" x="294" transcription=" " LatinTrans="SPACE" />
      </paw>
    </word>
    <word idWord="5" x="220" transcription="الأخير" LatinTrans="Alif_I Laam_HamzaAboveAlif Xaa_B Yaa_M Raa_E">
      <paw idPaw="1" x="287" transcription="ا" LatinTrans="Alif_I">
        <lettre idLettre="1" x="287" transcription="ا" LatinTrans="Alif_I" />
      </paw>
      <paw idPaw="2" x="268" transcription="لأ" LatinTrans="Laam_HamzaAboveAlif">
        <lettre idLettre="1" x="268" transcription="لأ" LatinTrans="Laam_HamzaAboveAlif" />
      </paw>
      <paw idPaw="3" x="220" transcription="خير" LatinTrans="Xaa_B Yaa_M Raa_E">
        <lettre idLettre="1" x="249" transcription="خ" LatinTrans="Xaa_B" />
        <lettre idLettre="2" x="233" transcription="ي" LatinTrans="Yaa_M" />
        <lettre idLettre="3" x="220" transcription="ر" LatinTrans="Raa_E" />
      </paw>
    </word>
    <word idWord="6" x="213" transcription=" " LatinTrans="SPACE">
      <paw idPaw="1" x="213" transcription=" " LatinTrans="SPACE">
        <lettre idLettre="1" x="213" transcription=" " LatinTrans="SPACE" />
      </paw>
    </word>
    <word idWord="7" x="133" transcription="لكوريا" LatinTrans="Laam_B Kaaf_M Waaw_E Raa_I Yaa_B Alif_E">
      <paw idPaw="1" x="169" transcription="لكو" LatinTrans="Laam_B Kaaf_M Waaw_E">
        <lettre idLettre="1" x="204" transcription="ل" LatinTrans="Laam_B" />
        <lettre idLettre="2" x="187" transcription="ك" LatinTrans="Kaaf_M" />
        <lettre idLettre="3" x="169" transcription="و" LatinTrans="Waaw_E" />
      </paw>
      <paw idPaw="2" x="159" transcription="ر" LatinTrans="Raa_I">
        <lettre idLettre="1" x="159" transcription="ر" LatinTrans="Raa_I" />
      </paw>
      <paw idPaw="3" x="133" transcription="يا" LatinTrans="Yaa_B Alif_E">
        <lettre idLettre="1" x="142" transcription="ي" LatinTrans="Yaa_B" />
        <lettre idLettre="2" x="133" transcription="ا" LatinTrans="Alif_E" />
      </paw>
    </word>
    <word idWord="8" x="126" transcription=" " LatinTrans="SPACE">
      <paw idPaw="1" x="126" transcription=" " LatinTrans="SPACE">
        <lettre idLettre="1" x="126" transcription=" " LatinTrans="SPACE" />
      </paw>
    </word>
    <word idWord="9" x="0" transcription="الشمالية" LatinTrans="Alif_I Laam_B Shiin_M Miim_M Alif_E Laam_B Yaa_M TaaaClosed_E">
      <paw idPaw="1" x="117" transcription="ا" LatinTrans="Alif_I">
        <lettre idLettre="1" x="117" transcription="ا" LatinTrans="Alif_I" />
      </paw>
      <paw idPaw="2" x="54" transcription="لشما" LatinTrans="Laam_B Shiin_M Miim_M Alif_E">
        <lettre idLettre="1" x="109" transcription="ل" LatinTrans="Laam_B" />
        <lettre idLettre="2" x="83" transcription="ش" LatinTrans="Shiin_M" />
        <lettre idLettre="3" x="65" transcription="م" LatinTrans="Miim_M" />
        <lettre idLettre="4" x="54" transcription="ا" LatinTrans="Alif_E" />
      </paw>
      <paw idPaw="3" x="0" transcription="لية" LatinTrans="Laam_B Yaa_M TaaaClosed_E">
        <lettre idLettre="1" x="44" transcription="ل" LatinTrans="Laam_B" />
        <lettre idLettre="2" x="25" transcription="ي" LatinTrans="Yaa_M" />
        <lettre idLettre="3" x="0" transcription="ة" LatinTrans="TaaaClosed_E" />
      </paw>
    </word>
  </content>
</textImage>