﻿<?xml version="1.0" encoding="UTF-8" standalone="yes"?>
<textImage id="1" width="491" height="53" transcription="معلومات لأنها قد تسبب إحراجا" image="aljazeera_3213-05-34-50_3">
  <ArabicTranscription>معلومات لأنها قد تسبب إحراجا</ArabicTranscription>
  <LatinTranscription>Miim_B Ayn_M Laam_M Waaw_E Miim_B Alif_E Taaa_I SPACE Laam_HamzaAboveAlif Nuun_B Haa_M Alif_E SPACE Gaaf_B Daal_E SPACE Taaa_B Siin_M Baa_M Baa_E SPACE HamzaOnederAlif_I Haaa_B Raa_E Alif_I Jiim_B Alif_E</LatinTranscription>
  <content>
    <word idWord="1" x="367" transcription="معلومات" LatinTrans="Miim_B Ayn_M Laam_M Waaw_E Miim_B Alif_E Taaa_I">
      <paw idPaw="1" x="421" transcription="معلو" LatinTrans="Miim_B Ayn_M Laam_M Waaw_E">
        <lettre idLettre="1" x="471" transcription="م" LatinTrans="Miim_B" />
        <lettre idLettre="2" x="448" transcription="ع" LatinTrans="Ayn_M" />
        <lettre idLettre="3" x="436" transcription="ل" LatinTrans="Laam_M" />
        <lettre idLettre="4" x="421" transcription="و" LatinTrans="Waaw_E" />
      </paw>
      <paw idPaw="2" x="394" transcription="ما" LatinTrans="Miim_B Alif_E">
        <lettre idLettre="1" x="403" transcription="م" LatinTrans="Miim_B" />
        <lettre idLettre="2" x="394" transcription="ا" LatinTrans="Alif_E" />
      </paw>
      <paw idPaw="3" x="367" transcription="ت" LatinTrans="Taaa_I">
        <lettre idLettre="1" x="367" transcription="ت" LatinTrans="Taaa_I" />
      </paw>
    </word>
    <word idWord="2" x="362" transcription=" " LatinTrans="SPACE">
      <paw idPaw="1" x="362" transcription=" " LatinTrans="SPACE">
        <lettre idLettre="1" x="362" transcription=" " LatinTrans="SPACE" />
      </paw>
    </word>
    <word idWord="3" x="301" transcription="لأنها" LatinTrans="Laam_HamzaAboveAlif Nuun_B Haa_M Alif_E">
      <paw idPaw="1" x="343" transcription="لأ" LatinTrans="Laam_HamzaAboveAlif">
        <lettre idLettre="1" x="343" transcription="لأ" LatinTrans="Laam_HamzaAboveAlif" />
      </paw>
      <paw idPaw="2" x="301" transcription="نها" LatinTrans="Nuun_B Haa_M Alif_E">
        <lettre idLettre="1" x="331" transcription="ن" LatinTrans="Nuun_B" />
        <lettre idLettre="2" x="311" transcription="ه" LatinTrans="Haa_M" />
        <lettre idLettre="3" x="301" transcription="ا" LatinTrans="Alif_E" />
      </paw>
    </word>
    <word idWord="4" x="295" transcription=" " LatinTrans="SPACE">
      <paw idPaw="1" x="295" transcription=" " LatinTrans="SPACE">
        <lettre idLettre="1" x="295" transcription=" " LatinTrans="SPACE" />
      </paw>
    </word>
    <word idWord="5" x="232" transcription="قد" LatinTrans="Gaaf_B Daal_E">
      <paw idPaw="1" x="232" transcription="قد" LatinTrans="Gaaf_B Daal_E">
        <lettre idLettre="1" x="271" transcription="ق" LatinTrans="Gaaf_B" />
        <lettre idLettre="2" x="232" transcription="د" LatinTrans="Daal_E" />
      </paw>
    </word>
    <word idWord="6" x="227" transcription=" " LatinTrans="SPACE">
      <paw idPaw="1" x="227" transcription=" " LatinTrans="SPACE">
        <lettre idLettre="1" x="227" transcription=" " LatinTrans="SPACE" />
      </paw>
    </word>
    <word idWord="7" x="116" transcription="تسبب" LatinTrans="Taaa_B Siin_M Baa_M Baa_E">
      <paw idPaw="1" x="116" transcription="تسبب" LatinTrans="Taaa_B Siin_M Baa_M Baa_E">
        <lettre idLettre="1" x="210" transcription="ت" LatinTrans="Taaa_B" />
        <lettre idLettre="2" x="184" transcription="س" LatinTrans="Siin_M" />
        <lettre idLettre="3" x="161" transcription="ب" LatinTrans="Baa_M" />
        <lettre idLettre="4" x="116" transcription="ب" LatinTrans="Baa_E" />
      </paw>
    </word>
    <word idWord="8" x="111" transcription=" " LatinTrans="SPACE">
      <paw idPaw="1" x="111" transcription=" " LatinTrans="SPACE">
        <lettre idLettre="1" x="111" transcription=" " LatinTrans="SPACE" />
      </paw>
    </word>
    <word idWord="9" x="0" transcription="إحراجا" LatinTrans="HamzaOnederAlif_I Haaa_B Raa_E Alif_I Jiim_B Alif_E">
      <paw idPaw="1" x="103" transcription="إ" LatinTrans="HamzaOnederAlif_I">
        <lettre idLettre="1" x="103" transcription="إ" LatinTrans="HamzaUnderAlif_I" />
      </paw>
      <paw idPaw="2" x="68" transcription="حر" LatinTrans="Haaa_B Raa_E">
        <lettre idLettre="1" x="85" transcription="ح" LatinTrans="Haaa_B" />
        <lettre idLettre="2" x="68" transcription="ر" LatinTrans="Raa_E" />
      </paw>
      <paw idPaw="3" x="59" transcription="ا" LatinTrans="Alif_I">
        <lettre idLettre="1" x="59" transcription="ا" LatinTrans="Alif_I" />
      </paw>
      <paw idPaw="4" x="0" transcription="جا" LatinTrans="Jiim_B Alif_E">
        <lettre idLettre="1" x="37" transcription="ج" LatinTrans="Jiim_B" />
        <lettre idLettre="2" x="0" transcription="ا" LatinTrans="Alif_E" />
      </paw>
    </word>
  </content>
</textImage>