﻿<?xml version="1.0" encoding="UTF-8" standalone="yes"?>
<textImage id="1" width="491" height="54" transcription="استمرار التوتر في كشمير الهندية" image="aljazeera_3212-05-37-50_1">
  <ArabicTranscription>استمرار التوتر في كشمير الهندية</ArabicTranscription>
  <LatinTranscription>Alif_I Siin_B Taaa_M Miim_M Raa_E Alif_I Raa_I SPACE Alif_I Laam_B Taaa_M Waaw_E Taaa_B Raa_E SPACE Faa_B Yaa_E SPACE Kaaf_B Shiin_M Miim_M Yaa_M Raa_E SPACE Alif_I Laam_B Haa_M Nuun_M Daal_E Yaa_B TaaaClosed_E</LatinTranscription>
  <content>
    <word idWord="1" x="390" transcription="استمرار" LatinTrans="Alif_I Siin_B Taaa_M Miim_M Raa_E Alif_I Raa_I">
      <paw idPaw="1" x="481" transcription="ا" LatinTrans="Alif_I">
        <lettre idLettre="1" x="481" transcription="ا" LatinTrans="Alif_I" />
      </paw>
      <paw idPaw="2" x="409" transcription="ستمر" LatinTrans="Siin_B Taaa_M Miim_M Raa_E">
        <lettre idLettre="1" x="456" transcription="س" LatinTrans="Siin_B" />
        <lettre idLettre="2" x="439" transcription="ت" LatinTrans="Taaa_M" />
        <lettre idLettre="3" x="424" transcription="م" LatinTrans="Miim_M" />
        <lettre idLettre="4" x="409" transcription="ر" LatinTrans="Raa_E" />
      </paw>
      <paw idPaw="3" x="401" transcription="ا" LatinTrans="Alif_I">
        <lettre idLettre="1" x="401" transcription="ا" LatinTrans="Alif_I" />
      </paw>
      <paw idPaw="4" x="390" transcription="ر" LatinTrans="Raa_I">
        <lettre idLettre="1" x="390" transcription="ر" LatinTrans="Raa_I" />
      </paw>
    </word>
    <word idWord="2" x="384" transcription=" " LatinTrans="SPACE">
      <paw idPaw="1" x="384" transcription=" " LatinTrans="SPACE">
        <lettre idLettre="1" x="384" transcription=" " LatinTrans="SPACE" />
      </paw>
    </word>
    <word idWord="3" x="306" transcription="التوتر" LatinTrans="Alif_I Laam_B Taaa_M Waaw_E Taaa_B Raa_E">
      <paw idPaw="1" x="375" transcription="ا" LatinTrans="Alif_I">
        <lettre idLettre="1" x="375" transcription="ا" LatinTrans="Alif_I" />
      </paw>
      <paw idPaw="2" x="334" transcription="لتو" LatinTrans="Laam_B Taaa_M Waaw_E">
        <lettre idLettre="1" x="366" transcription="ل" LatinTrans="Laam_B" />
        <lettre idLettre="2" x="349" transcription="ت" LatinTrans="Taaa_M" />
        <lettre idLettre="3" x="334" transcription="و" LatinTrans="Waaw_E" />
      </paw>
      <paw idPaw="3" x="306" transcription="تر" LatinTrans="Taaa_B Raa_E">
        <lettre idLettre="1" x="319" transcription="ت" LatinTrans="Taaa_B" />
        <lettre idLettre="2" x="306" transcription="ر" LatinTrans="Raa_E" />
      </paw>
    </word>
    <word idWord="4" x="298" transcription=" " LatinTrans="SPACE">
      <paw idPaw="1" x="298" transcription=" " LatinTrans="SPACE">
        <lettre idLettre="1" x="298" transcription=" " LatinTrans="SPACE" />
      </paw>
    </word>
    <word idWord="5" x="256" transcription="في" LatinTrans="Faa_B Yaa_E">
      <paw idPaw="1" x="256" transcription="في" LatinTrans="Faa_B Yaa_E">
        <lettre idLettre="1" x="280" transcription="ف" LatinTrans="Faa_B" />
        <lettre idLettre="2" x="256" transcription="ي" LatinTrans="Yaa_E" />
      </paw>
    </word>
    <word idWord="6" x="251" transcription=" " LatinTrans="SPACE">
      <paw idPaw="1" x="251" transcription=" " LatinTrans="SPACE">
        <lettre idLettre="1" x="251" transcription=" " LatinTrans="SPACE" />
      </paw>
    </word>
    <word idWord="7" x="134" transcription="كشمير" LatinTrans="Kaaf_B Shiin_M Miim_M Yaa_M Raa_E">
      <paw idPaw="1" x="134" transcription="كشمير" LatinTrans="Kaaf_B Shiin_M Miim_M Yaa_M Raa_E">
        <lettre idLettre="1" x="236" transcription="ك" LatinTrans="Kaaf_B" />
        <lettre idLettre="2" x="206" transcription="ش" LatinTrans="Shiin_M" />
        <lettre idLettre="3" x="192" transcription="م" LatinTrans="Miim_M" />
        <lettre idLettre="4" x="168" transcription="ي" LatinTrans="Yaa_M" />
        <lettre idLettre="5" x="134" transcription="ر" LatinTrans="Raa_E" />
      </paw>
    </word>
    <word idWord="8" x="127" transcription=" " LatinTrans="SPACE">
      <paw idPaw="1" x="127" transcription=" " LatinTrans="SPACE">
        <lettre idLettre="1" x="127" transcription=" " LatinTrans="SPACE" />
      </paw>
    </word>
    <word idWord="9" x="0" transcription="الهندية" LatinTrans="Alif_I Laam_B Haa_M Nuun_M Daal_E Yaa_B TaaaClosed_E">
      <paw idPaw="1" x="121" transcription="ا" LatinTrans="Alif_I">
        <lettre idLettre="1" x="121" transcription="ا" LatinTrans="Alif_I" />
      </paw>
      <paw idPaw="2" x="64" transcription="لهند" LatinTrans="Laam_B Haa_M Nuun_M Daal_E">
        <lettre idLettre="1" x="111" transcription="ل" LatinTrans="Laam_B" />
        <lettre idLettre="2" x="93" transcription="ه" LatinTrans="Haa_M" />
        <lettre idLettre="3" x="83" transcription="ن" LatinTrans="Nuun_M" />
        <lettre idLettre="4" x="64" transcription="د" LatinTrans="Daal_E" />
      </paw>
      <paw idPaw="3" x="0" transcription="ية" LatinTrans="Yaa_B TaaaClosed_E">
        <lettre idLettre="1" x="48" transcription="ي" LatinTrans="Yaa_B" />
        <lettre idLettre="2" x="0" transcription="ة" LatinTrans="TaaaClosed_E" />
      </paw>
    </word>
  </content>
</textImage>