﻿<?xml version="1.0" encoding="UTF-8" standalone="yes"?>
<textImage id="2" width="292" height="32" transcription="لحركة النهضة التونسية يقول إن" image="aljazeera_3211-10-10-20_2">
  <ArabicTranscription>لحركة النهضة التونسية يقول إن</ArabicTranscription>
  <LatinTranscription>Laam_B Haaa_M Raa_E Kaaf_B TaaaClosed_E SPACE Alif_I Laam_B Nuun_M Haa_M Daad_M TaaaClosed_E SPACE Alif_I Laam_B Taaa_M Waaw_E Nuun_B Siin_M Yaa_M TaaaClosed_E SPACE Yaa_B Gaaf_M Waaw_E Laam_I SPACE HamzaOnederAlif_I Nuun_I</LatinTranscription>
  <content>
    <word idWord="1" x="239" transcription="لحركة" LatinTrans="Laam_B Haaa_M Raa_E Kaaf_B TaaaClosed_E">
      <paw idPaw="1" x="261" transcription="لحر" LatinTrans="Laam_B Haaa_M Raa_E">
        <lettre idLettre="1" x="283" transcription="ل" LatinTrans="Laam_B" />
        <lettre idLettre="2" x="269" transcription="ح" LatinTrans="Haaa_M" />
        <lettre idLettre="3" x="261" transcription="ر" LatinTrans="Raa_E" />
      </paw>
      <paw idPaw="2" x="239" transcription="كة" LatinTrans="Kaaf_B TaaaClosed_E">
        <lettre idLettre="1" x="250" transcription="ك" LatinTrans="Kaaf_B" />
        <lettre idLettre="2" x="239" transcription="ة" LatinTrans="TaaaClosed_E" />
      </paw>
    </word>
    <word idWord="2" x="234" transcription=" " LatinTrans="SPACE">
      <paw idPaw="1" x="234" transcription=" " LatinTrans="SPACE">
        <lettre idLettre="1" x="234" transcription=" " LatinTrans="SPACE" />
      </paw>
    </word>
    <word idWord="3" x="170" transcription="النهضة " LatinTrans="Alif_I Laam_B Nuun_M Haa_M Daad_M TaaaClosed_E">
      <paw idPaw="1" x="229" transcription="ا" LatinTrans="Alif_I">
        <lettre idLettre="1" x="229" transcription="ا" LatinTrans="Alif_I" />
      </paw>
      <paw idPaw="2" x="170" transcription="لنهضة" LatinTrans="Laam_B Nuun_M Haa_M Daad_M TaaaClosed_E">
        <lettre idLettre="1" x="222" transcription="ل" LatinTrans="Laam_B" />
        <lettre idLettre="2" x="215" transcription="ن" LatinTrans="Nuun_M" />
        <lettre idLettre="3" x="202" transcription="ه" LatinTrans="Haa_M" />
        <lettre idLettre="4" x="184" transcription="ض" LatinTrans="Daad_M" />
        <lettre idLettre="5" x="170" transcription="ة" LatinTrans="TaaaClosed_E" />
      </paw>
    </word>
    <word idWord="4" x="166" transcription=" " LatinTrans="SPACE">
      <paw idPaw="1" x="166" transcription=" " LatinTrans="SPACE">
        <lettre idLettre="1" x="166" transcription=" " LatinTrans="SPACE" />
      </paw>
    </word>
    <word idWord="5" x="79" transcription="التونسية" LatinTrans="Alif_I Laam_B Taaa_M Waaw_E Nuun_B Siin_M Yaa_M TaaaClosed_E">
      <paw idPaw="1" x="161" transcription="ا" LatinTrans="Alif_I">
        <lettre idLettre="1" x="161" transcription="ا" LatinTrans="Alif_I" />
      </paw>
      <paw idPaw="2" x="134" transcription="لتو" LatinTrans="Laam_B Taaa_M Waaw_E">
        <lettre idLettre="1" x="156" transcription="ل" LatinTrans="Laam_B" />
        <lettre idLettre="2" x="144" transcription="ت" LatinTrans="Taaa_M" />
        <lettre idLettre="3" x="134" transcription="و" LatinTrans="Waaw_E" />
      </paw>
      <paw idPaw="3" x="79" transcription="نسية" LatinTrans="Nuun_B Siin_M Yaa_M TaaaClosed_E">
        <lettre idLettre="1" x="124" transcription="ن" LatinTrans="Nuun_B" />
        <lettre idLettre="2" x="105" transcription="س" LatinTrans="Siin_M" />
        <lettre idLettre="3" x="93" transcription="ي" LatinTrans="Yaa_M" />
        <lettre idLettre="4" x="79" transcription="ة" LatinTrans="TaaaClosed_E" />
      </paw>
    </word>
    <word idWord="6" x="76" transcription=" " LatinTrans="SPACE">
      <paw idPaw="1" x="76" transcription=" " LatinTrans="SPACE">
        <lettre idLettre="1" x="76" transcription=" " LatinTrans="SPACE" />
      </paw>
    </word>
    <word idWord="7" x="27" transcription="يقول" LatinTrans="Yaa_B Gaaf_M Waaw_E Laam_I">
      <paw idPaw="1" x="41" transcription="يقو" LatinTrans="Yaa_B Gaaf_M Waaw_E">
        <lettre idLettre="1" x="64" transcription="ي" LatinTrans="Yaa_B" />
        <lettre idLettre="2" x="52" transcription="ق" LatinTrans="Gaaf_M" />
        <lettre idLettre="3" x="41" transcription="و" LatinTrans="Waaw_E" />
      </paw>
      <paw idPaw="2" x="27" transcription="ل" LatinTrans="Laam_I">
        <lettre idLettre="1" x="27" transcription="ل" LatinTrans="Laam_I" />
      </paw>
    </word>
    <word idWord="8" x="23" transcription=" " LatinTrans="SPACE">
      <paw idPaw="1" x="23" transcription=" " LatinTrans="SPACE">
        <lettre idLettre="1" x="23" transcription=" " LatinTrans="SPACE" />
      </paw>
    </word>
    <word idWord="9" x="0" transcription="إن" LatinTrans="HamzaOnederAlif_I Nuun_I">
      <paw idPaw="1" x="15" transcription="إ" LatinTrans="HamzaOnederAlif_I">
        <lettre idLettre="1" x="15" transcription="إ" LatinTrans="HamzaUnderAlif_I" />
      </paw>
      <paw idPaw="2" x="0" transcription="ن" LatinTrans="Nuun_I">
        <lettre idLettre="1" x="0" transcription="ن" LatinTrans="Nuun_I" />
      </paw>
    </word>
  </content>
</textImage>