﻿<?xml version="1.0" encoding="UTF-8" standalone="yes"?>
<textImage id="1" width="218" height="48" transcription="النشرة الجوية" image="aljazeera_3212-00-55-30_1">
  <ArabicTranscription>النشرة الجوية</ArabicTranscription>
  <LatinTranscription>Alif_I Laam_B Nuun_M Shiin_M Raa_E TaaaClosed_I SPACE Alif_I Laam_B Jiim_M Waaw_E Yaa_B TaaaClosed_E</LatinTranscription>
  <content>
    <word idWord="1" x="111" transcription="النشرة" LatinTrans="Alif_I Laam_B Nuun_M Shiin_M Raa_E TaaaClosed_I">
      <paw idPaw="1" x="207" transcription="ا" LatinTrans="Alif_I">
        <lettre idLettre="1" x="207" transcription="ا" LatinTrans="Alif_I" />
      </paw>
      <paw idPaw="2" x="125" transcription="لنشر" LatinTrans="Laam_B Nuun_M Shiin_M Raa_E">
        <lettre idLettre="1" x="197" transcription="ل" LatinTrans="Laam_B" />
        <lettre idLettre="2" x="185" transcription="ن" LatinTrans="Nuun_M" />
        <lettre idLettre="3" x="158" transcription="ش" LatinTrans="Shiin_M" />
        <lettre idLettre="4" x="125" transcription="ر" LatinTrans="Raa_E" />
      </paw>
      <paw idPaw="3" x="111" transcription="ة" LatinTrans="TaaaClosed_I">
        <lettre idLettre="1" x="111" transcription="ة" LatinTrans="TaaaClosed_I" />
      </paw>
    </word>
    <word idWord="2" x="105" transcription=" " LatinTrans="SPACE">
      <paw idPaw="1" x="105" transcription=" " LatinTrans="SPACE">
        <lettre idLettre="1" x="105" transcription=" " LatinTrans="SPACE" />
      </paw>
    </word>
    <word idWord="3" x="0" transcription="الجوية" LatinTrans="Alif_I Laam_B Jiim_M Waaw_E Yaa_B TaaaClosed_E">
      <paw idPaw="1" x="98" transcription="ا" LatinTrans="Alif_I">
        <lettre idLettre="1" x="98" transcription="ا" LatinTrans="Alif_I" />
      </paw>
      <paw idPaw="2" x="54" transcription="لجو" LatinTrans="Laam_B Jiim_M Waaw_E">
        <lettre idLettre="1" x="89" transcription="ل" LatinTrans="Laam_B" />
        <lettre idLettre="2" x="69" transcription="ج" LatinTrans="Jiim_M" />
        <lettre idLettre="3" x="54" transcription="و" LatinTrans="Waaw_E" />
      </paw>
      <paw idPaw="3" x="0" transcription="ية" LatinTrans="Yaa_B TaaaClosed_E">
        <lettre idLettre="1" x="40" transcription="ي" LatinTrans="Yaa_B" />
        <lettre idLettre="2" x="0" transcription="ة" LatinTrans="TaaaClosed_E" />
      </paw>
    </word>
  </content>
</textImage>