﻿<?xml version="1.0" encoding="UTF-8" standalone="yes"?>
<textImage id="2" width="243" height="33" transcription="الجمهورية يعلن" image="aljazeera_3211-10-43-00_2">
  <ArabicTranscription>الجمهورية يعلن</ArabicTranscription>
  <LatinTranscription>Alif_I Laam_B Jiim_M Miim_M Haa_M Waaw_E Raa_I Yaa_B TaaaClosed_E SPACE Yaa_B Ayn_M Laam_M Nuun_E</LatinTranscription>
  <content>
    <word idWord="1" x="86" transcription="الجمهورية" LatinTrans="Alif_I Laam_B Jiim_M Miim_M Haa_M Waaw_E Raa_I Yaa_B TaaaClosed_E">
      <paw idPaw="1" x="229" transcription="ا" LatinTrans="Alif_I">
        <lettre idLettre="1" x="229" transcription="ا" LatinTrans="Alif_I" />
      </paw>
      <paw idPaw="2" x="137" transcription="لجمهو" LatinTrans="Laam_B Jiim_M Miim_M Haa_M Waaw_E">
        <lettre idLettre="1" x="219" transcription="ل" LatinTrans="Laam_B" />
        <lettre idLettre="2" x="185" transcription="ج" LatinTrans="Jiim_M" />
        <lettre idLettre="3" x="163" transcription="م" LatinTrans="Miim_M" />
        <lettre idLettre="4" x="150" transcription="ه" LatinTrans="Haa_M" />
        <lettre idLettre="5" x="137" transcription="و" LatinTrans="Waaw_E" />
      </paw>
      <paw idPaw="3" x="127" transcription="ر" LatinTrans="Raa_I">
        <lettre idLettre="1" x="127" transcription="ر" LatinTrans="Raa_I" />
      </paw>
      <paw idPaw="4" x="86" transcription="ية" LatinTrans="Yaa_B TaaaClosed_E">
        <lettre idLettre="1" x="109" transcription="ي" LatinTrans="Yaa_B" />
        <lettre idLettre="2" x="86" transcription="ة" LatinTrans="TaaaClosed_E" />
      </paw>
    </word>
    <word idWord="2" x="81" transcription=" " LatinTrans="SPACE">
      <paw idPaw="1" x="81" transcription=" " LatinTrans="SPACE">
        <lettre idLettre="1" x="81" transcription=" " LatinTrans="SPACE" />
      </paw>
    </word>
    <word idWord="3" x="0" transcription="يعلن" LatinTrans="Yaa_B Ayn_M Laam_M Nuun_E">
      <paw idPaw="1" x="0" transcription="يعلن" LatinTrans="Yaa_B Ayn_M Laam_M Nuun_E">
        <lettre idLettre="1" x="67" transcription="ي" LatinTrans="Yaa_B" />
        <lettre idLettre="2" x="53" transcription="ع" LatinTrans="Ayn_M" />
        <lettre idLettre="3" x="40" transcription="ل" LatinTrans="Laam_M" />
        <lettre idLettre="4" x="0" transcription="ن" LatinTrans="Nuun_E" />
      </paw>
    </word>
  </content>
</textImage>