﻿<?xml version="1.0" encoding="UTF-8" standalone="yes"?>
<textImage id="1" width="190" height="92" transcription="قافكو" image="aljazeera_3213-00-04-00_1">
  <ArabicTranscription>قافكو</ArabicTranscription>
  <LatinTranscription>Gaaf_B Alif_E Faa_B Kaaf_M Waaw_E</LatinTranscription>
  <content>
    <word idWord="1" x="0" transcription="قافكو" LatinTrans="Gaaf_B Alif_E Faa_B Kaaf_M Waaw_E">
      <paw idPaw="1" x="128" transcription="قا" LatinTrans="Gaaf_B Alif_E">
        <lettre idLettre="1" x="148" transcription="ق" LatinTrans="Gaaf_B" />
        <lettre idLettre="2" x="128" transcription="ا" LatinTrans="Alif_E" />
      </paw>
      <paw idPaw="2" x="0" transcription="فكو" LatinTrans="Faa_B Kaaf_M Waaw_E">
        <lettre idLettre="1" x="88" transcription="ف" LatinTrans="Faa_B" />
        <lettre idLettre="2" x="49" transcription="ك" LatinTrans="Kaaf_M" />
        <lettre idLettre="3" x="0" transcription="و" LatinTrans="Waaw_E" />
      </paw>
    </word>
  </content>
</textImage>