﻿<?xml version="1.0" encoding="UTF-8" standalone="yes"?>
<textImage id="1" width="488" height="43" transcription="استقالة بابا الفاتيكان بنيديكت" image="aljazeera_3213-05-35-20_1">
  <ArabicTranscription>استقالة بابا الفاتيكان بنيديكت</ArabicTranscription>
  <LatinTranscription>Alif_I Siin_B Taaa_M Gaaf_M Alif_E Laam_B TaaaClosed_E SPACE Baa_B Alif_E Baa_B Alif_E SPACE Alif_I Laam_B Faa_M Alif_E Taaa_B Yaa_M Kaaf_M Alif_E Nuun_I SPACE Baa_B Nuun_M Yaa_M Daal_E Yaa_B Kaaf_M Taaa_E</LatinTranscription>
  <content>
    <word idWord="1" x="359" transcription="استقالة" LatinTrans="Alif_I Siin_B Taaa_M Gaaf_M Alif_E Laam_B TaaaClosed_E">
      <paw idPaw="1" x="476" transcription="ا" LatinTrans="Alif_I">
        <lettre idLettre="1" x="476" transcription="ا" LatinTrans="Alif_I" />
      </paw>
      <paw idPaw="2" x="405" transcription="ستقا" LatinTrans="Siin_B Taaa_M Gaaf_M Alif_E">
        <lettre idLettre="1" x="453" transcription="س" LatinTrans="Siin_B" />
        <lettre idLettre="2" x="433" transcription="ت" LatinTrans="Taaa_M" />
        <lettre idLettre="3" x="413" transcription="ق" LatinTrans="Gaaf_M" />
        <lettre idLettre="4" x="405" transcription="ا" LatinTrans="Alif_E" />
      </paw>
      <paw idPaw="3" x="359" transcription="لة" LatinTrans="Laam_B TaaaClosed_E">
        <lettre idLettre="1" x="390" transcription="ل" LatinTrans="Laam_B" />
        <lettre idLettre="2" x="359" transcription="ة" LatinTrans="TaaaClosed_E" />
      </paw>
    </word>
    <word idWord="2" x="351" transcription=" " LatinTrans="SPACE">
      <paw idPaw="1" x="351" transcription=" " LatinTrans="SPACE">
        <lettre idLettre="1" x="351" transcription=" " LatinTrans="SPACE" />
      </paw>
    </word>
    <word idWord="3" x="279" transcription="بابا" LatinTrans="Baa_B Alif_E Baa_B Alif_E">
      <paw idPaw="1" x="324" transcription="با" LatinTrans="Baa_B Alif_E">
        <lettre idLettre="1" x="336" transcription="ب" LatinTrans="Baa_B" />
        <lettre idLettre="2" x="324" transcription="ا" LatinTrans="Alif_E" />
      </paw>
      <paw idPaw="2" x="279" transcription="با" LatinTrans="Baa_B Alif_E">
        <lettre idLettre="1" x="306" transcription="ب" LatinTrans="Baa_B" />
        <lettre idLettre="2" x="279" transcription="ا" LatinTrans="Alif_E" />
      </paw>
    </word>
    <word idWord="4" x="274" transcription=" " LatinTrans="SPACE">
      <paw idPaw="1" x="274" transcription=" " LatinTrans="SPACE">
        <lettre idLettre="1" x="274" transcription=" " LatinTrans="SPACE" />
      </paw>
    </word>
    <word idWord="5" x="147" transcription="الفاتيكان" LatinTrans="Alif_I Laam_B Faa_M Alif_E Taaa_B Yaa_M Kaaf_M Alif_E Nuun_I">
      <paw idPaw="1" x="266" transcription="ا" LatinTrans="Alif_I">
        <lettre idLettre="1" x="266" transcription="ا" LatinTrans="Alif_I" />
      </paw>
      <paw idPaw="2" x="226" transcription="لفا" LatinTrans="Laam_B Faa_M Alif_E">
        <lettre idLettre="1" x="256" transcription="ل" LatinTrans="Laam_B" />
        <lettre idLettre="2" x="235" transcription="ف" LatinTrans="Faa_M" />
        <lettre idLettre="3" x="226" transcription="ا" LatinTrans="Alif_E" />
      </paw>
      <paw idPaw="3" x="171" transcription="تيكا" LatinTrans="Taaa_B Yaa_M Kaaf_M Alif_E">
        <lettre idLettre="1" x="212" transcription="ت" LatinTrans="Taaa_B" />
        <lettre idLettre="2" x="196" transcription="ي" LatinTrans="Yaa_M" />
        <lettre idLettre="3" x="179" transcription="ك" LatinTrans="Kaaf_M" />
        <lettre idLettre="4" x="171" transcription="ا" LatinTrans="Alif_E" />
      </paw>
      <paw idPaw="4" x="147" transcription="ن" LatinTrans="Nuun_I">
        <lettre idLettre="1" x="147" transcription="ن" LatinTrans="Nuun_I" />
      </paw>
    </word>
    <word idWord="6" x="141" transcription=" " LatinTrans="SPACE">
      <paw idPaw="1" x="141" transcription=" " LatinTrans="SPACE">
        <lettre idLettre="1" x="141" transcription=" " LatinTrans="SPACE" />
      </paw>
    </word>
    <word idWord="7" x="0" transcription="بنيديكت" LatinTrans="Baa_B Nuun_M Yaa_M Daal_E Yaa_B Kaaf_M Taaa_E">
      <paw idPaw="1" x="81" transcription="بنيد" LatinTrans="Baa_B Nuun_M Yaa_M Daal_E">
        <lettre idLettre="1" x="126" transcription="ب" LatinTrans="Baa_B" />
        <lettre idLettre="2" x="111" transcription="ن" LatinTrans="Nuun_M" />
        <lettre idLettre="3" x="96" transcription="ي" LatinTrans="Yaa_M" />
        <lettre idLettre="4" x="81" transcription="د" LatinTrans="Daal_E" />
      </paw>
      <paw idPaw="2" x="0" transcription="يكت" LatinTrans="Yaa_B Kaaf_M Taaa_E">
        <lettre idLettre="1" x="65" transcription="ي" LatinTrans="Yaa_B" />
        <lettre idLettre="2" x="47" transcription="ك" LatinTrans="Kaaf_M" />
        <lettre idLettre="3" x="0" transcription="ت" LatinTrans="Taaa_E" />
      </paw>
    </word>
  </content>
</textImage>