﻿<?xml version="1.0" encoding="UTF-8" standalone="yes"?>
<textImage id="1" width="96" height="37" transcription="أبو حمزة" image="aljazeera_3213-01-01-50_1">
  <ArabicTranscription>أبو حمزة</ArabicTranscription>
  <LatinTranscription>HamzaAboveAlif_I Baa_B Waaw_E SPACE Haaa_B Miim_M Zaay_E TaaaClosed_I</LatinTranscription>
  <content>
    <word idWord="1" x="60" transcription="أبو" LatinTrans="HamzaAboveAlif_I Baa_B Waaw_E">
      <paw idPaw="1" x="84" transcription="أ" LatinTrans="HamzaAboveAlif_I">
        <lettre idLettre="1" x="84" transcription="أ" LatinTrans="HamzaAboveAlif_I" />
      </paw>
      <paw idPaw="2" x="60" transcription="بو" LatinTrans="Baa_B Waaw_E">
        <lettre idLettre="1" x="74" transcription="ب" LatinTrans="Baa_B" />
        <lettre idLettre="2" x="60" transcription="و" LatinTrans="Waaw_E" />
      </paw>
    </word>
    <word idWord="2" x="55" transcription=" " LatinTrans="SPACE">
      <paw idPaw="1" x="55" transcription=" " LatinTrans="SPACE">
        <lettre idLettre="1" x="55" transcription=" " LatinTrans="SPACE" />
      </paw>
    </word>
    <word idWord="3" x="0" transcription="حمزة" LatinTrans="Haaa_B Miim_M Zaay_E TaaaClosed_I">
      <paw idPaw="1" x="16" transcription="حمز" LatinTrans="Haaa_B Miim_M Zaay_E">
        <lettre idLettre="1" x="40" transcription="ح" LatinTrans="Haaa_B" />
        <lettre idLettre="2" x="28" transcription="م" LatinTrans="Miim_M" />
        <lettre idLettre="3" x="16" transcription="ز" LatinTrans="Zaay_E" />
      </paw>
      <paw idPaw="2" x="0" transcription="ة" LatinTrans="TaaaClosed_I">
        <lettre idLettre="1" x="0" transcription="ة" LatinTrans="TaaaClosed_I" />
      </paw>
    </word>
  </content>
</textImage>