﻿<?xml version="1.0" encoding="UTF-8" standalone="yes"?>
<textImage id="1" width="248" height="55" transcription="القدس الشريف" image="aljazeera_3212-03-55-50_1">
  <ArabicTranscription>القدس الشريف</ArabicTranscription>
  <LatinTranscription>Alif_I Laam_B Gaaf_M Daal_E Siin_I SPACE Alif_I Laam_B Shiin_M Raa_E Yaa_B Faa_E</LatinTranscription>
  <content>
    <word idWord="1" x="133" transcription="القدس" LatinTrans="Alif_I Laam_B Gaaf_M Daal_E Siin_I">
      <paw idPaw="1" x="234" transcription="ا" LatinTrans="Alif_I">
        <lettre idLettre="1" x="234" transcription="ا" LatinTrans="Alif_I" />
      </paw>
      <paw idPaw="2" x="180" transcription="لقد" LatinTrans="Laam_B Gaaf_M Daal_E">
        <lettre idLettre="1" x="224" transcription="ل" LatinTrans="Laam_B" />
        <lettre idLettre="2" x="201" transcription="ق" LatinTrans="Gaaf_M" />
        <lettre idLettre="3" x="180" transcription="د" LatinTrans="Daal_E" />
      </paw>
      <paw idPaw="3" x="133" transcription="س" LatinTrans="Siin_I">
        <lettre idLettre="1" x="133" transcription="س" LatinTrans="Siin_I" />
      </paw>
    </word>
    <word idWord="2" x="126" transcription=" " LatinTrans="SPACE">
      <paw idPaw="1" x="126" transcription=" " LatinTrans="SPACE">
        <lettre idLettre="1" x="126" transcription=" " LatinTrans="SPACE" />
      </paw>
    </word>
    <word idWord="3" x="0" transcription="الشريف" LatinTrans="Alif_I Laam_B Shiin_M Raa_E Yaa_B Faa_E">
      <paw idPaw="1" x="117" transcription="ا" LatinTrans="Alif_I">
        <lettre idLettre="1" x="117" transcription="ا" LatinTrans="Alif_I" />
      </paw>
      <paw idPaw="2" x="58" transcription="لشر" LatinTrans="Laam_B Shiin_M Raa_E">
        <lettre idLettre="1" x="108" transcription="ل" LatinTrans="Laam_B" />
        <lettre idLettre="2" x="73" transcription="ش" LatinTrans="Shiin_M" />
        <lettre idLettre="3" x="58" transcription="ر" LatinTrans="Raa_E" />
      </paw>
      <paw idPaw="3" x="0" transcription="يف" LatinTrans="Yaa_B Faa_E">
        <lettre idLettre="1" x="41" transcription="ي" LatinTrans="Yaa_B" />
        <lettre idLettre="2" x="0" transcription="ف" LatinTrans="Faa_E" />
      </paw>
    </word>
  </content>
</textImage>