﻿<?xml version="1.0" encoding="UTF-8" standalone="yes"?>
<textImage id="1" width="259" height="36" transcription="رئيس الوزراء حمادي الجبالي" image="aljazeera_3211-10-10-20_4">
  <ArabicTranscription>رئيس الوزراء حمادي الجبالي</ArabicTranscription>
  <LatinTranscription>Raa_I HamzaAboveAlifBroken_B Yaa_M Siin_E SPACE Alif_I Laam_B Waaw_E Zaay_I Raa_I Alif_I Hamza SPACE Haaa_B Miim_M Alif_E Daal_I Yaa_I SPACE Alif_I Laam_B Jiim_M Baa_M Alif_E Laam_B Yaa_E</LatinTranscription>
  <content>
    <word idWord="1" x="203" transcription="رئيس" LatinTrans="Raa_I HamzaAboveAlifBroken_B Yaa_M Siin_E">
      <paw idPaw="1" x="248" transcription="ر" LatinTrans="Raa_I">
        <lettre idLettre="1" x="248" transcription="ر" LatinTrans="Raa_I" />
      </paw>
      <paw idPaw="2" x="203" transcription="ئيس" LatinTrans="HamzaAboveAlifBroken_B Yaa_M Siin_E">
        <lettre idLettre="1" x="238" transcription="ئ" LatinTrans="HamzaAboveAlifBroken_B" />
        <lettre idLettre="2" x="229" transcription="ي" LatinTrans="Yaa_M" />
        <lettre idLettre="3" x="203" transcription="س" LatinTrans="Siin_E" />
      </paw>
    </word>
    <word idWord="2" x="199" transcription=" " LatinTrans="SPACE">
      <paw idPaw="1" x="199" transcription=" " LatinTrans="SPACE">
        <lettre idLettre="1" x="199" transcription=" " LatinTrans="SPACE" />
      </paw>
    </word>
    <word idWord="3" x="143" transcription="الوزراء" LatinTrans="Alif_I Laam_B Waaw_E Zaay_I Raa_I Alif_I Hamza">
      <paw idPaw="1" x="193" transcription="ا" LatinTrans="Alif_I">
        <lettre idLettre="1" x="193" transcription="ا" LatinTrans="Alif_I" />
      </paw>
      <paw idPaw="2" x="176" transcription="لو" LatinTrans="Laam_B Waaw_E">
        <lettre idLettre="1" x="188" transcription="ل" LatinTrans="Laam_B" />
        <lettre idLettre="2" x="176" transcription="و" LatinTrans="Waaw_E" />
      </paw>
      <paw idPaw="3" x="167" transcription="ز" LatinTrans="Zaay_I">
        <lettre idLettre="1" x="167" transcription="ز" LatinTrans="Zaay_I" />
      </paw>
      <paw idPaw="4" x="159" transcription="ر" LatinTrans="Raa_I">
        <lettre idLettre="1" x="159" transcription="ر" LatinTrans="Raa_I" />
      </paw>
      <paw idPaw="5" x="154" transcription="ا" LatinTrans="Alif_I">
        <lettre idLettre="1" x="154" transcription="ا" LatinTrans="Alif_I" />
      </paw>
      <paw idPaw="6" x="143" transcription="ء" LatinTrans="Hamza">
        <lettre idLettre="1" x="143" transcription="ء" LatinTrans="Hamza" />
      </paw>
    </word>
    <word idWord="4" x="139" transcription=" " LatinTrans="SPACE">
      <paw idPaw="1" x="139" transcription=" " LatinTrans="SPACE">
        <lettre idLettre="1" x="139" transcription=" " LatinTrans="SPACE" />
      </paw>
    </word>
    <word idWord="5" x="81" transcription="حمادي" LatinTrans="Haaa_B Miim_M Alif_E Daal_I Yaa_I">
      <paw idPaw="1" x="106" transcription="حما" LatinTrans="Haaa_B Miim_M Alif_E">
        <lettre idLettre="1" x="125" transcription="ح" LatinTrans="Haaa_B" />
        <lettre idLettre="2" x="112" transcription="م" LatinTrans="Miim_M" />
        <lettre idLettre="3" x="106" transcription="ا" LatinTrans="Alif_E" />
      </paw>
      <paw idPaw="2" x="95" transcription="د" LatinTrans="Daal_I">
        <lettre idLettre="1" x="95" transcription="د" LatinTrans="Daal_I" />
      </paw>
      <paw idPaw="3" x="81" transcription="ي" LatinTrans="Yaa_I">
        <lettre idLettre="1" x="81" transcription="ي" LatinTrans="Yaa_I" />
      </paw>
    </word>
    <word idWord="6" x="77" transcription=" " LatinTrans="SPACE">
      <paw idPaw="1" x="77" transcription=" " LatinTrans="SPACE">
        <lettre idLettre="1" x="77" transcription=" " LatinTrans="SPACE" />
      </paw>
    </word>
    <word idWord="7" x="0" transcription="الجبالي" LatinTrans="Alif_I Laam_B Jiim_M Baa_M Alif_E Laam_B Yaa_E">
      <paw idPaw="1" x="71" transcription="ا" LatinTrans="Alif_I">
        <lettre idLettre="1" x="71" transcription="ا" LatinTrans="Alif_I" />
      </paw>
      <paw idPaw="2" x="37" transcription="لجبا" LatinTrans="Laam_B Jiim_M Baa_M Alif_E">
        <lettre idLettre="1" x="66" transcription="ل" LatinTrans="Laam_B" />
        <lettre idLettre="2" x="52" transcription="ج" LatinTrans="Jiim_M" />
        <lettre idLettre="3" x="44" transcription="ب" LatinTrans="Baa_M" />
        <lettre idLettre="4" x="37" transcription="ا" LatinTrans="Alif_E" />
      </paw>
      <paw idPaw="3" x="0" transcription="لي" LatinTrans="Laam_B Yaa_E">
        <lettre idLettre="1" x="24" transcription="ل" LatinTrans="Laam_B" />
        <lettre idLettre="2" x="0" transcription="ي" LatinTrans="Yaa_E" />
      </paw>
    </word>
  </content>
</textImage>