﻿<?xml version="1.0" encoding="UTF-8" standalone="yes"?>
<textImage id="2" width="492" height="46" transcription="لوكالات حكومية معينة" image="aljazeera_3213-05-34-50_4">
  <ArabicTranscription>لوكالات حكومية معينة</ArabicTranscription>
  <LatinTranscription>Laam_B Waaw_E Kaaf_B Alif_E Laam_Alif Taaa_I SPACE Haaa_B Kaaf_M Waaw_E Miim_B Yaa_M TaaaClosed_E SPACE Miim_B Ayn_M Yaa_M Nuun_M TaaaClosed_E</LatinTranscription>
  <content>
    <word idWord="1" x="353" transcription="لوكالات" LatinTrans="Laam_B Waaw_E Kaaf_B Alif_E Laam_Alif Taaa_I">
      <paw idPaw="1" x="442" transcription="لو" LatinTrans="Laam_B Waaw_E">
        <lettre idLettre="1" x="478" transcription="ل" LatinTrans="Laam_B" />
        <lettre idLettre="2" x="442" transcription="و" LatinTrans="Waaw_E" />
      </paw>
      <paw idPaw="2" x="396" transcription="كا" LatinTrans="Kaaf_B Alif_E">
        <lettre idLettre="1" x="419" transcription="ك" LatinTrans="Kaaf_B" />
        <lettre idLettre="2" x="396" transcription="ا" LatinTrans="Alif_E" />
      </paw>
      <paw idPaw="3" x="378" transcription="لا" LatinTrans="Laam_Alif">
        <lettre idLettre="1" x="378" transcription="لا" LatinTrans="Laam_Alif" />
      </paw>
      <paw idPaw="4" x="353" transcription="ت" LatinTrans="Taaa_I">
        <lettre idLettre="1" x="353" transcription="ت" LatinTrans="Taaa_I" />
      </paw>
    </word>
    <word idWord="2" x="347" transcription=" " LatinTrans="SPACE">
      <paw idPaw="1" x="347" transcription=" " LatinTrans="SPACE">
        <lettre idLettre="1" x="347" transcription=" " LatinTrans="SPACE" />
      </paw>
    </word>
    <word idWord="3" x="161" transcription="حكومية" LatinTrans="Haaa_B Kaaf_M Waaw_E Miim_B Yaa_M TaaaClosed_E">
      <paw idPaw="1" x="250" transcription="حكو" LatinTrans="Haaa_B Kaaf_M Waaw_E">
        <lettre idLettre="1" x="320" transcription="ح" LatinTrans="Haaa_B" />
        <lettre idLettre="2" x="279" transcription="ك" LatinTrans="Kaaf_M" />
        <lettre idLettre="3" x="250" transcription="و" LatinTrans="Waaw_E" />
      </paw>
      <paw idPaw="2" x="161" transcription="مية" LatinTrans="Miim_B Yaa_M TaaaClosed_E">
        <lettre idLettre="1" x="220" transcription="م" LatinTrans="Miim_B" />
        <lettre idLettre="2" x="187" transcription="ي" LatinTrans="Yaa_M" />
        <lettre idLettre="3" x="161" transcription="ة" LatinTrans="TaaaClosed_E" />
      </paw>
    </word>
    <word idWord="4" x="154" transcription=" " LatinTrans="SPACE">
      <paw idPaw="1" x="154" transcription=" " LatinTrans="SPACE">
        <lettre idLettre="1" x="154" transcription=" " LatinTrans="SPACE" />
      </paw>
    </word>
    <word idWord="5" x="0" transcription="معينة" LatinTrans="Miim_B Ayn_M Yaa_M Nuun_M TaaaClosed_E">
      <paw idPaw="1" x="0" transcription="معينة" LatinTrans="Miim_B Ayn_M Yaa_M Nuun_M TaaaClosed_E">
        <lettre idLettre="1" x="130" transcription="م" LatinTrans="Miim_B" />
        <lettre idLettre="2" x="96" transcription="ع" LatinTrans="Ayn_M" />
        <lettre idLettre="3" x="61" transcription="ي" LatinTrans="Yaa_M" />
        <lettre idLettre="4" x="43" transcription="ن" LatinTrans="Nuun_M" />
        <lettre idLettre="5" x="0" transcription="ة" LatinTrans="TaaaClosed_E" />
      </paw>
    </word>
  </content>
</textImage>