﻿<?xml version="1.0" encoding="UTF-8" standalone="yes"?>
<textImage id="1" width="338" height="44" transcription="التحدي الثالث هو الاقتصادي" image="aljazeera_3212-08-41-50_1">
  <ArabicTranscription>التحدي الثالث هو الاقتصادي</ArabicTranscription>
  <LatinTranscription>Alif_I Laam_B Taaa_M Haaa_M Daal_E Yaa_I SPACE Alif_I Laam_B Thaa_M Alif_E Laam_B Thaa_E SPACE Haa_B Waaw_E SPACE Alif_I Laam_Alif Gaaf_B Taaa_M Saad_M Alif_E Daal_I Yaa_I</LatinTranscription>
  <content>
    <word idWord="1" x="252" transcription="التحدي" LatinTrans="Alif_I Laam_B Taaa_M Haaa_M Daal_E Yaa_I">
      <paw idPaw="1" x="329" transcription="ا" LatinTrans="Alif_I">
        <lettre idLettre="1" x="329" transcription="ا" LatinTrans="Alif_I" />
      </paw>
      <paw idPaw="2" x="274" transcription="لتحد" LatinTrans="Laam_B Taaa_M Haaa_M Daal_E">
        <lettre idLettre="1" x="320" transcription="ل" LatinTrans="Laam_B" />
        <lettre idLettre="2" x="305" transcription="ت" LatinTrans="Taaa_M" />
        <lettre idLettre="3" x="289" transcription="ح" LatinTrans="Haaa_M" />
        <lettre idLettre="4" x="274" transcription="د" LatinTrans="Daal_E" />
      </paw>
      <paw idPaw="3" x="252" transcription="ي" LatinTrans="Yaa_I">
        <lettre idLettre="1" x="252" transcription="ي" LatinTrans="Yaa_I" />
      </paw>
    </word>
    <word idWord="2" x="248" transcription=" " LatinTrans="SPACE">
      <paw idPaw="1" x="248" transcription=" " LatinTrans="SPACE">
        <lettre idLettre="1" x="248" transcription=" " LatinTrans="SPACE" />
      </paw>
    </word>
    <word idWord="3" x="175" transcription="الثالث" LatinTrans="Alif_I Laam_B Thaa_M Alif_E Laam_B Thaa_E">
      <paw idPaw="1" x="241" transcription="ا" LatinTrans="Alif_I">
        <lettre idLettre="1" x="241" transcription="ا" LatinTrans="Alif_I" />
      </paw>
      <paw idPaw="2" x="209" transcription="لثا" LatinTrans="Laam_B Thaa_M Alif_E">
        <lettre idLettre="1" x="231" transcription="ل" LatinTrans="Laam_B" />
        <lettre idLettre="2" x="215" transcription="ث" LatinTrans="Thaa_M" />
        <lettre idLettre="3" x="209" transcription="ا" LatinTrans="Alif_E" />
      </paw>
      <paw idPaw="3" x="175" transcription="لث" LatinTrans="Laam_B Thaa_E">
        <lettre idLettre="1" x="200" transcription="ل" LatinTrans="Laam_B" />
        <lettre idLettre="2" x="175" transcription="ث" LatinTrans="Thaa_E" />
      </paw>
    </word>
    <word idWord="4" x="170" transcription=" " LatinTrans="SPACE">
      <paw idPaw="1" x="170" transcription=" " LatinTrans="SPACE">
        <lettre idLettre="1" x="170" transcription=" " LatinTrans="SPACE" />
      </paw>
    </word>
    <word idWord="5" x="131" transcription="هو" LatinTrans="Haa_B Waaw_E">
      <paw idPaw="1" x="131" transcription="هو" LatinTrans="Haa_B Waaw_E">
        <lettre idLettre="1" x="149" transcription="ه" LatinTrans="Haa_B" />
        <lettre idLettre="2" x="131" transcription="و" LatinTrans="Waaw_E" />
      </paw>
    </word>
    <word idWord="6" x="124" transcription=" " LatinTrans="SPACE">
      <paw idPaw="1" x="124" transcription=" " LatinTrans="SPACE">
        <lettre idLettre="1" x="124" transcription=" " LatinTrans="SPACE" />
      </paw>
    </word>
    <word idWord="7" x="0" transcription="الاقتصادي" LatinTrans="Alif_I Laam_Alif Gaaf_B Taaa_M Saad_M Alif_E Daal_I Yaa_I">
      <paw idPaw="1" x="118" transcription="ا" LatinTrans="Alif_I">
        <lettre idLettre="1" x="118" transcription="ا" LatinTrans="Alif_I" />
      </paw>
      <paw idPaw="2" x="103" transcription="لا" LatinTrans="Laam_Alif">
        <lettre idLettre="1" x="103" transcription="لا" LatinTrans="Laam_Alif" />
      </paw>
      <paw idPaw="3" x="36" transcription="قتصا" LatinTrans="Gaaf_B Taaa_M Saad_M Alif_E">
        <lettre idLettre="1" x="86" transcription="ق" LatinTrans="Gaaf_B" />
        <lettre idLettre="2" x="71" transcription="ت" LatinTrans="Taaa_M" />
        <lettre idLettre="3" x="44" transcription="ص" LatinTrans="Saad_M" />
        <lettre idLettre="4" x="36" transcription="ا" LatinTrans="Alif_E" />
      </paw>
      <paw idPaw="4" x="21" transcription="د" LatinTrans="Daal_I">
        <lettre idLettre="1" x="21" transcription="د" LatinTrans="Daal_I" />
      </paw>
      <paw idPaw="5" x="0" transcription="ي" LatinTrans="Yaa_I">
        <lettre idLettre="1" x="0" transcription="ي" LatinTrans="Yaa_I" />
      </paw>
    </word>
  </content>
</textImage>