﻿<?xml version="1.0" encoding="UTF-8" standalone="yes"?>
<textImage id="2" width="494" height="52" transcription="إفريقيا وأميريكا اللاتينية" image="aljazeera_3212-05-34-50_3">
  <ArabicTranscription>إفريقيا وأميريكا اللاتينية</ArabicTranscription>
  <LatinTranscription>HamzaOnederAlif_I Faa_B Raa_E Yaa_B Gaaf_M Yaa_M Alif_E SPACE Waaw_I HamzaAboveAlif_I Miim_B Yaa_M Raa_E Kaaf_B Alif_E SPACE Alif_I Laam_B Laam_Alif Taaa_B Yaa_M Nuun_M Yaa_M TaaaClosed_E</LatinTranscription>
  <content>
    <word idWord="1" x="309" transcription="إفريقيا" LatinTrans="HamzaOnederAlif_I Faa_B Raa_E Yaa_B Gaaf_M Yaa_M Alif_E">
      <paw idPaw="1" x="480" transcription="إ" LatinTrans="HamzaOnederAlif_I">
        <lettre idLettre="1" x="480" transcription="إ" LatinTrans="HamzaUnderAlif_I" />
      </paw>
      <paw idPaw="2" x="430" transcription="فر" LatinTrans="Faa_B Raa_E">
        <lettre idLettre="1" x="449" transcription="ف" LatinTrans="Faa_B" />
        <lettre idLettre="2" x="430" transcription="ر" LatinTrans="Raa_E" />
      </paw>
      <paw idPaw="3" x="309" transcription="يقيا" LatinTrans="Yaa_B Gaaf_M Yaa_M Alif_E">
        <lettre idLettre="1" x="407" transcription="ي" LatinTrans="Yaa_B" />
        <lettre idLettre="2" x="371" transcription="ق" LatinTrans="Gaaf_M" />
        <lettre idLettre="3" x="325" transcription="ي" LatinTrans="Yaa_M" />
        <lettre idLettre="4" x="309" transcription="ا" LatinTrans="Alif_E" />
      </paw>
    </word>
    <word idWord="2" x="301" transcription=" " LatinTrans="SPACE">
      <paw idPaw="1" x="301" transcription=" " LatinTrans="SPACE">
        <lettre idLettre="1" x="301" transcription=" " LatinTrans="SPACE" />
      </paw>
    </word>
    <word idWord="3" x="150" transcription="وأميريكا" LatinTrans="Waaw_I HamzaAboveAlif_I Miim_B Yaa_M Raa_E Kaaf_B Alif_E">
      <paw idPaw="1" x="286" transcription="و" LatinTrans="Waaw_I">
        <lettre idLettre="1" x="286" transcription="و" LatinTrans="Waaw_I" />
      </paw>
      <paw idPaw="2" x="277" transcription="أ" LatinTrans="HamzaAboveAlif_I">
        <lettre idLettre="1" x="277" transcription="أ" LatinTrans="HamzaAboveAlif_I" />
      </paw>
      <paw idPaw="3" x="197" transcription="مير" LatinTrans="Miim_B Yaa_M Raa_E">
        <lettre idLettre="1" x="258" transcription="م" LatinTrans="Miim_B" />
        <lettre idLettre="2" x="222" transcription="ي" LatinTrans="Yaa_M" />
        <lettre idLettre="3" x="197" transcription="ر" LatinTrans="Raa_E" />
      </paw>
      <paw idPaw="4" x="150" transcription="كا" LatinTrans="Kaaf_B Alif_E">
        <lettre idLettre="1" x="174" transcription="ك" LatinTrans="Kaaf_B" />
        <lettre idLettre="2" x="150" transcription="ا" LatinTrans="Alif_E" />
      </paw>
    </word>
    <word idWord="4" x="143" transcription=" " LatinTrans="SPACE">
      <paw idPaw="1" x="143" transcription=" " LatinTrans="SPACE">
        <lettre idLettre="1" x="143" transcription=" " LatinTrans="SPACE" />
      </paw>
    </word>
    <word idWord="5" x="0" transcription="اللاتينية" LatinTrans="Alif_I Laam_B Laam_Alif Taaa_B Yaa_M Nuun_M Yaa_M TaaaClosed_E">
      <paw idPaw="1" x="134" transcription="ا" LatinTrans="Alif_I">
        <lettre idLettre="1" x="134" transcription="ا" LatinTrans="Alif_I" />
      </paw>
      <paw idPaw="2" x="103" transcription="للا" LatinTrans="Laam_B Laam_Alif">
        <lettre idLettre="1" x="125" transcription="ل" LatinTrans="Laam_B" />
        <lettre idLettre="2" x="103" transcription="لا" LatinTrans="Laam_Alif" />
      </paw>
      <paw idPaw="3" x="0" transcription="تينية" LatinTrans="Taaa_B Yaa_M Nuun_M Yaa_M TaaaClosed_E">
        <lettre idLettre="1" x="90" transcription="ت" LatinTrans="Taaa_B" />
        <lettre idLettre="2" x="75" transcription="ي" LatinTrans="Yaa_M" />
        <lettre idLettre="3" x="62" transcription="ن" LatinTrans="Nuun_M" />
        <lettre idLettre="4" x="41" transcription="ي" LatinTrans="Yaa_M" />
        <lettre idLettre="5" x="0" transcription="ة" LatinTrans="TaaaClosed_E" />
      </paw>
    </word>
  </content>
</textImage>