﻿<?xml version="1.0" encoding="UTF-8" standalone="yes"?>
<textImage id="1" width="355" height="32" transcription="تجربة كوريا الشمالية مزعزعة للاستقرار" image="aljazeera_3212-09-02-40_1">
  <ArabicTranscription>تجربة كوريا الشمالية مزعزعة للاستقرار</ArabicTranscription>
  <LatinTranscription>Taaa_B Jiim_M Raa_E Baa_B TaaaClosed_E SPACE Kaaf_B Waaw_E Raa_I Yaa_B Alif_E SPACE Alif_I Laam_B Shiin_M Miim_M Alif_E Laam_B Yaa_M TaaaClosed_E SPACE Miim_B Zaay_E Ayn_B Zaay_E Ayn_B TaaaClosed_E SPACE Laam_B Laam_Alif Siin_B Taaa_M Gaaf_M Raa_E Alif_I Raa_I</LatinTranscription>
  <content>
    <word idWord="1" x="298" transcription="تجربة" LatinTrans="Taaa_B Jiim_M Raa_E Baa_B TaaaClosed_E">
      <paw idPaw="1" x="320" transcription="تجر" LatinTrans="Taaa_B Jiim_M Raa_E">
        <lettre idLettre="1" x="342" transcription="ت" LatinTrans="Taaa_B" />
        <lettre idLettre="2" x="327" transcription="ج" LatinTrans="Jiim_M" />
        <lettre idLettre="3" x="320" transcription="ر" LatinTrans="Raa_E" />
      </paw>
      <paw idPaw="2" x="298" transcription="بة" LatinTrans="Baa_B TaaaClosed_E">
        <lettre idLettre="1" x="311" transcription="ب" LatinTrans="Baa_B" />
        <lettre idLettre="2" x="298" transcription="ة" LatinTrans="TaaaClosed_E" />
      </paw>
    </word>
    <word idWord="2" x="294" transcription=" " LatinTrans="SPACE">
      <paw idPaw="1" x="294" transcription=" " LatinTrans="SPACE">
        <lettre idLettre="1" x="294" transcription=" " LatinTrans="SPACE" />
      </paw>
    </word>
    <word idWord="3" x="246" transcription="كوريا" LatinTrans="Kaaf_B Waaw_E Raa_I Yaa_B Alif_E">
      <paw idPaw="1" x="271" transcription="كو" LatinTrans="Kaaf_B Waaw_E">
        <lettre idLettre="1" x="283" transcription="ك" LatinTrans="Kaaf_B" />
        <lettre idLettre="2" x="271" transcription="و" LatinTrans="Waaw_E" />
      </paw>
      <paw idPaw="2" x="264" transcription="ر" LatinTrans="Raa_I">
        <lettre idLettre="1" x="264" transcription="ر" LatinTrans="Raa_I" />
      </paw>
      <paw idPaw="3" x="246" transcription="يا" LatinTrans="Yaa_B Alif_E">
        <lettre idLettre="1" x="253" transcription="ي" LatinTrans="Yaa_B" />
        <lettre idLettre="2" x="246" transcription="ا" LatinTrans="Alif_E" />
      </paw>
    </word>
    <word idWord="4" x="243" transcription=" " LatinTrans="SPACE">
      <paw idPaw="1" x="243" transcription=" " LatinTrans="SPACE">
        <lettre idLettre="1" x="243" transcription=" " LatinTrans="SPACE" />
      </paw>
    </word>
    <word idWord="5" x="166" transcription="الشمالية" LatinTrans="Alif_I Laam_B Shiin_M Miim_M Alif_E Laam_B Yaa_M TaaaClosed_E">
      <paw idPaw="1" x="236" transcription="ا" LatinTrans="Alif_I">
        <lettre idLettre="1" x="236" transcription="ا" LatinTrans="Alif_I" />
      </paw>
      <paw idPaw="2" x="194" transcription="لشما" LatinTrans="Laam_B Shiin_M Miim_M Alif_E">
        <lettre idLettre="1" x="232" transcription="ل" LatinTrans="Laam_B" />
        <lettre idLettre="2" x="212" transcription="ش" LatinTrans="Shiin_M" />
        <lettre idLettre="3" x="201" transcription="م" LatinTrans="Miim_M" />
        <lettre idLettre="4" x="194" transcription="ا" LatinTrans="Alif_E" />
      </paw>
      <paw idPaw="3" x="166" transcription="لية" LatinTrans="Laam_B Yaa_M TaaaClosed_E">
        <lettre idLettre="1" x="187" transcription="ل" LatinTrans="Laam_B" />
        <lettre idLettre="2" x="177" transcription="ي" LatinTrans="Yaa_M" />
        <lettre idLettre="3" x="166" transcription="ة" LatinTrans="TaaaClosed_E" />
      </paw>
    </word>
    <word idWord="6" x="161" transcription=" " LatinTrans="SPACE">
      <paw idPaw="1" x="161" transcription=" " LatinTrans="SPACE">
        <lettre idLettre="1" x="161" transcription=" " LatinTrans="SPACE" />
      </paw>
    </word>
    <word idWord="7" x="89" transcription="مزعزعة" LatinTrans="Miim_B Zaay_E Ayn_B Zaay_E Ayn_B TaaaClosed_E">
      <paw idPaw="1" x="140" transcription="مز" LatinTrans="Miim_B Zaay_E">
        <lettre idLettre="1" x="149" transcription="م" LatinTrans="Miim_B" />
        <lettre idLettre="2" x="140" transcription="ز" LatinTrans="Zaay_E" />
      </paw>
      <paw idPaw="2" x="116" transcription="عز" LatinTrans="Ayn_B Zaay_E">
        <lettre idLettre="1" x="127" transcription="ع" LatinTrans="Ayn_B" />
        <lettre idLettre="2" x="116" transcription="ز" LatinTrans="Zaay_E" />
      </paw>
      <paw idPaw="3" x="89" transcription="عة" LatinTrans="Ayn_B TaaaClosed_E">
        <lettre idLettre="1" x="104" transcription="ع" LatinTrans="Ayn_B" />
        <lettre idLettre="2" x="89" transcription="ة" LatinTrans="TaaaClosed_E" />
      </paw>
    </word>
    <word idWord="8" x="86" transcription=" " LatinTrans="SPACE">
      <paw idPaw="1" x="86" transcription=" " LatinTrans="SPACE">
        <lettre idLettre="1" x="86" transcription=" " LatinTrans="SPACE" />
      </paw>
    </word>
    <word idWord="9" x="0" transcription="للاستقرار" LatinTrans="Laam_B Laam_Alif Siin_B Taaa_M Gaaf_M Raa_E Alif_I Raa_I">
      <paw idPaw="1" x="67" transcription="للا" LatinTrans="Laam_B Laam_Alif">
        <lettre idLettre="1" x="79" transcription="ل" LatinTrans="Laam_B" />
        <lettre idLettre="2" x="67" transcription="لا" LatinTrans="Laam_Alif" />
      </paw>
      <paw idPaw="2" x="19" transcription="ستقر" LatinTrans="Siin_B Taaa_M Gaaf_M Raa_E">
        <lettre idLettre="1" x="52" transcription="س" LatinTrans="Siin_B" />
        <lettre idLettre="2" x="40" transcription="ت" LatinTrans="Taaa_M" />
        <lettre idLettre="3" x="27" transcription="ق" LatinTrans="Gaaf_M" />
        <lettre idLettre="4" x="19" transcription="ر" LatinTrans="Raa_E" />
      </paw>
      <paw idPaw="3" x="12" transcription="ا" LatinTrans="Alif_I">
        <lettre idLettre="1" x="12" transcription="ا" LatinTrans="Alif_I" />
      </paw>
      <paw idPaw="4" x="0" transcription="ر" LatinTrans="Raa_I">
        <lettre idLettre="1" x="0" transcription="ر" LatinTrans="Raa_I" />
      </paw>
    </word>
  </content>
</textImage>