﻿<?xml version="1.0" encoding="UTF-8" standalone="yes"?>
<textImage id="1" width="183" height="55" transcription="حصاد اليوم" image="aljazeera_3211-19-59-40_1">
  <ArabicTranscription>حصاد اليوم</ArabicTranscription>
  <LatinTranscription>Haaa_B Saad_M Alif_E Daal_I SPACE Alif_I Laam_B Yaa_M Waaw_E Miim_I</LatinTranscription>
  <content>
    <word idWord="1" x="88" transcription="حصاد" LatinTrans="Haaa_B Saad_M Alif_E Daal_I">
      <paw idPaw="1" x="108" transcription="حصا" LatinTrans="Haaa_B Saad_M Alif_E">
        <lettre idLettre="1" x="152" transcription="ح" LatinTrans="Haaa_B" />
        <lettre idLettre="2" x="118" transcription="ص" LatinTrans="Saad_M" />
        <lettre idLettre="3" x="108" transcription="ا" LatinTrans="Alif_E" />
      </paw>
      <paw idPaw="2" x="88" transcription="د" LatinTrans="Daal_I">
        <lettre idLettre="1" x="88" transcription="د" LatinTrans="Daal_I" />
      </paw>
    </word>
    <word idWord="2" x="83" transcription=" " LatinTrans="SPACE">
      <paw idPaw="1" x="83" transcription=" " LatinTrans="SPACE">
        <lettre idLettre="1" x="83" transcription=" " LatinTrans="SPACE" />
      </paw>
    </word>
    <word idWord="3" x="0" transcription="اليوم" LatinTrans="Alif_I Laam_B Yaa_M Waaw_E Miim_I">
      <paw idPaw="1" x="76" transcription="ا" LatinTrans="Alif_I">
        <lettre idLettre="1" x="76" transcription="ا" LatinTrans="Alif_I" />
      </paw>
      <paw idPaw="2" x="33" transcription="ليو" LatinTrans="Laam_B Yaa_M Waaw_E">
        <lettre idLettre="1" x="67" transcription="ل" LatinTrans="Laam_B" />
        <lettre idLettre="2" x="50" transcription="ي" LatinTrans="Yaa_M" />
        <lettre idLettre="3" x="33" transcription="و" LatinTrans="Waaw_E" />
      </paw>
      <paw idPaw="3" x="0" transcription="م" LatinTrans="Miim_I">
        <lettre idLettre="1" x="0" transcription="م" LatinTrans="Miim_I" />
      </paw>
    </word>
  </content>
</textImage>