﻿<?xml version="1.0" encoding="UTF-8" standalone="yes"?>
<textImage id="1" width="194" height="40" transcription="تقرير محمد البقالي" image="aljazeera_3212-05-18-30_1">
  <ArabicTranscription>تقرير محمد البقالي</ArabicTranscription>
  <LatinTranscription>Taaa_B Gaaf_M Raa_E Yaa_B Raa_E SPACE Miim_B Haaa_M Miim_M Daal_E SPACE Alif_I Laam_B Baa_M Gaaf_M Alif_E Laam_B Yaa_E</LatinTranscription>
  <content>
    <word idWord="1" x="134" transcription="تقرير" LatinTrans="Taaa_B Gaaf_M Raa_E Yaa_B Raa_E">
      <paw idPaw="1" x="154" transcription="تقر" LatinTrans="Taaa_B Gaaf_M Raa_E">
        <lettre idLettre="1" x="179" transcription="ت" LatinTrans="Taaa_B" />
        <lettre idLettre="2" x="166" transcription="ق" LatinTrans="Gaaf_M" />
        <lettre idLettre="3" x="154" transcription="ر" LatinTrans="Raa_E" />
      </paw>
      <paw idPaw="2" x="134" transcription="ير" LatinTrans="Yaa_B Raa_E">
        <lettre idLettre="1" x="146" transcription="ي" LatinTrans="Yaa_B" />
        <lettre idLettre="2" x="134" transcription="ر" LatinTrans="Raa_E" />
      </paw>
    </word>
    <word idWord="2" x="129" transcription=" " LatinTrans="SPACE">
      <paw idPaw="1" x="129" transcription=" " LatinTrans="SPACE">
        <lettre idLettre="1" x="129" transcription=" " LatinTrans="SPACE" />
      </paw>
    </word>
    <word idWord="3" x="75" transcription="محمد" LatinTrans="Miim_B Haaa_M Miim_M Daal_E">
      <paw idPaw="1" x="75" transcription="محمد" LatinTrans="Miim_B Haaa_M Miim_M Daal_E">
        <lettre idLettre="1" x="118" transcription="م" LatinTrans="Miim_B" />
        <lettre idLettre="2" x="104" transcription="ح" LatinTrans="Haaa_M" />
        <lettre idLettre="3" x="88" transcription="م" LatinTrans="Miim_M" />
        <lettre idLettre="4" x="75" transcription="د" LatinTrans="Daal_E" />
      </paw>
    </word>
    <word idWord="4" x="70" transcription=" " LatinTrans="SPACE">
      <paw idPaw="1" x="70" transcription=" " LatinTrans="SPACE">
        <lettre idLettre="1" x="70" transcription=" " LatinTrans="SPACE" />
      </paw>
    </word>
    <word idWord="5" x="0" transcription="البقالي" LatinTrans="Alif_I Laam_B Baa_M Gaaf_M Alif_E Laam_B Yaa_E">
      <paw idPaw="1" x="64" transcription="ا" LatinTrans="Alif_I">
        <lettre idLettre="1" x="64" transcription="ا" LatinTrans="Alif_I" />
      </paw>
      <paw idPaw="2" x="26" transcription="لبقا" LatinTrans="Laam_B Baa_M Gaaf_M Alif_E">
        <lettre idLettre="1" x="58" transcription="ل" LatinTrans="Laam_B" />
        <lettre idLettre="2" x="48" transcription="ب" LatinTrans="Baa_M" />
        <lettre idLettre="3" x="34" transcription="ق" LatinTrans="Gaaf_M" />
        <lettre idLettre="4" x="26" transcription="ا" LatinTrans="Alif_E" />
      </paw>
      <paw idPaw="3" x="0" transcription="لي" LatinTrans="Laam_B Yaa_E">
        <lettre idLettre="1" x="19" transcription="ل" LatinTrans="Laam_B" />
        <lettre idLettre="2" x="0" transcription="ي" LatinTrans="Yaa_E" />
      </paw>
    </word>
  </content>
</textImage>