﻿<?xml version="1.0" encoding="UTF-8" standalone="yes"?>
<textImage id="1" width="527" height="45" transcription="وزير المصالحة السوري مستعد للاجتماع مع المعارضة" image="aljazeera_3212-12-08-40_1">
  <ArabicTranscription>وزير المصالحة السوري مستعد للاجتماع مع المعارضة</ArabicTranscription>
  <LatinTranscription>Waaw_I Zaay_I Yaa_B Raa_E SPACE Alif_I Laam_B Miim_M Saad_M Alif_E Laam_B Haaa_M TaaaClosed_E SPACE Alif_I Laam_B Siin_M Waaw_E Raa_I Yaa_I SPACE Miim_B Siin_M Taaa_M Ayn_M Daal_E SPACE Laam_B Laam_Alif Jiim_B Taaa_M Miim_M Alif_E Ayn_I SPACE Miim_B Ayn_E SPACE Alif_I Laam_B Miim_M Ayn_M Alif_E Raa_I Daad_B TaaaClosed_E</LatinTranscription>
  <content>
    <word idWord="1" x="480" transcription="وزير" LatinTrans="Waaw_I Zaay_I Yaa_B Raa_E">
      <paw idPaw="1" x="512" transcription="و" LatinTrans="Waaw_I">
        <lettre idLettre="1" x="512" transcription="و" LatinTrans="Waaw_I" />
      </paw>
      <paw idPaw="2" x="502" transcription="ز" LatinTrans="Zaay_I">
        <lettre idLettre="1" x="502" transcription="ز" LatinTrans="Zaay_I" />
      </paw>
      <paw idPaw="3" x="480" transcription="ير" LatinTrans="Yaa_B Raa_E">
        <lettre idLettre="1" x="491" transcription="ي" LatinTrans="Yaa_B" />
        <lettre idLettre="2" x="480" transcription="ر" LatinTrans="Raa_E" />
      </paw>
    </word>
    <word idWord="2" x="477" transcription=" " LatinTrans="SPACE">
      <paw idPaw="1" x="477" transcription=" " LatinTrans="SPACE">
        <lettre idLettre="1" x="477" transcription=" " LatinTrans="SPACE" />
      </paw>
    </word>
    <word idWord="3" x="385" transcription="المصالحة" LatinTrans="Alif_I Laam_B Miim_M Saad_M Alif_E Laam_B Haaa_M TaaaClosed_E">
      <paw idPaw="1" x="470" transcription="ا" LatinTrans="Alif_I">
        <lettre idLettre="1" x="470" transcription="ا" LatinTrans="Alif_I" />
      </paw>
      <paw idPaw="2" x="421" transcription="لمصا" LatinTrans="Laam_B Miim_M Saad_M Alif_E">
        <lettre idLettre="1" x="465" transcription="ل" LatinTrans="Laam_B" />
        <lettre idLettre="2" x="450" transcription="م" LatinTrans="Miim_M" />
        <lettre idLettre="3" x="429" transcription="ص" LatinTrans="Saad_M" />
        <lettre idLettre="4" x="421" transcription="ا" LatinTrans="Alif_E" />
      </paw>
      <paw idPaw="3" x="385" transcription="لحة" LatinTrans="Laam_B Haaa_M TaaaClosed_E">
        <lettre idLettre="1" x="414" transcription="ل" LatinTrans="Laam_B" />
        <lettre idLettre="2" x="399" transcription="ح" LatinTrans="Haaa_M" />
        <lettre idLettre="3" x="385" transcription="ة" LatinTrans="TaaaClosed_E" />
      </paw>
    </word>
    <word idWord="4" x="381" transcription=" " LatinTrans="SPACE">
      <paw idPaw="1" x="381" transcription=" " LatinTrans="SPACE">
        <lettre idLettre="1" x="381" transcription=" " LatinTrans="SPACE" />
      </paw>
    </word>
    <word idWord="5" x="308" transcription="السوري" LatinTrans="Alif_I Laam_B Siin_M Waaw_E Raa_I Yaa_I">
      <paw idPaw="1" x="374" transcription="ا" LatinTrans="Alif_I">
        <lettre idLettre="1" x="374" transcription="ا" LatinTrans="Alif_I" />
      </paw>
      <paw idPaw="2" x="334" transcription="لسو" LatinTrans="Laam_B Siin_M Waaw_E">
        <lettre idLettre="1" x="368" transcription="ل" LatinTrans="Laam_B" />
        <lettre idLettre="2" x="348" transcription="س" LatinTrans="Siin_M" />
        <lettre idLettre="3" x="334" transcription="و" LatinTrans="Waaw_E" />
      </paw>
      <paw idPaw="3" x="324" transcription="ر" LatinTrans="Raa_I">
        <lettre idLettre="1" x="324" transcription="ر" LatinTrans="Raa_I" />
      </paw>
      <paw idPaw="4" x="308" transcription="ي" LatinTrans="Yaa_I">
        <lettre idLettre="1" x="308" transcription="ي" LatinTrans="Yaa_I" />
      </paw>
    </word>
    <word idWord="6" x="304" transcription=" " LatinTrans="SPACE">
      <paw idPaw="1" x="304" transcription=" " LatinTrans="SPACE">
        <lettre idLettre="1" x="304" transcription=" " LatinTrans="SPACE" />
      </paw>
    </word>
    <word idWord="7" x="229" transcription="مستعد" LatinTrans="Miim_B Siin_M Taaa_M Ayn_M Daal_E">
      <paw idPaw="1" x="229" transcription="مستعد" LatinTrans="Miim_B Siin_M Taaa_M Ayn_M Daal_E">
        <lettre idLettre="1" x="293" transcription="م" LatinTrans="Miim_B" />
        <lettre idLettre="2" x="271" transcription="س" LatinTrans="Siin_M" />
        <lettre idLettre="3" x="260" transcription="ت" LatinTrans="Taaa_M" />
        <lettre idLettre="4" x="243" transcription="ع" LatinTrans="Ayn_M" />
        <lettre idLettre="5" x="229" transcription="د" LatinTrans="Daal_E" />
      </paw>
    </word>
    <word idWord="8" x="226" transcription=" " LatinTrans="SPACE">
      <paw idPaw="1" x="226" transcription=" " LatinTrans="SPACE">
        <lettre idLettre="1" x="226" transcription=" " LatinTrans="SPACE" />
      </paw>
    </word>
    <word idWord="9" x="140" transcription="للاجتماع" LatinTrans="Laam_B Laam_Alif Jiim_B Taaa_M Miim_M Alif_E Ayn_I">
      <paw idPaw="1" x="202" transcription="للا" LatinTrans="Laam_B Laam_Alif">
        <lettre idLettre="1" x="217" transcription="ل" LatinTrans="Laam_B" />
        <lettre idLettre="2" x="202" transcription="لا" LatinTrans="Laam_Alif" />
      </paw>
      <paw idPaw="2" x="155" transcription="جتما" LatinTrans="Jiim_B Taaa_M Miim_M Alif_E">
        <lettre idLettre="1" x="188" transcription="ج" LatinTrans="Jiim_B" />
        <lettre idLettre="2" x="176" transcription="ت" LatinTrans="Taaa_M" />
        <lettre idLettre="3" x="163" transcription="م" LatinTrans="Miim_M" />
        <lettre idLettre="4" x="155" transcription="ا" LatinTrans="Alif_E" />
      </paw>
      <paw idPaw="3" x="140" transcription="ع" LatinTrans="Ayn_I">
        <lettre idLettre="1" x="140" transcription="ع" LatinTrans="Ayn_I" />
      </paw>
    </word>
    <word idWord="10" x="135" transcription=" " LatinTrans="SPACE">
      <paw idPaw="1" x="135" transcription=" " LatinTrans="SPACE">
        <lettre idLettre="1" x="135" transcription=" " LatinTrans="SPACE" />
      </paw>
    </word>
    <word idWord="11" x="104" transcription="مع" LatinTrans="Miim_B Ayn_E">
      <paw idPaw="1" x="104" transcription="مع" LatinTrans="Miim_B Ayn_E">
        <lettre idLettre="1" x="122" transcription="م" LatinTrans="Miim_B" />
        <lettre idLettre="2" x="104" transcription="ع" LatinTrans="Ayn_E" />
      </paw>
    </word>
    <word idWord="12" x="100" transcription=" " LatinTrans="SPACE">
      <paw idPaw="1" x="100" transcription=" " LatinTrans="SPACE">
        <lettre idLettre="1" x="100" transcription=" " LatinTrans="SPACE" />
      </paw>
    </word>
    <word idWord="13" x="0" transcription="المعارضة" LatinTrans="Alif_I Laam_B Miim_M Ayn_M Alif_E Raa_I Daad_B TaaaClosed_E">
      <paw idPaw="1" x="94" transcription="ا" LatinTrans="Alif_I">
        <lettre idLettre="1" x="94" transcription="ا" LatinTrans="Alif_I" />
      </paw>
      <paw idPaw="2" x="50" transcription="لمعا" LatinTrans="Laam_B Miim_M Ayn_M Alif_E">
        <lettre idLettre="1" x="86" transcription="ل" LatinTrans="Laam_B" />
        <lettre idLettre="2" x="74" transcription="م" LatinTrans="Miim_M" />
        <lettre idLettre="3" x="58" transcription="ع" LatinTrans="Ayn_M" />
        <lettre idLettre="4" x="50" transcription="ا" LatinTrans="Alif_E" />
      </paw>
      <paw idPaw="3" x="42" transcription="ر" LatinTrans="Raa_I">
        <lettre idLettre="1" x="42" transcription="ر" LatinTrans="Raa_I" />
      </paw>
      <paw idPaw="4" x="0" transcription="ضة" LatinTrans="Daad_B TaaaClosed_E">
        <lettre idLettre="1" x="19" transcription="ض" LatinTrans="Daad_B" />
        <lettre idLettre="2" x="0" transcription="ة" LatinTrans="TaaaClosed_E" />
      </paw>
    </word>
  </content>
</textImage>