﻿<?xml version="1.0" encoding="UTF-8" standalone="yes"?>
<textImage id="2" width="337" height="36" transcription="استقال سلستينو الخامس" image="aljazeera_3212-08-51-30_2">
  <ArabicTranscription>استقال سلستينو الخامس</ArabicTranscription>
  <LatinTranscription>Alif_I Siin_B Taaa_M Gaaf_M Alif_E Laam_I SPACE Siin_B Laam_M Siin_M Taaa_M Yaa_M Nuun_M Waaw_E SPACE Alif_I Laam_B Xaa_M Alif_E Miim_B Siin_E</LatinTranscription>
  <content>
    <word idWord="1" x="244" transcription="استقال" LatinTrans="Alif_I Siin_B Taaa_M Gaaf_M Alif_E Laam_I">
      <paw idPaw="1" x="328" transcription="ا" LatinTrans="Alif_I">
        <lettre idLettre="1" x="328" transcription="ا" LatinTrans="Alif_I" />
      </paw>
      <paw idPaw="2" x="264" transcription="ستقا" LatinTrans="Siin_B Taaa_M Gaaf_M Alif_E">
        <lettre idLettre="1" x="308" transcription="س" LatinTrans="Siin_B" />
        <lettre idLettre="2" x="290" transcription="ت" LatinTrans="Taaa_M" />
        <lettre idLettre="3" x="272" transcription="ق" LatinTrans="Gaaf_M" />
        <lettre idLettre="4" x="264" transcription="ا" LatinTrans="Alif_E" />
      </paw>
      <paw idPaw="3" x="244" transcription="ل" LatinTrans="Laam_I">
        <lettre idLettre="1" x="244" transcription="ل" LatinTrans="Laam_I" />
      </paw>
    </word>
    <word idWord="2" x="239" transcription=" " LatinTrans="SPACE">
      <paw idPaw="1" x="239" transcription=" " LatinTrans="SPACE">
        <lettre idLettre="1" x="239" transcription=" " LatinTrans="SPACE" />
      </paw>
    </word>
    <word idWord="3" x="124" transcription="سلستينو" LatinTrans="Siin_B Laam_M Siin_M Taaa_M Yaa_M Nuun_M Waaw_E">
      <paw idPaw="1" x="124" transcription="سلستينو" LatinTrans="Siin_B Laam_M Siin_M Taaa_M Yaa_M Nuun_M Waaw_E">
        <lettre idLettre="1" x="217" transcription="س" LatinTrans="Siin_B" />
        <lettre idLettre="2" x="205" transcription="ل" LatinTrans="Laam_M" />
        <lettre idLettre="3" x="180" transcription="س" LatinTrans="Siin_M" />
        <lettre idLettre="4" x="166" transcription="ت" LatinTrans="Taaa_M" />
        <lettre idLettre="5" x="151" transcription="ي" LatinTrans="Yaa_M" />
        <lettre idLettre="6" x="142" transcription="ن" LatinTrans="Nuun_M" />
        <lettre idLettre="7" x="124" transcription="و" LatinTrans="Waaw_E" />
      </paw>
    </word>
    <word idWord="4" x="120" transcription=" " LatinTrans="SPACE">
      <paw idPaw="1" x="120" transcription=" " LatinTrans="SPACE">
        <lettre idLettre="1" x="120" transcription=" " LatinTrans="SPACE" />
      </paw>
    </word>
    <word idWord="5" x="0" transcription="الخامس" LatinTrans="Alif_I Laam_B Xaa_M Alif_E Miim_B Siin_E">
      <paw idPaw="1" x="112" transcription="ا" LatinTrans="Alif_I">
        <lettre idLettre="1" x="112" transcription="ا" LatinTrans="Alif_I" />
      </paw>
      <paw idPaw="2" x="77" transcription="لخا" LatinTrans="Laam_B Xaa_M Alif_E">
        <lettre idLettre="1" x="104" transcription="ل" LatinTrans="Laam_B" />
        <lettre idLettre="2" x="84" transcription="خ" LatinTrans="Xaa_M" />
        <lettre idLettre="3" x="77" transcription="ا" LatinTrans="Alif_E" />
      </paw>
      <paw idPaw="3" x="0" transcription="مس" LatinTrans="Miim_B Siin_E">
        <lettre idLettre="1" x="53" transcription="م" LatinTrans="Miim_B" />
        <lettre idLettre="2" x="0" transcription="س" LatinTrans="Siin_E" />
      </paw>
    </word>
  </content>
</textImage>