﻿<?xml version="1.0" encoding="UTF-8" standalone="yes"?>
<textImage id="2" width="198" height="34" transcription="حلا سحريا" image="aljazeera_3211-10-49-20_2">
  <ArabicTranscription>حلا سحريا</ArabicTranscription>
  <LatinTranscription>Haaa_B Laam_Alif Siin_B Haaa_M Raa_E Yaa_B Alif_E</LatinTranscription>
  <content>
    <word idWord="1" x="140" transcription="حلا" LatinTrans="Haaa_B Laam_Alif">
      <paw idPaw="1" x="140" transcription="حلا" LatinTrans="Haaa_B Laam_Alif">
        <lettre idLettre="1" x="176" transcription="ح" LatinTrans="Haaa_B" />
        <lettre idLettre="2" x="140" transcription="لا" LatinTrans="Laam_Alif" />
      </paw>
    </word>
    <word idWord="2" x="0" transcription="سحريا" LatinTrans="Siin_B Haaa_M Raa_E Yaa_B Alif_E">
      <paw idPaw="1" x="47" transcription="سحر" LatinTrans="Siin_B Haaa_M Raa_E">
        <lettre idLettre="1" x="107" transcription="س" LatinTrans="Siin_B" />
        <lettre idLettre="2" x="73" transcription="ح" LatinTrans="Haaa_M" />
        <lettre idLettre="3" x="47" transcription="ر" LatinTrans="Raa_E" />
      </paw>
      <paw idPaw="2" x="0" transcription="يا" LatinTrans="Yaa_B Alif_E">
        <lettre idLettre="1" x="30" transcription="ي" LatinTrans="Yaa_B" />
        <lettre idLettre="2" x="0" transcription="ا" LatinTrans="Alif_E" />
      </paw>
    </word>
  </content>
</textImage>