﻿<?xml version="1.0" encoding="UTF-8" standalone="yes"?>
<textImage id="2" width="86" height="33" transcription="المغرب" image="aljazeera_3213-04-57-10_2">
  <ArabicTranscription>المغرب</ArabicTranscription>
  <LatinTranscription>Alif_I Laam_B Miim_M Ghayn_M Raa_E Baa_I</LatinTranscription>
  <content>
    <word idWord="1" x="0" transcription="المغرب" LatinTrans="Alif_I Laam_B Miim_M Ghayn_M Raa_E Baa_I">
      <paw idPaw="1" x="76" transcription="ا" LatinTrans="Alif_I">
        <lettre idLettre="1" x="76" transcription="ا" LatinTrans="Alif_I" />
      </paw>
      <paw idPaw="2" x="25" transcription="لمغر" LatinTrans="Laam_B Miim_M Ghayn_M Raa_E">
        <lettre idLettre="1" x="70" transcription="ل" LatinTrans="Laam_B" />
        <lettre idLettre="2" x="57" transcription="م" LatinTrans="Miim_M" />
        <lettre idLettre="3" x="36" transcription="غ" LatinTrans="Ghayn_M" />
        <lettre idLettre="4" x="25" transcription="ر" LatinTrans="Raa_E" />
      </paw>
      <paw idPaw="3" x="0" transcription="ب" LatinTrans="Baa_I">
        <lettre idLettre="1" x="0" transcription="ب" LatinTrans="Baa_I" />
      </paw>
    </word>
  </content>
</textImage>