﻿<?xml version="1.0" encoding="UTF-8" standalone="yes"?>
<textImage id="1" width="497" height="74" transcription="دوري أبطال أوروبا لكرة القدم" image="aljazeera_3212-13-34-30_1">
  <ArabicTranscription>دوري أبطال أوروبا لكرة القدم</ArabicTranscription>
  <LatinTranscription>Daal_I Waaw_I Raa_I Yaa_I SPACE HamzaAboveAlif_I Baa_B Thaaa_M Alif_E Laam_I SPACE HamzaAboveAlif_I Waaw_I Raa_I Waaw_I Baa_B Alif_E SPACE Laam_B Kaaf_M Raa_E TaaaClosed_I SPACE Alif_I Laam_B Gaaf_M Daal_E Miim_I</LatinTranscription>
  <content>
    <word idWord="1" x="407" transcription="دوري" LatinTrans="Daal_I Waaw_I Raa_I Yaa_I">
      <paw idPaw="1" x="473" transcription="د" LatinTrans="Daal_I">
        <lettre idLettre="1" x="473" transcription="د" LatinTrans="Daal_I" />
      </paw>
      <paw idPaw="2" x="452" transcription="و" LatinTrans="Waaw_I">
        <lettre idLettre="1" x="452" transcription="و" LatinTrans="Waaw_I" />
      </paw>
      <paw idPaw="3" x="436" transcription="ر" LatinTrans="Raa_I">
        <lettre idLettre="1" x="436" transcription="ر" LatinTrans="Raa_I" />
      </paw>
      <paw idPaw="4" x="407" transcription="ي" LatinTrans="Yaa_I">
        <lettre idLettre="1" x="407" transcription="ي" LatinTrans="Yaa_I" />
      </paw>
    </word>
    <word idWord="2" x="399" transcription=" " LatinTrans="SPACE">
      <paw idPaw="1" x="399" transcription=" " LatinTrans="SPACE">
        <lettre idLettre="1" x="399" transcription=" " LatinTrans="SPACE" />
      </paw>
    </word>
    <word idWord="3" x="298" transcription="أبطال" LatinTrans="HamzaAboveAlif_I Baa_B Thaaa_M Alif_E Laam_I">
      <paw idPaw="1" x="390" transcription="أ" LatinTrans="HamzaAboveAlif_I">
        <lettre idLettre="1" x="390" transcription="أ" LatinTrans="HamzaAboveAlif_I" />
      </paw>
      <paw idPaw="2" x="328" transcription="بطا" LatinTrans="Baa_B Thaaa_M Alif_E">
        <lettre idLettre="1" x="371" transcription="ب" LatinTrans="Baa_B" />
        <lettre idLettre="2" x="338" transcription="ط" LatinTrans="Thaaa_M" />
        <lettre idLettre="3" x="328" transcription="ا" LatinTrans="Alif_E" />
      </paw>
      <paw idPaw="3" x="298" transcription="ل" LatinTrans="Laam_I">
        <lettre idLettre="1" x="298" transcription="ل" LatinTrans="Laam_I" />
      </paw>
    </word>
    <word idWord="4" x="292" transcription=" " LatinTrans="SPACE">
      <paw idPaw="1" x="292" transcription=" " LatinTrans="SPACE">
        <lettre idLettre="1" x="292" transcription=" " LatinTrans="SPACE" />
      </paw>
    </word>
    <word idWord="5" x="195" transcription="أوروبا" LatinTrans="HamzaAboveAlif_I Waaw_I Raa_I Waaw_I Baa_B Alif_E">
      <paw idPaw="1" x="281" transcription="أ" LatinTrans="HamzaAboveAlif_I">
        <lettre idLettre="1" x="281" transcription="أ" LatinTrans="HamzaAboveAlif_I" />
      </paw>
      <paw idPaw="2" x="259" transcription="و" LatinTrans="Waaw_I">
        <lettre idLettre="1" x="259" transcription="و" LatinTrans="Waaw_I" />
      </paw>
      <paw idPaw="3" x="244" transcription="ر" LatinTrans="Raa_I">
        <lettre idLettre="1" x="244" transcription="ر" LatinTrans="Raa_I" />
      </paw>
      <paw idPaw="4" x="224" transcription="و" LatinTrans="Waaw_I">
        <lettre idLettre="1" x="224" transcription="و" LatinTrans="Waaw_I" />
      </paw>
      <paw idPaw="5" x="195" transcription="با" LatinTrans="Baa_B Alif_E">
        <lettre idLettre="1" x="209" transcription="ب" LatinTrans="Baa_B" />
        <lettre idLettre="2" x="195" transcription="ا" LatinTrans="Alif_E" />
      </paw>
    </word>
    <word idWord="6" x="187" transcription=" " LatinTrans="SPACE">
      <paw idPaw="1" x="187" transcription=" " LatinTrans="SPACE">
        <lettre idLettre="1" x="187" transcription=" " LatinTrans="SPACE" />
      </paw>
    </word>
    <word idWord="7" x="106" transcription="لكرة" LatinTrans="Laam_B Kaaf_M Raa_E TaaaClosed_I">
      <paw idPaw="1" x="129" transcription="لكر" LatinTrans="Laam_B Kaaf_M Raa_E">
        <lettre idLettre="1" x="171" transcription="ل" LatinTrans="Laam_B" />
        <lettre idLettre="2" x="146" transcription="ك" LatinTrans="Kaaf_M" />
        <lettre idLettre="3" x="129" transcription="ر" LatinTrans="Raa_E" />
      </paw>
      <paw idPaw="2" x="106" transcription="ة" LatinTrans="TaaaClosed_I">
        <lettre idLettre="1" x="106" transcription="ة" LatinTrans="TaaaClosed_I" />
      </paw>
    </word>
    <word idWord="8" x="102" transcription=" " LatinTrans="SPACE">
      <paw idPaw="1" x="102" transcription=" " LatinTrans="SPACE">
        <lettre idLettre="1" x="102" transcription=" " LatinTrans="SPACE" />
      </paw>
    </word>
    <word idWord="9" x="0" transcription="القدم" LatinTrans="Alif_I Laam_B Gaaf_M Daal_E Miim_I">
      <paw idPaw="1" x="89" transcription="ا" LatinTrans="Alif_I">
        <lettre idLettre="1" x="89" transcription="ا" LatinTrans="Alif_I" />
      </paw>
      <paw idPaw="2" x="31" transcription="لقد" LatinTrans="Laam_B Gaaf_M Daal_E">
        <lettre idLettre="1" x="78" transcription="ل" LatinTrans="Laam_B" />
        <lettre idLettre="2" x="54" transcription="ق" LatinTrans="Gaaf_M" />
        <lettre idLettre="3" x="31" transcription="د" LatinTrans="Daal_E" />
      </paw>
      <paw idPaw="3" x="0" transcription="م" LatinTrans="Miim_I">
        <lettre idLettre="1" x="0" transcription="م" LatinTrans="Miim_I" />
      </paw>
    </word>
  </content>
</textImage>