﻿<?xml version="1.0" encoding="UTF-8" standalone="yes"?>
<textImage id="1" width="218" height="36" transcription="الأمريكي باراك أوباما في" image="aljazeera_3213-01-27-50_3">
  <ArabicTranscription>الأمريكي باراك أوباما في</ArabicTranscription>
  <LatinTranscription>Alif_I Laam_HamzaAboveAlif Miim_B Raa_E Yaa_B Kaaf_M Yaa_E SPACE Baa_B Alif_E Raa_I Alif_I Kaaf_I SPACE HamzaAboveAlif_I Waaw_I Baa_B Alif_E Miim_B Alif_E SPACE Faa_B Yaa_E</LatinTranscription>
  <content>
    <word idWord="1" x="146" transcription="الأمريكي" LatinTrans="Alif_I Laam_HamzaAboveAlif Miim_B Raa_E Yaa_B Kaaf_M Yaa_E">
      <paw idPaw="1" x="210" transcription="ا" LatinTrans="Alif_I">
        <lettre idLettre="1" x="210" transcription="ا" LatinTrans="Alif_I" />
      </paw>
      <paw idPaw="2" x="199" transcription="لأ" LatinTrans="Laam_HamzaAboveAlif">
        <lettre idLettre="1" x="199" transcription="لأ" LatinTrans="Laam_HamzaAboveAlif" />
      </paw>
      <paw idPaw="3" x="181" transcription="مر" LatinTrans="Miim_B Raa_E">
        <lettre idLettre="1" x="189" transcription="م" LatinTrans="Miim_B" />
        <lettre idLettre="2" x="181" transcription="ر" LatinTrans="Raa_E" />
      </paw>
      <paw idPaw="4" x="146" transcription="يكي" LatinTrans="Yaa_B Kaaf_M Yaa_E">
        <lettre idLettre="1" x="170" transcription="ي" LatinTrans="Yaa_B" />
        <lettre idLettre="2" x="158" transcription="ك" LatinTrans="Kaaf_M" />
        <lettre idLettre="3" x="146" transcription="ي" LatinTrans="Yaa_E" />
      </paw>
    </word>
    <word idWord="2" x="141" transcription=" " LatinTrans="SPACE">
      <paw idPaw="1" x="141" transcription=" " LatinTrans="SPACE">
        <lettre idLettre="1" x="141" transcription=" " LatinTrans="SPACE" />
      </paw>
    </word>
    <word idWord="3" x="93" transcription="باراك" LatinTrans="Baa_B Alif_E Raa_I Alif_I Kaaf_I">
      <paw idPaw="1" x="124" transcription="با" LatinTrans="Baa_B Alif_E">
        <lettre idLettre="1" x="132" transcription="ب" LatinTrans="Baa_B" />
        <lettre idLettre="2" x="124" transcription="ا" LatinTrans="Alif_E" />
      </paw>
      <paw idPaw="2" x="117" transcription="ر" LatinTrans="Raa_I">
        <lettre idLettre="1" x="117" transcription="ر" LatinTrans="Raa_I" />
      </paw>
      <paw idPaw="3" x="111" transcription="ا" LatinTrans="Alif_I">
        <lettre idLettre="1" x="111" transcription="ا" LatinTrans="Alif_I" />
      </paw>
      <paw idPaw="4" x="93" transcription="ك" LatinTrans="Kaaf_I">
        <lettre idLettre="1" x="93" transcription="ك" LatinTrans="Kaaf_I" />
      </paw>
    </word>
    <word idWord="4" x="89" transcription=" " LatinTrans="SPACE">
      <paw idPaw="1" x="89" transcription=" " LatinTrans="SPACE">
        <lettre idLettre="1" x="89" transcription=" " LatinTrans="SPACE" />
      </paw>
    </word>
    <word idWord="5" x="38" transcription="أوباما" LatinTrans="HamzaAboveAlif_I Waaw_I Baa_B Alif_E Miim_B Alif_E">
      <paw idPaw="1" x="83" transcription="أ" LatinTrans="HamzaAboveAlif_I">
        <lettre idLettre="1" x="83" transcription="أ" LatinTrans="HamzaAboveAlif_I" />
      </paw>
      <paw idPaw="2" x="73" transcription="و" LatinTrans="Waaw_I">
        <lettre idLettre="1" x="73" transcription="و" LatinTrans="Waaw_I" />
      </paw>
      <paw idPaw="3" x="58" transcription="با" LatinTrans="Baa_B Alif_E">
        <lettre idLettre="1" x="64" transcription="ب" LatinTrans="Baa_B" />
        <lettre idLettre="2" x="58" transcription="ا" LatinTrans="Alif_E" />
      </paw>
      <paw idPaw="4" x="38" transcription="ما" LatinTrans="Miim_B Alif_E">
        <lettre idLettre="1" x="46" transcription="م" LatinTrans="Miim_B" />
        <lettre idLettre="2" x="38" transcription="ا" LatinTrans="Alif_E" />
      </paw>
    </word>
    <word idWord="6" x="34" transcription=" " LatinTrans="SPACE">
      <paw idPaw="1" x="34" transcription=" " LatinTrans="SPACE">
        <lettre idLettre="1" x="34" transcription=" " LatinTrans="SPACE" />
      </paw>
    </word>
    <word idWord="7" x="0" transcription="في" LatinTrans="Faa_B Yaa_E">
      <paw idPaw="1" x="0" transcription="في" LatinTrans="Faa_B Yaa_E">
        <lettre idLettre="1" x="19" transcription="ف" LatinTrans="Faa_B" />
        <lettre idLettre="2" x="0" transcription="ي" LatinTrans="Yaa_E" />
      </paw>
    </word>
  </content>
</textImage>