﻿<?xml version="1.0" encoding="UTF-8" standalone="yes"?>
<textImage id="2" width="475" height="35" transcription="وسط خلافات بين الائتلاف الحاكم والمعارضة" image="aljazeera_3211-10-10-00_2">
  <ArabicTranscription>وسط خلافات بين الائتلاف الحاكم والمعارضة</ArabicTranscription>
  <LatinTranscription>Waaw_I Siin_B Thaaa_E SPACE Xaa_B Laam_Alif Faa_B Alif_E Taaa_I SPACE Baa_B Yaa_M Nuun_E SPACE Alif_I Laam_Alif HamzaAboveAlifBroken_B Taaa_M Laam_Alif Faa_I SPACE Alif_I Laam_B Haaa_M Alif_E Kaaf_B Miim_E SPACE Waaw_I Alif_I Laam_B Miim_M Ayn_M Alif_E Raa_I Daad_B TaaaClosed_E</LatinTranscription>
  <content>
    <word idWord="1" x="413" transcription="وسط" LatinTrans="Waaw_I Siin_B Thaaa_E">
      <paw idPaw="1" x="462" transcription="و" LatinTrans="Waaw_I">
        <lettre idLettre="1" x="462" transcription="و" LatinTrans="Waaw_I" />
      </paw>
      <paw idPaw="2" x="413" transcription="سط" LatinTrans="Siin_B Thaaa_E">
        <lettre idLettre="1" x="437" transcription="س" LatinTrans="Siin_B" />
        <lettre idLettre="2" x="413" transcription="ط" LatinTrans="Thaaa_E" />
      </paw>
    </word>
    <word idWord="2" x="408" transcription=" " LatinTrans="SPACE">
      <paw idPaw="1" x="408" transcription=" " LatinTrans="SPACE">
        <lettre idLettre="1" x="408" transcription=" " LatinTrans="SPACE" />
      </paw>
    </word>
    <word idWord="3" x="318" transcription="خلافات" LatinTrans="Xaa_B Laam_Alif Faa_B Alif_E Taaa_I">
      <paw idPaw="1" x="369" transcription="خلا" LatinTrans="Xaa_B Laam_Alif">
        <lettre idLettre="1" x="389" transcription="خ" LatinTrans="Xaa_B" />
        <lettre idLettre="2" x="369" transcription="لا" LatinTrans="Laam_Alif" />
      </paw>
      <paw idPaw="2" x="337" transcription="فا" LatinTrans="Faa_B Alif_E">
        <lettre idLettre="1" x="352" transcription="ف" LatinTrans="Faa_B" />
        <lettre idLettre="2" x="337" transcription="ا" LatinTrans="Alif_E" />
      </paw>
      <paw idPaw="3" x="318" transcription="ت" LatinTrans="Taaa_I">
        <lettre idLettre="1" x="318" transcription="ت" LatinTrans="Taaa_I" />
      </paw>
    </word>
    <word idWord="4" x="314" transcription=" " LatinTrans="SPACE">
      <paw idPaw="1" x="314" transcription=" " LatinTrans="SPACE">
        <lettre idLettre="1" x="314" transcription=" " LatinTrans="SPACE" />
      </paw>
    </word>
    <word idWord="5" x="263" transcription="بين" LatinTrans="Baa_B Yaa_M Nuun_E">
      <paw idPaw="1" x="263" transcription="بين" LatinTrans="Baa_B Yaa_M Nuun_E">
        <lettre idLettre="1" x="304" transcription="ب" LatinTrans="Baa_B" />
        <lettre idLettre="2" x="286" transcription="ي" LatinTrans="Yaa_M" />
        <lettre idLettre="3" x="263" transcription="ن" LatinTrans="Nuun_E" />
      </paw>
    </word>
    <word idWord="6" x="260" transcription=" " LatinTrans="SPACE">
      <paw idPaw="1" x="260" transcription=" " LatinTrans="SPACE">
        <lettre idLettre="1" x="260" transcription=" " LatinTrans="SPACE" />
      </paw>
    </word>
    <word idWord="7" x="191" transcription="الائتلاف" LatinTrans="Alif_I Laam_Alif HamzaAboveAlifBroken_B Taaa_M Laam_Alif Faa_I">
      <paw idPaw="1" x="254" transcription="ا" LatinTrans="Alif_I">
        <lettre idLettre="1" x="254" transcription="ا" LatinTrans="Alif_I" />
      </paw>
      <paw idPaw="2" x="244" transcription="لا" LatinTrans="Laam_Alif">
        <lettre idLettre="1" x="244" transcription="لا" LatinTrans="Laam_Alif" />
      </paw>
      <paw idPaw="3" x="210" transcription="ئتلا" LatinTrans="HamzaAboveAlifBroken_B Taaa_M Laam_Alif">
        <lettre idLettre="1" x="234" transcription="ئ" LatinTrans="HamzaAboveAlifBroken_B" />
        <lettre idLettre="2" x="224" transcription="ت" LatinTrans="Taaa_M" />
        <lettre idLettre="3" x="210" transcription="لا" LatinTrans="Laam_Alif" />
      </paw>
      <paw idPaw="4" x="191" transcription="ف" LatinTrans="Faa_I">
        <lettre idLettre="1" x="191" transcription="ف" LatinTrans="Faa_I" />
      </paw>
    </word>
    <word idWord="8" x="187" transcription=" " LatinTrans="SPACE">
      <paw idPaw="1" x="187" transcription=" " LatinTrans="SPACE">
        <lettre idLettre="1" x="187" transcription=" " LatinTrans="SPACE" />
      </paw>
    </word>
    <word idWord="9" x="118" transcription="الحاكم" LatinTrans="Alif_I Laam_B Haaa_M Alif_E Kaaf_B Miim_E">
      <paw idPaw="1" x="182" transcription="ا" LatinTrans="Alif_I">
        <lettre idLettre="1" x="182" transcription="ا" LatinTrans="Alif_I" />
      </paw>
      <paw idPaw="2" x="156" transcription="لحا" LatinTrans="Laam_B Haaa_M Alif_E">
        <lettre idLettre="1" x="176" transcription="ل" LatinTrans="Laam_B" />
        <lettre idLettre="2" x="164" transcription="ح" LatinTrans="Haaa_M" />
        <lettre idLettre="3" x="156" transcription="ا" LatinTrans="Alif_E" />
      </paw>
      <paw idPaw="3" x="118" transcription="كم" LatinTrans="Kaaf_B Miim_E">
        <lettre idLettre="1" x="142" transcription="ك" LatinTrans="Kaaf_B" />
        <lettre idLettre="2" x="118" transcription="م" LatinTrans="Miim_E" />
      </paw>
    </word>
    <word idWord="10" x="115" transcription=" " LatinTrans="SPACE">
      <paw idPaw="1" x="115" transcription=" " LatinTrans="SPACE">
        <lettre idLettre="1" x="115" transcription=" " LatinTrans="SPACE" />
      </paw>
    </word>
    <word idWord="11" x="0" transcription="والمعارضة" LatinTrans="Waaw_I Alif_I Laam_B Miim_M Ayn_M Alif_E Raa_I Daad_B TaaaClosed_E">
      <paw idPaw="1" x="104" transcription="و" LatinTrans="Waaw_I">
        <lettre idLettre="1" x="104" transcription="و" LatinTrans="Waaw_I" />
      </paw>
      <paw idPaw="2" x="99" transcription="ا" LatinTrans="Alif_I">
        <lettre idLettre="1" x="99" transcription="ا" LatinTrans="Alif_I" />
      </paw>
      <paw idPaw="3" x="59" transcription="لمعا" LatinTrans="Laam_B Miim_M Ayn_M Alif_E">
        <lettre idLettre="1" x="94" transcription="ل" LatinTrans="Laam_B" />
        <lettre idLettre="2" x="80" transcription="م" LatinTrans="Miim_M" />
        <lettre idLettre="3" x="66" transcription="ع" LatinTrans="Ayn_M" />
        <lettre idLettre="4" x="59" transcription="ا" LatinTrans="Alif_E" />
      </paw>
      <paw idPaw="4" x="51" transcription="ر" LatinTrans="Raa_I">
        <lettre idLettre="1" x="51" transcription="ر" LatinTrans="Raa_I" />
      </paw>
      <paw idPaw="5" x="0" transcription="ضة" LatinTrans="Daad_B TaaaClosed_E">
        <lettre idLettre="1" x="27" transcription="ض" LatinTrans="Daad_B" />
        <lettre idLettre="2" x="0" transcription="ة" LatinTrans="TaaaClosed_E" />
      </paw>
    </word>
  </content>
</textImage>