﻿<?xml version="1.0" encoding="UTF-8" standalone="yes"?>
<textImage id="1" width="352" height="42" transcription="وكيف نتعامل مع القرآن كأنه أنزل إلينا؟" image="aljazeera_3211-09-27-10_1">
  <ArabicTranscription>وكيف نتعامل مع القرآن كأنه أنزل إلينا؟</ArabicTranscription>
  <LatinTranscription>Waaw_I Kaaf_B Yaa_M Faa_E SPACE Nuun_B Taaa_M Ayn_M Alif_E Miim_B Laam_E SPACE Miim_B Ayn_E SPACE Alif_I Laam_B Gaaf_M Raa_E TildAboveAlif_I Nuun_I SPACE Kaaf_B HamzaAboveAlif_E Nuun_B Haa_E SPACE HamzaAboveAlif_I Nuun_B Zaay_E Laam_I SPACE HamzaOnederAlif_I Laam_B Yaa_M Nuun_M Alif_E INTERPOINT</LatinTranscription>
  <content>
    <word idWord="1" x="297" transcription="وكيف" LatinTrans="Waaw_I Kaaf_B Yaa_M Faa_E">
      <paw idPaw="1" x="338" transcription="و" LatinTrans="Waaw_I">
        <lettre idLettre="1" x="338" transcription="و" LatinTrans="Waaw_I" />
      </paw>
      <paw idPaw="2" x="297" transcription="كيف" LatinTrans="Kaaf_B Yaa_M Faa_E">
        <lettre idLettre="1" x="328" transcription="ك" LatinTrans="Kaaf_B" />
        <lettre idLettre="2" x="318" transcription="ي" LatinTrans="Yaa_M" />
        <lettre idLettre="3" x="297" transcription="ف" LatinTrans="Faa_E" />
      </paw>
    </word>
    <word idWord="2" x="294" transcription=" " LatinTrans="SPACE">
      <paw idPaw="1" x="294" transcription=" " LatinTrans="SPACE">
        <lettre idLettre="1" x="294" transcription=" " LatinTrans="SPACE" />
      </paw>
    </word>
    <word idWord="3" x="223" transcription="نتعامل" LatinTrans="Nuun_B Taaa_M Ayn_M Alif_E Miim_B Laam_E">
      <paw idPaw="1" x="252" transcription="نتعا" LatinTrans="Nuun_B Taaa_M Ayn_M Alif_E">
        <lettre idLettre="1" x="284" transcription="ن" LatinTrans="Nuun_B" />
        <lettre idLettre="2" x="273" transcription="ت" LatinTrans="Taaa_M" />
        <lettre idLettre="3" x="258" transcription="ع" LatinTrans="Ayn_M" />
        <lettre idLettre="4" x="252" transcription="ا" LatinTrans="Alif_E" />
      </paw>
      <paw idPaw="2" x="223" transcription="مل" LatinTrans="Miim_B Laam_E">
        <lettre idLettre="1" x="241" transcription="م" LatinTrans="Miim_B" />
        <lettre idLettre="2" x="223" transcription="ل" LatinTrans="Laam_E" />
      </paw>
    </word>
    <word idWord="4" x="220" transcription=" " LatinTrans="SPACE">
      <paw idPaw="1" x="220" transcription=" " LatinTrans="SPACE">
        <lettre idLettre="1" x="220" transcription=" " LatinTrans="SPACE" />
      </paw>
    </word>
    <word idWord="5" x="190" transcription="مع" LatinTrans="Miim_B Ayn_E">
      <paw idPaw="1" x="190" transcription="مع" LatinTrans="Miim_B Ayn_E">
        <lettre idLettre="1" x="207" transcription="م" LatinTrans="Miim_B" />
        <lettre idLettre="2" x="190" transcription="ع" LatinTrans="Ayn_E" />
      </paw>
    </word>
    <word idWord="6" x="187" transcription=" " LatinTrans="SPACE">
      <paw idPaw="1" x="187" transcription=" " LatinTrans="SPACE">
        <lettre idLettre="1" x="187" transcription=" " LatinTrans="SPACE" />
      </paw>
    </word>
    <word idWord="7" x="136" transcription="القرآن" LatinTrans="Alif_I Laam_B Gaaf_M Raa_E TildAboveAlif_I Nuun_I">
      <paw idPaw="1" x="182" transcription="ا" LatinTrans="Alif_I">
        <lettre idLettre="1" x="182" transcription="ا" LatinTrans="Alif_I" />
      </paw>
      <paw idPaw="2" x="156" transcription="لقر" LatinTrans="Laam_B Gaaf_M Raa_E">
        <lettre idLettre="1" x="177" transcription="ل" LatinTrans="Laam_B" />
        <lettre idLettre="2" x="164" transcription="ق" LatinTrans="Gaaf_M" />
        <lettre idLettre="3" x="156" transcription="ر" LatinTrans="Raa_E" />
      </paw>
      <paw idPaw="3" x="150" transcription="آ" LatinTrans="TildAboveAlif_I">
        <lettre idLettre="1" x="150" transcription="آ" LatinTrans="TildAboveAlif_I" />
      </paw>
      <paw idPaw="4" x="136" transcription="ن" LatinTrans="Nuun_I">
        <lettre idLettre="1" x="136" transcription="ن" LatinTrans="Nuun_I" />
      </paw>
    </word>
    <word idWord="8" x="133" transcription=" " LatinTrans="SPACE">
      <paw idPaw="1" x="133" transcription=" " LatinTrans="SPACE">
        <lettre idLettre="1" x="133" transcription=" " LatinTrans="SPACE" />
      </paw>
    </word>
    <word idWord="9" x="94" transcription="كأنه" LatinTrans="Kaaf_B HamzaAboveAlif_E Nuun_B Haa_E">
      <paw idPaw="1" x="115" transcription="كأ" LatinTrans="Kaaf_B HamzaAboveAlif_E">
        <lettre idLettre="1" x="121" transcription="ك" LatinTrans="Kaaf_B" />
        <lettre idLettre="2" x="115" transcription="أ" LatinTrans="HamzaAboveAlif_E" />
      </paw>
      <paw idPaw="2" x="94" transcription="نه" LatinTrans="Nuun_B Haa_E">
        <lettre idLettre="1" x="106" transcription="ن" LatinTrans="Nuun_B" />
        <lettre idLettre="2" x="94" transcription="ه" LatinTrans="Haa_E" />
      </paw>
    </word>
    <word idWord="10" x="89" transcription=" " LatinTrans="SPACE">
      <paw idPaw="1" x="89" transcription=" " LatinTrans="SPACE">
        <lettre idLettre="1" x="89" transcription=" " LatinTrans="SPACE" />
      </paw>
    </word>
    <word idWord="11" x="53" transcription="أنزل" LatinTrans="HamzaAboveAlif_I Nuun_B Zaay_E Laam_I">
      <paw idPaw="1" x="84" transcription="أ" LatinTrans="HamzaAboveAlif_I">
        <lettre idLettre="1" x="84" transcription="أ" LatinTrans="HamzaAboveAlif_I" />
      </paw>
      <paw idPaw="2" x="67" transcription="نز" LatinTrans="Nuun_B Zaay_E">
        <lettre idLettre="1" x="76" transcription="ن" LatinTrans="Nuun_B" />
        <lettre idLettre="2" x="67" transcription="ز" LatinTrans="Zaay_E" />
      </paw>
      <paw idPaw="3" x="53" transcription="ل" LatinTrans="Laam_I">
        <lettre idLettre="1" x="53" transcription="ل" LatinTrans="Laam_I" />
      </paw>
    </word>
    <word idWord="12" x="48" transcription=" " LatinTrans="SPACE">
      <paw idPaw="1" x="48" transcription=" " LatinTrans="SPACE">
        <lettre idLettre="1" x="48" transcription=" " LatinTrans="SPACE" />
      </paw>
    </word>
    <word idWord="13" x="0" transcription="إلينا؟" LatinTrans="HamzaOnederAlif_I Laam_B Yaa_M Nuun_M Alif_E INTERPOINT">
      <paw idPaw="1" x="42" transcription="إ" LatinTrans="HamzaOnederAlif_I">
        <lettre idLettre="1" x="42" transcription="إ" LatinTrans="HamzaUnderAlif_I" />
      </paw>
      <paw idPaw="2" x="10" transcription="لينا" LatinTrans="Laam_B Yaa_M Nuun_M Alif_E">
        <lettre idLettre="1" x="37" transcription="ل" LatinTrans="Laam_B" />
        <lettre idLettre="2" x="26" transcription="ي" LatinTrans="Yaa_M" />
        <lettre idLettre="3" x="19" transcription="ن" LatinTrans="Nuun_M" />
        <lettre idLettre="4" x="10" transcription="ا" LatinTrans="Alif_E" />
      </paw>
      <paw idPaw="3" x="0" transcription="؟" LatinTrans="INTERPOINT">
        <lettre idLettre="1" x="0" transcription="؟" LatinTrans="INTERPOINT" />
      </paw>
    </word>
  </content>
</textImage>