﻿<?xml version="1.0" encoding="UTF-8" standalone="yes"?>
<textImage id="1" width="419" height="46" transcription="الأزهر ينتخب مرشحا لمفتي الديار المصرية" image="aljazeera_3211-15-24-20_1">
  <ArabicTranscription>الأزهر ينتخب مرشحا لمفتي الديار المصرية</ArabicTranscription>
  <LatinTranscription>Alif_I Laam_HamzaAboveAlif Zaay_I Haa_B Raa_E SPACE Yaa_B Nuun_M Taaa_M Xaa_M Baa_E SPACE Miim_B Raa_E Shiin_B Haaa_M Alif_E SPACE Laam_B Miim_M Faa_M Taaa_M Yaa_E SPACE Alif_I Laam_B Daal_E Yaa_B Alif_E Raa_I SPACE Alif_I Laam_B Miim_M Saad_M Raa_E Yaa_B TaaaClosed_E</LatinTranscription>
  <content>
    <word idWord="1" x="358" transcription="الأزهر" LatinTrans="Alif_I Laam_HamzaAboveAlif Zaay_I Haa_B Raa_E">
      <paw idPaw="1" x="410" transcription="ا" LatinTrans="Alif_I">
        <lettre idLettre="1" x="410" transcription="ا" LatinTrans="Alif_I" />
      </paw>
      <paw idPaw="2" x="396" transcription="لأ" LatinTrans="Laam_HamzaAboveAlif">
        <lettre idLettre="1" x="396" transcription="لأ" LatinTrans="Laam_HamzaAboveAlif" />
      </paw>
      <paw idPaw="3" x="388" transcription="ز" LatinTrans="Zaay_I">
        <lettre idLettre="1" x="388" transcription="ز" LatinTrans="Zaay_I" />
      </paw>
      <paw idPaw="4" x="358" transcription="هر" LatinTrans="Haa_B Raa_E">
        <lettre idLettre="1" x="370" transcription="ه" LatinTrans="Haa_B" />
        <lettre idLettre="2" x="358" transcription="ر" LatinTrans="Raa_E" />
      </paw>
    </word>
    <word idWord="2" x="355" transcription=" " LatinTrans="SPACE">
      <paw idPaw="1" x="355" transcription=" " LatinTrans="SPACE">
        <lettre idLettre="1" x="355" transcription=" " LatinTrans="SPACE" />
      </paw>
    </word>
    <word idWord="3" x="286" transcription="ينتخب" LatinTrans="Yaa_B Nuun_M Taaa_M Xaa_M Baa_E">
      <paw idPaw="1" x="286" transcription="ينتخب" LatinTrans="Yaa_B Nuun_M Taaa_M Xaa_M Baa_E">
        <lettre idLettre="1" x="343" transcription="ي" LatinTrans="Yaa_B" />
        <lettre idLettre="2" x="333" transcription="ن" LatinTrans="Nuun_M" />
        <lettre idLettre="3" x="321" transcription="ت" LatinTrans="Taaa_M" />
        <lettre idLettre="4" x="308" transcription="خ" LatinTrans="Xaa_M" />
        <lettre idLettre="5" x="286" transcription="ب" LatinTrans="Baa_E" />
      </paw>
    </word>
    <word idWord="4" x="282" transcription=" " LatinTrans="SPACE">
      <paw idPaw="1" x="282" transcription=" " LatinTrans="SPACE">
        <lettre idLettre="1" x="282" transcription=" " LatinTrans="SPACE" />
      </paw>
    </word>
    <word idWord="5" x="217" transcription="مرشحا" LatinTrans="Miim_B Raa_E Shiin_B Haaa_M Alif_E">
      <paw idPaw="1" x="261" transcription="مر" LatinTrans="Miim_B Raa_E">
        <lettre idLettre="1" x="270" transcription="م" LatinTrans="Miim_B" />
        <lettre idLettre="2" x="261" transcription="ر" LatinTrans="Raa_E" />
      </paw>
      <paw idPaw="2" x="217" transcription="شحا" LatinTrans="Shiin_B Haaa_M Alif_E">
        <lettre idLettre="1" x="241" transcription="ش" LatinTrans="Shiin_B" />
        <lettre idLettre="2" x="226" transcription="ح" LatinTrans="Haaa_M" />
        <lettre idLettre="3" x="217" transcription="ا" LatinTrans="Alif_E" />
      </paw>
    </word>
    <word idWord="6" x="214" transcription=" " LatinTrans="SPACE">
      <paw idPaw="1" x="214" transcription=" " LatinTrans="SPACE">
        <lettre idLettre="1" x="214" transcription=" " LatinTrans="SPACE" />
      </paw>
    </word>
    <word idWord="7" x="149" transcription="لمفتي" LatinTrans="Laam_B Miim_M Faa_M Taaa_M Yaa_E">
      <paw idPaw="1" x="149" transcription="لمفتي" LatinTrans="Laam_B Miim_M Faa_M Taaa_M Yaa_E">
        <lettre idLettre="1" x="207" transcription="ل" LatinTrans="Laam_B" />
        <lettre idLettre="2" x="193" transcription="م" LatinTrans="Miim_M" />
        <lettre idLettre="3" x="181" transcription="ف" LatinTrans="Faa_M" />
        <lettre idLettre="4" x="166" transcription="ت" LatinTrans="Taaa_M" />
        <lettre idLettre="5" x="149" transcription="ي" LatinTrans="Yaa_E" />
      </paw>
    </word>
    <word idWord="8" x="146" transcription=" " LatinTrans="SPACE">
      <paw idPaw="1" x="146" transcription=" " LatinTrans="SPACE">
        <lettre idLettre="1" x="146" transcription=" " LatinTrans="SPACE" />
      </paw>
    </word>
    <word idWord="9" x="91" transcription="الديار" LatinTrans="Alif_I Laam_B Daal_E Yaa_B Alif_E Raa_I">
      <paw idPaw="1" x="140" transcription="ا" LatinTrans="Alif_I">
        <lettre idLettre="1" x="140" transcription="ا" LatinTrans="Alif_I" />
      </paw>
      <paw idPaw="2" x="121" transcription="لد" LatinTrans="Laam_B Daal_E">
        <lettre idLettre="1" x="134" transcription="ل" LatinTrans="Laam_B" />
        <lettre idLettre="2" x="121" transcription="د" LatinTrans="Daal_E" />
      </paw>
      <paw idPaw="3" x="101" transcription="يا" LatinTrans="Yaa_B Alif_E">
        <lettre idLettre="1" x="110" transcription="ي" LatinTrans="Yaa_B" />
        <lettre idLettre="2" x="101" transcription="ا" LatinTrans="Alif_E" />
      </paw>
      <paw idPaw="4" x="91" transcription="ر" LatinTrans="Raa_I">
        <lettre idLettre="1" x="91" transcription="ر" LatinTrans="Raa_I" />
      </paw>
    </word>
    <word idWord="10" x="88" transcription=" " LatinTrans="SPACE">
      <paw idPaw="1" x="88" transcription=" " LatinTrans="SPACE">
        <lettre idLettre="1" x="88" transcription=" " LatinTrans="SPACE" />
      </paw>
    </word>
    <word idWord="11" x="0" transcription="المصرية" LatinTrans="Alif_I Laam_B Miim_M Saad_M Raa_E Yaa_B TaaaClosed_E">
      <paw idPaw="1" x="81" transcription="ا" LatinTrans="Alif_I">
        <lettre idLettre="1" x="81" transcription="ا" LatinTrans="Alif_I" />
      </paw>
      <paw idPaw="2" x="30" transcription="لمصر" LatinTrans="Laam_B Miim_M Saad_M Raa_E">
        <lettre idLettre="1" x="74" transcription="ل" LatinTrans="Laam_B" />
        <lettre idLettre="2" x="62" transcription="م" LatinTrans="Miim_M" />
        <lettre idLettre="3" x="38" transcription="ص" LatinTrans="Saad_M" />
        <lettre idLettre="4" x="30" transcription="ر" LatinTrans="Raa_E" />
      </paw>
      <paw idPaw="3" x="0" transcription="ية" LatinTrans="Yaa_B TaaaClosed_E">
        <lettre idLettre="1" x="18" transcription="ي" LatinTrans="Yaa_B" />
        <lettre idLettre="2" x="0" transcription="ة" LatinTrans="TaaaClosed_E" />
      </paw>
    </word>
  </content>
</textImage>