﻿<?xml version="1.0" encoding="UTF-8" standalone="yes"?>
<textImage id="1" width="489" height="58" transcription="اياد علاوي يرفض عرضا أميركيا" image="aljazeera_3212-05-40-20_1">
  <ArabicTranscription>اياد علاوي يرفض عرضا أميركيا</ArabicTranscription>
  <LatinTranscription>Alif_I Yaa_B Alif_E Daal_I SPACE Ayn_B Laam_Alif Waaw_I Yaa_I SPACE Yaa_B Raa_E Faa_B Daad_E SPACE Ayn_B Raa_E Daad_B Alif_E SPACE HamzaAboveAlif_I Miim_B Yaa_M Raa_E Kaaf_B Yaa_M Alif_E</LatinTranscription>
  <content>
    <word idWord="1" x="435" transcription="اياد" LatinTrans="Alif_I Yaa_B Alif_E Daal_I">
      <paw idPaw="1" x="476" transcription="ا" LatinTrans="Alif_I">
        <lettre idLettre="1" x="476" transcription="ا" LatinTrans="Alif_I" />
      </paw>
      <paw idPaw="2" x="453" transcription="يا" LatinTrans="Yaa_B Alif_E">
        <lettre idLettre="1" x="460" transcription="ي" LatinTrans="Yaa_B" />
        <lettre idLettre="2" x="453" transcription="ا" LatinTrans="Alif_E" />
      </paw>
      <paw idPaw="3" x="435" transcription="د" LatinTrans="Daal_I">
        <lettre idLettre="1" x="435" transcription="د" LatinTrans="Daal_I" />
      </paw>
    </word>
    <word idWord="2" x="430" transcription=" " LatinTrans="SPACE">
      <paw idPaw="1" x="430" transcription=" " LatinTrans="SPACE">
        <lettre idLettre="1" x="430" transcription=" " LatinTrans="SPACE" />
      </paw>
    </word>
    <word idWord="3" x="351" transcription="علاوي" LatinTrans="Ayn_B Laam_Alif Waaw_I Yaa_I">
      <paw idPaw="1" x="386" transcription="علا" LatinTrans="Ayn_B Laam_Alif">
        <lettre idLettre="1" x="409" transcription="ع" LatinTrans="Ayn_B" />
        <lettre idLettre="2" x="386" transcription="لا" LatinTrans="Laam_Alif" />
      </paw>
      <paw idPaw="2" x="374" transcription="و" LatinTrans="Waaw_I">
        <lettre idLettre="1" x="374" transcription="و" LatinTrans="Waaw_I" />
      </paw>
      <paw idPaw="3" x="351" transcription="ي" LatinTrans="Yaa_I">
        <lettre idLettre="1" x="351" transcription="ي" LatinTrans="Yaa_I" />
      </paw>
    </word>
    <word idWord="4" x="345" transcription=" " LatinTrans="SPACE">
      <paw idPaw="1" x="345" transcription=" " LatinTrans="SPACE">
        <lettre idLettre="1" x="345" transcription=" " LatinTrans="SPACE" />
      </paw>
    </word>
    <word idWord="5" x="236" transcription="يرفض" LatinTrans="Yaa_B Raa_E Faa_B Daad_E">
      <paw idPaw="1" x="316" transcription="ير" LatinTrans="Yaa_B Raa_E">
        <lettre idLettre="1" x="330" transcription="ي" LatinTrans="Yaa_B" />
        <lettre idLettre="2" x="316" transcription="ر" LatinTrans="Raa_E" />
      </paw>
      <paw idPaw="2" x="236" transcription="فض" LatinTrans="Faa_B Daad_E">
        <lettre idLettre="1" x="299" transcription="ف" LatinTrans="Faa_B" />
        <lettre idLettre="2" x="236" transcription="ض" LatinTrans="Daad_E" />
      </paw>
    </word>
    <word idWord="6" x="229" transcription=" " LatinTrans="SPACE">
      <paw idPaw="1" x="229" transcription=" " LatinTrans="SPACE">
        <lettre idLettre="1" x="229" transcription=" " LatinTrans="SPACE" />
      </paw>
    </word>
    <word idWord="7" x="130" transcription="عرضا" LatinTrans="Ayn_B Raa_E Daad_B Alif_E">
      <paw idPaw="1" x="194" transcription="عر" LatinTrans="Ayn_B Raa_E">
        <lettre idLettre="1" x="209" transcription="ع" LatinTrans="Ayn_B" />
        <lettre idLettre="2" x="194" transcription="ر" LatinTrans="Raa_E" />
      </paw>
      <paw idPaw="2" x="130" transcription="ضا" LatinTrans="Daad_B Alif_E">
        <lettre idLettre="1" x="160" transcription="ض" LatinTrans="Daad_B" />
        <lettre idLettre="2" x="130" transcription="ا" LatinTrans="Alif_E" />
      </paw>
    </word>
    <word idWord="8" x="123" transcription=" " LatinTrans="SPACE">
      <paw idPaw="1" x="123" transcription=" " LatinTrans="SPACE">
        <lettre idLettre="1" x="123" transcription=" " LatinTrans="SPACE" />
      </paw>
    </word>
    <word idWord="9" x="0" transcription="أميركيا" LatinTrans="HamzaAboveAlif_I Miim_B Yaa_M Raa_E Kaaf_B Yaa_M Alif_E">
      <paw idPaw="1" x="115" transcription="أ" LatinTrans="HamzaAboveAlif_I">
        <lettre idLettre="1" x="115" transcription="أ" LatinTrans="HamzaAboveAlif_I" />
      </paw>
      <paw idPaw="2" x="70" transcription="مير" LatinTrans="Miim_B Yaa_M Raa_E">
        <lettre idLettre="1" x="100" transcription="م" LatinTrans="Miim_B" />
        <lettre idLettre="2" x="83" transcription="ي" LatinTrans="Yaa_M" />
        <lettre idLettre="3" x="70" transcription="ر" LatinTrans="Raa_E" />
      </paw>
      <paw idPaw="3" x="0" transcription="كيا" LatinTrans="Kaaf_B Yaa_M Alif_E">
        <lettre idLettre="1" x="53" transcription="ك" LatinTrans="Kaaf_B" />
        <lettre idLettre="2" x="36" transcription="ي" LatinTrans="Yaa_M" />
        <lettre idLettre="3" x="0" transcription="ا" LatinTrans="Alif_E" />
      </paw>
    </word>
  </content>
</textImage>