﻿<?xml version="1.0" encoding="UTF-8" standalone="yes"?>
<textImage id="1" width="315" height="49" transcription="يتسع فضاء الحرية" image="aljazeera_3213-03-58-10_1">
  <ArabicTranscription>يتسع فضاء الحرية</ArabicTranscription>
  <LatinTranscription>Yaa_B Taaa_M Siin_M Ayn_E SPACE Faa_B Daad_M Alif_E Hamza SPACE Alif_I Laam_B Haaa_M Raa_E Yaa_B TaaaClosed_E</LatinTranscription>
  <content>
    <word idWord="1" x="211" transcription="يتسع" LatinTrans="Yaa_B Taaa_M Siin_M Ayn_E">
      <paw idPaw="1" x="211" transcription="يتسع" LatinTrans="Yaa_B Taaa_M Siin_M Ayn_E">
        <lettre idLettre="1" x="293" transcription="ي" LatinTrans="Yaa_B" />
        <lettre idLettre="2" x="279" transcription="ت" LatinTrans="Taaa_M" />
        <lettre idLettre="3" x="248" transcription="س" LatinTrans="Siin_M" />
        <lettre idLettre="4" x="211" transcription="ع" LatinTrans="Ayn_E" />
      </paw>
    </word>
    <word idWord="2" x="205" transcription=" " LatinTrans="SPACE">
      <paw idPaw="1" x="205" transcription=" " LatinTrans="SPACE">
        <lettre idLettre="1" x="205" transcription=" " LatinTrans="SPACE" />
      </paw>
    </word>
    <word idWord="3" x="112" transcription="فضاء" LatinTrans="Faa_B Daad_M Alif_E Hamza">
      <paw idPaw="1" x="125" transcription="فضا" LatinTrans="Faa_B Daad_M Alif_E">
        <lettre idLettre="1" x="186" transcription="ف" LatinTrans="Faa_B" />
        <lettre idLettre="2" x="155" transcription="ض" LatinTrans="Daad_M" />
        <lettre idLettre="3" x="125" transcription="ا" LatinTrans="Alif_E" />
      </paw>
      <paw idPaw="2" x="112" transcription="ء" LatinTrans="Hamza">
        <lettre idLettre="1" x="112" transcription="ء" LatinTrans="Hamza" />
      </paw>
    </word>
    <word idWord="4" x="105" transcription=" " LatinTrans="SPACE">
      <paw idPaw="1" x="105" transcription=" " LatinTrans="SPACE">
        <lettre idLettre="1" x="105" transcription=" " LatinTrans="SPACE" />
      </paw>
    </word>
    <word idWord="5" x="0" transcription="الحرية" LatinTrans="Alif_I Laam_B Haaa_M Raa_E Yaa_B TaaaClosed_E">
      <paw idPaw="1" x="97" transcription="ا" LatinTrans="Alif_I">
        <lettre idLettre="1" x="97" transcription="ا" LatinTrans="Alif_I" />
      </paw>
      <paw idPaw="2" x="56" transcription="لحر" LatinTrans="Laam_B Haaa_M Raa_E">
        <lettre idLettre="1" x="88" transcription="ل" LatinTrans="Laam_B" />
        <lettre idLettre="2" x="68" transcription="ح" LatinTrans="Haaa_M" />
        <lettre idLettre="3" x="56" transcription="ر" LatinTrans="Raa_E" />
      </paw>
      <paw idPaw="3" x="0" transcription="ية" LatinTrans="Yaa_B TaaaClosed_E">
        <lettre idLettre="1" x="36" transcription="ي" LatinTrans="Yaa_B" />
        <lettre idLettre="2" x="0" transcription="ة" LatinTrans="TaaaClosed_E" />
      </paw>
    </word>
  </content>
</textImage>