﻿<?xml version="1.0" encoding="UTF-8" standalone="yes"?>
<textImage id="1" width="466" height="43" transcription="بابا الفاتيكان كان عدوا لحقوق الإنسان" image="aljazeera_3212-08-32-30_1">
  <ArabicTranscription>بابا الفاتيكان كان عدوا لحقوق الإنسان</ArabicTranscription>
  <LatinTranscription>Baa_B Alif_E Baa_B Alif_E SPACE Alif_I Laam_B Faa_M Alif_E Taaa_B Yaa_M Kaaf_M Alif_E Nuun_I SPACE Kaaf_B Alif_E Nuun_I SPACE Ayn_B Daal_E Waaw_I Alif_I Laam_B Haaa_M Gaaf_M Waaw_E Gaaf_I SPACE Alif_I Laam_HamzaOnederAlif Nuun_B Siin_M Alif_E Nuun_I</LatinTranscription>
  <content>
    <word idWord="1" x="417" transcription="بابا" LatinTrans="Baa_B Alif_E Baa_B Alif_E">
      <paw idPaw="1" x="438" transcription="با" LatinTrans="Baa_B Alif_E">
        <lettre idLettre="1" x="447" transcription="ب" LatinTrans="Baa_B" />
        <lettre idLettre="2" x="438" transcription="ا" LatinTrans="Alif_E" />
      </paw>
      <paw idPaw="2" x="417" transcription="با" LatinTrans="Baa_B Alif_E">
        <lettre idLettre="1" x="424" transcription="ب" LatinTrans="Baa_B" />
        <lettre idLettre="2" x="417" transcription="ا" LatinTrans="Alif_E" />
      </paw>
    </word>
    <word idWord="2" x="411" transcription=" " LatinTrans="SPACE">
      <paw idPaw="1" x="411" transcription=" " LatinTrans="SPACE">
        <lettre idLettre="1" x="411" transcription=" " LatinTrans="SPACE" />
      </paw>
    </word>
    <word idWord="3" x="297" transcription="الفاتيكان" LatinTrans="Alif_I Laam_B Faa_M Alif_E Taaa_B Yaa_M Kaaf_M Alif_E Nuun_I">
      <paw idPaw="1" x="403" transcription="ا" LatinTrans="Alif_I">
        <lettre idLettre="1" x="403" transcription="ا" LatinTrans="Alif_I" />
      </paw>
      <paw idPaw="2" x="368" transcription="لفا" LatinTrans="Laam_B Faa_M Alif_E">
        <lettre idLettre="1" x="396" transcription="ل" LatinTrans="Laam_B" />
        <lettre idLettre="2" x="377" transcription="ف" LatinTrans="Faa_M" />
        <lettre idLettre="3" x="368" transcription="ا" LatinTrans="Alif_E" />
      </paw>
      <paw idPaw="3" x="317" transcription="تيكا" LatinTrans="Taaa_B Yaa_M Kaaf_M Alif_E">
        <lettre idLettre="1" x="353" transcription="ت" LatinTrans="Taaa_B" />
        <lettre idLettre="2" x="340" transcription="ي" LatinTrans="Yaa_M" />
        <lettre idLettre="3" x="325" transcription="ك" LatinTrans="Kaaf_M" />
        <lettre idLettre="4" x="317" transcription="ا" LatinTrans="Alif_E" />
      </paw>
      <paw idPaw="4" x="297" transcription="ن" LatinTrans="Nuun_I">
        <lettre idLettre="1" x="297" transcription="ن" LatinTrans="Nuun_I" />
      </paw>
    </word>
    <word idWord="4" x="291" transcription=" " LatinTrans="SPACE">
      <paw idPaw="1" x="291" transcription=" " LatinTrans="SPACE">
        <lettre idLettre="1" x="291" transcription=" " LatinTrans="SPACE" />
      </paw>
    </word>
    <word idWord="5" x="244" transcription="كان" LatinTrans="Kaaf_B Alif_E Nuun_I">
      <paw idPaw="1" x="266" transcription="كا" LatinTrans="Kaaf_B Alif_E">
        <lettre idLettre="1" x="273" transcription="ك" LatinTrans="Kaaf_B" />
        <lettre idLettre="2" x="266" transcription="ا" LatinTrans="Alif_E" />
      </paw>
      <paw idPaw="2" x="244" transcription="ن" LatinTrans="Nuun_I">
        <lettre idLettre="1" x="244" transcription="ن" LatinTrans="Nuun_I" />
      </paw>
    </word>
    <word idWord="6" x="240" transcription=" " LatinTrans="SPACE">
      <paw idPaw="1" x="240" transcription=" " LatinTrans="SPACE">
        <lettre idLettre="1" x="240" transcription=" " LatinTrans="SPACE" />
      </paw>
    </word>
    <word idWord="7" x="183" transcription="عدوا" LatinTrans="Ayn_B Daal_E Waaw_I Alif_I">
      <paw idPaw="1" x="205" transcription="عد" LatinTrans="Ayn_B Daal_E">
        <lettre idLettre="1" x="222" transcription="ع" LatinTrans="Ayn_B" />
        <lettre idLettre="2" x="205" transcription="د" LatinTrans="Daal_E" />
      </paw>
      <paw idPaw="2" x="191" transcription="و" LatinTrans="Waaw_I">
        <lettre idLettre="1" x="191" transcription="و" LatinTrans="Waaw_I" />
      </paw>
      <paw idPaw="3" x="183" transcription="ا" LatinTrans="Alif_I">
        <lettre idLettre="1" x="183" transcription="ا" LatinTrans="Alif_I" />
      </paw>
    </word>
    <word idWord="8" x="97" transcription="لحقوق" LatinTrans="Laam_B Haaa_M Gaaf_M Waaw_E Gaaf_I">
      <paw idPaw="1" x="117" transcription="لحقو" LatinTrans="Laam_B Haaa_M Gaaf_M Waaw_E">
        <lettre idLettre="1" x="168" transcription="ل" LatinTrans="Laam_B" />
        <lettre idLettre="2" x="150" transcription="ح" LatinTrans="Haaa_M" />
        <lettre idLettre="3" x="132" transcription="ق" LatinTrans="Gaaf_M" />
        <lettre idLettre="4" x="117" transcription="و" LatinTrans="Waaw_E" />
      </paw>
      <paw idPaw="2" x="97" transcription="ق" LatinTrans="Gaaf_I">
        <lettre idLettre="1" x="97" transcription="ق" LatinTrans="Gaaf_I" />
      </paw>
    </word>
    <word idWord="9" x="91" transcription=" " LatinTrans="SPACE">
      <paw idPaw="1" x="91" transcription=" " LatinTrans="SPACE">
        <lettre idLettre="1" x="91" transcription=" " LatinTrans="SPACE" />
      </paw>
    </word>
    <word idWord="10" x="0" transcription="الإنسان" LatinTrans="Alif_I Laam_HamzaOnederAlif Nuun_B Siin_M Alif_E Nuun_I">
      <paw idPaw="1" x="84" transcription="ا" LatinTrans="Alif_I">
        <lettre idLettre="1" x="84" transcription="ا" LatinTrans="Alif_I" />
      </paw>
      <paw idPaw="2" x="67" transcription="لإ" LatinTrans="Laam_HamzaOnederAlif">
        <lettre idLettre="1" x="67" transcription="لإ" LatinTrans="Laam_HamzaUnderAlif" />
      </paw>
      <paw idPaw="3" x="21" transcription="نسا" LatinTrans="Nuun_B Siin_M Alif_E">
        <lettre idLettre="1" x="56" transcription="ن" LatinTrans="Nuun_B" />
        <lettre idLettre="2" x="29" transcription="س" LatinTrans="Siin_M" />
        <lettre idLettre="3" x="21" transcription="ا" LatinTrans="Alif_E" />
      </paw>
      <paw idPaw="4" x="0" transcription="ن" LatinTrans="Nuun_I">
        <lettre idLettre="1" x="0" transcription="ن" LatinTrans="Nuun_I" />
      </paw>
    </word>
  </content>
</textImage>