﻿<?xml version="1.0" encoding="UTF-8" standalone="yes"?>
<textImage id="1" width="282" height="33" transcription="الحريات العامة وحقوق الانسان" image="aljazeera_3212-03-55-10_1">
  <ArabicTranscription>الحريات العامة وحقوق الانسان</ArabicTranscription>
  <LatinTranscription>Alif_I Laam_B Haaa_M Raa_E Yaa_B Alif_E Taaa_I SPACE Alif_I Laam_B Ayn_M Alif_E Miim_B TaaaClosed_E SPACE Waaw_I SPACE Haaa_B Gaaf_M Waaw_E Gaaf_I SPACE Alif_I Laam_Alif Nuun_B Siin_M Alif_E Nuun_I</LatinTranscription>
  <content>
    <word idWord="1" x="206" transcription="الحريات" LatinTrans="Alif_I Laam_B Haaa_M Raa_E Yaa_B Alif_E Taaa_I">
      <paw idPaw="1" x="273" transcription="ا" LatinTrans="Alif_I">
        <lettre idLettre="1" x="273" transcription="ا" LatinTrans="Alif_I" />
      </paw>
      <paw idPaw="2" x="243" transcription="لحر" LatinTrans="Laam_B Haaa_M Raa_E">
        <lettre idLettre="1" x="265" transcription="ل" LatinTrans="Laam_B" />
        <lettre idLettre="2" x="251" transcription="ح" LatinTrans="Haaa_M" />
        <lettre idLettre="3" x="243" transcription="ر" LatinTrans="Raa_E" />
      </paw>
      <paw idPaw="3" x="225" transcription="يا" LatinTrans="Yaa_B Alif_E">
        <lettre idLettre="1" x="232" transcription="ي" LatinTrans="Yaa_B" />
        <lettre idLettre="2" x="225" transcription="ا" LatinTrans="Alif_E" />
      </paw>
      <paw idPaw="4" x="206" transcription="ت" LatinTrans="Taaa_I">
        <lettre idLettre="1" x="206" transcription="ت" LatinTrans="Taaa_I" />
      </paw>
    </word>
    <word idWord="2" x="204" transcription=" " LatinTrans="SPACE">
      <paw idPaw="1" x="204" transcription=" " LatinTrans="SPACE">
        <lettre idLettre="1" x="204" transcription=" " LatinTrans="SPACE" />
      </paw>
    </word>
    <word idWord="3" x="145" transcription="العامة" LatinTrans="Alif_I Laam_B Ayn_M Alif_E Miim_B TaaaClosed_E">
      <paw idPaw="1" x="198" transcription="ا" LatinTrans="Alif_I">
        <lettre idLettre="1" x="198" transcription="ا" LatinTrans="Alif_I" />
      </paw>
      <paw idPaw="2" x="170" transcription="لعا" LatinTrans="Laam_B Ayn_M Alif_E">
        <lettre idLettre="1" x="192" transcription="ل" LatinTrans="Laam_B" />
        <lettre idLettre="2" x="176" transcription="ع" LatinTrans="Ayn_M" />
        <lettre idLettre="3" x="170" transcription="ا" LatinTrans="Alif_E" />
      </paw>
      <paw idPaw="3" x="145" transcription="مة" LatinTrans="Miim_B TaaaClosed_E">
        <lettre idLettre="1" x="160" transcription="م" LatinTrans="Miim_B" />
        <lettre idLettre="2" x="145" transcription="ة" LatinTrans="TaaaClosed_E" />
      </paw>
    </word>
    <word idWord="4" x="142" transcription=" " LatinTrans="SPACE">
      <paw idPaw="1" x="142" transcription=" " LatinTrans="SPACE">
        <lettre idLettre="1" x="142" transcription=" " LatinTrans="SPACE" />
      </paw>
    </word>
    <word idWord="5" x="132" transcription="و" LatinTrans="Waaw_I">
      <paw idPaw="1" x="132" transcription="و" LatinTrans="Waaw_I">
        <lettre idLettre="1" x="132" transcription="و" LatinTrans="Waaw_I" />
      </paw>
    </word>
    <word idWord="6" x="127" transcription=" " LatinTrans="SPACE">
      <paw idPaw="1" x="127" transcription=" " LatinTrans="SPACE">
        <lettre idLettre="1" x="127" transcription=" " LatinTrans="SPACE" />
      </paw>
    </word>
    <word idWord="7" x="74" transcription="حقوق" LatinTrans="Haaa_B Gaaf_M Waaw_E Gaaf_I">
      <paw idPaw="1" x="93" transcription="حقو" LatinTrans="Haaa_B Gaaf_M Waaw_E">
        <lettre idLettre="1" x="115" transcription="ح" LatinTrans="Haaa_B" />
        <lettre idLettre="2" x="101" transcription="ق" LatinTrans="Gaaf_M" />
        <lettre idLettre="3" x="93" transcription="و" LatinTrans="Waaw_E" />
      </paw>
      <paw idPaw="2" x="74" transcription="ق" LatinTrans="Gaaf_I">
        <lettre idLettre="1" x="74" transcription="ق" LatinTrans="Gaaf_I" />
      </paw>
    </word>
    <word idWord="8" x="71" transcription=" " LatinTrans="SPACE">
      <paw idPaw="1" x="71" transcription=" " LatinTrans="SPACE">
        <lettre idLettre="1" x="71" transcription=" " LatinTrans="SPACE" />
      </paw>
    </word>
    <word idWord="9" x="0" transcription="الانسان" LatinTrans="Alif_I Laam_Alif Nuun_B Siin_M Alif_E Nuun_I">
      <paw idPaw="1" x="66" transcription="ا" LatinTrans="Alif_I">
        <lettre idLettre="1" x="66" transcription="ا" LatinTrans="Alif_I" />
      </paw>
      <paw idPaw="2" x="54" transcription="لا" LatinTrans="Laam_Alif">
        <lettre idLettre="1" x="54" transcription="لا" LatinTrans="Laam_Alif" />
      </paw>
      <paw idPaw="3" x="19" transcription="نسا" LatinTrans="Nuun_B Siin_M Alif_E">
        <lettre idLettre="1" x="45" transcription="ن" LatinTrans="Nuun_B" />
        <lettre idLettre="2" x="27" transcription="س" LatinTrans="Siin_M" />
        <lettre idLettre="3" x="19" transcription="ا" LatinTrans="Alif_E" />
      </paw>
      <paw idPaw="4" x="0" transcription="ن" LatinTrans="Nuun_I">
        <lettre idLettre="1" x="0" transcription="ن" LatinTrans="Nuun_I" />
      </paw>
    </word>
  </content>
</textImage>