﻿<?xml version="1.0" encoding="UTF-8" standalone="yes"?>
<textImage id="3" width="279" height="39" transcription="الشروط التي اتفقنا" image="aljazeera_3211-10-46-10_3">
  <ArabicTranscription>الشروط التي اتفقنا</ArabicTranscription>
  <LatinTranscription>Alif_I Laam_B Shiin_M Raa_E Waaw_I Thaaa_I SPACE Alif_I Laam_B Taaa_M Yaa_E SPACE Alif_I Taaa_B Faa_M Gaaf_M Nuun_M Alif_E</LatinTranscription>
  <content>
    <word idWord="1" x="182" transcription="الشروط" LatinTrans="Alif_I Laam_B Shiin_M Raa_E Waaw_I Thaaa_I">
      <paw idPaw="1" x="270" transcription="ا" LatinTrans="Alif_I">
        <lettre idLettre="1" x="270" transcription="ا" LatinTrans="Alif_I" />
      </paw>
      <paw idPaw="2" x="211" transcription="لشر" LatinTrans="Laam_B Shiin_M Raa_E">
        <lettre idLettre="1" x="259" transcription="ل" LatinTrans="Laam_B" />
        <lettre idLettre="2" x="229" transcription="ش" LatinTrans="Shiin_M" />
        <lettre idLettre="3" x="211" transcription="ر" LatinTrans="Raa_E" />
      </paw>
      <paw idPaw="3" x="202" transcription="و" LatinTrans="Waaw_I">
        <lettre idLettre="1" x="202" transcription="و" LatinTrans="Waaw_I" />
      </paw>
      <paw idPaw="4" x="182" transcription="ط" LatinTrans="Thaaa_I">
        <lettre idLettre="1" x="182" transcription="ط" LatinTrans="Thaaa_I" />
      </paw>
    </word>
    <word idWord="2" x="179" transcription=" " LatinTrans="SPACE">
      <paw idPaw="1" x="179" transcription=" " LatinTrans="SPACE">
        <lettre idLettre="1" x="179" transcription=" " LatinTrans="SPACE" />
      </paw>
    </word>
    <word idWord="3" x="116" transcription="التي" LatinTrans="Alif_I Laam_B Taaa_M Yaa_E">
      <paw idPaw="1" x="173" transcription="ا" LatinTrans="Alif_I">
        <lettre idLettre="1" x="173" transcription="ا" LatinTrans="Alif_I" />
      </paw>
      <paw idPaw="2" x="116" transcription="لتي" LatinTrans="Laam_B Taaa_M Yaa_E">
        <lettre idLettre="1" x="162" transcription="ل" LatinTrans="Laam_B" />
        <lettre idLettre="2" x="139" transcription="ت" LatinTrans="Taaa_M" />
        <lettre idLettre="3" x="116" transcription="ي" LatinTrans="Yaa_E" />
      </paw>
    </word>
    <word idWord="4" x="113" transcription=" " LatinTrans="SPACE">
      <paw idPaw="1" x="113" transcription=" " LatinTrans="SPACE">
        <lettre idLettre="1" x="113" transcription=" " LatinTrans="SPACE" />
      </paw>
    </word>
    <word idWord="5" x="0" transcription="اتفقنا" LatinTrans="Alif_I Taaa_B Faa_M Gaaf_M Nuun_M Alif_E">
      <paw idPaw="1" x="107" transcription="ا" LatinTrans="Alif_I">
        <lettre idLettre="1" x="107" transcription="ا" LatinTrans="Alif_I" />
      </paw>
      <paw idPaw="2" x="0" transcription="تفقنا" LatinTrans="Taaa_B Faa_M Gaaf_M Nuun_M Alif_E">
        <lettre idLettre="1" x="91" transcription="ت" LatinTrans="Taaa_B" />
        <lettre idLettre="2" x="69" transcription="ف" LatinTrans="Faa_M" />
        <lettre idLettre="3" x="40" transcription="ق" LatinTrans="Gaaf_M" />
        <lettre idLettre="4" x="18" transcription="ن" LatinTrans="Nuun_M" />
        <lettre idLettre="5" x="0" transcription="ا" LatinTrans="Alif_E" />
      </paw>
    </word>
  </content>
</textImage>