﻿<?xml version="1.0" encoding="UTF-8" standalone="yes"?>
<textImage id="1" width="83" height="35" transcription="تونس" image="aljazeera_3211-11-55-10_1">
  <ArabicTranscription>تونس</ArabicTranscription>
  <LatinTranscription>Taaa_B Waaw_E Nuun_B Siin_E</LatinTranscription>
  <content>
    <word idWord="1" x="0" transcription="تونس" LatinTrans="Taaa_B Waaw_E Nuun_B Siin_E">
      <paw idPaw="1" x="51" transcription="تو" LatinTrans="Taaa_B Waaw_E">
        <lettre idLettre="1" x="64" transcription="ت" LatinTrans="Taaa_B" />
        <lettre idLettre="2" x="51" transcription="و" LatinTrans="Waaw_E" />
      </paw>
      <paw idPaw="2" x="0" transcription="نس" LatinTrans="Nuun_B Siin_E">
        <lettre idLettre="1" x="37" transcription="ن" LatinTrans="Nuun_B" />
        <lettre idLettre="2" x="0" transcription="س" LatinTrans="Siin_E" />
      </paw>
    </word>
  </content>
</textImage>