﻿<?xml version="1.0" encoding="UTF-8" standalone="yes"?>
<textImage id="2" width="190" height="46" transcription="السوري يحسم" image="aljazeera_3213-05-31-40_2">
  <ArabicTranscription>السوري يحسم</ArabicTranscription>
  <LatinTranscription>Alif_I Laam_B Siin_M Waaw_E Raa_I Yaa_I SPACE Yaa_B Haaa_M Siin_M Miim_E</LatinTranscription>
  <content>
    <word idWord="1" x="92" transcription="السوري" LatinTrans="Alif_I Laam_B Siin_M Waaw_E Raa_I Yaa_I">
      <paw idPaw="1" x="180" transcription="ا" LatinTrans="Alif_I">
        <lettre idLettre="1" x="180" transcription="ا" LatinTrans="Alif_I" />
      </paw>
      <paw idPaw="2" x="126" transcription="لسو" LatinTrans="Laam_B Siin_M Waaw_E">
        <lettre idLettre="1" x="171" transcription="ل" LatinTrans="Laam_B" />
        <lettre idLettre="2" x="144" transcription="س" LatinTrans="Siin_M" />
        <lettre idLettre="3" x="126" transcription="و" LatinTrans="Waaw_E" />
      </paw>
      <paw idPaw="3" x="114" transcription="ر" LatinTrans="Raa_I">
        <lettre idLettre="1" x="114" transcription="ر" LatinTrans="Raa_I" />
      </paw>
      <paw idPaw="4" x="92" transcription="ي" LatinTrans="Yaa_I">
        <lettre idLettre="1" x="92" transcription="ي" LatinTrans="Yaa_I" />
      </paw>
    </word>
    <word idWord="2" x="85" transcription=" " LatinTrans="SPACE">
      <paw idPaw="1" x="85" transcription=" " LatinTrans="SPACE">
        <lettre idLettre="1" x="85" transcription=" " LatinTrans="SPACE" />
      </paw>
    </word>
    <word idWord="3" x="0" transcription="يحسم" LatinTrans="Yaa_B Haaa_M Siin_M Miim_E">
      <paw idPaw="1" x="0" transcription="يحسم" LatinTrans="Yaa_B Haaa_M Siin_M Miim_E">
        <lettre idLettre="1" x="71" transcription="ي" LatinTrans="Yaa_B" />
        <lettre idLettre="2" x="50" transcription="ح" LatinTrans="Haaa_M" />
        <lettre idLettre="3" x="25" transcription="س" LatinTrans="Siin_M" />
        <lettre idLettre="4" x="0" transcription="م" LatinTrans="Miim_E" />
      </paw>
    </word>
  </content>
</textImage>