﻿<?xml version="1.0" encoding="UTF-8" standalone="yes"?>
<textImage id="1" width="489" height="53" transcription="اجتماع القاهرة غدا للائتلاف الوطني" image="aljazeera_3213-05-31-40_1">
  <ArabicTranscription>اجتماع القاهرة غدا للائتلاف الوطني</ArabicTranscription>
  <LatinTranscription>Alif_I Jiim_B Taaa_M Miim_M Alif_E Ayn_I SPACE Alif_I Laam_B Gaaf_M Alif_E Haa_B Raa_E TaaaClosed_I SPACE Ghayn_B Daal_E Alif_I SPACE Laam_B Laam_Alif HamzaAboveAlifBroken_B Taaa_M Laam_Alif Faa_I SPACE Alif_I Laam_B Waaw_E Thaaa_B Nuun_M Yaa_E</LatinTranscription>
  <content>
    <word idWord="1" x="388" transcription="اجتماع" LatinTrans="Alif_I Jiim_B Taaa_M Miim_M Alif_E Ayn_I">
      <paw idPaw="1" x="478" transcription="ا" LatinTrans="Alif_I">
        <lettre idLettre="1" x="478" transcription="ا" LatinTrans="Alif_I" />
      </paw>
      <paw idPaw="2" x="409" transcription="جتما" LatinTrans="Jiim_B Taaa_M Miim_M Alif_E">
        <lettre idLettre="1" x="456" transcription="ج" LatinTrans="Jiim_B" />
        <lettre idLettre="2" x="435" transcription="ت" LatinTrans="Taaa_M" />
        <lettre idLettre="3" x="417" transcription="م" LatinTrans="Miim_M" />
        <lettre idLettre="4" x="409" transcription="ا" LatinTrans="Alif_E" />
      </paw>
      <paw idPaw="3" x="388" transcription="ع" LatinTrans="Ayn_I">
        <lettre idLettre="1" x="388" transcription="ع" LatinTrans="Ayn_I" />
      </paw>
    </word>
    <word idWord="2" x="379" transcription=" " LatinTrans="SPACE">
      <paw idPaw="1" x="379" transcription=" " LatinTrans="SPACE">
        <lettre idLettre="1" x="379" transcription=" " LatinTrans="SPACE" />
      </paw>
    </word>
    <word idWord="3" x="275" transcription="القاهرة" LatinTrans="Alif_I Laam_B Gaaf_M Alif_E Haa_B Raa_E TaaaClosed_I">
      <paw idPaw="1" x="372" transcription="ا" LatinTrans="Alif_I">
        <lettre idLettre="1" x="372" transcription="ا" LatinTrans="Alif_I" />
      </paw>
      <paw idPaw="2" x="332" transcription="لقا" LatinTrans="Laam_B Gaaf_M Alif_E">
        <lettre idLettre="1" x="363" transcription="ل" LatinTrans="Laam_B" />
        <lettre idLettre="2" x="342" transcription="ق" LatinTrans="Gaaf_M" />
        <lettre idLettre="3" x="332" transcription="ا" LatinTrans="Alif_E" />
      </paw>
      <paw idPaw="3" x="294" transcription="هر" LatinTrans="Haa_B Raa_E">
        <lettre idLettre="1" x="310" transcription="ه" LatinTrans="Haa_B" />
        <lettre idLettre="2" x="294" transcription="ر" LatinTrans="Raa_E" />
      </paw>
      <paw idPaw="4" x="275" transcription="ة" LatinTrans="TaaaClosed_I">
        <lettre idLettre="1" x="275" transcription="ة" LatinTrans="TaaaClosed_I" />
      </paw>
    </word>
    <word idWord="4" x="270" transcription=" " LatinTrans="SPACE">
      <paw idPaw="1" x="270" transcription=" " LatinTrans="SPACE">
        <lettre idLettre="1" x="270" transcription=" " LatinTrans="SPACE" />
      </paw>
    </word>
    <word idWord="5" x="220" transcription="غدا" LatinTrans="Ghayn_B Daal_E Alif_I">
      <paw idPaw="1" x="231" transcription="غد" LatinTrans="Ghayn_B Daal_E">
        <lettre idLettre="1" x="249" transcription="غ" LatinTrans="Ghayn_B" />
        <lettre idLettre="2" x="231" transcription="د" LatinTrans="Daal_E" />
      </paw>
      <paw idPaw="2" x="220" transcription="ا" LatinTrans="Alif_I">
        <lettre idLettre="1" x="220" transcription="ا" LatinTrans="Alif_I" />
      </paw>
    </word>
    <word idWord="6" x="215" transcription=" " LatinTrans="SPACE">
      <paw idPaw="1" x="215" transcription=" " LatinTrans="SPACE">
        <lettre idLettre="1" x="215" transcription=" " LatinTrans="SPACE" />
      </paw>
    </word>
    <word idWord="7" x="111" transcription="للائتلاف" LatinTrans="Laam_B Laam_Alif HamzaAboveAlifBroken_B Taaa_M Laam_Alif Faa_I">
      <paw idPaw="1" x="186" transcription="للا" LatinTrans="Laam_B Laam_Alif">
        <lettre idLettre="1" x="206" transcription="ل" LatinTrans="Laam_B" />
        <lettre idLettre="2" x="186" transcription="لا" LatinTrans="Laam_Alif" />
      </paw>
      <paw idPaw="2" x="137" transcription="ئتلا" LatinTrans="HamzaAboveAlifBroken_B Taaa_M Laam_Alif">
        <lettre idLettre="1" x="172" transcription="ئ" LatinTrans="HamzaAboveAlifBroken_B" />
        <lettre idLettre="2" x="157" transcription="ت" LatinTrans="Taaa_M" />
        <lettre idLettre="3" x="137" transcription="لا" LatinTrans="Laam_Alif" />
      </paw>
      <paw idPaw="3" x="111" transcription="ف" LatinTrans="Faa_I">
        <lettre idLettre="1" x="111" transcription="ف" LatinTrans="Faa_I" />
      </paw>
    </word>
    <word idWord="8" x="104" transcription=" " LatinTrans="SPACE">
      <paw idPaw="1" x="104" transcription=" " LatinTrans="SPACE">
        <lettre idLettre="1" x="104" transcription=" " LatinTrans="SPACE" />
      </paw>
    </word>
    <word idWord="9" x="0" transcription="الوطني" LatinTrans="Alif_I Laam_B Waaw_E Thaaa_B Nuun_M Yaa_E">
      <paw idPaw="1" x="95" transcription="ا" LatinTrans="Alif_I">
        <lettre idLettre="1" x="95" transcription="ا" LatinTrans="Alif_I" />
      </paw>
      <paw idPaw="2" x="69" transcription="لو" LatinTrans="Laam_B Waaw_E">
        <lettre idLettre="1" x="85" transcription="ل" LatinTrans="Laam_B" />
        <lettre idLettre="2" x="69" transcription="و" LatinTrans="Waaw_E" />
      </paw>
      <paw idPaw="3" x="0" transcription="طني" LatinTrans="Thaaa_B Nuun_M Yaa_E">
        <lettre idLettre="1" x="44" transcription="ط" LatinTrans="Thaaa_B" />
        <lettre idLettre="2" x="26" transcription="ن" LatinTrans="Nuun_M" />
        <lettre idLettre="3" x="0" transcription="ي" LatinTrans="Yaa_E" />
      </paw>
    </word>
  </content>
</textImage>