﻿<?xml version="1.0" encoding="UTF-8" standalone="yes"?>
<textImage id="1" width="372" height="37" transcription="مقتل 10 أشخاص وجرح العشرات في درعا" image="aljazeera_3212-20-18-50_1">
  <ArabicTranscription>مقتل 10 أشخاص وجرح العشرات في درعا</ArabicTranscription>
  <LatinTranscription>Miim_B Gaaf_M Taaa_M Laam_E SPACE Zero One SPACE HamzaAboveAlif_I Shiin_B Xaa_M Alif_E Saad_I SPACE Waaw_I Jiim_B Raa_E Haaa_I SPACE Alif_I Laam_B Ayn_M Shiin_M Raa_E Alif_I Taaa_I SPACE Faa_B Yaa_E SPACE Daal_I Raa_I Ayn_B Alif_E</LatinTranscription>
  <content>
    <word idWord="1" x="318" transcription="مقتل" LatinTrans="Miim_B Gaaf_M Taaa_M Laam_E">
      <paw idPaw="1" x="318" transcription="مقتل" LatinTrans="Miim_B Gaaf_M Taaa_M Laam_E">
        <lettre idLettre="1" x="359" transcription="م" LatinTrans="Miim_B" />
        <lettre idLettre="2" x="346" transcription="ق" LatinTrans="Gaaf_M" />
        <lettre idLettre="3" x="334" transcription="ت" LatinTrans="Taaa_M" />
        <lettre idLettre="4" x="318" transcription="ل" LatinTrans="Laam_E" />
      </paw>
    </word>
    <word idWord="2" x="315" transcription=" " LatinTrans="SPACE">
      <paw idPaw="1" x="315" transcription=" " LatinTrans="SPACE">
        <lettre idLettre="1" x="315" transcription=" " LatinTrans="SPACE" />
      </paw>
    </word>
    <word idWord="3" x="293" transcription="10" LatinTrans="Zero One">
      <paw idPaw="1" x="302" transcription="0" LatinTrans="Zero">
        <lettre idLettre="1" x="302" transcription="0" LatinTrans="Zero" />
      </paw>
      <paw idPaw="2" x="293" transcription="1" LatinTrans="One">
        <lettre idLettre="1" x="293" transcription="1" LatinTrans="One" />
      </paw>
    </word>
    <word idWord="4" x="288" transcription=" " LatinTrans="SPACE">
      <paw idPaw="1" x="288" transcription=" " LatinTrans="SPACE">
        <lettre idLettre="1" x="288" transcription=" " LatinTrans="SPACE" />
      </paw>
    </word>
    <word idWord="5" x="217" transcription="أشخاص" LatinTrans="HamzaAboveAlif_I Shiin_B Xaa_M Alif_E Saad_I">
      <paw idPaw="1" x="281" transcription="أ" LatinTrans="HamzaAboveAlif_I">
        <lettre idLettre="1" x="281" transcription="أ" LatinTrans="HamzaAboveAlif_I" />
      </paw>
      <paw idPaw="2" x="244" transcription="شخا" LatinTrans="Shiin_B Xaa_M Alif_E">
        <lettre idLettre="1" x="266" transcription="ش" LatinTrans="Shiin_B" />
        <lettre idLettre="2" x="252" transcription="خ" LatinTrans="Xaa_M" />
        <lettre idLettre="3" x="244" transcription="ا" LatinTrans="Alif_E" />
      </paw>
      <paw idPaw="3" x="217" transcription="ص" LatinTrans="Saad_I">
        <lettre idLettre="1" x="217" transcription="ص" LatinTrans="Saad_I" />
      </paw>
    </word>
    <word idWord="6" x="213" transcription=" " LatinTrans="SPACE">
      <paw idPaw="1" x="213" transcription=" " LatinTrans="SPACE">
        <lettre idLettre="1" x="213" transcription=" " LatinTrans="SPACE" />
      </paw>
    </word>
    <word idWord="7" x="164" transcription="وجرح" LatinTrans="Waaw_I Jiim_B Raa_E Haaa_I">
      <paw idPaw="1" x="203" transcription="و" LatinTrans="Waaw_I">
        <lettre idLettre="1" x="203" transcription="و" LatinTrans="Waaw_I" />
      </paw>
      <paw idPaw="2" x="178" transcription="جر" LatinTrans="Jiim_B Raa_E">
        <lettre idLettre="1" x="189" transcription="ج" LatinTrans="Jiim_B" />
        <lettre idLettre="2" x="178" transcription="ر" LatinTrans="Raa_E" />
      </paw>
      <paw idPaw="3" x="164" transcription="ح" LatinTrans="Haaa_I">
        <lettre idLettre="1" x="164" transcription="ح" LatinTrans="Haaa_I" />
      </paw>
    </word>
    <word idWord="8" x="162" transcription=" " LatinTrans="SPACE">
      <paw idPaw="1" x="162" transcription=" " LatinTrans="SPACE">
        <lettre idLettre="1" x="162" transcription=" " LatinTrans="SPACE" />
      </paw>
    </word>
    <word idWord="9" x="84" transcription="العشرات" LatinTrans="Alif_I Laam_B Ayn_M Shiin_M Raa_E Alif_I Taaa_I">
      <paw idPaw="1" x="155" transcription="ا" LatinTrans="Alif_I">
        <lettre idLettre="1" x="155" transcription="ا" LatinTrans="Alif_I" />
      </paw>
      <paw idPaw="2" x="107" transcription="لعشر" LatinTrans="Laam_B Ayn_M Shiin_M Raa_E">
        <lettre idLettre="1" x="150" transcription="ل" LatinTrans="Laam_B" />
        <lettre idLettre="2" x="133" transcription="ع" LatinTrans="Ayn_M" />
        <lettre idLettre="3" x="115" transcription="ش" LatinTrans="Shiin_M" />
        <lettre idLettre="4" x="107" transcription="ر" LatinTrans="Raa_E" />
      </paw>
      <paw idPaw="3" x="102" transcription="ا" LatinTrans="Alif_I">
        <lettre idLettre="1" x="102" transcription="ا" LatinTrans="Alif_I" />
      </paw>
      <paw idPaw="4" x="84" transcription="ت" LatinTrans="Taaa_I">
        <lettre idLettre="1" x="84" transcription="ت" LatinTrans="Taaa_I" />
      </paw>
    </word>
    <word idWord="10" x="80" transcription=" " LatinTrans="SPACE">
      <paw idPaw="1" x="80" transcription=" " LatinTrans="SPACE">
        <lettre idLettre="1" x="80" transcription=" " LatinTrans="SPACE" />
      </paw>
    </word>
    <word idWord="11" x="54" transcription="في" LatinTrans="Faa_B Yaa_E">
      <paw idPaw="1" x="54" transcription="في" LatinTrans="Faa_B Yaa_E">
        <lettre idLettre="1" x="67" transcription="ف" LatinTrans="Faa_B" />
        <lettre idLettre="2" x="54" transcription="ي" LatinTrans="Yaa_E" />
      </paw>
    </word>
    <word idWord="12" x="48" transcription=" " LatinTrans="SPACE">
      <paw idPaw="1" x="48" transcription=" " LatinTrans="SPACE">
        <lettre idLettre="1" x="48" transcription=" " LatinTrans="SPACE" />
      </paw>
    </word>
    <word idWord="13" x="0" transcription="درعا" LatinTrans="Daal_I Raa_I Ayn_B Alif_E">
      <paw idPaw="1" x="37" transcription="د" LatinTrans="Daal_I">
        <lettre idLettre="1" x="37" transcription="د" LatinTrans="Daal_I" />
      </paw>
      <paw idPaw="2" x="29" transcription="ر" LatinTrans="Raa_I">
        <lettre idLettre="1" x="29" transcription="ر" LatinTrans="Raa_I" />
      </paw>
      <paw idPaw="3" x="0" transcription="عا" LatinTrans="Ayn_B Alif_E">
        <lettre idLettre="1" x="14" transcription="ع" LatinTrans="Ayn_B" />
        <lettre idLettre="2" x="0" transcription="ا" LatinTrans="Alif_E" />
      </paw>
    </word>
  </content>
</textImage>