﻿<?xml version="1.0" encoding="UTF-8" standalone="yes"?>
<textImage id="1" width="192" height="47" transcription="مكة المكرمة" image="aljazeera_3212-03-55-30_1">
  <ArabicTranscription>مكة المكرمة</ArabicTranscription>
  <LatinTranscription>Miim_B Kaaf_M TaaaClosed_E SPACE Alif_I Laam_B Miim_M Kaaf_M Raa_E Miim_B TaaaClosed_E</LatinTranscription>
  <content>
    <word idWord="1" x="129" transcription="مكة" LatinTrans="Miim_B Kaaf_M TaaaClosed_E">
      <paw idPaw="1" x="129" transcription="مكة" LatinTrans="Miim_B Kaaf_M TaaaClosed_E">
        <lettre idLettre="1" x="172" transcription="م" LatinTrans="Miim_B" />
        <lettre idLettre="2" x="152" transcription="ك" LatinTrans="Kaaf_M" />
        <lettre idLettre="3" x="129" transcription="ة" LatinTrans="TaaaClosed_E" />
      </paw>
    </word>
    <word idWord="2" x="123" transcription=" " LatinTrans="SPACE">
      <paw idPaw="1" x="123" transcription=" " LatinTrans="SPACE">
        <lettre idLettre="1" x="123" transcription=" " LatinTrans="SPACE" />
      </paw>
    </word>
    <word idWord="3" x="0" transcription="المكرمة" LatinTrans="Alif_I Laam_B Miim_M Kaaf_M Raa_E Miim_B TaaaClosed_E">
      <paw idPaw="1" x="111" transcription="ا" LatinTrans="Alif_I">
        <lettre idLettre="1" x="111" transcription="ا" LatinTrans="Alif_I" />
      </paw>
      <paw idPaw="2" x="44" transcription="لمكر" LatinTrans="Laam_B Miim_M Kaaf_M Raa_E">
        <lettre idLettre="1" x="98" transcription="ل" LatinTrans="Laam_B" />
        <lettre idLettre="2" x="82" transcription="م" LatinTrans="Miim_M" />
        <lettre idLettre="3" x="61" transcription="ك" LatinTrans="Kaaf_M" />
        <lettre idLettre="4" x="44" transcription="ر" LatinTrans="Raa_E" />
      </paw>
      <paw idPaw="3" x="0" transcription="مة" LatinTrans="Miim_B TaaaClosed_E">
        <lettre idLettre="1" x="31" transcription="م" LatinTrans="Miim_B" />
        <lettre idLettre="2" x="0" transcription="ة" LatinTrans="TaaaClosed_E" />
      </paw>
    </word>
  </content>
</textImage>