﻿<?xml version="1.0" encoding="UTF-8" standalone="yes"?>
<textImage id="2" width="486" height="53" transcription="الأعلى خلفا لمدحت المحمود" image="aljazeera_3213-05-33-40_2">
  <ArabicTranscription>الأعلى خلفا لمدحت المحمود</ArabicTranscription>
  <LatinTranscription>Alif_I Laam_HamzaAboveAlif Ayn_B Laam_M AlifBroken_E SPACE Xaa_B Laam_M Faa_M Alif_E SPACE Laam_B Miim_M Daal_E Haaa_B Taaa_E SPACE Alif_I Laam_B Miim_M Haaa_M Miim_M Waaw_E Daal_I</LatinTranscription>
  <content>
    <word idWord="1" x="362" transcription="الأعلى" LatinTrans="Alif_I Laam_HamzaAboveAlif Ayn_B Laam_M AlifBroken_E">
      <paw idPaw="1" x="475" transcription="ا" LatinTrans="Alif_I">
        <lettre idLettre="1" x="475" transcription="ا" LatinTrans="Alif_I" />
      </paw>
      <paw idPaw="2" x="457" transcription="لأ" LatinTrans="Laam_HamzaAboveAlif">
        <lettre idLettre="1" x="457" transcription="لأ" LatinTrans="Laam_HamzaAboveAlif" />
      </paw>
      <paw idPaw="3" x="362" transcription="على" LatinTrans="Ayn_B Laam_M AlifBroken_E">
        <lettre idLettre="1" x="434" transcription="ع" LatinTrans="Ayn_B" />
        <lettre idLettre="2" x="399" transcription="ل" LatinTrans="Laam_M" />
        <lettre idLettre="3" x="362" transcription="ى" LatinTrans="AlifBroken_E" />
      </paw>
    </word>
    <word idWord="2" x="356" transcription=" " LatinTrans="SPACE">
      <paw idPaw="1" x="356" transcription=" " LatinTrans="SPACE">
        <lettre idLettre="1" x="356" transcription=" " LatinTrans="SPACE" />
      </paw>
    </word>
    <word idWord="3" x="234" transcription="خلفا" LatinTrans="Xaa_B Laam_M Faa_M Alif_E">
      <paw idPaw="1" x="234" transcription="خلفا" LatinTrans="Xaa_B Laam_M Faa_M Alif_E">
        <lettre idLettre="1" x="334" transcription="خ" LatinTrans="Xaa_B" />
        <lettre idLettre="2" x="300" transcription="ل" LatinTrans="Laam_M" />
        <lettre idLettre="3" x="267" transcription="ف" LatinTrans="Faa_M" />
        <lettre idLettre="4" x="234" transcription="ا" LatinTrans="Alif_E" />
      </paw>
    </word>
    <word idWord="4" x="229" transcription=" " LatinTrans="SPACE">
      <paw idPaw="1" x="229" transcription=" " LatinTrans="SPACE">
        <lettre idLettre="1" x="229" transcription=" " LatinTrans="SPACE" />
      </paw>
    </word>
    <word idWord="5" x="114" transcription="لمدحت" LatinTrans="Laam_B Miim_M Daal_E Haaa_B Taaa_E">
      <paw idPaw="1" x="183" transcription="لمد" LatinTrans="Laam_B Miim_M Daal_E">
        <lettre idLettre="1" x="215" transcription="ل" LatinTrans="Laam_B" />
        <lettre idLettre="2" x="200" transcription="م" LatinTrans="Miim_M" />
        <lettre idLettre="3" x="183" transcription="د" LatinTrans="Daal_E" />
      </paw>
      <paw idPaw="2" x="114" transcription="حت" LatinTrans="Haaa_B Taaa_E">
        <lettre idLettre="1" x="157" transcription="ح" LatinTrans="Haaa_B" />
        <lettre idLettre="2" x="114" transcription="ت" LatinTrans="Taaa_E" />
      </paw>
    </word>
    <word idWord="6" x="107" transcription=" " LatinTrans="SPACE">
      <paw idPaw="1" x="107" transcription=" " LatinTrans="SPACE">
        <lettre idLettre="1" x="107" transcription=" " LatinTrans="SPACE" />
      </paw>
    </word>
    <word idWord="7" x="0" transcription="المحمود" LatinTrans="Alif_I Laam_B Miim_M Haaa_M Miim_M Waaw_E Daal_I">
      <paw idPaw="1" x="99" transcription="ا" LatinTrans="Alif_I">
        <lettre idLettre="1" x="99" transcription="ا" LatinTrans="Alif_I" />
      </paw>
      <paw idPaw="2" x="17" transcription="لمحمو" LatinTrans="Laam_B Miim_M Haaa_M Miim_M Waaw_E">
        <lettre idLettre="1" x="89" transcription="ل" LatinTrans="Laam_B" />
        <lettre idLettre="2" x="72" transcription="م" LatinTrans="Miim_M" />
        <lettre idLettre="3" x="53" transcription="ح" LatinTrans="Haaa_M" />
        <lettre idLettre="4" x="36" transcription="م" LatinTrans="Miim_M" />
        <lettre idLettre="5" x="17" transcription="و" LatinTrans="Waaw_E" />
      </paw>
      <paw idPaw="3" x="0" transcription="د" LatinTrans="Daal_I">
        <lettre idLettre="1" x="0" transcription="د" LatinTrans="Daal_I" />
      </paw>
    </word>
  </content>
</textImage>