﻿<?xml version="1.0" encoding="UTF-8" standalone="yes"?>
<textImage id="1" width="81" height="37" transcription="الرباط" image="aljazeera_3211-11-55-20_1">
  <ArabicTranscription>الرباط</ArabicTranscription>
  <LatinTranscription>Alif_I Laam_B Raa_E Baa_B Alif_E Thaaa_I</LatinTranscription>
  <content>
    <word idWord="1" x="0" transcription="الرباط" LatinTrans="Alif_I Laam_B Raa_E Baa_B Alif_E Thaaa_I">
      <paw idPaw="1" x="70" transcription="ا" LatinTrans="Alif_I">
        <lettre idLettre="1" x="70" transcription="ا" LatinTrans="Alif_I" />
      </paw>
      <paw idPaw="2" x="50" transcription="لر" LatinTrans="Laam_B Raa_E">
        <lettre idLettre="1" x="62" transcription="ل" LatinTrans="Laam_B" />
        <lettre idLettre="2" x="50" transcription="ر" LatinTrans="Raa_E" />
      </paw>
      <paw idPaw="3" x="26" transcription="با" LatinTrans="Baa_B Alif_E">
        <lettre idLettre="1" x="36" transcription="ب" LatinTrans="Baa_B" />
        <lettre idLettre="2" x="26" transcription="ا" LatinTrans="Alif_E" />
      </paw>
      <paw idPaw="4" x="0" transcription="ط" LatinTrans="Thaaa_I">
        <lettre idLettre="1" x="0" transcription="ط" LatinTrans="Thaaa_I" />
      </paw>
    </word>
  </content>
</textImage>