﻿<?xml version="1.0" encoding="UTF-8" standalone="yes"?>
<textImage id="1" width="302" height="38" transcription="محمد امبارك ولد محمد عبد الله" image="aljazeera_3212-01-21-30_1">
  <ArabicTranscription>محمد امبارك ولد محمد عبد الله</ArabicTranscription>
  <LatinTranscription>Miim_B Haaa_M Miim_M Daal_E SPACE Alif_I Miim_B Baa_M Alif_E Raa_I Kaaf_I SPACE Waaw_I Laam_B Daal_E SPACE Miim_B Haaa_M Miim_M Daal_E SPACE Ayn_B Baa_M Daal_E SPACE Alif_I Laam_B Laam_M Haa_E</LatinTranscription>
  <content>
    <word idWord="1" x="246" transcription="محمد" LatinTrans="Miim_B Haaa_M Miim_M Daal_E">
      <paw idPaw="1" x="246" transcription="محمد" LatinTrans="Miim_B Haaa_M Miim_M Daal_E">
        <lettre idLettre="1" x="286" transcription="م" LatinTrans="Miim_B" />
        <lettre idLettre="2" x="270" transcription="ح" LatinTrans="Haaa_M" />
        <lettre idLettre="3" x="260" transcription="م" LatinTrans="Miim_M" />
        <lettre idLettre="4" x="246" transcription="د" LatinTrans="Daal_E" />
      </paw>
    </word>
    <word idWord="2" x="243" transcription=" " LatinTrans="SPACE">
      <paw idPaw="1" x="243" transcription=" " LatinTrans="SPACE">
        <lettre idLettre="1" x="243" transcription=" " LatinTrans="SPACE" />
      </paw>
    </word>
    <word idWord="3" x="178" transcription="امبارك" LatinTrans="Alif_I Miim_B Baa_M Alif_E Raa_I Kaaf_I">
      <paw idPaw="1" x="235" transcription="ا" LatinTrans="Alif_I">
        <lettre idLettre="1" x="235" transcription="ا" LatinTrans="Alif_I" />
      </paw>
      <paw idPaw="2" x="206" transcription="مبا" LatinTrans="Miim_B Baa_M Alif_E">
        <lettre idLettre="1" x="224" transcription="م" LatinTrans="Miim_B" />
        <lettre idLettre="2" x="214" transcription="ب" LatinTrans="Baa_M" />
        <lettre idLettre="3" x="206" transcription="ا" LatinTrans="Alif_E" />
      </paw>
      <paw idPaw="3" x="197" transcription="ر" LatinTrans="Raa_I">
        <lettre idLettre="1" x="197" transcription="ر" LatinTrans="Raa_I" />
      </paw>
      <paw idPaw="4" x="178" transcription="ك" LatinTrans="Kaaf_I">
        <lettre idLettre="1" x="178" transcription="ك" LatinTrans="Kaaf_I" />
      </paw>
    </word>
    <word idWord="4" x="172" transcription=" " LatinTrans="SPACE">
      <paw idPaw="1" x="172" transcription=" " LatinTrans="SPACE">
        <lettre idLettre="1" x="172" transcription=" " LatinTrans="SPACE" />
      </paw>
    </word>
    <word idWord="5" x="141" transcription="ولد" LatinTrans="Waaw_I Laam_B Daal_E">
      <paw idPaw="1" x="161" transcription="و" LatinTrans="Waaw_I">
        <lettre idLettre="1" x="161" transcription="و" LatinTrans="Waaw_I" />
      </paw>
      <paw idPaw="2" x="141" transcription="لد" LatinTrans="Laam_B Daal_E">
        <lettre idLettre="1" x="152" transcription="ل" LatinTrans="Laam_B" />
        <lettre idLettre="2" x="141" transcription="د" LatinTrans="Daal_E" />
      </paw>
    </word>
    <word idWord="6" x="134" transcription=" " LatinTrans="SPACE">
      <paw idPaw="1" x="134" transcription=" " LatinTrans="SPACE">
        <lettre idLettre="1" x="134" transcription=" " LatinTrans="SPACE" />
      </paw>
    </word>
    <word idWord="7" x="81" transcription="محمد" LatinTrans="Miim_B Haaa_M Miim_M Daal_E">
      <paw idPaw="1" x="81" transcription="محمد" LatinTrans="Miim_B Haaa_M Miim_M Daal_E">
        <lettre idLettre="1" x="123" transcription="م" LatinTrans="Miim_B" />
        <lettre idLettre="2" x="109" transcription="ح" LatinTrans="Haaa_M" />
        <lettre idLettre="3" x="95" transcription="م" LatinTrans="Miim_M" />
        <lettre idLettre="4" x="81" transcription="د" LatinTrans="Daal_E" />
      </paw>
    </word>
    <word idWord="8" x="75" transcription=" " LatinTrans="SPACE">
      <paw idPaw="1" x="75" transcription=" " LatinTrans="SPACE">
        <lettre idLettre="1" x="75" transcription=" " LatinTrans="SPACE" />
      </paw>
    </word>
    <word idWord="9" x="36" transcription="عبد" LatinTrans="Ayn_B Baa_M Daal_E">
      <paw idPaw="1" x="36" transcription="عبد" LatinTrans="Ayn_B Baa_M Daal_E">
        <lettre idLettre="1" x="61" transcription="ع" LatinTrans="Ayn_B" />
        <lettre idLettre="2" x="48" transcription="ب" LatinTrans="Baa_M" />
        <lettre idLettre="3" x="36" transcription="د" LatinTrans="Daal_E" />
      </paw>
    </word>
    <word idWord="10" x="32" transcription=" " LatinTrans="SPACE">
      <paw idPaw="1" x="32" transcription=" " LatinTrans="SPACE">
        <lettre idLettre="1" x="32" transcription=" " LatinTrans="SPACE" />
      </paw>
    </word>
    <word idWord="11" x="0" transcription="الله" LatinTrans="Alif_I Laam_B Laam_M Haa_E">
      <paw idPaw="1" x="26" transcription="ا" LatinTrans="Alif_I">
        <lettre idLettre="1" x="26" transcription="ا" LatinTrans="Alif_I" />
      </paw>
      <paw idPaw="2" x="0" transcription="لله" LatinTrans="Laam_B Laam_M Haa_E">
        <lettre idLettre="1" x="21" transcription="ل" LatinTrans="Laam_B" />
        <lettre idLettre="2" x="14" transcription="ل" LatinTrans="Laam_M" />
        <lettre idLettre="3" x="0" transcription="ه" LatinTrans="Haa_E" />
      </paw>
    </word>
  </content>
</textImage>