﻿<?xml version="1.0" encoding="UTF-8" standalone="yes"?>
<textImage id="3" width="233" height="51" transcription="تداعياتها الأمنية" image="aljazeera_3213-05-33-30_3">
  <ArabicTranscription>تداعياتها الأمنية</ArabicTranscription>
  <LatinTranscription>Taaa_B Daal_E Alif_I Ayn_B Yaa_M Alif_E Taaa_B Haa_M Alif_E SPACE Alif_I Laam_HamzaAboveAlif Miim_B Nuun_M Yaa_M TaaaClosed_E</LatinTranscription>
  <content>
    <word idWord="1" x="100" transcription="تداعياتها" LatinTrans="Taaa_B Daal_E Alif_I Ayn_B Yaa_M Alif_E Taaa_B Haa_M Alif_E">
      <paw idPaw="1" x="198" transcription="تد" LatinTrans="Taaa_B Daal_E">
        <lettre idLettre="1" x="215" transcription="ت" LatinTrans="Taaa_B" />
        <lettre idLettre="2" x="198" transcription="د" LatinTrans="Daal_E" />
      </paw>
      <paw idPaw="2" x="190" transcription="ا" LatinTrans="Alif_I">
        <lettre idLettre="1" x="190" transcription="ا" LatinTrans="Alif_I" />
      </paw>
      <paw idPaw="3" x="143" transcription="عيا" LatinTrans="Ayn_B Yaa_M Alif_E">
        <lettre idLettre="1" x="171" transcription="ع" LatinTrans="Ayn_B" />
        <lettre idLettre="2" x="152" transcription="ي" LatinTrans="Yaa_M" />
        <lettre idLettre="3" x="143" transcription="ا" LatinTrans="Alif_E" />
      </paw>
      <paw idPaw="4" x="100" transcription="تها" LatinTrans="Taaa_B Haa_M Alif_E">
        <lettre idLettre="1" x="129" transcription="ت" LatinTrans="Taaa_B" />
        <lettre idLettre="2" x="112" transcription="ه" LatinTrans="Haa_M" />
        <lettre idLettre="3" x="100" transcription="ا" LatinTrans="Alif_E" />
      </paw>
    </word>
    <word idWord="2" x="95" transcription=" " LatinTrans="SPACE">
      <paw idPaw="1" x="95" transcription=" " LatinTrans="SPACE">
        <lettre idLettre="1" x="95" transcription=" " LatinTrans="SPACE" />
      </paw>
    </word>
    <word idWord="3" x="0" transcription="الأمنية" LatinTrans="Alif_I Laam_HamzaAboveAlif Miim_B Nuun_M Yaa_M TaaaClosed_E">
      <paw idPaw="1" x="87" transcription="ا" LatinTrans="Alif_I">
        <lettre idLettre="1" x="87" transcription="ا" LatinTrans="Alif_I" />
      </paw>
      <paw idPaw="2" x="70" transcription="لأ" LatinTrans="Laam_HamzaAboveAlif">
        <lettre idLettre="1" x="70" transcription="لأ" LatinTrans="Laam_HamzaAboveAlif" />
      </paw>
      <paw idPaw="3" x="0" transcription="منية" LatinTrans="Miim_B Nuun_M Yaa_M TaaaClosed_E">
        <lettre idLettre="1" x="55" transcription="م" LatinTrans="Miim_B" />
        <lettre idLettre="2" x="38" transcription="ن" LatinTrans="Nuun_M" />
        <lettre idLettre="3" x="24" transcription="ي" LatinTrans="Yaa_M" />
        <lettre idLettre="4" x="0" transcription="ة" LatinTrans="TaaaClosed_E" />
      </paw>
    </word>
  </content>
</textImage>