﻿<?xml version="1.0" encoding="UTF-8" standalone="yes"?>
<textImage id="1" width="252" height="59" transcription="إصلاح مجلس الأمن" image="aljazeera_3212-08-43-40_1">
  <ArabicTranscription>إصلاح مجلس الأمن</ArabicTranscription>
  <LatinTranscription>HamzaOnederAlif_I Saad_B Laam_Alif Haaa_I SPACE Miim_B Jiim_M Laam_M Siin_E SPACE Alif_I Laam_HamzaAboveAlif Miim_B Nuun_E</LatinTranscription>
  <content>
    <word idWord="1" x="167" transcription="إصلاح" LatinTrans="HamzaOnederAlif_I Saad_B Laam_Alif Haaa_I">
      <paw idPaw="1" x="237" transcription="إ" LatinTrans="HamzaOnederAlif_I">
        <lettre idLettre="1" x="237" transcription="إ" LatinTrans="HamzaUnderAlif_I" />
      </paw>
      <paw idPaw="2" x="190" transcription="صلا" LatinTrans="Saad_B Laam_Alif">
        <lettre idLettre="1" x="209" transcription="ص" LatinTrans="Saad_B" />
        <lettre idLettre="2" x="190" transcription="لا" LatinTrans="Laam_Alif" />
      </paw>
      <paw idPaw="3" x="167" transcription="ح" LatinTrans="Haaa_I">
        <lettre idLettre="1" x="167" transcription="ح" LatinTrans="Haaa_I" />
      </paw>
    </word>
    <word idWord="2" x="161" transcription=" " LatinTrans="SPACE">
      <paw idPaw="1" x="161" transcription=" " LatinTrans="SPACE">
        <lettre idLettre="1" x="161" transcription=" " LatinTrans="SPACE" />
      </paw>
    </word>
    <word idWord="3" x="77" transcription="مجلس" LatinTrans="Miim_B Jiim_M Laam_M Siin_E">
      <paw idPaw="1" x="77" transcription="مجلس" LatinTrans="Miim_B Jiim_M Laam_M Siin_E">
        <lettre idLettre="1" x="148" transcription="م" LatinTrans="Miim_B" />
        <lettre idLettre="2" x="125" transcription="ج" LatinTrans="Jiim_M" />
        <lettre idLettre="3" x="116" transcription="ل" LatinTrans="Laam_M" />
        <lettre idLettre="4" x="77" transcription="س" LatinTrans="Siin_E" />
      </paw>
    </word>
    <word idWord="4" x="70" transcription=" " LatinTrans="SPACE">
      <paw idPaw="1" x="70" transcription=" " LatinTrans="SPACE">
        <lettre idLettre="1" x="70" transcription=" " LatinTrans="SPACE" />
      </paw>
    </word>
    <word idWord="5" x="0" transcription="الأمن" LatinTrans="Alif_I Laam_HamzaAboveAlif Miim_B Nuun_E">
      <paw idPaw="1" x="62" transcription="ا" LatinTrans="Alif_I">
        <lettre idLettre="1" x="62" transcription="ا" LatinTrans="Alif_I" />
      </paw>
      <paw idPaw="2" x="44" transcription="لأ" LatinTrans="Laam_HamzaAboveAlif">
        <lettre idLettre="1" x="44" transcription="لأ" LatinTrans="Laam_HamzaAboveAlif" />
      </paw>
      <paw idPaw="3" x="0" transcription="من" LatinTrans="Miim_B Nuun_E">
        <lettre idLettre="1" x="27" transcription="م" LatinTrans="Miim_B" />
        <lettre idLettre="2" x="0" transcription="ن" LatinTrans="Nuun_E" />
      </paw>
    </word>
  </content>
</textImage>