﻿<?xml version="1.0" encoding="UTF-8" standalone="yes"?>
<textImage id="1" width="380" height="31" transcription="مخبرين سريين قدموا معلومات مضللة" image="aljazeera_3212-17-06-40_1">
  <ArabicTranscription>مخبرين سريين قدموا معلومات مضللة</ArabicTranscription>
  <LatinTranscription>Miim_B Xaa_M Baa_M Raa_E Yaa_B Nuun_E SPACE Siin_B Raa_E Yaa_B Yaa_M Nuun_E SPACE Gaaf_B Daal_E Miim_B Waaw_E Alif_I SPACE Miim_B Ayn_M Laam_M Waaw_E Miim_B Alif_E Taaa_I SPACE Miim_B Daad_M Laam_M Laam_M TaaaClosed_E</LatinTranscription>
  <content>
    <word idWord="1" x="305" transcription="مخبرين" LatinTrans="Miim_B Xaa_M Baa_M Raa_E Yaa_B Nuun_E">
      <paw idPaw="1" x="336" transcription="مخبر" LatinTrans="Miim_B Xaa_M Baa_M Raa_E">
        <lettre idLettre="1" x="367" transcription="م" LatinTrans="Miim_B" />
        <lettre idLettre="2" x="354" transcription="خ" LatinTrans="Xaa_M" />
        <lettre idLettre="3" x="345" transcription="ب" LatinTrans="Baa_M" />
        <lettre idLettre="4" x="336" transcription="ر" LatinTrans="Raa_E" />
      </paw>
      <paw idPaw="2" x="305" transcription="ين" LatinTrans="Yaa_B Nuun_E">
        <lettre idLettre="1" x="326" transcription="ي" LatinTrans="Yaa_B" />
        <lettre idLettre="2" x="305" transcription="ن" LatinTrans="Nuun_E" />
      </paw>
    </word>
    <word idWord="2" x="302" transcription=" " LatinTrans="SPACE">
      <paw idPaw="1" x="302" transcription=" " LatinTrans="SPACE">
        <lettre idLettre="1" x="302" transcription=" " LatinTrans="SPACE" />
      </paw>
    </word>
    <word idWord="3" x="224" transcription="سريين" LatinTrans="Siin_B Raa_E Yaa_B Yaa_M Nuun_E">
      <paw idPaw="1" x="277" transcription="سر" LatinTrans="Siin_B Raa_E">
        <lettre idLettre="1" x="285" transcription="س" LatinTrans="Siin_B" />
        <lettre idLettre="2" x="277" transcription="ر" LatinTrans="Raa_E" />
      </paw>
      <paw idPaw="2" x="224" transcription="يين" LatinTrans="Yaa_B Yaa_M Nuun_E">
        <lettre idLettre="1" x="266" transcription="ي" LatinTrans="Yaa_B" />
        <lettre idLettre="2" x="255" transcription="ي" LatinTrans="Yaa_M" />
        <lettre idLettre="3" x="224" transcription="ن" LatinTrans="Nuun_E" />
      </paw>
    </word>
    <word idWord="4" x="219" transcription=" " LatinTrans="SPACE">
      <paw idPaw="1" x="219" transcription=" " LatinTrans="SPACE">
        <lettre idLettre="1" x="219" transcription=" " LatinTrans="SPACE" />
      </paw>
    </word>
    <word idWord="5" x="166" transcription="قدموا" LatinTrans="Gaaf_B Daal_E Miim_B Waaw_E Alif_I">
      <paw idPaw="1" x="195" transcription="قد" LatinTrans="Gaaf_B Daal_E">
        <lettre idLettre="1" x="206" transcription="ق" LatinTrans="Gaaf_B" />
        <lettre idLettre="2" x="195" transcription="د" LatinTrans="Daal_E" />
      </paw>
      <paw idPaw="2" x="173" transcription="مو" LatinTrans="Miim_B Waaw_E">
        <lettre idLettre="1" x="182" transcription="م" LatinTrans="Miim_B" />
        <lettre idLettre="2" x="173" transcription="و" LatinTrans="Waaw_E" />
      </paw>
      <paw idPaw="3" x="166" transcription="ا" LatinTrans="Alif_I">
        <lettre idLettre="1" x="166" transcription="ا" LatinTrans="Alif_I" />
      </paw>
    </word>
    <word idWord="6" x="163" transcription=" " LatinTrans="SPACE">
      <paw idPaw="1" x="163" transcription=" " LatinTrans="SPACE">
        <lettre idLettre="1" x="163" transcription=" " LatinTrans="SPACE" />
      </paw>
    </word>
    <word idWord="7" x="81" transcription="معلومات" LatinTrans="Miim_B Ayn_M Laam_M Waaw_E Miim_B Alif_E Taaa_I">
      <paw idPaw="1" x="119" transcription="معلوم" LatinTrans="Miim_B Ayn_M Laam_M Waaw_E">
        <lettre idLettre="1" x="151" transcription="م" LatinTrans="Miim_B" />
        <lettre idLettre="2" x="137" transcription="ع" LatinTrans="Ayn_M" />
        <lettre idLettre="3" x="129" transcription="ل" LatinTrans="Laam_M" />
        <lettre idLettre="4" x="119" transcription="و" LatinTrans="Waaw_E" />
      </paw>
      <paw idPaw="2" x="100" transcription="ما" LatinTrans="Miim_B Alif_E">
        <lettre idLettre="1" x="107" transcription="م" LatinTrans="Miim_B" />
        <lettre idLettre="2" x="100" transcription="ا" LatinTrans="Alif_E" />
      </paw>
      <paw idPaw="3" x="81" transcription="ت" LatinTrans="Taaa_I">
        <lettre idLettre="1" x="81" transcription="ت" LatinTrans="Taaa_I" />
      </paw>
    </word>
    <word idWord="8" x="79" transcription=" " LatinTrans="SPACE">
      <paw idPaw="1" x="79" transcription=" " LatinTrans="SPACE">
        <lettre idLettre="1" x="79" transcription=" " LatinTrans="SPACE" />
      </paw>
    </word>
    <word idWord="9" x="0" transcription="مضللة" LatinTrans="Miim_B Daad_M Laam_M Laam_M TaaaClosed_E">
      <paw idPaw="1" x="0" transcription="مضللة" LatinTrans="Miim_B Daad_M Laam_M Laam_M TaaaClosed_E">
        <lettre idLettre="1" x="67" transcription="م" LatinTrans="Miim_B" />
        <lettre idLettre="2" x="48" transcription="ض" LatinTrans="Daad_M" />
        <lettre idLettre="3" x="41" transcription="ل" LatinTrans="Laam_M" />
        <lettre idLettre="4" x="32" transcription="ل" LatinTrans="Laam_M" />
        <lettre idLettre="5" x="0" transcription="ة" LatinTrans="TaaaClosed_E" />
      </paw>
    </word>
  </content>
</textImage>