﻿<?xml version="1.0" encoding="UTF-8" standalone="yes"?>
<textImage id="2" width="488" height="49" transcription="ومواجهة التهريب النووي" image="aljazeera_3213-05-33-00_2">
  <ArabicTranscription>ومواجهة التهريب النووي</ArabicTranscription>
  <LatinTranscription>Waaw_I Miim_B Waaw_E Alif_I Jiim_B Haa_M TaaaClosed_E SPACE Alif_I Laam_B Taaa_M Haa_M Raa_E Yaa_B Baa_E SPACE Alif_I Laam_B Nuun_M Waaw_E Waaw_I Yaa_I</LatinTranscription>
  <content>
    <word idWord="1" x="306" transcription="ومواجهة" LatinTrans="Waaw_I Miim_B Waaw_E Alif_I Jiim_B Haa_M TaaaClosed_E">
      <paw idPaw="1" x="469" transcription="و" LatinTrans="Waaw_I">
        <lettre idLettre="1" x="469" transcription="و" LatinTrans="Waaw_I" />
      </paw>
      <paw idPaw="2" x="418" transcription="مو" LatinTrans="Miim_B Waaw_E">
        <lettre idLettre="1" x="450" transcription="م" LatinTrans="Miim_B" />
        <lettre idLettre="2" x="418" transcription="و" LatinTrans="Waaw_E" />
      </paw>
      <paw idPaw="3" x="407" transcription="ا" LatinTrans="Alif_I">
        <lettre idLettre="1" x="407" transcription="ا" LatinTrans="Alif_I" />
      </paw>
      <paw idPaw="4" x="306" transcription="جهة" LatinTrans="Jiim_B Haa_M TaaaClosed_E">
        <lettre idLettre="1" x="390" transcription="ج" LatinTrans="Jiim_B" />
        <lettre idLettre="2" x="348" transcription="ه" LatinTrans="Haa_M" />
        <lettre idLettre="3" x="306" transcription="ة" LatinTrans="TaaaClosed_E" />
      </paw>
    </word>
    <word idWord="2" x="301" transcription=" " LatinTrans="SPACE">
      <paw idPaw="1" x="301" transcription=" " LatinTrans="SPACE">
        <lettre idLettre="1" x="301" transcription=" " LatinTrans="SPACE" />
      </paw>
    </word>
    <word idWord="3" x="111" transcription="التهريب" LatinTrans="Alif_I Laam_B Taaa_M Haa_M Raa_E Yaa_B Baa_E">
      <paw idPaw="1" x="292" transcription="ا" LatinTrans="Alif_I">
        <lettre idLettre="1" x="292" transcription="ا" LatinTrans="Alif_I" />
      </paw>
      <paw idPaw="2" x="178" transcription="لتهر" LatinTrans="Laam_B Taaa_M Haa_M Raa_E">
        <lettre idLettre="1" x="276" transcription="ل" LatinTrans="Laam_B" />
        <lettre idLettre="2" x="243" transcription="ت" LatinTrans="Taaa_M" />
        <lettre idLettre="3" x="202" transcription="ه" LatinTrans="Haa_M" />
        <lettre idLettre="4" x="178" transcription="ر" LatinTrans="Raa_E" />
      </paw>
      <paw idPaw="3" x="111" transcription="يب" LatinTrans="Yaa_B Baa_E">
        <lettre idLettre="1" x="154" transcription="ي" LatinTrans="Yaa_B" />
        <lettre idLettre="2" x="111" transcription="ب" LatinTrans="Baa_E" />
      </paw>
    </word>
    <word idWord="4" x="105" transcription=" " LatinTrans="SPACE">
      <paw idPaw="1" x="105" transcription=" " LatinTrans="SPACE">
        <lettre idLettre="1" x="105" transcription=" " LatinTrans="SPACE" />
      </paw>
    </word>
    <word idWord="5" x="0" transcription="النووي" LatinTrans="Alif_I Laam_B Nuun_M Waaw_E Waaw_I Yaa_I">
      <paw idPaw="1" x="96" transcription="ا" LatinTrans="Alif_I">
        <lettre idLettre="1" x="96" transcription="ا" LatinTrans="Alif_I" />
      </paw>
      <paw idPaw="2" x="36" transcription="لنو" LatinTrans="Laam_B Nuun_M Waaw_E">
        <lettre idLettre="1" x="84" transcription="ل" LatinTrans="Laam_B" />
        <lettre idLettre="2" x="55" transcription="ن" LatinTrans="Nuun_M" />
        <lettre idLettre="3" x="36" transcription="و" LatinTrans="Waaw_E" />
      </paw>
      <paw idPaw="3" x="21" transcription="و" LatinTrans="Waaw_I">
        <lettre idLettre="1" x="21" transcription="و" LatinTrans="Waaw_I" />
      </paw>
      <paw idPaw="4" x="0" transcription="ي" LatinTrans="Yaa_I">
        <lettre idLettre="1" x="0" transcription="ي" LatinTrans="Yaa_I" />
      </paw>
    </word>
  </content>
</textImage>