﻿<?xml version="1.0" encoding="UTF-8" standalone="yes"?>
<textImage id="1" width="400" height="35" transcription="تسليح مقاتلي المعارضة في سوريا" image="aljazeera_3211-12-15-40_1">
  <ArabicTranscription>تسليح مقاتلي المعارضة في سوريا</ArabicTranscription>
  <LatinTranscription>Taaa_B Siin_M Laam_M Yaa_M Haaa_E SPACE Miim_B Gaaf_M Alif_E Taaa_B Laam_M Yaa_E SPACE Alif_I Laam_B Miim_M Ayn_M Alif_E Raa_I Daad_B TaaaClosed_E SPACE Faa_B Yaa_E SPACE Siin_B Waaw_E Raa_I Yaa_B Alif_E</LatinTranscription>
  <content>
    <word idWord="1" x="306" transcription="تسليح" LatinTrans="Taaa_B Siin_M Laam_M Yaa_M Haaa_E">
      <paw idPaw="1" x="306" transcription="تسليح" LatinTrans="Taaa_B Siin_M Laam_M Yaa_M Haaa_E">
        <lettre idLettre="1" x="381" transcription="ت" LatinTrans="Taaa_B" />
        <lettre idLettre="2" x="354" transcription="س" LatinTrans="Siin_M" />
        <lettre idLettre="3" x="347" transcription="ل" LatinTrans="Laam_M" />
        <lettre idLettre="4" x="333" transcription="ي" LatinTrans="Yaa_M" />
        <lettre idLettre="5" x="306" transcription="ح" LatinTrans="Haaa_E" />
      </paw>
    </word>
    <word idWord="2" x="303" transcription=" " LatinTrans="SPACE">
      <paw idPaw="1" x="303" transcription=" " LatinTrans="SPACE">
        <lettre idLettre="1" x="303" transcription=" " LatinTrans="SPACE" />
      </paw>
    </word>
    <word idWord="3" x="227" transcription="مقاتلي" LatinTrans="Miim_B Gaaf_M Alif_E Taaa_B Laam_M Yaa_E">
      <paw idPaw="1" x="271" transcription="مقا" LatinTrans="Miim_B Gaaf_M Alif_E">
        <lettre idLettre="1" x="291" transcription="م" LatinTrans="Miim_B" />
        <lettre idLettre="2" x="279" transcription="ق" LatinTrans="Gaaf_M" />
        <lettre idLettre="3" x="271" transcription="ا" LatinTrans="Alif_E" />
      </paw>
      <paw idPaw="2" x="227" transcription="تلي" LatinTrans="Taaa_B Laam_M Yaa_E">
        <lettre idLettre="1" x="262" transcription="ت" LatinTrans="Taaa_B" />
        <lettre idLettre="2" x="253" transcription="ل" LatinTrans="Laam_M" />
        <lettre idLettre="3" x="227" transcription="ي" LatinTrans="Yaa_E" />
      </paw>
    </word>
    <word idWord="4" x="224" transcription=" " LatinTrans="SPACE">
      <paw idPaw="1" x="224" transcription=" " LatinTrans="SPACE">
        <lettre idLettre="1" x="224" transcription=" " LatinTrans="SPACE" />
      </paw>
    </word>
    <word idWord="5" x="125" transcription="المعارضة" LatinTrans="Alif_I Laam_B Miim_M Ayn_M Alif_E Raa_I Daad_B TaaaClosed_E">
      <paw idPaw="1" x="218" transcription="ا" LatinTrans="Alif_I">
        <lettre idLettre="1" x="218" transcription="ا" LatinTrans="Alif_I" />
      </paw>
      <paw idPaw="2" x="179" transcription="لمعا" LatinTrans="Laam_B Miim_M Ayn_M Alif_E">
        <lettre idLettre="1" x="214" transcription="ل" LatinTrans="Laam_B" />
        <lettre idLettre="2" x="201" transcription="م" LatinTrans="Miim_M" />
        <lettre idLettre="3" x="185" transcription="ع" LatinTrans="Ayn_M" />
        <lettre idLettre="4" x="179" transcription="ا" LatinTrans="Alif_E" />
      </paw>
      <paw idPaw="3" x="169" transcription="ر" LatinTrans="Raa_I">
        <lettre idLettre="1" x="169" transcription="ر" LatinTrans="Raa_I" />
      </paw>
      <paw idPaw="4" x="125" transcription="ضة" LatinTrans="Daad_B TaaaClosed_E">
        <lettre idLettre="1" x="150" transcription="ض" LatinTrans="Daad_B" />
        <lettre idLettre="2" x="125" transcription="ة" LatinTrans="TaaaClosed_E" />
      </paw>
    </word>
    <word idWord="6" x="121" transcription=" " LatinTrans="SPACE">
      <paw idPaw="1" x="121" transcription=" " LatinTrans="SPACE">
        <lettre idLettre="1" x="121" transcription=" " LatinTrans="SPACE" />
      </paw>
    </word>
    <word idWord="7" x="76" transcription="في" LatinTrans="Faa_B Yaa_E">
      <paw idPaw="1" x="76" transcription="في" LatinTrans="Faa_B Yaa_E">
        <lettre idLettre="1" x="107" transcription="ف" LatinTrans="Faa_B" />
        <lettre idLettre="2" x="76" transcription="ي" LatinTrans="Yaa_E" />
      </paw>
    </word>
    <word idWord="8" x="74" transcription=" " LatinTrans="SPACE">
      <paw idPaw="1" x="74" transcription=" " LatinTrans="SPACE">
        <lettre idLettre="1" x="74" transcription=" " LatinTrans="SPACE" />
      </paw>
    </word>
    <word idWord="9" x="0" transcription="سوريا" LatinTrans="Siin_B Waaw_E Raa_I Yaa_B Alif_E">
      <paw idPaw="1" x="45" transcription="سو" LatinTrans="Siin_B Waaw_E">
        <lettre idLettre="1" x="57" transcription="س" LatinTrans="Siin_B" />
        <lettre idLettre="2" x="45" transcription="و" LatinTrans="Waaw_E" />
      </paw>
      <paw idPaw="2" x="38" transcription="ر" LatinTrans="Raa_I">
        <lettre idLettre="1" x="38" transcription="ر" LatinTrans="Raa_I" />
      </paw>
      <paw idPaw="3" x="0" transcription="يا" LatinTrans="Yaa_B Alif_E">
        <lettre idLettre="1" x="24" transcription="ي" LatinTrans="Yaa_B" />
        <lettre idLettre="2" x="0" transcription="ا" LatinTrans="Alif_E" />
      </paw>
    </word>
  </content>
</textImage>