﻿<?xml version="1.0" encoding="UTF-8" standalone="yes"?>
<textImage id="2" width="490" height="51" transcription="يعرقلون الإمدادات النفطية لسوريا" image="aljazeera_3213-05-31-20_2">
  <ArabicTranscription>يعرقلون الإمدادات النفطية لسوريا</ArabicTranscription>
  <LatinTranscription>Yaa_B Ayn_M Raa_E Gaaf_B Laam_M Waaw_E Nuun_I SPACE Alif_I Laam_HamzaOnederAlif Miim_B Daal_E Laam_Alif Daal_I Alif_I Taaa_I SPACE Alif_I Laam_B Nuun_M Faa_M Thaaa_M Yaa_M TaaaClosed_E SPACE Laam_B Siin_M Waaw_E Raa_I Yaa_B Alif_E</LatinTranscription>
  <content>
    <word idWord="1" x="364" transcription="يعرقلون" LatinTrans="Yaa_B Ayn_M Raa_E Gaaf_B Laam_M Waaw_E Nuun_I">
      <paw idPaw="1" x="434" transcription="يعر" LatinTrans="Yaa_B Ayn_M Raa_E">
        <lettre idLettre="1" x="470" transcription="ي" LatinTrans="Yaa_B" />
        <lettre idLettre="2" x="449" transcription="ع" LatinTrans="Ayn_M" />
        <lettre idLettre="3" x="434" transcription="ر" LatinTrans="Raa_E" />
      </paw>
      <paw idPaw="2" x="389" transcription="قلو" LatinTrans="Gaaf_B Laam_M Waaw_E">
        <lettre idLettre="1" x="414" transcription="ق" LatinTrans="Gaaf_B" />
        <lettre idLettre="2" x="406" transcription="ل" LatinTrans="Laam_M" />
        <lettre idLettre="3" x="389" transcription="و" LatinTrans="Waaw_E" />
      </paw>
      <paw idPaw="3" x="364" transcription="ن" LatinTrans="Nuun_I">
        <lettre idLettre="1" x="364" transcription="ن" LatinTrans="Nuun_I" />
      </paw>
    </word>
    <word idWord="2" x="359" transcription=" " LatinTrans="SPACE">
      <paw idPaw="1" x="359" transcription=" " LatinTrans="SPACE">
        <lettre idLettre="1" x="359" transcription=" " LatinTrans="SPACE" />
      </paw>
    </word>
    <word idWord="3" x="244" transcription="الإمدادات" LatinTrans="Alif_I Laam_HamzaOnederAlif Miim_B Daal_E Laam_Alif Daal_I Alif_I Taaa_I">
      <paw idPaw="1" x="351" transcription="ا" LatinTrans="Alif_I">
        <lettre idLettre="1" x="351" transcription="ا" LatinTrans="Alif_I" />
      </paw>
      <paw idPaw="2" x="334" transcription="لإ" LatinTrans="Laam_HamzaOnederAlif">
        <lettre idLettre="1" x="334" transcription="لإ" LatinTrans="Laam_HamzaUnderAlif" />
      </paw>
      <paw idPaw="3" x="300" transcription="مد" LatinTrans="Miim_B Daal_E">
        <lettre idLettre="1" x="316" transcription="م" LatinTrans="Miim_B" />
        <lettre idLettre="2" x="300" transcription="د" LatinTrans="Daal_E" />
      </paw>
      <paw idPaw="4" x="292" transcription=" ا" LatinTrans="Laam_Alif">
        <lettre idLettre="1" x="292" transcription=" ا" LatinTrans="Laam_Alif" />
      </paw>
      <paw idPaw="5" x="277" transcription="د" LatinTrans="Daal_I">
        <lettre idLettre="1" x="277" transcription="د" LatinTrans="Daal_I" />
      </paw>
      <paw idPaw="6" x="270" transcription="ا" LatinTrans="Alif_I">
        <lettre idLettre="1" x="270" transcription="ا" LatinTrans="Alif_I" />
      </paw>
      <paw idPaw="7" x="244" transcription="ت" LatinTrans="Taaa_I">
        <lettre idLettre="1" x="244" transcription="ت" LatinTrans="Taaa_I" />
      </paw>
    </word>
    <word idWord="4" x="236" transcription=" " LatinTrans="SPACE">
      <paw idPaw="1" x="236" transcription=" " LatinTrans="SPACE">
        <lettre idLettre="1" x="236" transcription=" " LatinTrans="SPACE" />
      </paw>
    </word>
    <word idWord="5" x="127" transcription="النفطية" LatinTrans="Alif_I Laam_B Nuun_M Faa_M Thaaa_M Yaa_M TaaaClosed_E">
      <paw idPaw="1" x="228" transcription="ا" LatinTrans="Alif_I">
        <lettre idLettre="1" x="228" transcription="ا" LatinTrans="Alif_I" />
      </paw>
      <paw idPaw="2" x="127" transcription="لنفطية" LatinTrans="Laam_B Nuun_M Faa_M Thaaa_M Yaa_M TaaaClosed_E">
        <lettre idLettre="1" x="219" transcription="ل" LatinTrans="Laam_B" />
        <lettre idLettre="2" x="203" transcription="ن" LatinTrans="Nuun_M" />
        <lettre idLettre="3" x="188" transcription="ف" LatinTrans="Faa_M" />
        <lettre idLettre="4" x="160" transcription="ط" LatinTrans="Thaaa_M" />
        <lettre idLettre="5" x="142" transcription="ي" LatinTrans="Yaa_M" />
        <lettre idLettre="6" x="127" transcription="ة" LatinTrans="TaaaClosed_E" />
      </paw>
    </word>
    <word idWord="6" x="120" transcription=" " LatinTrans="SPACE">
      <paw idPaw="1" x="120" transcription=" " LatinTrans="SPACE">
        <lettre idLettre="1" x="120" transcription=" " LatinTrans="SPACE" />
      </paw>
    </word>
    <word idWord="7" x="0" transcription="لسوريا" LatinTrans="Laam_B Siin_M Waaw_E Raa_I Yaa_B Alif_E">
      <paw idPaw="1" x="65" transcription="لسو" LatinTrans="Laam_B Siin_M Waaw_E">
        <lettre idLettre="1" x="110" transcription="ل" LatinTrans="Laam_B" />
        <lettre idLettre="2" x="82" transcription="س" LatinTrans="Siin_M" />
        <lettre idLettre="3" x="65" transcription="و" LatinTrans="Waaw_E" />
      </paw>
      <paw idPaw="2" x="53" transcription="ر" LatinTrans="Raa_I">
        <lettre idLettre="1" x="53" transcription="ر" LatinTrans="Raa_I" />
      </paw>
      <paw idPaw="3" x="0" transcription="يا" LatinTrans="Yaa_B Alif_E">
        <lettre idLettre="1" x="33" transcription="ي" LatinTrans="Yaa_B" />
        <lettre idLettre="2" x="0" transcription="ا" LatinTrans="Alif_E" />
      </paw>
    </word>
  </content>
</textImage>