﻿<?xml version="1.0" encoding="UTF-8" standalone="yes"?>
<textImage id="1" width="491" height="49" transcription="البنتاغون يفضل التخفيض التدريجي" image="aljazeera_3212-05-35-20_1">
  <ArabicTranscription>البنتاغون يفضل التخفيض التدريجي</ArabicTranscription>
  <LatinTranscription>Alif_I Laam_B Baa_M Nuun_M Taaa_M Alif_E Ghayn_B Waaw_E Nuun_I SPACE Yaa_B Faa_M Daad_M Laam_E SPACE Alif_I Laam_B Taaa_M Xaa_M Faa_M Yaa_M Daad_E SPACE Alif_I Laam_B Taaa_M Daal_E Raa_I Yaa_B Jiim_M Yaa_E</LatinTranscription>
  <content>
    <word idWord="1" x="360" transcription="البنتاغون" LatinTrans="Alif_I Laam_B Baa_M Nuun_M Taaa_M Alif_E Ghayn_B Waaw_E Nuun_I">
      <paw idPaw="1" x="481" transcription="ا" LatinTrans="Alif_I">
        <lettre idLettre="1" x="481" transcription="ا" LatinTrans="Alif_I" />
      </paw>
      <paw idPaw="2" x="420" transcription="لبنتا" LatinTrans="Laam_B Baa_M Nuun_M Taaa_M Alif_E">
        <lettre idLettre="1" x="474" transcription="ل" LatinTrans="Laam_B" />
        <lettre idLettre="2" x="456" transcription="ب" LatinTrans="Baa_M" />
        <lettre idLettre="3" x="446" transcription="ن" LatinTrans="Nuun_M" />
        <lettre idLettre="4" x="430" transcription="ت" LatinTrans="Taaa_M" />
        <lettre idLettre="5" x="420" transcription="ا" LatinTrans="Alif_E" />
      </paw>
      <paw idPaw="3" x="380" transcription="غو" LatinTrans="Ghayn_B Waaw_E">
        <lettre idLettre="1" x="398" transcription="غ" LatinTrans="Ghayn_B" />
        <lettre idLettre="2" x="380" transcription="و" LatinTrans="Waaw_E" />
      </paw>
      <paw idPaw="4" x="360" transcription="ن" LatinTrans="Nuun_I">
        <lettre idLettre="1" x="360" transcription="ن" LatinTrans="Nuun_I" />
      </paw>
    </word>
    <word idWord="2" x="352" transcription=" " LatinTrans="SPACE">
      <paw idPaw="1" x="352" transcription=" " LatinTrans="SPACE">
        <lettre idLettre="1" x="352" transcription=" " LatinTrans="SPACE" />
      </paw>
    </word>
    <word idWord="3" x="264" transcription="يفضل" LatinTrans="Yaa_B Faa_M Daad_M Laam_E">
      <paw idPaw="1" x="264" transcription="يفضل" LatinTrans="Yaa_B Faa_M Daad_M Laam_E">
        <lettre idLettre="1" x="337" transcription="ي" LatinTrans="Yaa_B" />
        <lettre idLettre="2" x="316" transcription="ف" LatinTrans="Faa_M" />
        <lettre idLettre="3" x="290" transcription="ض" LatinTrans="Daad_M" />
        <lettre idLettre="4" x="264" transcription="ل" LatinTrans="Laam_E" />
      </paw>
    </word>
    <word idWord="4" x="257" transcription=" " LatinTrans="SPACE">
      <paw idPaw="1" x="257" transcription=" " LatinTrans="SPACE">
        <lettre idLettre="1" x="257" transcription=" " LatinTrans="SPACE" />
      </paw>
    </word>
    <word idWord="5" x="128" transcription="التخفيض" LatinTrans="Alif_I Laam_B Taaa_M Xaa_M Faa_M Yaa_M Daad_E">
      <paw idPaw="1" x="249" transcription="ا" LatinTrans="Alif_I">
        <lettre idLettre="1" x="249" transcription="ا" LatinTrans="Alif_I" />
      </paw>
      <paw idPaw="2" x="128" transcription="لتخفيض" LatinTrans="Laam_B Taaa_M Xaa_M Faa_M Yaa_M Daad_E">
        <lettre idLettre="1" x="241" transcription="ل" LatinTrans="Laam_B" />
        <lettre idLettre="2" x="221" transcription="ت" LatinTrans="Taaa_M" />
        <lettre idLettre="3" x="204" transcription="خ" LatinTrans="Xaa_M" />
        <lettre idLettre="4" x="186" transcription="ف" LatinTrans="Faa_M" />
        <lettre idLettre="5" x="170" transcription="ي" LatinTrans="Yaa_M" />
        <lettre idLettre="6" x="128" transcription="ض" LatinTrans="Daad_E" />
      </paw>
    </word>
    <word idWord="6" x="121" transcription=" " LatinTrans="SPACE">
      <paw idPaw="1" x="121" transcription=" " LatinTrans="SPACE">
        <lettre idLettre="1" x="121" transcription=" " LatinTrans="SPACE" />
      </paw>
    </word>
    <word idWord="7" x="0" transcription="التدريجي" LatinTrans="Alif_I Laam_B Taaa_M Daal_E Raa_I Yaa_B Jiim_M Yaa_E">
      <paw idPaw="1" x="113" transcription="ا" LatinTrans="Alif_I">
        <lettre idLettre="1" x="113" transcription="ا" LatinTrans="Alif_I" />
      </paw>
      <paw idPaw="2" x="70" transcription="لتد" LatinTrans="Laam_B Taaa_M Daal_E">
        <lettre idLettre="1" x="105" transcription="ل" LatinTrans="Laam_B" />
        <lettre idLettre="2" x="88" transcription="ت" LatinTrans="Taaa_M" />
        <lettre idLettre="3" x="70" transcription="د" LatinTrans="Daal_E" />
      </paw>
      <paw idPaw="3" x="58" transcription="ر" LatinTrans="Raa_I">
        <lettre idLettre="1" x="58" transcription="ر" LatinTrans="Raa_I" />
      </paw>
      <paw idPaw="4" x="0" transcription="يجي" LatinTrans="Yaa_B Jiim_M Yaa_E">
        <lettre idLettre="1" x="43" transcription="ي" LatinTrans="Yaa_B" />
        <lettre idLettre="2" x="24" transcription="ج" LatinTrans="Jiim_M" />
        <lettre idLettre="3" x="0" transcription="ي" LatinTrans="Yaa_E" />
      </paw>
    </word>
  </content>
</textImage>