﻿<?xml version="1.0" encoding="UTF-8" standalone="yes"?>
<textImage id="3" width="244" height="30" transcription="الحركة لا ترى ضرورة لتغيير" image="aljazeera_3211-10-10-20_3">
  <ArabicTranscription>الحركة لا ترى ضرورة لتغيير</ArabicTranscription>
  <LatinTranscription>Alif_I Laam_B Haaa_M Raa_E Kaaf_B TaaaClosed_E SPACE Laam_Alif SPACE Taaa_B Raa_E AlifBroken_I SPACE Daad_B Raa_E Waaw_I Raa_I TaaaClosed_I SPACE Laam_B Taaa_M Ghayn_M Yaa_M Yaa_M Raa_E</LatinTranscription>
  <content>
    <word idWord="1" x="184" transcription="الحركة" LatinTrans="Alif_I Laam_B Haaa_M Raa_E Kaaf_B TaaaClosed_E">
      <paw idPaw="1" x="234" transcription="ا" LatinTrans="Alif_I">
        <lettre idLettre="1" x="234" transcription="ا" LatinTrans="Alif_I" />
      </paw>
      <paw idPaw="2" x="206" transcription="لحر" LatinTrans="Laam_B Haaa_M Raa_E">
        <lettre idLettre="1" x="228" transcription="ل" LatinTrans="Laam_B" />
        <lettre idLettre="2" x="215" transcription="ح" LatinTrans="Haaa_M" />
        <lettre idLettre="3" x="206" transcription="ر" LatinTrans="Raa_E" />
      </paw>
      <paw idPaw="3" x="184" transcription="كة" LatinTrans="Kaaf_B TaaaClosed_E">
        <lettre idLettre="1" x="195" transcription="ك" LatinTrans="Kaaf_B" />
        <lettre idLettre="2" x="184" transcription="ة" LatinTrans="TaaaClosed_E" />
      </paw>
    </word>
    <word idWord="2" x="179" transcription=" " LatinTrans="SPACE">
      <paw idPaw="1" x="179" transcription=" " LatinTrans="SPACE">
        <lettre idLettre="1" x="179" transcription=" " LatinTrans="SPACE" />
      </paw>
    </word>
    <word idWord="3" x="167" transcription="لا" LatinTrans="Laam_Alif">
      <paw idPaw="1" x="167" transcription="لا" LatinTrans="Laam_Alif">
        <lettre idLettre="1" x="167" transcription="لا" LatinTrans="Laam_Alif" />
      </paw>
    </word>
    <word idWord="4" x="164" transcription=" " LatinTrans="SPACE">
      <paw idPaw="1" x="164" transcription=" " LatinTrans="SPACE">
        <lettre idLettre="1" x="164" transcription=" " LatinTrans="SPACE" />
      </paw>
    </word>
    <word idWord="5" x="130" transcription="ترى" LatinTrans="Taaa_B Raa_E AlifBroken_I">
      <paw idPaw="1" x="145" transcription="تر" LatinTrans="Taaa_B Raa_E">
        <lettre idLettre="1" x="153" transcription="ت" LatinTrans="Taaa_B" />
        <lettre idLettre="2" x="145" transcription="ر" LatinTrans="Raa_E" />
      </paw>
      <paw idPaw="2" x="130" transcription="ى" LatinTrans="AlifBroken_I">
        <lettre idLettre="1" x="130" transcription="ى" LatinTrans="AlifBroken_I" />
      </paw>
    </word>
    <word idWord="6" x="126" transcription=" " LatinTrans="SPACE">
      <paw idPaw="1" x="126" transcription=" " LatinTrans="SPACE">
        <lettre idLettre="1" x="126" transcription=" " LatinTrans="SPACE" />
      </paw>
    </word>
    <word idWord="7" x="68" transcription="ضرورة" LatinTrans="Daad_B Raa_E Waaw_I Raa_I TaaaClosed_I">
      <paw idPaw="1" x="97" transcription="ضر" LatinTrans="Daad_B Raa_E">
        <lettre idLettre="1" x="108" transcription="ض" LatinTrans="Daad_B" />
        <lettre idLettre="2" x="97" transcription="ر" LatinTrans="Raa_E" />
      </paw>
      <paw idPaw="2" x="87" transcription="و" LatinTrans="Waaw_I">
        <lettre idLettre="1" x="87" transcription="و" LatinTrans="Waaw_I" />
      </paw>
      <paw idPaw="3" x="78" transcription="ر" LatinTrans="Raa_I">
        <lettre idLettre="1" x="78" transcription="ر" LatinTrans="Raa_I" />
      </paw>
      <paw idPaw="4" x="68" transcription="ة" LatinTrans="TaaaClosed_I">
        <lettre idLettre="1" x="68" transcription="ة" LatinTrans="TaaaClosed_I" />
      </paw>
    </word>
    <word idWord="8" x="64" transcription=" " LatinTrans="SPACE">
      <paw idPaw="1" x="64" transcription=" " LatinTrans="SPACE">
        <lettre idLettre="1" x="64" transcription=" " LatinTrans="SPACE" />
      </paw>
    </word>
    <word idWord="9" x="0" transcription="لتغيير" LatinTrans="Laam_B Taaa_M Ghayn_M Yaa_M Yaa_M Raa_E">
      <paw idPaw="1" x="0" transcription="لتغيير" LatinTrans="Laam_B Taaa_M Ghayn_M Yaa_M Yaa_M Raa_E">
        <lettre idLettre="1" x="58" transcription="ل" LatinTrans="Laam_B" />
        <lettre idLettre="2" x="47" transcription="ت" LatinTrans="Taaa_M" />
        <lettre idLettre="3" x="34" transcription="غ" LatinTrans="Ghayn_M" />
        <lettre idLettre="4" x="21" transcription="ي" LatinTrans="Yaa_M" />
        <lettre idLettre="5" x="11" transcription="ي" LatinTrans="Yaa_M" />
        <lettre idLettre="6" x="0" transcription="ر" LatinTrans="Raa_E" />
      </paw>
    </word>
  </content>
</textImage>