﻿<?xml version="1.0" encoding="UTF-8" standalone="yes"?>
<textImage id="1" width="130" height="35" transcription="المغرب العربي" image="aljazeera_3211-09-28-30_1">
  <ArabicTranscription>المغرب العربي</ArabicTranscription>
  <LatinTranscription>Alif_I Laam_B Miim_M Ghayn_M Raa_E Baa_I SPACE Alif_I Laam_B Ayn_M Raa_E Baa_B Yaa_E</LatinTranscription>
  <content>
    <word idWord="1" x="63" transcription="المغرب" LatinTrans="Alif_I Laam_B Miim_M Ghayn_M Raa_E Baa_I">
      <paw idPaw="1" x="123" transcription="ا" LatinTrans="Alif_I">
        <lettre idLettre="1" x="123" transcription="ا" LatinTrans="Alif_I" />
      </paw>
      <paw idPaw="2" x="80" transcription="لمغر" LatinTrans="Laam_B Miim_M Ghayn_M Raa_E">
        <lettre idLettre="1" x="114" transcription="ل" LatinTrans="Laam_B" />
        <lettre idLettre="2" x="102" transcription="م" LatinTrans="Miim_M" />
        <lettre idLettre="3" x="89" transcription="غ" LatinTrans="Ghayn_M" />
        <lettre idLettre="4" x="80" transcription="ر" LatinTrans="Raa_E" />
      </paw>
      <paw idPaw="3" x="63" transcription="ب" LatinTrans="Baa_I">
        <lettre idLettre="1" x="63" transcription="ب" LatinTrans="Baa_I" />
      </paw>
    </word>
    <word idWord="2" x="58" transcription=" " LatinTrans="SPACE">
      <paw idPaw="1" x="58" transcription=" " LatinTrans="SPACE">
        <lettre idLettre="1" x="58" transcription=" " LatinTrans="SPACE" />
      </paw>
    </word>
    <word idWord="3" x="0" transcription="العربي" LatinTrans="Alif_I Laam_B Ayn_M Raa_E Baa_B Yaa_E">
      <paw idPaw="1" x="53" transcription="ا" LatinTrans="Alif_I">
        <lettre idLettre="1" x="53" transcription="ا" LatinTrans="Alif_I" />
      </paw>
      <paw idPaw="2" x="25" transcription="لعر" LatinTrans="Laam_B Ayn_M Raa_E">
        <lettre idLettre="1" x="48" transcription="ل" LatinTrans="Laam_B" />
        <lettre idLettre="2" x="32" transcription="ع" LatinTrans="Ayn_M" />
        <lettre idLettre="3" x="25" transcription="ر" LatinTrans="Raa_E" />
      </paw>
      <paw idPaw="3" x="0" transcription="بي" LatinTrans="Baa_B Yaa_E">
        <lettre idLettre="1" x="19" transcription="ب" LatinTrans="Baa_B" />
        <lettre idLettre="2" x="0" transcription="ي" LatinTrans="Yaa_E" />
      </paw>
    </word>
  </content>
</textImage>