﻿<?xml version="1.0" encoding="UTF-8" standalone="yes"?>
<textImage id="3" width="246" height="39" transcription="تدعو مجلس الأمن" image="aljazeera_3212-05-24-00_3">
  <ArabicTranscription>تدعو مجلس الأمن</ArabicTranscription>
  <LatinTranscription>Taaa_B Daal_E Ayn_B Waaw_E SPACE Miim_B Jiim_M Laam_M Siin_E SPACE Alif_I Laam_HamzaAboveAlif Miim_B Nuun_E</LatinTranscription>
  <content>
    <word idWord="1" x="168" transcription="تدعو" LatinTrans="Taaa_B Daal_E Ayn_B Waaw_E">
      <paw idPaw="1" x="207" transcription="تد" LatinTrans="Taaa_B Daal_E">
        <lettre idLettre="1" x="226" transcription="ت" LatinTrans="Taaa_B" />
        <lettre idLettre="2" x="207" transcription="د" LatinTrans="Daal_E" />
      </paw>
      <paw idPaw="2" x="168" transcription="عو" LatinTrans="Ayn_B Waaw_E">
        <lettre idLettre="1" x="188" transcription="ع" LatinTrans="Ayn_B" />
        <lettre idLettre="2" x="168" transcription="و" LatinTrans="Waaw_E" />
      </paw>
    </word>
    <word idWord="2" x="165" transcription=" " LatinTrans="SPACE">
      <paw idPaw="1" x="165" transcription=" " LatinTrans="SPACE">
        <lettre idLettre="1" x="165" transcription=" " LatinTrans="SPACE" />
      </paw>
    </word>
    <word idWord="3" x="66" transcription="مجلس" LatinTrans="Miim_B Jiim_M Laam_M Siin_E">
      <paw idPaw="1" x="66" transcription="مجلس" LatinTrans="Miim_B Jiim_M Laam_M Siin_E">
        <lettre idLettre="1" x="148" transcription="م" LatinTrans="Miim_B" />
        <lettre idLettre="2" x="124" transcription="ج" LatinTrans="Jiim_M" />
        <lettre idLettre="3" x="102" transcription="ل" LatinTrans="Laam_M" />
        <lettre idLettre="4" x="66" transcription="س" LatinTrans="Siin_E" />
      </paw>
    </word>
    <word idWord="4" x="62" transcription=" " LatinTrans="SPACE">
      <paw idPaw="1" x="62" transcription=" " LatinTrans="SPACE">
        <lettre idLettre="1" x="62" transcription=" " LatinTrans="SPACE" />
      </paw>
    </word>
    <word idWord="5" x="0" transcription="الأمن" LatinTrans="Alif_I Laam_HamzaAboveAlif Miim_B Nuun_E">
      <paw idPaw="1" x="57" transcription="ا" LatinTrans="Alif_I">
        <lettre idLettre="1" x="57" transcription="ا" LatinTrans="Alif_I" />
      </paw>
      <paw idPaw="2" x="45" transcription="لأ" LatinTrans="Laam_HamzaAboveAlif">
        <lettre idLettre="1" x="45" transcription="لأ" LatinTrans="Laam_HamzaAboveAlif" />
      </paw>
      <paw idPaw="3" x="0" transcription="من" LatinTrans="Miim_B Nuun_E">
        <lettre idLettre="1" x="29" transcription="م" LatinTrans="Miim_B" />
        <lettre idLettre="2" x="0" transcription="ن" LatinTrans="Nuun_E" />
      </paw>
    </word>
  </content>
</textImage>