﻿<?xml version="1.0" encoding="UTF-8" standalone="yes"?>
<textImage id="1" width="115" height="24" transcription="توفيق طه" image="aljazeera_3211-09-59-40_1">
  <ArabicTranscription>توفيق طه</ArabicTranscription>
  <LatinTranscription>Taaa_B Waaw_E Faa_B Yaa_M Gaaf_E SPACE Thaaa_B Haa_E</LatinTranscription>
  <content>
    <word idWord="1" x="51" transcription="توفيق" LatinTrans="Taaa_B Waaw_E Faa_B Yaa_M Gaaf_E">
      <paw idPaw="1" x="90" transcription="تو" LatinTrans="Taaa_B Waaw_E">
        <lettre idLettre="1" x="101" transcription="ت" LatinTrans="Taaa_B" />
        <lettre idLettre="2" x="90" transcription="و" LatinTrans="Waaw_E" />
      </paw>
      <paw idPaw="2" x="51" transcription="فيق" LatinTrans="Faa_B Yaa_M Gaaf_E">
        <lettre idLettre="1" x="79" transcription="ف" LatinTrans="Faa_B" />
        <lettre idLettre="2" x="65" transcription="ي" LatinTrans="Yaa_M" />
        <lettre idLettre="3" x="51" transcription="ق" LatinTrans="Gaaf_E" />
      </paw>
    </word>
    <word idWord="2" x="47" transcription=" " LatinTrans="SPACE">
      <paw idPaw="1" x="47" transcription=" " LatinTrans="SPACE">
        <lettre idLettre="1" x="47" transcription=" " LatinTrans="SPACE" />
      </paw>
    </word>
    <word idWord="3" x="0" transcription="طه" LatinTrans="Thaaa_B Haa_E">
      <paw idPaw="1" x="0" transcription="طه" LatinTrans="Thaaa_B Haa_E">
        <lettre idLettre="1" x="24" transcription="ط" LatinTrans="Thaaa_B" />
        <lettre idLettre="2" x="0" transcription="ه" LatinTrans="Haa_E" />
      </paw>
    </word>
  </content>
</textImage>