﻿<?xml version="1.0" encoding="UTF-8" standalone="yes"?>
<textImage id="2" width="223" height="43" transcription="وكتلة المستقبل" image="aljazeera_3213-05-32-00_3">
  <ArabicTranscription>وكتلة المستقبل</ArabicTranscription>
  <LatinTranscription>Waaw_I Kaaf_B Taaa_M Laam_M TaaaClosed_E SPACE Alif_I Laam_B Miim_M Siin_M Taaa_M Gaaf_M Baa_M Laam_E</LatinTranscription>
  <content>
    <word idWord="1" x="144" transcription="وكتلة" LatinTrans="Waaw_I Kaaf_B Taaa_M Laam_M TaaaClosed_E">
      <paw idPaw="1" x="205" transcription="و" LatinTrans="Waaw_I">
        <lettre idLettre="1" x="205" transcription="و" LatinTrans="Waaw_I" />
      </paw>
      <paw idPaw="2" x="144" transcription="كتلة" LatinTrans="Kaaf_B Taaa_M Laam_M TaaaClosed_E">
        <lettre idLettre="1" x="189" transcription="ك" LatinTrans="Kaaf_B" />
        <lettre idLettre="2" x="173" transcription="ت" LatinTrans="Taaa_M" />
        <lettre idLettre="3" x="164" transcription="ل" LatinTrans="Laam_M" />
        <lettre idLettre="4" x="144" transcription="ة" LatinTrans="TaaaClosed_E" />
      </paw>
    </word>
    <word idWord="2" x="138" transcription=" " LatinTrans="SPACE">
      <paw idPaw="1" x="138" transcription=" " LatinTrans="SPACE">
        <lettre idLettre="1" x="138" transcription=" " LatinTrans="SPACE" />
      </paw>
    </word>
    <word idWord="3" x="0" transcription="المستقبل" LatinTrans="Alif_I Laam_B Miim_M Siin_M Taaa_M Gaaf_M Baa_M Laam_E">
      <paw idPaw="1" x="130" transcription="ا" LatinTrans="Alif_I">
        <lettre idLettre="1" x="130" transcription="ا" LatinTrans="Alif_I" />
      </paw>
      <paw idPaw="2" x="0" transcription="لمستقبل" LatinTrans="Laam_B Miim_M Siin_M Taaa_M Gaaf_M Baa_M Laam_E">
        <lettre idLettre="1" x="122" transcription="ل" LatinTrans="Laam_B" />
        <lettre idLettre="2" x="103" transcription="م" LatinTrans="Miim_M" />
        <lettre idLettre="3" x="77" transcription="س" LatinTrans="Siin_M" />
        <lettre idLettre="4" x="58" transcription="ت" LatinTrans="Taaa_M" />
        <lettre idLettre="5" x="39" transcription="ق" LatinTrans="Gaaf_M" />
        <lettre idLettre="6" x="25" transcription="ب" LatinTrans="Baa_M" />
        <lettre idLettre="7" x="0" transcription="ل" LatinTrans="Laam_E" />
      </paw>
    </word>
  </content>
</textImage>