﻿<?xml version="1.0" encoding="UTF-8" standalone="yes"?>
<textImage id="2" width="245" height="46" transcription="يساندون المقاطعة" image="aljazeera_3213-04-27-50_2">
  <ArabicTranscription>يساندون المقاطعة</ArabicTranscription>
  <LatinTranscription>Yaa_B Siin_M Alif_E Nuun_B Daal_E Waaw_I Nuun_I SPACE Alif_I Laam_B Miim_M Gaaf_M Alif_E Thaaa_B Ayn_M TaaaClosed_E</LatinTranscription>
  <content>
    <word idWord="1" x="131" transcription="يساندون" LatinTrans="Yaa_B Siin_M Alif_E Nuun_B Daal_E Waaw_I Nuun_I">
      <paw idPaw="1" x="193" transcription="يسا" LatinTrans="Yaa_B Siin_M Alif_E">
        <lettre idLettre="1" x="227" transcription="ي" LatinTrans="Yaa_B" />
        <lettre idLettre="2" x="203" transcription="س" LatinTrans="Siin_M" />
        <lettre idLettre="3" x="193" transcription="ا" LatinTrans="Alif_E" />
      </paw>
      <paw idPaw="2" x="165" transcription="ند" LatinTrans="Nuun_B Daal_E">
        <lettre idLettre="1" x="179" transcription="ن" LatinTrans="Nuun_B" />
        <lettre idLettre="2" x="165" transcription="د" LatinTrans="Daal_E" />
      </paw>
      <paw idPaw="3" x="151" transcription="و" LatinTrans="Waaw_I">
        <lettre idLettre="1" x="151" transcription="و" LatinTrans="Waaw_I" />
      </paw>
      <paw idPaw="4" x="131" transcription="ن" LatinTrans="Nuun_I">
        <lettre idLettre="1" x="131" transcription="ن" LatinTrans="Nuun_I" />
      </paw>
    </word>
    <word idWord="2" x="125" transcription=" " LatinTrans="SPACE">
      <paw idPaw="1" x="125" transcription=" " LatinTrans="SPACE">
        <lettre idLettre="1" x="125" transcription=" " LatinTrans="SPACE" />
      </paw>
    </word>
    <word idWord="3" x="0" transcription="المقاطعة" LatinTrans="Alif_I Laam_B Miim_M Gaaf_M Alif_E Thaaa_B Ayn_M TaaaClosed_E">
      <paw idPaw="1" x="118" transcription="ا" LatinTrans="Alif_I">
        <lettre idLettre="1" x="118" transcription="ا" LatinTrans="Alif_I" />
      </paw>
      <paw idPaw="2" x="66" transcription="لمقا" LatinTrans="Laam_B Miim_M Gaaf_M Alif_E">
        <lettre idLettre="1" x="109" transcription="ل" LatinTrans="Laam_B" />
        <lettre idLettre="2" x="92" transcription="م" LatinTrans="Miim_M" />
        <lettre idLettre="3" x="74" transcription="ق" LatinTrans="Gaaf_M" />
        <lettre idLettre="4" x="66" transcription="ا" LatinTrans="Alif_E" />
      </paw>
      <paw idPaw="3" x="0" transcription="طعة" LatinTrans="Thaaa_B Ayn_M TaaaClosed_E">
        <lettre idLettre="1" x="40" transcription="ط" LatinTrans="Thaaa_B" />
        <lettre idLettre="2" x="22" transcription="ع" LatinTrans="Ayn_M" />
        <lettre idLettre="3" x="0" transcription="ة" LatinTrans="TaaaClosed_E" />
      </paw>
    </word>
  </content>
</textImage>