﻿<?xml version="1.0" encoding="UTF-8" standalone="yes"?>
<textImage id="4" width="271" height="61" transcription="أن يؤدي إلى إقامة" image="aljazeera_3213-05-00-00_4">
  <ArabicTranscription>أن يؤدي إلى إقامة</ArabicTranscription>
  <LatinTranscription>HamzaAboveAlif_I Nuun_I SPACE Yaa_B HamzaAboveWaaw_E Daal_I Yaa_I SPACE HamzaOnederAlif_I Laam_B AlifBroken_E SPACE HamzaOnederAlif_I Gaaf_B Alif_E Miim_B TaaaClosed_E</LatinTranscription>
  <content>
    <word idWord="1" x="236" transcription="أن" LatinTrans="HamzaAboveAlif_I Nuun_I">
      <paw idPaw="1" x="258" transcription="أ" LatinTrans="HamzaAboveAlif_I">
        <lettre idLettre="1" x="258" transcription="أ" LatinTrans="HamzaAboveAlif_I" />
      </paw>
      <paw idPaw="2" x="236" transcription="ن" LatinTrans="Nuun_I">
        <lettre idLettre="1" x="236" transcription="ن" LatinTrans="Nuun_I" />
      </paw>
    </word>
    <word idWord="2" x="231" transcription=" " LatinTrans="SPACE">
      <paw idPaw="1" x="231" transcription=" " LatinTrans="SPACE">
        <lettre idLettre="1" x="231" transcription=" " LatinTrans="SPACE" />
      </paw>
    </word>
    <word idWord="3" x="159" transcription="يؤدي" LatinTrans="Yaa_B HamzaAboveWaaw_E Daal_I Yaa_I">
      <paw idPaw="1" x="197" transcription="يؤ" LatinTrans="Yaa_B HamzaAboveWaaw_E">
        <lettre idLettre="1" x="212" transcription="ي" LatinTrans="Yaa_B" />
        <lettre idLettre="2" x="197" transcription="ؤ" LatinTrans="HamzaAboveWaaw_E" />
      </paw>
      <paw idPaw="2" x="182" transcription="د" LatinTrans="Daal_I">
        <lettre idLettre="1" x="182" transcription="د" LatinTrans="Daal_I" />
      </paw>
      <paw idPaw="3" x="159" transcription="ي" LatinTrans="Yaa_I">
        <lettre idLettre="1" x="159" transcription="ي" LatinTrans="Yaa_I" />
      </paw>
    </word>
    <word idWord="4" x="154" transcription=" " LatinTrans="SPACE">
      <paw idPaw="1" x="154" transcription=" " LatinTrans="SPACE">
        <lettre idLettre="1" x="154" transcription=" " LatinTrans="SPACE" />
      </paw>
    </word>
    <word idWord="5" x="109" transcription="إلى" LatinTrans="HamzaOnederAlif_I Laam_B AlifBroken_E">
      <paw idPaw="1" x="145" transcription="إ" LatinTrans="HamzaOnederAlif_I">
        <lettre idLettre="1" x="145" transcription="إ" LatinTrans="HamzaUnderAlif_I" />
      </paw>
      <paw idPaw="2" x="109" transcription="لى" LatinTrans="Laam_B AlifBroken_E">
        <lettre idLettre="1" x="138" transcription="ل" LatinTrans="Laam_B" />
        <lettre idLettre="2" x="109" transcription="ى" LatinTrans="AlifBroken_E" />
      </paw>
    </word>
    <word idWord="6" x="104" transcription=" " LatinTrans="SPACE">
      <paw idPaw="1" x="104" transcription=" " LatinTrans="SPACE">
        <lettre idLettre="1" x="104" transcription=" " LatinTrans="SPACE" />
      </paw>
    </word>
    <word idWord="7" x="0" transcription="إقامة" LatinTrans="HamzaOnederAlif_I Gaaf_B Alif_E Miim_B TaaaClosed_E">
      <paw idPaw="1" x="94" transcription="إ" LatinTrans="HamzaOnederAlif_I">
        <lettre idLettre="1" x="94" transcription="إ" LatinTrans="HamzaUnderAlif_I" />
      </paw>
      <paw idPaw="2" x="64" transcription="قا" LatinTrans="Gaaf_B Alif_E">
        <lettre idLettre="1" x="73" transcription="ق" LatinTrans="Gaaf_B" />
        <lettre idLettre="2" x="64" transcription="ا" LatinTrans="Alif_E" />
      </paw>
      <paw idPaw="3" x="0" transcription="مة" LatinTrans="Miim_B TaaaClosed_E">
        <lettre idLettre="1" x="45" transcription="م" LatinTrans="Miim_B" />
        <lettre idLettre="2" x="0" transcription="ة" LatinTrans="TaaaClosed_E" />
      </paw>
    </word>
  </content>
</textImage>