﻿<?xml version="1.0" encoding="UTF-8" standalone="yes"?>
<textImage id="3" width="128" height="30" transcription="رحيل النظام" image="aljazeera_3211-12-04-00_3">
  <ArabicTranscription>رحيل النظام</ArabicTranscription>
  <LatinTranscription>Raa_I Haaa_B Yaa_M Laam_E SPACE Alif_I Laam_B Nuun_M Taa_M Alif_E Miim_I</LatinTranscription>
  <content>
    <word idWord="1" x="64" transcription=" رحيل" LatinTrans="Raa_I Haaa_B Yaa_M Laam_E">
      <paw idPaw="1" x="117" transcription="ر" LatinTrans="Raa_I">
        <lettre idLettre="1" x="117" transcription="ر" LatinTrans="Raa_I" />
      </paw>
      <paw idPaw="2" x="64" transcription="حيل" LatinTrans="Haaa_B Yaa_M Laam_E">
        <lettre idLettre="1" x="104" transcription="ح" LatinTrans="Haaa_B" />
        <lettre idLettre="2" x="89" transcription="ي" LatinTrans="Yaa_M" />
        <lettre idLettre="3" x="64" transcription="ل" LatinTrans="Laam_E" />
      </paw>
    </word>
    <word idWord="2" x="61" transcription=" " LatinTrans="SPACE">
      <paw idPaw="1" x="61" transcription=" " LatinTrans="SPACE">
        <lettre idLettre="1" x="61" transcription=" " LatinTrans="SPACE" />
      </paw>
    </word>
    <word idWord="3" x="0" transcription="النظام" LatinTrans="Alif_I Laam_B Nuun_M Taa_M Alif_E Miim_I">
      <paw idPaw="1" x="55" transcription="ا" LatinTrans="Alif_I">
        <lettre idLettre="1" x="55" transcription="ا" LatinTrans="Alif_I" />
      </paw>
      <paw idPaw="2" x="15" transcription="لنظا" LatinTrans="Laam_B Nuun_M Taa_M Alif_E">
        <lettre idLettre="1" x="48" transcription="ل" LatinTrans="Laam_B" />
        <lettre idLettre="2" x="39" transcription="ن" LatinTrans="Nuun_M" />
        <lettre idLettre="3" x="22" transcription="ظ" LatinTrans="Taa_M" />
        <lettre idLettre="4" x="15" transcription="ا" LatinTrans="Alif_E" />
      </paw>
      <paw idPaw="3" x="0" transcription="م" LatinTrans="Miim_I">
        <lettre idLettre="1" x="0" transcription="م" LatinTrans="Miim_I" />
      </paw>
    </word>
  </content>
</textImage>