﻿<?xml version="1.0" encoding="UTF-8" standalone="yes"?>
<textImage id="1" width="487" height="49" transcription="دولة القانون: ارتفاع عدد النواب" image="aljazeera_3213-05-34-00_1">
  <ArabicTranscription>دولة القانون: ارتفاع عدد النواب</ArabicTranscription>
  <LatinTranscription>Daal_I Waaw_I Laam_B TaaaClosed_E SPACE Alif_I Laam_B Gaaf_M Alif_E Nuun_B Waaw_E Nuun_I TWOPOINTS SPACE Alif_I Raa_I Taaa_B Faa_M Alif_E Ayn_I SPACE Ayn_B Daal_E Daal_I SPACE Alif_I Laam_B Nuun_M Waaw_E Alif_I Baa_I</LatinTranscription>
  <content>
    <word idWord="1" x="403" transcription="دولة" LatinTrans="Daal_I Waaw_I Laam_B TaaaClosed_E">
      <paw idPaw="1" x="467" transcription="د" LatinTrans="Daal_I">
        <lettre idLettre="1" x="467" transcription="د" LatinTrans="Daal_I" />
      </paw>
      <paw idPaw="2" x="452" transcription="و" LatinTrans="Waaw_I">
        <lettre idLettre="1" x="452" transcription="و" LatinTrans="Waaw_I" />
      </paw>
      <paw idPaw="3" x="403" transcription="لة" LatinTrans="Laam_B TaaaClosed_E">
        <lettre idLettre="1" x="437" transcription="ل" LatinTrans="Laam_B" />
        <lettre idLettre="2" x="403" transcription="ة" LatinTrans="TaaaClosed_E" />
      </paw>
    </word>
    <word idWord="2" x="398" transcription=" " LatinTrans="SPACE">
      <paw idPaw="1" x="398" transcription=" " LatinTrans="SPACE">
        <lettre idLettre="1" x="398" transcription=" " LatinTrans="SPACE" />
      </paw>
    </word>
    <word idWord="3" x="247" transcription="القانون:" LatinTrans="Alif_I Laam_B Gaaf_M Alif_E Nuun_B Waaw_E Nuun_I TWOPOINTS">
      <paw idPaw="1" x="390" transcription="ا" LatinTrans="Alif_I">
        <lettre idLettre="1" x="390" transcription="ا" LatinTrans="Alif_I" />
      </paw>
      <paw idPaw="2" x="310" transcription="لقا" LatinTrans="Laam_B Gaaf_M Alif_E">
        <lettre idLettre="1" x="373" transcription="ل" LatinTrans="Laam_B" />
        <lettre idLettre="2" x="335" transcription="ق" LatinTrans="Gaaf_M" />
        <lettre idLettre="3" x="310" transcription="ا" LatinTrans="Alif_E" />
      </paw>
      <paw idPaw="3" x="278" transcription="نو" LatinTrans="Nuun_B Waaw_E">
        <lettre idLettre="1" x="296" transcription="ن" LatinTrans="Nuun_B" />
        <lettre idLettre="2" x="278" transcription="و" LatinTrans="Waaw_E" />
      </paw>
      <paw idPaw="4" x="256" transcription="ن" LatinTrans="Nuun_I">
        <lettre idLettre="1" x="256" transcription="ن" LatinTrans="Nuun_I" />
      </paw>
      <paw idPaw="5" x="247" transcription=":" LatinTrans="TWOPOINTS">
        <lettre idLettre="1" x="247" transcription=":" LatinTrans="TWOPOINTS" />
      </paw>
    </word>
    <word idWord="4" x="241" transcription=" " LatinTrans="SPACE">
      <paw idPaw="1" x="241" transcription=" " LatinTrans="SPACE">
        <lettre idLettre="1" x="241" transcription=" " LatinTrans="SPACE" />
      </paw>
    </word>
    <word idWord="5" x="153" transcription="ارتفاع" LatinTrans="Alif_I Raa_I Taaa_B Faa_M Alif_E Ayn_I">
      <paw idPaw="1" x="230" transcription="ا" LatinTrans="Alif_I">
        <lettre idLettre="1" x="230" transcription="ا" LatinTrans="Alif_I" />
      </paw>
      <paw idPaw="2" x="220" transcription="ر" LatinTrans="Raa_I">
        <lettre idLettre="1" x="220" transcription="ر" LatinTrans="Raa_I" />
      </paw>
      <paw idPaw="3" x="175" transcription="تفا" LatinTrans="Taaa_B Faa_M Alif_E">
        <lettre idLettre="1" x="204" transcription="ت" LatinTrans="Taaa_B" />
        <lettre idLettre="2" x="187" transcription="ف" LatinTrans="Faa_M" />
        <lettre idLettre="3" x="175" transcription="ا" LatinTrans="Alif_E" />
      </paw>
      <paw idPaw="4" x="153" transcription="ع" LatinTrans="Ayn_I">
        <lettre idLettre="1" x="153" transcription="ع" LatinTrans="Ayn_I" />
      </paw>
    </word>
    <word idWord="6" x="147" transcription=" " LatinTrans="SPACE">
      <paw idPaw="1" x="147" transcription=" " LatinTrans="SPACE">
        <lettre idLettre="1" x="147" transcription=" " LatinTrans="SPACE" />
      </paw>
    </word>
    <word idWord="7" x="90" transcription="عدد" LatinTrans="Ayn_B Daal_E Daal_I">
      <paw idPaw="1" x="105" transcription="عد" LatinTrans="Ayn_B Daal_E">
        <lettre idLettre="1" x="125" transcription="ع" LatinTrans="Ayn_B" />
        <lettre idLettre="2" x="105" transcription="د" LatinTrans="Daal_E" />
      </paw>
      <paw idPaw="2" x="90" transcription="د" LatinTrans="Daal_I">
        <lettre idLettre="1" x="90" transcription="د" LatinTrans="Daal_I" />
      </paw>
    </word>
    <word idWord="8" x="84" transcription=" " LatinTrans="SPACE">
      <paw idPaw="1" x="84" transcription=" " LatinTrans="SPACE">
        <lettre idLettre="1" x="84" transcription=" " LatinTrans="SPACE" />
      </paw>
    </word>
    <word idWord="9" x="0" transcription="النواب" LatinTrans="Alif_I Laam_B Nuun_M Waaw_E Alif_I Baa_I">
      <paw idPaw="1" x="74" transcription="ا" LatinTrans="Alif_I">
        <lettre idLettre="1" x="74" transcription="ا" LatinTrans="Alif_I" />
      </paw>
      <paw idPaw="2" x="35" transcription="لنو" LatinTrans="Laam_B Nuun_M Waaw_E">
        <lettre idLettre="1" x="68" transcription="ل" LatinTrans="Laam_B" />
        <lettre idLettre="2" x="54" transcription="ن" LatinTrans="Nuun_M" />
        <lettre idLettre="3" x="35" transcription="و" LatinTrans="Waaw_E" />
      </paw>
      <paw idPaw="3" x="28" transcription="ا" LatinTrans="Alif_I">
        <lettre idLettre="1" x="28" transcription="ا" LatinTrans="Alif_I" />
      </paw>
      <paw idPaw="4" x="0" transcription="ب" LatinTrans="Baa_I">
        <lettre idLettre="1" x="0" transcription="ب" LatinTrans="Baa_I" />
      </paw>
    </word>
  </content>
</textImage>