﻿<?xml version="1.0" encoding="UTF-8" standalone="yes"?>
<textImage id="1" width="486" height="55" transcription="لماذا استغلت فرنسا اغتيال قيادي تونسي" image="aljazeera_3211-09-26-20_1">
  <ArabicTranscription>لماذا استغلت فرنسا اغتيال قيادي تونسي</ArabicTranscription>
  <LatinTranscription>Laam_B Miim_M Alif_E Thaal_I Alif_I SPACE Alif_I Siin_B Taaa_M Ghayn_M Laam_M Taaa_E SPACE Faa_B Raa_E Nuun_B Siin_M Alif_E SPACE Alif_I Ghayn_B Taaa_M Yaa_M Alif_E Laam_I SPACE Gaaf_B Yaa_M Alif_E Daal_I Yaa_I SPACE Taaa_B Waaw_E Nuun_B Siin_M Yaa_E</LatinTranscription>
  <content>
    <word idWord="1" x="427" transcription="لماذا" LatinTrans="Laam_B Miim_M Alif_E Thaal_I Alif_I">
      <paw idPaw="1" x="447" transcription="لما" LatinTrans="Laam_B Miim_M Alif_E">
        <lettre idLettre="1" x="473" transcription="ل" LatinTrans="Laam_B" />
        <lettre idLettre="2" x="457" transcription="م" LatinTrans="Miim_M" />
        <lettre idLettre="3" x="447" transcription="ا" LatinTrans="Alif_E" />
      </paw>
      <paw idPaw="2" x="433" transcription="ذ" LatinTrans="Thaal_I">
        <lettre idLettre="1" x="433" transcription="ذ" LatinTrans="Thaal_I" />
      </paw>
      <paw idPaw="3" x="427" transcription="ا" LatinTrans="Alif_I">
        <lettre idLettre="1" x="427" transcription="ا" LatinTrans="Alif_I" />
      </paw>
    </word>
    <word idWord="2" x="421" transcription=" " LatinTrans="SPACE">
      <paw idPaw="1" x="421" transcription=" " LatinTrans="SPACE">
        <lettre idLettre="1" x="421" transcription=" " LatinTrans="SPACE" />
      </paw>
    </word>
    <word idWord="3" x="328" transcription="استغلت" LatinTrans="Alif_I Siin_B Taaa_M Ghayn_M Laam_M Taaa_E">
      <paw idPaw="1" x="415" transcription="ا" LatinTrans="Alif_I">
        <lettre idLettre="1" x="415" transcription="ا" LatinTrans="Alif_I" />
      </paw>
      <paw idPaw="2" x="328" transcription="ستغلت" LatinTrans="Siin_B Taaa_M Ghayn_M Laam_M Taaa_E">
        <lettre idLettre="1" x="396" transcription="س" LatinTrans="Siin_B" />
        <lettre idLettre="2" x="380" transcription="ت" LatinTrans="Taaa_M" />
        <lettre idLettre="3" x="361" transcription="غ" LatinTrans="Ghayn_M" />
        <lettre idLettre="4" x="352" transcription="ل" LatinTrans="Laam_M" />
        <lettre idLettre="5" x="328" transcription="ت" LatinTrans="Taaa_E" />
      </paw>
    </word>
    <word idWord="4" x="324" transcription=" " LatinTrans="SPACE">
      <paw idPaw="1" x="324" transcription=" " LatinTrans="SPACE">
        <lettre idLettre="1" x="324" transcription=" " LatinTrans="SPACE" />
      </paw>
    </word>
    <word idWord="5" x="250" transcription="فرنسا" LatinTrans="Faa_B Raa_E Nuun_B Siin_M Alif_E">
      <paw idPaw="1" x="296" transcription="فر" LatinTrans="Faa_B Raa_E">
        <lettre idLettre="1" x="310" transcription="ف" LatinTrans="Faa_B" />
        <lettre idLettre="2" x="296" transcription="ر" LatinTrans="Raa_E" />
      </paw>
      <paw idPaw="2" x="250" transcription="نسا" LatinTrans="Nuun_B Siin_M Alif_E">
        <lettre idLettre="1" x="284" transcription="ن" LatinTrans="Nuun_B" />
        <lettre idLettre="2" x="260" transcription="س" LatinTrans="Siin_M" />
        <lettre idLettre="3" x="250" transcription="ا" LatinTrans="Alif_E" />
      </paw>
    </word>
    <word idWord="6" x="245" transcription=" " LatinTrans="SPACE">
      <paw idPaw="1" x="245" transcription=" " LatinTrans="SPACE">
        <lettre idLettre="1" x="245" transcription=" " LatinTrans="SPACE" />
      </paw>
    </word>
    <word idWord="7" x="167" transcription="اغتيال" LatinTrans="Alif_I Ghayn_B Taaa_M Yaa_M Alif_E Laam_I">
      <paw idPaw="1" x="237" transcription="ا" LatinTrans="Alif_I">
        <lettre idLettre="1" x="237" transcription="ا" LatinTrans="Alif_I" />
      </paw>
      <paw idPaw="2" x="185" transcription="غتيا" LatinTrans="Ghayn_B Taaa_M Yaa_M Alif_E">
        <lettre idLettre="1" x="220" transcription="غ" LatinTrans="Ghayn_B" />
        <lettre idLettre="2" x="204" transcription="ت" LatinTrans="Taaa_M" />
        <lettre idLettre="3" x="191" transcription="ي" LatinTrans="Yaa_M" />
        <lettre idLettre="4" x="185" transcription="ا" LatinTrans="Alif_E" />
      </paw>
      <paw idPaw="3" x="167" transcription="ل" LatinTrans="Laam_I">
        <lettre idLettre="1" x="167" transcription="ل" LatinTrans="Laam_I" />
      </paw>
    </word>
    <word idWord="8" x="161" transcription=" " LatinTrans="SPACE">
      <paw idPaw="1" x="161" transcription=" " LatinTrans="SPACE">
        <lettre idLettre="1" x="161" transcription=" " LatinTrans="SPACE" />
      </paw>
    </word>
    <word idWord="9" x="91" transcription="قيادي" LatinTrans="Gaaf_B Yaa_M Alif_E Daal_I Yaa_I">
      <paw idPaw="1" x="122" transcription="قيا" LatinTrans="Gaaf_B Yaa_M Alif_E">
        <lettre idLettre="1" x="145" transcription="ق" LatinTrans="Gaaf_B" />
        <lettre idLettre="2" x="130" transcription="ي" LatinTrans="Yaa_M" />
        <lettre idLettre="3" x="122" transcription="ا" LatinTrans="Alif_E" />
      </paw>
      <paw idPaw="2" x="108" transcription="د" LatinTrans="Daal_I">
        <lettre idLettre="1" x="108" transcription="د" LatinTrans="Daal_I" />
      </paw>
      <paw idPaw="3" x="91" transcription="ي" LatinTrans="Yaa_I">
        <lettre idLettre="1" x="91" transcription="ي" LatinTrans="Yaa_I" />
      </paw>
    </word>
    <word idWord="10" x="86" transcription=" " LatinTrans="SPACE">
      <paw idPaw="1" x="86" transcription=" " LatinTrans="SPACE">
        <lettre idLettre="1" x="86" transcription=" " LatinTrans="SPACE" />
      </paw>
    </word>
    <word idWord="11" x="0" transcription="تونسي" LatinTrans="Taaa_B Waaw_E Nuun_B Siin_M Yaa_E">
      <paw idPaw="1" x="58" transcription="تو" LatinTrans="Taaa_B Waaw_E">
        <lettre idLettre="1" x="73" transcription="ت" LatinTrans="Taaa_B" />
        <lettre idLettre="2" x="58" transcription="و" LatinTrans="Waaw_E" />
      </paw>
      <paw idPaw="2" x="0" transcription="نسي" LatinTrans="Nuun_B Siin_M Yaa_E">
        <lettre idLettre="1" x="47" transcription="ن" LatinTrans="Nuun_B" />
        <lettre idLettre="2" x="25" transcription="س" LatinTrans="Siin_M" />
        <lettre idLettre="3" x="0" transcription="ي" LatinTrans="Yaa_E" />
      </paw>
    </word>
  </content>
</textImage>