﻿<?xml version="1.0" encoding="UTF-8" standalone="yes"?>
<textImage id="1" width="133" height="34" transcription="ناجح الميزان" image="aljazeera_3212-01-18-20_1">
  <ArabicTranscription>ناجح الميزان</ArabicTranscription>
  <LatinTranscription>Nuun_B Alif_E Jiim_B Haaa_E SPACE Alif_I Laam_B Miim_M Yaa_M Zaay_E Alif_I Nuun_I</LatinTranscription>
  <content>
    <word idWord="1" x="76" transcription="ناجح" LatinTrans="Nuun_B Alif_E Jiim_B Haaa_E">
      <paw idPaw="1" x="111" transcription="نا" LatinTrans="Nuun_B Alif_E">
        <lettre idLettre="1" x="119" transcription="ن" LatinTrans="Nuun_B" />
        <lettre idLettre="2" x="111" transcription="ا" LatinTrans="Alif_E" />
      </paw>
      <paw idPaw="2" x="76" transcription="جح" LatinTrans="Jiim_B Haaa_E">
        <lettre idLettre="1" x="95" transcription="ج" LatinTrans="Jiim_B" />
        <lettre idLettre="2" x="76" transcription="ح" LatinTrans="Haaa_E" />
      </paw>
    </word>
    <word idWord="2" x="71" transcription=" " LatinTrans="SPACE">
      <paw idPaw="1" x="71" transcription=" " LatinTrans="SPACE">
        <lettre idLettre="1" x="71" transcription=" " LatinTrans="SPACE" />
      </paw>
    </word>
    <word idWord="3" x="0" transcription="الميزان" LatinTrans="Alif_I Laam_B Miim_M Yaa_M Zaay_E Alif_I Nuun_I">
      <paw idPaw="1" x="65" transcription="ا" LatinTrans="Alif_I">
        <lettre idLettre="1" x="65" transcription="ا" LatinTrans="Alif_I" />
      </paw>
      <paw idPaw="2" x="24" transcription="لميز" LatinTrans="Laam_B Miim_M Yaa_M Zaay_E">
        <lettre idLettre="1" x="58" transcription="ل" LatinTrans="Laam_B" />
        <lettre idLettre="2" x="43" transcription="م" LatinTrans="Miim_M" />
        <lettre idLettre="3" x="33" transcription="ي" LatinTrans="Yaa_M" />
        <lettre idLettre="4" x="24" transcription="ز" LatinTrans="Zaay_E" />
      </paw>
      <paw idPaw="3" x="18" transcription="ا" LatinTrans="Alif_I">
        <lettre idLettre="1" x="18" transcription="ا" LatinTrans="Alif_I" />
      </paw>
      <paw idPaw="4" x="0" transcription="ن" LatinTrans="Nuun_I">
        <lettre idLettre="1" x="0" transcription="ن" LatinTrans="Nuun_I" />
      </paw>
    </word>
  </content>
</textImage>