﻿<?xml version="1.0" encoding="UTF-8" standalone="yes"?>
<textImage id="1" width="168" height="41" transcription="موضوع الحلقة" image="aljazeera_3212-00-05-20_1">
  <ArabicTranscription>موضوع الحلقة</ArabicTranscription>
  <LatinTranscription>Miim_B Waaw_E Daad_B Waaw_E Ayn_I SPACE Alif_I Laam_B Haaa_M Laam_M Gaaf_M TaaaClosed_E SPACE TWOPOINTS</LatinTranscription>
  <content>
    <word idWord="1" x="87" transcription="موضوع" LatinTrans="Miim_B Waaw_E Daad_B Waaw_E Ayn_I">
      <paw idPaw="1" x="137" transcription="مو" LatinTrans="Miim_B Waaw_E">
        <lettre idLettre="1" x="147" transcription="م" LatinTrans="Miim_B" />
        <lettre idLettre="2" x="137" transcription="و" LatinTrans="Waaw_E" />
      </paw>
      <paw idPaw="2" x="104" transcription="ضو" LatinTrans="Daad_B Waaw_E">
        <lettre idLettre="1" x="118" transcription="ض" LatinTrans="Daad_B" />
        <lettre idLettre="2" x="104" transcription="و" LatinTrans="Waaw_E" />
      </paw>
      <paw idPaw="3" x="87" transcription="ع" LatinTrans="Ayn_I">
        <lettre idLettre="1" x="87" transcription="ع" LatinTrans="Ayn_I" />
      </paw>
    </word>
    <word idWord="2" x="82" transcription=" " LatinTrans="SPACE">
      <paw idPaw="1" x="82" transcription=" " LatinTrans="SPACE">
        <lettre idLettre="1" x="82" transcription=" " LatinTrans="SPACE" />
      </paw>
    </word>
    <word idWord="3" x="17" transcription="الحلقة" LatinTrans="Alif_I Laam_B Haaa_M Laam_M Gaaf_M TaaaClosed_E">
      <paw idPaw="1" x="77" transcription="ا" LatinTrans="Alif_I">
        <lettre idLettre="1" x="77" transcription="ا" LatinTrans="Alif_I" />
      </paw>
      <paw idPaw="2" x="17" transcription="لحلقة" LatinTrans="Laam_B Haaa_M Laam_M Gaaf_M TaaaClosed_E">
        <lettre idLettre="1" x="69" transcription="ل" LatinTrans="Laam_B" />
        <lettre idLettre="2" x="55" transcription="ح" LatinTrans="Haaa_M" />
        <lettre idLettre="3" x="45" transcription="ل" LatinTrans="Laam_M" />
        <lettre idLettre="4" x="31" transcription="ق" LatinTrans="Gaaf_M" />
        <lettre idLettre="5" x="17" transcription="ة" LatinTrans="TaaaClosed_E" />
      </paw>
    </word>
    <word idWord="4" x="13" transcription=" " LatinTrans="SPACE">
      <paw idPaw="1" x="13" transcription=" " LatinTrans="SPACE">
        <lettre idLettre="1" x="13" transcription=" " LatinTrans="SPACE" />
      </paw>
    </word>
    <word idWord="5" x="0" transcription=":" LatinTrans="TWOPOINTS">
      <paw idPaw="1" x="0" transcription=":" LatinTrans="TWOPOINTS">
        <lettre idLettre="1" x="0" transcription=":" LatinTrans="TWOPOINTS" />
      </paw>
    </word>
  </content>
</textImage>