﻿<?xml version="1.0" encoding="UTF-8" standalone="yes"?>
<textImage id="1" width="102" height="31" transcription="فلسطين" image="aljazeera_3213-04-57-10_1">
  <ArabicTranscription>فلسطين</ArabicTranscription>
  <LatinTranscription>Faa_B Laam_M Siin_M Thaaa_M Yaa_M Nuun_E</LatinTranscription>
  <content>
    <word idWord="1" x="0" transcription="فلسطين" LatinTrans="Faa_B Laam_M Siin_M Thaaa_M Yaa_M Nuun_E">
      <paw idPaw="1" x="0" transcription="فلسطين" LatinTrans="Faa_B Laam_M Siin_M Thaaa_M Yaa_M Nuun_E">
        <lettre idLettre="1" x="84" transcription="ف" LatinTrans="Faa_B" />
        <lettre idLettre="2" x="76" transcription="ل" LatinTrans="Laam_M" />
        <lettre idLettre="3" x="53" transcription="س" LatinTrans="Siin_M" />
        <lettre idLettre="4" x="34" transcription="ط" LatinTrans="Thaaa_M" />
        <lettre idLettre="5" x="22" transcription="ي" LatinTrans="Yaa_M" />
        <lettre idLettre="6" x="0" transcription="ن" LatinTrans="Nuun_E" />
      </paw>
    </word>
  </content>
</textImage>