﻿<?xml version="1.0" encoding="UTF-8" standalone="yes"?>
<textImage id="2" width="69" height="37" transcription="غدا" image="aljazeera_3211-09-26-40_2">
  <ArabicTranscription>غدا</ArabicTranscription>
  <LatinTranscription>Ghayn_B Daal_E Alif_I</LatinTranscription>
  <content>
    <word idWord="1" x="0" transcription="غدا" LatinTrans="Ghayn_B Daal_E Alif_I">
      <paw idPaw="1" x="11" transcription="غد" LatinTrans="Ghayn_B Daal_E">
        <lettre idLettre="1" x="39" transcription="غ" LatinTrans="Ghayn_B" />
        <lettre idLettre="2" x="11" transcription="د" LatinTrans="Daal_E" />
      </paw>
      <paw idPaw="2" x="0" transcription="ا" LatinTrans="Alif_I">
        <lettre idLettre="1" x="0" transcription="ا" LatinTrans="Alif_I" />
      </paw>
    </word>
  </content>
</textImage>