﻿<?xml version="1.0" encoding="UTF-8" standalone="yes"?>
<textImage id="1" width="121" height="41" transcription="أميرة شادي" image="aljazeera_3212-02-05-50_1">
  <ArabicTranscription>أميرة شادي</ArabicTranscription>
  <LatinTranscription>HamzaAboveAlif_I Miim_B Yaa_M Raa_E TaaaClosed_I SPACE Shiin_B Alif_E Daal_I Yaa_I</LatinTranscription>
  <content>
    <word idWord="1" x="63" transcription="أميرة" LatinTrans="HamzaAboveAlif_I Miim_B Yaa_M Raa_E TaaaClosed_I">
      <paw idPaw="1" x="108" transcription="أ" LatinTrans="HamzaAboveAlif_I">
        <lettre idLettre="1" x="108" transcription="أ" LatinTrans="HamzaAboveAlif_I" />
      </paw>
      <paw idPaw="2" x="74" transcription="مير" LatinTrans="Miim_B Yaa_M Raa_E">
        <lettre idLettre="1" x="97" transcription="م" LatinTrans="Miim_B" />
        <lettre idLettre="2" x="84" transcription="ي" LatinTrans="Yaa_M" />
        <lettre idLettre="3" x="74" transcription="ر" LatinTrans="Raa_E" />
      </paw>
      <paw idPaw="3" x="63" transcription="ة" LatinTrans="TaaaClosed_I">
        <lettre idLettre="1" x="63" transcription="ة" LatinTrans="TaaaClosed_I" />
      </paw>
    </word>
    <word idWord="2" x="58" transcription=" " LatinTrans="SPACE">
      <paw idPaw="1" x="58" transcription=" " LatinTrans="SPACE">
        <lettre idLettre="1" x="58" transcription=" " LatinTrans="SPACE" />
      </paw>
    </word>
    <word idWord="3" x="0" transcription="شادي" LatinTrans="Shiin_B Alif_E Daal_I Yaa_I">
      <paw idPaw="1" x="32" transcription="شا" LatinTrans="Shiin_B Alif_E">
        <lettre idLettre="1" x="42" transcription="ش" LatinTrans="Shiin_B" />
        <lettre idLettre="2" x="32" transcription="ا" LatinTrans="Alif_E" />
      </paw>
      <paw idPaw="2" x="19" transcription="د" LatinTrans="Daal_I">
        <lettre idLettre="1" x="19" transcription="د" LatinTrans="Daal_I" />
      </paw>
      <paw idPaw="3" x="0" transcription="ي" LatinTrans="Yaa_I">
        <lettre idLettre="1" x="0" transcription="ي" LatinTrans="Yaa_I" />
      </paw>
    </word>
  </content>
</textImage>