﻿<?xml version="1.0" encoding="UTF-8" standalone="yes"?>
<textImage id="1" width="207" height="32" transcription="رئيس المكتب السياسي" image="aljazeera_3211-10-10-20_1">
  <ArabicTranscription>رئيس المكتب السياسي</ArabicTranscription>
  <LatinTranscription>Raa_I HamzaAboveAlifBroken_B Yaa_M Siin_E SPACE Alif_I Laam_B Miim_M Kaaf_M Taaa_M Baa_E SPACE Alif_I Laam_B Siin_M Yaa_M Alif_E Siin_B Yaa_E</LatinTranscription>
  <content>
    <word idWord="1" x="150" transcription="رئيس" LatinTrans="Raa_I HamzaAboveAlifBroken_B Yaa_M Siin_E">
      <paw idPaw="1" x="196" transcription="ر" LatinTrans="Raa_I">
        <lettre idLettre="1" x="196" transcription="ر" LatinTrans="Raa_I" />
      </paw>
      <paw idPaw="2" x="150" transcription="ئيس" LatinTrans="HamzaAboveAlifBroken_B Yaa_M Siin_E">
        <lettre idLettre="1" x="185" transcription="ئ" LatinTrans="HamzaAboveAlifBroken_B" />
        <lettre idLettre="2" x="176" transcription="ي" LatinTrans="Yaa_M" />
        <lettre idLettre="3" x="150" transcription="س" LatinTrans="Siin_E" />
      </paw>
    </word>
    <word idWord="2" x="146" transcription=" " LatinTrans="SPACE">
      <paw idPaw="1" x="146" transcription=" " LatinTrans="SPACE">
        <lettre idLettre="1" x="146" transcription=" " LatinTrans="SPACE" />
      </paw>
    </word>
    <word idWord="3" x="83" transcription="المكتب" LatinTrans="Alif_I Laam_B Miim_M Kaaf_M Taaa_M Baa_E">
      <paw idPaw="1" x="140" transcription="ا" LatinTrans="Alif_I">
        <lettre idLettre="1" x="140" transcription="ا" LatinTrans="Alif_I" />
      </paw>
      <paw idPaw="2" x="83" transcription="لمكتب" LatinTrans="Laam_B Miim_M Kaaf_M Taaa_M Baa_E">
        <lettre idLettre="1" x="135" transcription="ل" LatinTrans="Laam_B" />
        <lettre idLettre="2" x="122" transcription="م" LatinTrans="Miim_M" />
        <lettre idLettre="3" x="111" transcription="ك" LatinTrans="Kaaf_M" />
        <lettre idLettre="4" x="101" transcription="ت" LatinTrans="Taaa_M" />
        <lettre idLettre="5" x="83" transcription="ب" LatinTrans="Baa_E" />
      </paw>
    </word>
    <word idWord="4" x="79" transcription=" " LatinTrans="SPACE">
      <paw idPaw="1" x="79" transcription=" " LatinTrans="SPACE">
        <lettre idLettre="1" x="79" transcription=" " LatinTrans="SPACE" />
      </paw>
    </word>
    <word idWord="5" x="0" transcription="السياسي" LatinTrans="Alif_I Laam_B Siin_M Yaa_M Alif_E Siin_B Yaa_E">
      <paw idPaw="1" x="73" transcription="ا" LatinTrans="Alif_I">
        <lettre idLettre="1" x="73" transcription="ا" LatinTrans="Alif_I" />
      </paw>
      <paw idPaw="2" x="33" transcription="لسيا" LatinTrans="Laam_B Siin_M Yaa_M Alif_E">
        <lettre idLettre="1" x="68" transcription="ل" LatinTrans="Laam_B" />
        <lettre idLettre="2" x="49" transcription="س" LatinTrans="Siin_M" />
        <lettre idLettre="3" x="39" transcription="ي" LatinTrans="Yaa_M" />
        <lettre idLettre="4" x="33" transcription="ا" LatinTrans="Alif_E" />
      </paw>
      <paw idPaw="3" x="0" transcription="سي" LatinTrans="Siin_B Yaa_E">
        <lettre idLettre="1" x="16" transcription="س" LatinTrans="Siin_B" />
        <lettre idLettre="2" x="0" transcription="ي" LatinTrans="Yaa_E" />
      </paw>
    </word>
  </content>
</textImage>