﻿<?xml version="1.0" encoding="UTF-8" standalone="yes"?>
<textImage id="1" width="236" height="42" transcription="أغلب الفلسطينين" image="aljazeera_3213-04-27-50_1">
  <ArabicTranscription>أغلب الفلسطينين</ArabicTranscription>
  <LatinTranscription>HamzaAboveAlif_I Ghayn_B Laam_M Baa_E SPACE Alif_I Laam_B Faa_M Laam_M Siin_M Thaaa_M Yaa_M Nuun_M Yaa_M Nuun_E</LatinTranscription>
  <content>
    <word idWord="1" x="164" transcription="أغلب" LatinTrans="HamzaAboveAlif_I Ghayn_B Laam_M Baa_E">
      <paw idPaw="1" x="222" transcription="أ" LatinTrans="HamzaAboveAlif_I">
        <lettre idLettre="1" x="222" transcription="أ" LatinTrans="HamzaAboveAlif_I" />
      </paw>
      <paw idPaw="2" x="164" transcription="غلب" LatinTrans="Ghayn_B Laam_M Baa_E">
        <lettre idLettre="1" x="203" transcription="غ" LatinTrans="Ghayn_B" />
        <lettre idLettre="2" x="191" transcription="ل" LatinTrans="Laam_M" />
        <lettre idLettre="3" x="164" transcription="ب" LatinTrans="Baa_E" />
      </paw>
    </word>
    <word idWord="2" x="158" transcription=" " LatinTrans="SPACE">
      <paw idPaw="1" x="158" transcription=" " LatinTrans="SPACE">
        <lettre idLettre="1" x="158" transcription=" " LatinTrans="SPACE" />
      </paw>
    </word>
    <word idWord="3" x="0" transcription="الفلسطينين" LatinTrans="Alif_I Laam_B Faa_M Laam_M Siin_M Thaaa_M Yaa_M Nuun_M Yaa_M Nuun_E">
      <paw idPaw="1" x="151" transcription="ا" LatinTrans="Alif_I">
        <lettre idLettre="1" x="151" transcription="ا" LatinTrans="Alif_I" />
      </paw>
      <paw idPaw="2" x="0" transcription="لفلسطينين" LatinTrans="Laam_B Faa_M Laam_M Siin_M Thaaa_M Yaa_M Nuun_M Yaa_M Nuun_E">
        <lettre idLettre="1" x="143" transcription="ل" LatinTrans="Laam_B" />
        <lettre idLettre="2" x="128" transcription="ف" LatinTrans="Faa_M" />
        <lettre idLettre="3" x="114" transcription="ل" LatinTrans="Laam_M" />
        <lettre idLettre="4" x="90" transcription="س" LatinTrans="Siin_M" />
        <lettre idLettre="5" x="65" transcription="ط" LatinTrans="Thaaa_M" />
        <lettre idLettre="6" x="50" transcription="ي" LatinTrans="Yaa_M" />
        <lettre idLettre="7" x="39" transcription="ن" LatinTrans="Nuun_M" />
        <lettre idLettre="8" x="26" transcription="ي" LatinTrans="Yaa_M" />
        <lettre idLettre="9" x="0" transcription="ن" LatinTrans="Nuun_E" />
      </paw>
    </word>
  </content>
</textImage>