﻿<?xml version="1.0" encoding="UTF-8" standalone="yes"?>
<textImage id="2" width="200" height="34" transcription="محمد سالم باسندوه" image="aljazeera_3212-03-14-30_2">
  <ArabicTranscription>محمد سالم باسندوه</ArabicTranscription>
  <LatinTranscription>Miim_B Haaa_M Miim_M Daal_E SPACE Siin_B Alif_E Laam_B Miim_E SPACE Baa_B Alif_E Siin_B Nuun_M Daal_E Waaw_I Haa_I</LatinTranscription>
  <content>
    <word idWord="1" x="142" transcription="محمد" LatinTrans="Miim_B Haaa_M Miim_M Daal_E">
      <paw idPaw="1" x="142" transcription="محمد" LatinTrans="Miim_B Haaa_M Miim_M Daal_E">
        <lettre idLettre="1" x="183" transcription="م" LatinTrans="Miim_B" />
        <lettre idLettre="2" x="170" transcription="ح" LatinTrans="Haaa_M" />
        <lettre idLettre="3" x="154" transcription="م" LatinTrans="Miim_M" />
        <lettre idLettre="4" x="142" transcription="د" LatinTrans="Daal_E" />
      </paw>
    </word>
    <word idWord="2" x="138" transcription=" " LatinTrans="SPACE">
      <paw idPaw="1" x="138" transcription=" " LatinTrans="SPACE">
        <lettre idLettre="1" x="138" transcription=" " LatinTrans="SPACE" />
      </paw>
    </word>
    <word idWord="3" x="89" transcription="سالم" LatinTrans="Siin_B Alif_E Laam_B Miim_E">
      <paw idPaw="1" x="110" transcription="سا" LatinTrans="Siin_B Alif_E">
        <lettre idLettre="1" x="119" transcription="س" LatinTrans="Siin_B" />
        <lettre idLettre="2" x="110" transcription="ا" LatinTrans="Alif_E" />
      </paw>
      <paw idPaw="2" x="89" transcription="لم" LatinTrans="Laam_B Miim_E">
        <lettre idLettre="1" x="104" transcription="ل" LatinTrans="Laam_B" />
        <lettre idLettre="2" x="89" transcription="م" LatinTrans="Miim_E" />
      </paw>
    </word>
    <word idWord="4" x="84" transcription=" " LatinTrans="SPACE">
      <paw idPaw="1" x="84" transcription=" " LatinTrans="SPACE">
        <lettre idLettre="1" x="84" transcription=" " LatinTrans="SPACE" />
      </paw>
    </word>
    <word idWord="5" x="0" transcription="باسندوه" LatinTrans="Baa_B Alif_E Siin_B Nuun_M Daal_E Waaw_I Haa_I">
      <paw idPaw="1" x="67" transcription="با" LatinTrans="Baa_B Alif_E">
        <lettre idLettre="1" x="73" transcription="ب" LatinTrans="Baa_B" />
        <lettre idLettre="2" x="67" transcription="ا" LatinTrans="Alif_E" />
      </paw>
      <paw idPaw="2" x="25" transcription="سند" LatinTrans="Siin_B Nuun_M Daal_E">
        <lettre idLettre="1" x="47" transcription="س" LatinTrans="Siin_B" />
        <lettre idLettre="2" x="37" transcription="ن" LatinTrans="Nuun_M" />
        <lettre idLettre="3" x="25" transcription="د" LatinTrans="Daal_E" />
      </paw>
      <paw idPaw="3" x="13" transcription="و" LatinTrans="Waaw_I">
        <lettre idLettre="1" x="13" transcription="و" LatinTrans="Waaw_I" />
      </paw>
      <paw idPaw="4" x="0" transcription="ه" LatinTrans="Haa_I">
        <lettre idLettre="1" x="0" transcription="ه" LatinTrans="Haa_I" />
      </paw>
    </word>
  </content>
</textImage>