﻿<?xml version="1.0" encoding="UTF-8" standalone="yes"?>
<textImage id="1" width="223" height="33" transcription="لمبادرته وإن كل الخيارات" image="aljazeera_3211-12-03-10_1">
  <ArabicTranscription>لمبادرته وإن كل الخيارات</ArabicTranscription>
  <LatinTranscription>Laam_B Miim_M Baa_M Alif_E Daal_I Raa_I Taaa_B Haa_E SPACE Waaw_I HamzaOnederAlif_I Nuun_I SPACE Kaaf_B Laam_E SPACE Alif_I Laam_B Xaa_M Yaa_M Alif_E Raa_I Alif_I Taaa_I</LatinTranscription>
  <content>
    <word idWord="1" x="145" transcription="لمبادرته" LatinTrans="Laam_B Miim_M Baa_M Alif_E Daal_I Raa_I Taaa_B Haa_E">
      <paw idPaw="1" x="185" transcription="لمبا" LatinTrans="Laam_B Miim_M Baa_M Alif_E">
        <lettre idLettre="1" x="212" transcription="ل" LatinTrans="Laam_B" />
        <lettre idLettre="2" x="201" transcription="م" LatinTrans="Miim_M" />
        <lettre idLettre="3" x="192" transcription="ب" LatinTrans="Baa_M" />
        <lettre idLettre="4" x="185" transcription="ا" LatinTrans="Alif_E" />
      </paw>
      <paw idPaw="2" x="174" transcription="د" LatinTrans="Daal_I">
        <lettre idLettre="1" x="174" transcription="د" LatinTrans="Daal_I" />
      </paw>
      <paw idPaw="3" x="167" transcription="ر" LatinTrans="Raa_I">
        <lettre idLettre="1" x="167" transcription="ر" LatinTrans="Raa_I" />
      </paw>
      <paw idPaw="4" x="145" transcription="ته" LatinTrans="Taaa_B Haa_E">
        <lettre idLettre="1" x="157" transcription="ت" LatinTrans="Taaa_B" />
        <lettre idLettre="2" x="145" transcription="ه" LatinTrans="Haa_E" />
      </paw>
    </word>
    <word idWord="2" x="141" transcription=" " LatinTrans="SPACE">
      <paw idPaw="1" x="141" transcription=" " LatinTrans="SPACE">
        <lettre idLettre="1" x="141" transcription=" " LatinTrans="SPACE" />
      </paw>
    </word>
    <word idWord="3" x="110" transcription="وإن" LatinTrans="Waaw_I HamzaOnederAlif_I Nuun_I">
      <paw idPaw="1" x="131" transcription="و" LatinTrans="Waaw_I">
        <lettre idLettre="1" x="131" transcription="و" LatinTrans="Waaw_I" />
      </paw>
      <paw idPaw="2" x="125" transcription="إ" LatinTrans="HamzaOnederAlif_I">
        <lettre idLettre="1" x="125" transcription="إ" LatinTrans="HamzaUnderAlif_I" />
      </paw>
      <paw idPaw="3" x="110" transcription="ن" LatinTrans="Nuun_I">
        <lettre idLettre="1" x="110" transcription="ن" LatinTrans="Nuun_I" />
      </paw>
    </word>
    <word idWord="4" x="108" transcription=" " LatinTrans="SPACE">
      <paw idPaw="1" x="108" transcription=" " LatinTrans="SPACE">
        <lettre idLettre="1" x="108" transcription=" " LatinTrans="SPACE" />
      </paw>
    </word>
    <word idWord="5" x="80" transcription="كل" LatinTrans="Kaaf_B Laam_E">
      <paw idPaw="1" x="80" transcription="كل" LatinTrans="Kaaf_B Laam_E">
        <lettre idLettre="1" x="95" transcription="ك" LatinTrans="Kaaf_B" />
        <lettre idLettre="2" x="80" transcription="ل" LatinTrans="Laam_E" />
      </paw>
    </word>
    <word idWord="6" x="76" transcription=" " LatinTrans="SPACE">
      <paw idPaw="1" x="76" transcription=" " LatinTrans="SPACE">
        <lettre idLettre="1" x="76" transcription=" " LatinTrans="SPACE" />
      </paw>
    </word>
    <word idWord="7" x="0" transcription="الخيارات" LatinTrans="Alif_I Laam_B Xaa_M Yaa_M Alif_E Raa_I Alif_I Taaa_I">
      <paw idPaw="1" x="71" transcription="ا" LatinTrans="Alif_I">
        <lettre idLettre="1" x="71" transcription="ا" LatinTrans="Alif_I" />
      </paw>
      <paw idPaw="2" x="34" transcription="لخيا" LatinTrans="Laam_B Xaa_M Yaa_M Alif_E">
        <lettre idLettre="1" x="63" transcription="ل" LatinTrans="Laam_B" />
        <lettre idLettre="2" x="51" transcription="خ" LatinTrans="Xaa_M" />
        <lettre idLettre="3" x="39" transcription="ي" LatinTrans="Yaa_M" />
        <lettre idLettre="4" x="34" transcription="ا" LatinTrans="Alif_E" />
      </paw>
      <paw idPaw="3" x="25" transcription="ر" LatinTrans="Raa_I">
        <lettre idLettre="1" x="25" transcription="ر" LatinTrans="Raa_I" />
      </paw>
      <paw idPaw="4" x="20" transcription="ا" LatinTrans="Alif_I">
        <lettre idLettre="1" x="20" transcription="ا" LatinTrans="Alif_I" />
      </paw>
      <paw idPaw="5" x="0" transcription="ت" LatinTrans="Taaa_I">
        <lettre idLettre="1" x="0" transcription="ت" LatinTrans="Taaa_I" />
      </paw>
    </word>
  </content>
</textImage>