﻿<?xml version="1.0" encoding="UTF-8" standalone="yes"?>
<textImage id="1" width="127" height="59" transcription="مارس" image="aljazeera_3211-09-27-40_1">
  <ArabicTranscription>مارس</ArabicTranscription>
  <LatinTranscription>Miim_B Alif_E Raa_I Siin_I</LatinTranscription>
  <content>
    <word idWord="1" x="0" transcription="مارس" LatinTrans="Miim_B Alif_E Raa_I Siin_I">
      <paw idPaw="1" x="87" transcription="ما" LatinTrans="Miim_B Alif_E">
        <lettre idLettre="1" x="97" transcription="م" LatinTrans="Miim_B" />
        <lettre idLettre="2" x="87" transcription="ا" LatinTrans="Alif_E" />
      </paw>
      <paw idPaw="2" x="71" transcription="ر" LatinTrans="Raa_I">
        <lettre idLettre="1" x="71" transcription="ر" LatinTrans="Raa_I" />
      </paw>
      <paw idPaw="3" x="0" transcription="س" LatinTrans="Siin_I">
        <lettre idLettre="1" x="0" transcription="س" LatinTrans="Siin_I" />
      </paw>
    </word>
  </content>
</textImage>