﻿<?xml version="1.0" encoding="UTF-8" standalone="yes"?>
<textImage id="1" width="359" height="51" transcription="الكشف قريبا عن طائرة إيرانية جديدة" image="aljazeera_3212-08-36-20_1">
  <ArabicTranscription>الكشف قريبا عن طائرة إيرانية جديدة</ArabicTranscription>
  <LatinTranscription>Alif_I Laam_B Kaaf_M Shiin_M Faa_E SPACE Gaaf_B Raa_E Yaa_B Baa_M Alif_E SPACE Ayn_B Nuun_E SPACE Thaaa_B Alif_E HamzaAboveAlifBroken_B Raa_E TaaaClosed_I SPACE HamzaOnederAlif_I Yaa_B Raa_E Alif_I Nuun_B Yaa_M TaaaClosed_E SPACE Jiim_B Daal_E Yaa_B Daal_E TaaaClosed_I</LatinTranscription>
  <content>
    <word idWord="1" x="291" transcription="الكشف" LatinTrans="Alif_I Laam_B Kaaf_M Shiin_M Faa_E">
      <paw idPaw="1" x="350" transcription="ا" LatinTrans="Alif_I">
        <lettre idLettre="1" x="350" transcription="ا" LatinTrans="Alif_I" />
      </paw>
      <paw idPaw="2" x="291" transcription="لكشف" LatinTrans="Laam_B Kaaf_M Shiin_M Faa_E">
        <lettre idLettre="1" x="344" transcription="ل" LatinTrans="Laam_B" />
        <lettre idLettre="2" x="332" transcription="ك" LatinTrans="Kaaf_M" />
        <lettre idLettre="3" x="315" transcription="ش" LatinTrans="Shiin_M" />
        <lettre idLettre="4" x="291" transcription="ف" LatinTrans="Faa_E" />
      </paw>
    </word>
    <word idWord="2" x="287" transcription=" " LatinTrans="SPACE">
      <paw idPaw="1" x="287" transcription=" " LatinTrans="SPACE">
        <lettre idLettre="1" x="287" transcription=" " LatinTrans="SPACE" />
      </paw>
    </word>
    <word idWord="3" x="239" transcription="قريبا" LatinTrans="Gaaf_B Raa_E Yaa_B Baa_M Alif_E">
      <paw idPaw="1" x="266" transcription="قر" LatinTrans="Gaaf_B Raa_E">
        <lettre idLettre="1" x="273" transcription="ق" LatinTrans="Gaaf_B" />
        <lettre idLettre="2" x="266" transcription="ر" LatinTrans="Raa_E" />
      </paw>
      <paw idPaw="2" x="239" transcription="يبا" LatinTrans="Yaa_B Baa_M Alif_E">
        <lettre idLettre="1" x="253" transcription="ي" LatinTrans="Yaa_B" />
        <lettre idLettre="2" x="245" transcription="ب" LatinTrans="Baa_M" />
        <lettre idLettre="3" x="239" transcription="ا" LatinTrans="Alif_E" />
      </paw>
    </word>
    <word idWord="4" x="235" transcription=" " LatinTrans="SPACE">
      <paw idPaw="1" x="235" transcription=" " LatinTrans="SPACE">
        <lettre idLettre="1" x="235" transcription=" " LatinTrans="SPACE" />
      </paw>
    </word>
    <word idWord="5" x="200" transcription="عن" LatinTrans="Ayn_B Nuun_E">
      <paw idPaw="1" x="200" transcription="عن" LatinTrans="Ayn_B Nuun_E">
        <lettre idLettre="1" x="218" transcription="ع" LatinTrans="Ayn_B" />
        <lettre idLettre="2" x="200" transcription="ن" LatinTrans="Nuun_E" />
      </paw>
    </word>
    <word idWord="6" x="197" transcription=" " LatinTrans="SPACE">
      <paw idPaw="1" x="197" transcription=" " LatinTrans="SPACE">
        <lettre idLettre="1" x="197" transcription=" " LatinTrans="SPACE" />
      </paw>
    </word>
    <word idWord="7" x="141" transcription="طائرة" LatinTrans="Thaaa_B Alif_E HamzaAboveAlifBroken_B Raa_E TaaaClosed_I">
      <paw idPaw="1" x="172" transcription="طا" LatinTrans="Thaaa_B Alif_E">
        <lettre idLettre="1" x="180" transcription="ط" LatinTrans="Thaaa_B" />
        <lettre idLettre="2" x="172" transcription="ا" LatinTrans="Alif_E" />
      </paw>
      <paw idPaw="2" x="152" transcription="ئر" LatinTrans="HamzaAboveAlifBroken_B Raa_E">
        <lettre idLettre="1" x="163" transcription="ئ" LatinTrans="HamzaAboveAlifBroken_B" />
        <lettre idLettre="2" x="152" transcription="ر" LatinTrans="Raa_E" />
      </paw>
      <paw idPaw="3" x="141" transcription="ة" LatinTrans="TaaaClosed_I">
        <lettre idLettre="1" x="141" transcription="ة" LatinTrans="TaaaClosed_I" />
      </paw>
    </word>
    <word idWord="8" x="135" transcription=" " LatinTrans="SPACE">
      <paw idPaw="1" x="135" transcription=" " LatinTrans="SPACE">
        <lettre idLettre="1" x="135" transcription=" " LatinTrans="SPACE" />
      </paw>
    </word>
    <word idWord="9" x="69" transcription="إيرانية" LatinTrans="HamzaOnederAlif_I Yaa_B Raa_E Alif_I Nuun_B Yaa_M TaaaClosed_E">
      <paw idPaw="1" x="127" transcription="إ" LatinTrans="HamzaOnederAlif_I">
        <lettre idLettre="1" x="127" transcription="إ" LatinTrans="HamzaUnderAlif_I" />
      </paw>
      <paw idPaw="2" x="108" transcription="ير" LatinTrans="Yaa_B Raa_E">
        <lettre idLettre="1" x="117" transcription="ي" LatinTrans="Yaa_B" />
        <lettre idLettre="2" x="108" transcription="ر" LatinTrans="Raa_E" />
      </paw>
      <paw idPaw="3" x="102" transcription="ا" LatinTrans="Alif_I">
        <lettre idLettre="1" x="102" transcription="ا" LatinTrans="Alif_I" />
      </paw>
      <paw idPaw="4" x="69" transcription="نية" LatinTrans="Nuun_B Yaa_M TaaaClosed_E">
        <lettre idLettre="1" x="93" transcription="ن" LatinTrans="Nuun_B" />
        <lettre idLettre="2" x="81" transcription="ي" LatinTrans="Yaa_M" />
        <lettre idLettre="3" x="69" transcription="ة" LatinTrans="TaaaClosed_E" />
      </paw>
    </word>
    <word idWord="10" x="63" transcription=" " LatinTrans="SPACE">
      <paw idPaw="1" x="63" transcription=" " LatinTrans="SPACE">
        <lettre idLettre="1" x="63" transcription=" " LatinTrans="SPACE" />
      </paw>
    </word>
    <word idWord="11" x="0" transcription="جديدة" LatinTrans="Jiim_B Daal_E Yaa_B Daal_E TaaaClosed_I">
      <paw idPaw="1" x="38" transcription="جد" LatinTrans="Jiim_B Daal_E">
        <lettre idLettre="1" x="50" transcription="ج" LatinTrans="Jiim_B" />
        <lettre idLettre="2" x="38" transcription="د" LatinTrans="Daal_E" />
      </paw>
      <paw idPaw="2" x="16" transcription="يد" LatinTrans="Yaa_B Daal_E">
        <lettre idLettre="1" x="28" transcription="ي" LatinTrans="Yaa_B" />
        <lettre idLettre="2" x="16" transcription="د" LatinTrans="Daal_E" />
      </paw>
      <paw idPaw="3" x="0" transcription="ة" LatinTrans="TaaaClosed_I">
        <lettre idLettre="1" x="0" transcription="ة" LatinTrans="TaaaClosed_I" />
      </paw>
    </word>
  </content>
</textImage>