﻿<?xml version="1.0" encoding="UTF-8" standalone="yes"?>
<textImage id="1" width="234" height="48" transcription="البترولية المحدودة" image="aljazeera_3212-04-29-10_2">
  <ArabicTranscription>البترولية المحدودة</ArabicTranscription>
  <LatinTranscription>Alif_I Laam_B Baa_M Taaa_M Raa_E Waaw_I Laam_B Yaa_M TaaaClosed_E SPACE Alif_I Laam_B Miim_M Haaa_M Daal_E Waaw_I Daal_I TaaaClosed_I</LatinTranscription>
  <content>
    <word idWord="1" x="128" transcription="البترولية" LatinTrans="Alif_I Laam_B Baa_M Taaa_M Raa_E Waaw_I Laam_B Yaa_M TaaaClosed_E">
      <paw idPaw="1" x="223" transcription="ا" LatinTrans="Alif_I">
        <lettre idLettre="1" x="223" transcription="ا" LatinTrans="Alif_I" />
      </paw>
      <paw idPaw="2" x="178" transcription="لبتر" LatinTrans="Laam_B Baa_M Taaa_M Raa_E">
        <lettre idLettre="1" x="214" transcription="ل" LatinTrans="Laam_B" />
        <lettre idLettre="2" x="203" transcription="ب" LatinTrans="Baa_M" />
        <lettre idLettre="3" x="192" transcription="ت" LatinTrans="Taaa_M" />
        <lettre idLettre="4" x="178" transcription="ر" LatinTrans="Raa_E" />
      </paw>
      <paw idPaw="3" x="167" transcription="و" LatinTrans="Waaw_I">
        <lettre idLettre="1" x="167" transcription="و" LatinTrans="Waaw_I" />
      </paw>
      <paw idPaw="4" x="128" transcription="لية" LatinTrans="Laam_B Yaa_M TaaaClosed_E">
        <lettre idLettre="1" x="156" transcription="ل" LatinTrans="Laam_B" />
        <lettre idLettre="2" x="144" transcription="ي" LatinTrans="Yaa_M" />
        <lettre idLettre="3" x="128" transcription="ة" LatinTrans="TaaaClosed_E" />
      </paw>
    </word>
    <word idWord="2" x="119" transcription=" " LatinTrans="SPACE">
      <paw idPaw="1" x="119" transcription=" " LatinTrans="SPACE">
        <lettre idLettre="1" x="119" transcription=" " LatinTrans="SPACE" />
      </paw>
    </word>
    <word idWord="3" x="0" transcription="المحدودة" LatinTrans="Alif_I Laam_B Miim_M Haaa_M Daal_E Waaw_I Daal_I TaaaClosed_I">
      <paw idPaw="1" x="111" transcription="ا" LatinTrans="Alif_I">
        <lettre idLettre="1" x="111" transcription="ا" LatinTrans="Alif_I" />
      </paw>
      <paw idPaw="2" x="45" transcription="لمحد" LatinTrans="Laam_B Miim_M Haaa_M Daal_E">
        <lettre idLettre="1" x="102" transcription="ل" LatinTrans="Laam_B" />
        <lettre idLettre="2" x="84" transcription="م" LatinTrans="Miim_M" />
        <lettre idLettre="3" x="62" transcription="ح" LatinTrans="Haaa_M" />
        <lettre idLettre="4" x="45" transcription="د" LatinTrans="Daal_E" />
      </paw>
      <paw idPaw="3" x="31" transcription="و" LatinTrans="Waaw_I">
        <lettre idLettre="1" x="31" transcription="و" LatinTrans="Waaw_I" />
      </paw>
      <paw idPaw="4" x="16" transcription="د" LatinTrans="Daal_I">
        <lettre idLettre="1" x="16" transcription="د" LatinTrans="Daal_I" />
      </paw>
      <paw idPaw="5" x="0" transcription="ة" LatinTrans="TaaaClosed_I">
        <lettre idLettre="1" x="0" transcription="ة" LatinTrans="TaaaClosed_I" />
      </paw>
    </word>
  </content>
</textImage>