﻿<?xml version="1.0" encoding="UTF-8" standalone="yes"?>
<textImage id="1" width="266" height="54" transcription="عبر ثلاث دبلومات" image="aljazeera_3211-09-27-50_1">
  <ArabicTranscription>عبر ثلاث دبلومات</ArabicTranscription>
  <LatinTranscription>Ayn_B Baa_M Raa_E SPACE Thaa_B Laam_Alif Thaa_I SPACE Daal_I Baa_B Laam_M Waaw_E Miim_B Alif_E Taaa_I</LatinTranscription>
  <content>
    <word idWord="1" x="220" transcription="عبر" LatinTrans="Ayn_B Baa_M Raa_E">
      <paw idPaw="1" x="220" transcription="عبر" LatinTrans="Ayn_B Baa_M Raa_E">
        <lettre idLettre="1" x="246" transcription="ع" LatinTrans="Ayn_B" />
        <lettre idLettre="2" x="233" transcription="ب" LatinTrans="Baa_M" />
        <lettre idLettre="3" x="220" transcription="ر" LatinTrans="Raa_E" />
      </paw>
    </word>
    <word idWord="2" x="212" transcription=" " LatinTrans="SPACE">
      <paw idPaw="1" x="212" transcription=" " LatinTrans="SPACE">
        <lettre idLettre="1" x="212" transcription=" " LatinTrans="SPACE" />
      </paw>
    </word>
    <word idWord="3" x="135" transcription="ثلاث" LatinTrans="Thaa_B Laam_Alif Thaa_I">
      <paw idPaw="1" x="175" transcription="ثلا" LatinTrans="Thaa_B Laam_Alif">
        <lettre idLettre="1" x="198" transcription="ث" LatinTrans="Thaa_B" />
        <lettre idLettre="3" x="175" transcription="لا" LatinTrans="Laam_Alif" />
      </paw>
      <paw idPaw="2" x="135" transcription="ث" LatinTrans="Thaa_I">
        <lettre idLettre="1" x="135" transcription="ث" LatinTrans="Thaa_I" />
      </paw>
    </word>
    <word idWord="4" x="125" transcription=" " LatinTrans="SPACE">
      <paw idPaw="1" x="125" transcription=" " LatinTrans="SPACE">
        <lettre idLettre="1" x="125" transcription=" " LatinTrans="SPACE" />
      </paw>
    </word>
    <word idWord="5" x="0" transcription="دبلومات" LatinTrans="Daal_I Baa_B Laam_M Waaw_E Miim_B Alif_E Taaa_I">
      <paw idPaw="1" x="106" transcription="د" LatinTrans="Daal_I">
        <lettre idLettre="1" x="106" transcription="د" LatinTrans="Daal_I" />
      </paw>
      <paw idPaw="2" x="66" transcription="بلو" LatinTrans="Baa_B Laam_M Waaw_E">
        <lettre idLettre="1" x="94" transcription="ب" LatinTrans="Baa_B" />
        <lettre idLettre="2" x="84" transcription="ل" LatinTrans="Laam_M" />
        <lettre idLettre="3" x="66" transcription="و" LatinTrans="Waaw_E" />
      </paw>
      <paw idPaw="3" x="42" transcription="ما" LatinTrans="Miim_B Alif_E">
        <lettre idLettre="1" x="50" transcription="م" LatinTrans="Miim_B" />
        <lettre idLettre="2" x="42" transcription="ا" LatinTrans="Alif_E" />
      </paw>
      <paw idPaw="4" x="0" transcription="ت" LatinTrans="Taaa_I">
        <lettre idLettre="1" x="0" transcription="ت" LatinTrans="Taaa_I" />
      </paw>
    </word>
  </content>
</textImage>