﻿<?xml version="1.0" encoding="UTF-8" standalone="yes"?>
<textImage id="1" width="488" height="56" transcription="حسن الحميري رئيسا لمجلس القضاء" image="aljazeera_3213-05-33-40_1">
  <ArabicTranscription>حسن الحميري رئيسا لمجلس القضاء</ArabicTranscription>
  <LatinTranscription>Haaa_B Siin_M Nuun_E SPACE Alif_I Laam_B Haaa_M Miim_M Yaa_M Raa_E Yaa_I SPACE Raa_I HamzaAboveAlifBroken_B Yaa_M Siin_M Alif_E SPACE Laam_B Miim_M Jiim_M Laam_M Siin_E SPACE Alif_I Laam_B Gaaf_M Daad_M Alif_E Hamza</LatinTranscription>
  <content>
    <word idWord="1" x="409" transcription="حسن" LatinTrans="Haaa_B Siin_M Nuun_E">
      <paw idPaw="1" x="409" transcription="حسن" LatinTrans="Haaa_B Siin_M Nuun_E">
        <lettre idLettre="1" x="462" transcription="ح" LatinTrans="Haaa_B" />
        <lettre idLettre="2" x="435" transcription="س" LatinTrans="Siin_M" />
        <lettre idLettre="3" x="409" transcription="ن" LatinTrans="Nuun_E" />
      </paw>
    </word>
    <word idWord="2" x="404" transcription=" " LatinTrans="SPACE">
      <paw idPaw="1" x="404" transcription=" " LatinTrans="SPACE">
        <lettre idLettre="1" x="404" transcription=" " LatinTrans="SPACE" />
      </paw>
    </word>
    <word idWord="3" x="299" transcription="الحميري" LatinTrans="Alif_I Laam_B Haaa_M Miim_M Yaa_M Raa_E Yaa_I">
      <paw idPaw="1" x="396" transcription="ا" LatinTrans="Alif_I">
        <lettre idLettre="1" x="396" transcription="ا" LatinTrans="Alif_I" />
      </paw>
      <paw idPaw="2" x="322" transcription="لحمير" LatinTrans="Laam_B Haaa_M Miim_M Yaa_M Raa_E">
        <lettre idLettre="1" x="386" transcription="ل" LatinTrans="Laam_B" />
        <lettre idLettre="2" x="368" transcription="ح" LatinTrans="Haaa_M" />
        <lettre idLettre="3" x="351" transcription="م" LatinTrans="Miim_M" />
        <lettre idLettre="4" x="333" transcription="ي" LatinTrans="Yaa_M" />
        <lettre idLettre="5" x="322" transcription="ر" LatinTrans="Raa_E" />
      </paw>
      <paw idPaw="3" x="299" transcription="ي" LatinTrans="Yaa_I">
        <lettre idLettre="1" x="299" transcription="ي" LatinTrans="Yaa_I" />
      </paw>
    </word>
    <word idWord="4" x="292" transcription=" " LatinTrans="SPACE">
      <paw idPaw="1" x="292" transcription=" " LatinTrans="SPACE">
        <lettre idLettre="1" x="292" transcription=" " LatinTrans="SPACE" />
      </paw>
    </word>
    <word idWord="5" x="210" transcription="رئيسا" LatinTrans="Raa_I HamzaAboveAlifBroken_B Yaa_M Siin_M Alif_E">
      <paw idPaw="1" x="279" transcription="ر" LatinTrans="Raa_I">
        <lettre idLettre="1" x="279" transcription="ر" LatinTrans="Raa_I" />
      </paw>
      <paw idPaw="2" x="210" transcription="ئيسا" LatinTrans="HamzaAboveAlifBroken_B Yaa_M Siin_M Alif_E">
        <lettre idLettre="1" x="268" transcription="ئ" LatinTrans="HamzaAboveAlifBroken_B" />
        <lettre idLettre="2" x="249" transcription="ي" LatinTrans="Yaa_M" />
        <lettre idLettre="3" x="220" transcription="س" LatinTrans="Siin_M" />
        <lettre idLettre="4" x="210" transcription="ا" LatinTrans="Alif_E" />
      </paw>
    </word>
    <word idWord="6" x="206" transcription=" " LatinTrans="SPACE">
      <paw idPaw="1" x="206" transcription=" " LatinTrans="SPACE">
        <lettre idLettre="1" x="206" transcription=" " LatinTrans="SPACE" />
      </paw>
    </word>
    <word idWord="7" x="102" transcription="لمجلس" LatinTrans="Laam_B Miim_M Jiim_M Laam_M Siin_E">
      <paw idPaw="1" x="102" transcription="لمجلس" LatinTrans="Laam_B Miim_M Jiim_M Laam_M Siin_E">
        <lettre idLettre="1" x="196" transcription="ل" LatinTrans="Laam_B" />
        <lettre idLettre="2" x="176" transcription="م" LatinTrans="Miim_M" />
        <lettre idLettre="3" x="156" transcription="ج" LatinTrans="Jiim_M" />
        <lettre idLettre="4" x="145" transcription="ل" LatinTrans="Laam_M" />
        <lettre idLettre="5" x="102" transcription="س" LatinTrans="Siin_E" />
      </paw>
    </word>
    <word idWord="8" x="96" transcription=" " LatinTrans="SPACE">
      <paw idPaw="1" x="96" transcription=" " LatinTrans="SPACE">
        <lettre idLettre="1" x="96" transcription=" " LatinTrans="SPACE" />
      </paw>
    </word>
    <word idWord="9" x="0" transcription="القضاء" LatinTrans="Alif_I Laam_B Gaaf_M Daad_M Alif_E Hamza">
      <paw idPaw="1" x="88" transcription="ا" LatinTrans="Alif_I">
        <lettre idLettre="1" x="88" transcription="ا" LatinTrans="Alif_I" />
      </paw>
      <paw idPaw="2" x="17" transcription="لقضا" LatinTrans="Laam_B Gaaf_M Daad_M Alif_E">
        <lettre idLettre="1" x="78" transcription="ل" LatinTrans="Laam_B" />
        <lettre idLettre="2" x="59" transcription="ق" LatinTrans="Gaaf_M" />
        <lettre idLettre="3" x="28" transcription="ض" LatinTrans="Daad_M" />
        <lettre idLettre="4" x="17" transcription="ا" LatinTrans="Alif_E" />
      </paw>
      <paw idPaw="3" x="0" transcription="ء" LatinTrans="Hamza">
        <lettre idLettre="1" x="0" transcription="ء" LatinTrans="Hamza" />
      </paw>
    </word>
  </content>
</textImage>