﻿<?xml version="1.0" encoding="UTF-8" standalone="yes"?>
<textImage id="1" width="486" height="48" transcription="ليبيا تغلق حدودها في احتفالات" image="aljazeera_3213-05-32-50_1">
  <ArabicTranscription>ليبيا تغلق حدودها في احتفالات</ArabicTranscription>
  <LatinTranscription>Laam_B Yaa_M Baa_M Yaa_M Alif_E SPACE Taaa_B Ghayn_M Laam_M Gaaf_E SPACE Haaa_B Daal_E Waaw_I Daal_I Haa_B Alif_E SPACE Faa_B Yaa_E SPACE Alif_I Haaa_B Taaa_M Faa_M Alif_E Laam_Alif Taaa_I</LatinTranscription>
  <content>
    <word idWord="1" x="420" transcription="ليبيا" LatinTrans="Laam_B Yaa_M Baa_M Yaa_M Alif_E">
      <paw idPaw="1" x="420" transcription="ليبيا" LatinTrans="Laam_B Yaa_M Baa_M Yaa_M Alif_E">
        <lettre idLettre="1" x="474" transcription="ل" LatinTrans="Laam_B" />
        <lettre idLettre="2" x="456" transcription="ي" LatinTrans="Yaa_M" />
        <lettre idLettre="3" x="447" transcription="ب" LatinTrans="Baa_M" />
        <lettre idLettre="4" x="429" transcription="ي" LatinTrans="Yaa_M" />
        <lettre idLettre="5" x="420" transcription="ا" LatinTrans="Alif_E" />
      </paw>
    </word>
    <word idWord="2" x="415" transcription=" " LatinTrans="SPACE">
      <paw idPaw="1" x="415" transcription=" " LatinTrans="SPACE">
        <lettre idLettre="1" x="415" transcription=" " LatinTrans="SPACE" />
      </paw>
    </word>
    <word idWord="3" x="336" transcription="تغلق" LatinTrans="Taaa_B Ghayn_M Laam_M Gaaf_E">
      <paw idPaw="1" x="336" transcription="تغلق" LatinTrans="Taaa_B Ghayn_M Laam_M Gaaf_E">
        <lettre idLettre="1" x="398" transcription="ت" LatinTrans="Taaa_B" />
        <lettre idLettre="2" x="378" transcription="غ" LatinTrans="Ghayn_M" />
        <lettre idLettre="3" x="361" transcription="ل" LatinTrans="Laam_M" />
        <lettre idLettre="4" x="336" transcription="ق" LatinTrans="Gaaf_E" />
      </paw>
    </word>
    <word idWord="4" x="330" transcription=" " LatinTrans="SPACE">
      <paw idPaw="1" x="330" transcription=" " LatinTrans="SPACE">
        <lettre idLettre="1" x="330" transcription=" " LatinTrans="SPACE" />
      </paw>
    </word>
    <word idWord="5" x="198" transcription="حدودها" LatinTrans="Haaa_B Daal_E Waaw_I Daal_I Haa_B Alif_E">
      <paw idPaw="1" x="290" transcription="حد" LatinTrans="Haaa_B Daal_E">
        <lettre idLettre="1" x="308" transcription="ح" LatinTrans="Haaa_B" />
        <lettre idLettre="2" x="290" transcription="د" LatinTrans="Daal_E" />
      </paw>
      <paw idPaw="2" x="275" transcription="و" LatinTrans="Waaw_I">
        <lettre idLettre="1" x="275" transcription="و" LatinTrans="Waaw_I" />
      </paw>
      <paw idPaw="3" x="260" transcription="د" LatinTrans="Daal_I">
        <lettre idLettre="1" x="260" transcription="د" LatinTrans="Daal_I" />
      </paw>
      <paw idPaw="4" x="198" transcription="ها" LatinTrans="Haa_B Alif_E">
        <lettre idLettre="1" x="235" transcription="ه" LatinTrans="Haa_B" />
        <lettre idLettre="2" x="198" transcription="ا" LatinTrans="Alif_E" />
      </paw>
    </word>
    <word idWord="6" x="193" transcription=" " LatinTrans="SPACE">
      <paw idPaw="1" x="193" transcription=" " LatinTrans="SPACE">
        <lettre idLettre="1" x="193" transcription=" " LatinTrans="SPACE" />
      </paw>
    </word>
    <word idWord="7" x="127" transcription="في" LatinTrans="Faa_B Yaa_E">
      <paw idPaw="1" x="127" transcription="في" LatinTrans="Faa_B Yaa_E">
        <lettre idLettre="1" x="169" transcription="ف" LatinTrans="Faa_B" />
        <lettre idLettre="2" x="127" transcription="ي" LatinTrans="Yaa_E" />
      </paw>
    </word>
    <word idWord="8" x="122" transcription=" " LatinTrans="SPACE">
      <paw idPaw="1" x="122" transcription=" " LatinTrans="SPACE">
        <lettre idLettre="1" x="122" transcription=" " LatinTrans="SPACE" />
      </paw>
    </word>
    <word idWord="9" x="0" transcription="احتفالات" LatinTrans="Alif_I Haaa_B Taaa_M Faa_M Alif_E Laam_Alif Taaa_I">
      <paw idPaw="1" x="112" transcription="ا" LatinTrans="Alif_I">
        <lettre idLettre="1" x="112" transcription="ا" LatinTrans="Alif_I" />
      </paw>
      <paw idPaw="2" x="45" transcription="حتفا" LatinTrans="Haaa_B Taaa_M Faa_M Alif_E">
        <lettre idLettre="1" x="90" transcription="ح" LatinTrans="Haaa_B" />
        <lettre idLettre="2" x="74" transcription="ت" LatinTrans="Taaa_M" />
        <lettre idLettre="3" x="57" transcription="ف" LatinTrans="Faa_M" />
        <lettre idLettre="4" x="45" transcription="ا" LatinTrans="Alif_E" />
      </paw>
      <paw idPaw="3" x="27" transcription="لا" LatinTrans="Laam_Alif">
        <lettre idLettre="1" x="27" transcription="لا" LatinTrans="Laam_Alif" />
      </paw>
      <paw idPaw="4" x="0" transcription="ت" LatinTrans="Taaa_I">
        <lettre idLettre="1" x="0" transcription="ت" LatinTrans="Taaa_I" />
      </paw>
    </word>
  </content>
</textImage>