﻿<?xml version="1.0" encoding="UTF-8" standalone="yes"?>
<textImage id="1" width="177" height="41" transcription="من إنتاج الجزيرة" image="aljazeera_3211-17-27-10_1">
  <ArabicTranscription>من إنتاج الجزيرة</ArabicTranscription>
  <LatinTranscription>Miim_B Nuun_E SPACE HamzaOnederAlif_I Nuun_B Taaa_M Alif_E Jiim_I SPACE Alif_I Laam_B Jiim_M Zaay_E Yaa_B Raa_E TaaaClosed_I</LatinTranscription>
  <content>
    <word idWord="1" x="141" transcription="من" LatinTrans="Miim_B Nuun_E">
      <paw idPaw="1" x="141" transcription="من" LatinTrans="Miim_B Nuun_E">
        <lettre idLettre="1" x="159" transcription="م" LatinTrans="Miim_B" />
        <lettre idLettre="2" x="141" transcription="ن" LatinTrans="Nuun_E" />
      </paw>
    </word>
    <word idWord="2" x="137" transcription=" " LatinTrans="SPACE">
      <paw idPaw="1" x="137" transcription=" " LatinTrans="SPACE">
        <lettre idLettre="1" x="137" transcription=" " LatinTrans="SPACE" />
      </paw>
    </word>
    <word idWord="3" x="82" transcription="إنتاج" LatinTrans="HamzaOnederAlif_I Nuun_B Taaa_M Alif_E Jiim_I">
      <paw idPaw="1" x="131" transcription="إ" LatinTrans="HamzaOnederAlif_I">
        <lettre idLettre="1" x="131" transcription="إ" LatinTrans="HamzaUnderAlif_I" />
      </paw>
      <paw idPaw="2" x="100" transcription="نتا" LatinTrans="Nuun_B Taaa_M Alif_E">
        <lettre idLettre="1" x="120" transcription="ن" LatinTrans="Nuun_B" />
        <lettre idLettre="2" x="108" transcription="ت" LatinTrans="Taaa_M" />
        <lettre idLettre="3" x="100" transcription="ا" LatinTrans="Alif_E" />
      </paw>
      <paw idPaw="3" x="82" transcription="ج" LatinTrans="Jiim_I">
        <lettre idLettre="1" x="82" transcription="ج" LatinTrans="Jiim_I" />
      </paw>
    </word>
    <word idWord="4" x="78" transcription=" " LatinTrans="SPACE">
      <paw idPaw="1" x="78" transcription=" " LatinTrans="SPACE">
        <lettre idLettre="1" x="78" transcription=" " LatinTrans="SPACE" />
      </paw>
    </word>
    <word idWord="5" x="0" transcription="الجزيرة" LatinTrans="Alif_I Laam_B Jiim_M Zaay_E Yaa_B Raa_E TaaaClosed_I">
      <paw idPaw="1" x="72" transcription="ا" LatinTrans="Alif_I">
        <lettre idLettre="1" x="72" transcription="ا" LatinTrans="Alif_I" />
      </paw>
      <paw idPaw="2" x="39" transcription="لجز" LatinTrans="Laam_B Jiim_M Zaay_E">
        <lettre idLettre="1" x="63" transcription="ل" LatinTrans="Laam_B" />
        <lettre idLettre="2" x="49" transcription="ج" LatinTrans="Jiim_M" />
        <lettre idLettre="3" x="39" transcription="ز" LatinTrans="Zaay_E" />
      </paw>
      <paw idPaw="3" x="18" transcription="ير" LatinTrans="Yaa_B Raa_E">
        <lettre idLettre="1" x="28" transcription="ي" LatinTrans="Yaa_B" />
        <lettre idLettre="2" x="18" transcription="ر" LatinTrans="Raa_E" />
      </paw>
      <paw idPaw="4" x="0" transcription="ة" LatinTrans="TaaaClosed_I">
        <lettre idLettre="1" x="0" transcription="ة" LatinTrans="TaaaClosed_I" />
      </paw>
    </word>
  </content>
</textImage>