﻿<?xml version="1.0" encoding="UTF-8" standalone="yes"?>
<textImage id="1" width="96" height="39" transcription="سيدني" image="aljazeera_3212-01-55-40_1">
  <ArabicTranscription>سيدني</ArabicTranscription>
  <LatinTranscription>Siin_B Yaa_M Daal_E Nuun_B Yaa_E</LatinTranscription>
  <content>
    <word idWord="1" x="0" transcription="سيدني" LatinTrans="Siin_B Yaa_M Daal_E Nuun_B Yaa_E">
      <paw idPaw="1" x="37" transcription="سيد" LatinTrans="Siin_B Yaa_M Daal_E">
        <lettre idLettre="1" x="69" transcription="س" LatinTrans="Siin_B" />
        <lettre idLettre="2" x="53" transcription="ي" LatinTrans="Yaa_M" />
        <lettre idLettre="3" x="37" transcription="د" LatinTrans="Daal_E" />
      </paw>
      <paw idPaw="2" x="0" transcription="ني" LatinTrans="Nuun_B Yaa_E">
        <lettre idLettre="1" x="26" transcription="ن" LatinTrans="Nuun_B" />
        <lettre idLettre="2" x="0" transcription="ي" LatinTrans="Yaa_E" />
      </paw>
    </word>
  </content>
</textImage>