﻿<?xml version="1.0" encoding="UTF-8" standalone="yes"?>
<textImage id="1" width="117" height="36" transcription="أستراليا" image="aljazeera_3212-05-31-00_1">
  <ArabicTranscription>أستراليا</ArabicTranscription>
  <LatinTranscription>HamzaAboveAlif_I Siin_B Taaa_M Raa_E Alif_I Laam_B Yaa_M Alif_E</LatinTranscription>
  <content>
    <word idWord="1" x="0" transcription="أستراليا" LatinTrans="HamzaAboveAlif_I Siin_B Taaa_M Raa_E Alif_I Laam_B Yaa_M Alif_E">
      <paw idPaw="1" x="105" transcription="أ" LatinTrans="HamzaAboveAlif_I">
        <lettre idLettre="1" x="105" transcription="أ" LatinTrans="HamzaAboveAlif_I" />
      </paw>
      <paw idPaw="2" x="50" transcription="ستر" LatinTrans="Siin_B Taaa_M Raa_E">
        <lettre idLettre="1" x="87" transcription="س" LatinTrans="Siin_B" />
        <lettre idLettre="2" x="70" transcription="ت" LatinTrans="Taaa_M" />
        <lettre idLettre="3" x="50" transcription="ر" LatinTrans="Raa_E" />
      </paw>
      <paw idPaw="3" x="44" transcription="ا" LatinTrans="Alif_I">
        <lettre idLettre="1" x="44" transcription="ا" LatinTrans="Alif_I" />
      </paw>
      <paw idPaw="4" x="0" transcription="ليا" LatinTrans="Laam_B Yaa_M Alif_E">
        <lettre idLettre="1" x="39" transcription="ل" LatinTrans="Laam_B" />
        <lettre idLettre="2" x="23" transcription="ي" LatinTrans="Yaa_M" />
        <lettre idLettre="3" x="0" transcription="ا" LatinTrans="Alif_E" />
      </paw>
    </word>
  </content>
</textImage>