﻿<?xml version="1.0" encoding="UTF-8" standalone="yes"?>
<textImage id="3" width="485" height="44" transcription="خطف رجل دين مصري" image="aljazeera_3213-05-34-10_3">
  <ArabicTranscription>خطف رجل دين مصري</ArabicTranscription>
  <LatinTranscription>Xaa_B Thaaa_M Faa_E SPACE Raa_I Jiim_B Laam_E SPACE Daal_I Yaa_B Nuun_E SPACE Miim_B Saad_M Raa_E Yaa_I</LatinTranscription>
  <content>
    <word idWord="1" x="346" transcription="خطف" LatinTrans="Xaa_B Thaaa_M Faa_E">
      <paw idPaw="1" x="346" transcription="خطف" LatinTrans="Xaa_B Thaaa_M Faa_E">
        <lettre idLettre="1" x="458" transcription="خ" LatinTrans="Xaa_B" />
        <lettre idLettre="2" x="411" transcription="ط" LatinTrans="Thaaa_M" />
        <lettre idLettre="3" x="346" transcription="ف" LatinTrans="Faa_E" />
      </paw>
    </word>
    <word idWord="2" x="340" transcription=" " LatinTrans="SPACE">
      <paw idPaw="1" x="340" transcription=" " LatinTrans="SPACE">
        <lettre idLettre="1" x="340" transcription=" " LatinTrans="SPACE" />
      </paw>
    </word>
    <word idWord="3" x="236" transcription="رجل" LatinTrans="Raa_I Jiim_B Laam_E">
      <paw idPaw="1" x="326" transcription="ر" LatinTrans="Raa_I">
        <lettre idLettre="1" x="326" transcription="ر" LatinTrans="Raa_I" />
      </paw>
      <paw idPaw="2" x="236" transcription="جل" LatinTrans="Jiim_B Laam_E">
        <lettre idLettre="1" x="293" transcription="ج" LatinTrans="Jiim_B" />
        <lettre idLettre="2" x="236" transcription="ل" LatinTrans="Laam_E" />
      </paw>
    </word>
    <word idWord="4" x="229" transcription=" " LatinTrans="SPACE">
      <paw idPaw="1" x="229" transcription=" " LatinTrans="SPACE">
        <lettre idLettre="1" x="229" transcription=" " LatinTrans="SPACE" />
      </paw>
    </word>
    <word idWord="5" x="128" transcription="دين" LatinTrans="Daal_I Yaa_B Nuun_E">
      <paw idPaw="1" x="213" transcription="د" LatinTrans="Daal_I">
        <lettre idLettre="1" x="213" transcription="د" LatinTrans="Daal_I" />
      </paw>
      <paw idPaw="2" x="128" transcription="ين" LatinTrans="Yaa_B Nuun_E">
        <lettre idLettre="1" x="187" transcription="ي" LatinTrans="Yaa_B" />
        <lettre idLettre="2" x="128" transcription="ن" LatinTrans="Nuun_E" />
      </paw>
    </word>
    <word idWord="6" x="122" transcription=" " LatinTrans="SPACE">
      <paw idPaw="1" x="122" transcription=" " LatinTrans="SPACE">
        <lettre idLettre="1" x="122" transcription=" " LatinTrans="SPACE" />
      </paw>
    </word>
    <word idWord="7" x="0" transcription="مصري" LatinTrans="Miim_B Saad_M Raa_E Yaa_I">
      <paw idPaw="1" x="24" transcription="مصر" LatinTrans="Miim_B Saad_M Raa_E">
        <lettre idLettre="1" x="104" transcription="م" LatinTrans="Miim_B" />
        <lettre idLettre="2" x="50" transcription="ص" LatinTrans="Saad_M" />
        <lettre idLettre="3" x="24" transcription="ر" LatinTrans="Raa_E" />
      </paw>
      <paw idPaw="2" x="0" transcription="ي" LatinTrans="Yaa_I">
        <lettre idLettre="1" x="0" transcription="ي" LatinTrans="Yaa_I" />
      </paw>
    </word>
  </content>
</textImage>