﻿<?xml version="1.0" encoding="UTF-8" standalone="yes"?>
<textImage id="4" width="205" height="34" transcription="بعد معارك عنيفة" image="aljazeera_3212-05-05-00_4">
  <ArabicTranscription>بعد معارك عنيفة</ArabicTranscription>
  <LatinTranscription>Baa_B Ayn_M Daal_E SPACE Miim_B Ayn_M Alif_E Raa_I Kaaf_I SPACE Ayn_B Nuun_M Yaa_M Faa_M TaaaClosed_E</LatinTranscription>
  <content>
    <word idWord="1" x="147" transcription="بعد" LatinTrans="Baa_B Ayn_M Daal_E">
      <paw idPaw="1" x="147" transcription="بعد" LatinTrans="Baa_B Ayn_M Daal_E">
        <lettre idLettre="1" x="190" transcription="ب" LatinTrans="Baa_B" />
        <lettre idLettre="2" x="174" transcription="ع" LatinTrans="Ayn_M" />
        <lettre idLettre="3" x="147" transcription="د" LatinTrans="Daal_E" />
      </paw>
    </word>
    <word idWord="2" x="144" transcription=" " LatinTrans="SPACE">
      <paw idPaw="1" x="144" transcription=" " LatinTrans="SPACE">
        <lettre idLettre="1" x="144" transcription=" " LatinTrans="SPACE" />
      </paw>
    </word>
    <word idWord="3" x="82" transcription="معارك" LatinTrans="Miim_B Ayn_M Alif_E Raa_I Kaaf_I">
      <paw idPaw="1" x="110" transcription="معا" LatinTrans="Miim_B Ayn_M Alif_E">
        <lettre idLettre="1" x="132" transcription="م" LatinTrans="Miim_B" />
        <lettre idLettre="2" x="117" transcription="ع" LatinTrans="Ayn_M" />
        <lettre idLettre="3" x="110" transcription="ا" LatinTrans="Alif_E" />
      </paw>
      <paw idPaw="2" x="103" transcription="ر" LatinTrans="Raa_I">
        <lettre idLettre="1" x="103" transcription="ر" LatinTrans="Raa_I" />
      </paw>
      <paw idPaw="3" x="82" transcription="ك" LatinTrans="Kaaf_I">
        <lettre idLettre="1" x="82" transcription="ك" LatinTrans="Kaaf_I" />
      </paw>
    </word>
    <word idWord="4" x="79" transcription=" " LatinTrans="SPACE">
      <paw idPaw="1" x="79" transcription=" " LatinTrans="SPACE">
        <lettre idLettre="1" x="79" transcription=" " LatinTrans="SPACE" />
      </paw>
    </word>
    <word idWord="5" x="0" transcription="عنيفة" LatinTrans="Ayn_B Nuun_M Yaa_M Faa_M TaaaClosed_E">
      <paw idPaw="1" x="0" transcription="عنيفة" LatinTrans="Ayn_B Nuun_M Yaa_M Faa_M TaaaClosed_E">
        <lettre idLettre="1" x="64" transcription="ع" LatinTrans="Ayn_B" />
        <lettre idLettre="2" x="56" transcription="ن" LatinTrans="Nuun_M" />
        <lettre idLettre="3" x="46" transcription="ي" LatinTrans="Yaa_M" />
        <lettre idLettre="4" x="32" transcription="ف" LatinTrans="Faa_M" />
        <lettre idLettre="5" x="0" transcription="ة" LatinTrans="TaaaClosed_E" />
      </paw>
    </word>
  </content>
</textImage>