﻿<?xml version="1.0" encoding="UTF-8" standalone="yes"?>
<textImage id="1" width="225" height="118" transcription="الرئيسي" image="aljazeera_3212-01-21-20_1">
  <ArabicTranscription>الرئيسي</ArabicTranscription>
  <LatinTranscription>Alif_I Laam_B Raa_E HamzaAboveAlifBroken_B Yaa_M Siin_M Yaa_E</LatinTranscription>
  <content>
    <word idWord="1" x="0" transcription="الرئيسي" LatinTrans="Alif_I Laam_B Raa_E HamzaAboveAlifBroken_B Yaa_M Siin_M Yaa_E">
      <paw idPaw="1" x="206" transcription="ا" LatinTrans="Alif_I">
        <lettre idLettre="1" x="206" transcription="ا" LatinTrans="Alif_I" />
      </paw>
      <paw idPaw="2" x="172" transcription="لر" LatinTrans="Laam_B Raa_E">
        <lettre idLettre="1" x="191" transcription="ل" LatinTrans="Laam_B" />
        <lettre idLettre="2" x="172" transcription="ر" LatinTrans="Raa_E" />
      </paw>
      <paw idPaw="3" x="0" transcription="ئيسي" LatinTrans="HamzaAboveAlifBroken_B Yaa_M Siin_M Yaa_E">
        <lettre idLettre="1" x="145" transcription="ئ" LatinTrans="HamzaAboveAlifBroken_B" />
        <lettre idLettre="2" x="107" transcription="ي" LatinTrans="Yaa_M" />
        <lettre idLettre="3" x="62" transcription="س" LatinTrans="Siin_M" />
        <lettre idLettre="4" x="0" transcription="ي" LatinTrans="Yaa_E" />
      </paw>
    </word>
  </content>
</textImage>