﻿<?xml version="1.0" encoding="UTF-8" standalone="yes"?>
<textImage id="1" width="174" height="48" transcription="منتصف اليوم" image="aljazeera_3211-11-59-30_1">
  <ArabicTranscription>منتصف اليوم</ArabicTranscription>
  <LatinTranscription>Miim_B Nuun_M Taaa_M Saad_M Faa_E SPACE Alif_I Laam_B Yaa_M Waaw_E Miim_I</LatinTranscription>
  <content>
    <word idWord="1" x="72" transcription="منتصف" LatinTrans="Miim_B Nuun_M Taaa_M Saad_M Faa_E">
      <paw idPaw="1" x="72" transcription="منتصف" LatinTrans="Miim_B Nuun_M Taaa_M Saad_M Faa_E">
        <lettre idLettre="1" x="155" transcription="م" LatinTrans="Miim_B" />
        <lettre idLettre="2" x="146" transcription="ن" LatinTrans="Nuun_M" />
        <lettre idLettre="3" x="130" transcription="ت" LatinTrans="Taaa_M" />
        <lettre idLettre="4" x="104" transcription="ص" LatinTrans="Saad_M" />
        <lettre idLettre="5" x="72" transcription="ف" LatinTrans="Faa_E" />
      </paw>
    </word>
    <word idWord="2" x="66" transcription=" " LatinTrans="SPACE">
      <paw idPaw="1" x="66" transcription=" " LatinTrans="SPACE">
        <lettre idLettre="1" x="66" transcription=" " LatinTrans="SPACE" />
      </paw>
    </word>
    <word idWord="3" x="0" transcription="اليوم" LatinTrans="Alif_I Laam_B Yaa_M Waaw_E Miim_I">
      <paw idPaw="1" x="60" transcription="ا" LatinTrans="Alif_I">
        <lettre idLettre="1" x="60" transcription="ا" LatinTrans="Alif_I" />
      </paw>
      <paw idPaw="2" x="25" transcription="ليو" LatinTrans="Laam_B Yaa_M Waaw_E">
        <lettre idLettre="1" x="52" transcription="ل" LatinTrans="Laam_B" />
        <lettre idLettre="2" x="40" transcription="ي" LatinTrans="Yaa_M" />
        <lettre idLettre="3" x="25" transcription="و" LatinTrans="Waaw_E" />
      </paw>
      <paw idPaw="3" x="0" transcription="م" LatinTrans="Miim_I">
        <lettre idLettre="1" x="0" transcription="م" LatinTrans="Miim_I" />
      </paw>
    </word>
  </content>
</textImage>