﻿<?xml version="1.0" encoding="UTF-8" standalone="yes"?>
<textImage id="2" width="231" height="35" transcription="أزمة تشكيل الحكومة" image="aljazeera_3211-10-12-00_2">
  <ArabicTranscription>أزمة تشكيل الحكومة</ArabicTranscription>
  <LatinTranscription>HamzaAboveAlif_I Zaay_I Miim_B TaaaClosed_E SPACE Taaa_B Shiin_M Kaaf_M Yaa_M Laam_E SPACE Alif_I Laam_B Haaa_M Kaaf_M Waaw_E Miim_B TaaaClosed_E</LatinTranscription>
  <content>
    <word idWord="1" x="173" transcription="أزمة" LatinTrans="HamzaAboveAlif_I Zaay_I Miim_B TaaaClosed_E">
      <paw idPaw="1" x="218" transcription="أ" LatinTrans="HamzaAboveAlif_I">
        <lettre idLettre="1" x="218" transcription="أ" LatinTrans="HamzaAboveAlif_I" />
      </paw>
      <paw idPaw="2" x="210" transcription="ز" LatinTrans="Zaay_I">
        <lettre idLettre="1" x="210" transcription="ز" LatinTrans="Zaay_I" />
      </paw>
      <paw idPaw="3" x="173" transcription="مة" LatinTrans="Miim_B TaaaClosed_E">
        <lettre idLettre="1" x="196" transcription="م" LatinTrans="Miim_B" />
        <lettre idLettre="2" x="173" transcription="ة" LatinTrans="TaaaClosed_E" />
      </paw>
    </word>
    <word idWord="2" x="170" transcription=" " LatinTrans="SPACE">
      <paw idPaw="1" x="170" transcription=" " LatinTrans="SPACE">
        <lettre idLettre="1" x="170" transcription=" " LatinTrans="SPACE" />
      </paw>
    </word>
    <word idWord="3" x="92" transcription="تشكيل" LatinTrans="Taaa_B Shiin_M Kaaf_M Yaa_M Laam_E">
      <paw idPaw="1" x="92" transcription="تشكيل" LatinTrans="Taaa_B Shiin_M Kaaf_M Yaa_M Laam_E">
        <lettre idLettre="1" x="161" transcription="ت" LatinTrans="Taaa_B" />
        <lettre idLettre="2" x="144" transcription="ش" LatinTrans="Shiin_M" />
        <lettre idLettre="3" x="130" transcription="ك" LatinTrans="Kaaf_M" />
        <lettre idLettre="4" x="118" transcription="ي" LatinTrans="Yaa_M" />
        <lettre idLettre="5" x="92" transcription="ل" LatinTrans="Laam_E" />
      </paw>
    </word>
    <word idWord="4" x="88" transcription=" " LatinTrans="SPACE">
      <paw idPaw="1" x="88" transcription=" " LatinTrans="SPACE">
        <lettre idLettre="1" x="88" transcription=" " LatinTrans="SPACE" />
      </paw>
    </word>
    <word idWord="5" x="0" transcription="الحكومة" LatinTrans="Alif_I Laam_B Haaa_M Kaaf_M Waaw_E Miim_B TaaaClosed_E">
      <paw idPaw="1" x="82" transcription="ا" LatinTrans="Alif_I">
        <lettre idLettre="1" x="82" transcription="ا" LatinTrans="Alif_I" />
      </paw>
      <paw idPaw="2" x="41" transcription="لحكو" LatinTrans="Laam_B Haaa_M Kaaf_M Waaw_E">
        <lettre idLettre="1" x="75" transcription="ل" LatinTrans="Laam_B" />
        <lettre idLettre="2" x="63" transcription="ح" LatinTrans="Haaa_M" />
        <lettre idLettre="3" x="53" transcription="ك" LatinTrans="Kaaf_M" />
        <lettre idLettre="4" x="41" transcription="و" LatinTrans="Waaw_E" />
      </paw>
      <paw idPaw="3" x="0" transcription="مة" LatinTrans="Miim_B TaaaClosed_E">
        <lettre idLettre="1" x="30" transcription="م" LatinTrans="Miim_B" />
        <lettre idLettre="2" x="0" transcription="ة" LatinTrans="TaaaClosed_E" />
      </paw>
    </word>
  </content>
</textImage>