﻿<?xml version="1.0" encoding="UTF-8" standalone="yes"?>
<textImage id="1" width="207" height="33" transcription="صور التلفزيون السوري" image="aljazeera_3211-20-12-00_1">
  <ArabicTranscription>صور التلفزيون السوري</ArabicTranscription>
  <LatinTranscription>Saad_B Waaw_E Raa_I SPACE Alif_I Laam_B Taaa_M Laam_M Faa_M Zaay_E Yaa_B Waaw_E Nuun_I SPACE Alif_I Laam_B Siin_M Waaw_E Raa_I Yaa_I</LatinTranscription>
  <content>
    <word idWord="1" x="163" transcription="صور" LatinTrans="Saad_B Waaw_E Raa_I">
      <paw idPaw="1" x="172" transcription="صو" LatinTrans="Saad_B Waaw_E">
        <lettre idLettre="1" x="183" transcription="ص" LatinTrans="Saad_B" />
        <lettre idLettre="2" x="172" transcription="و" LatinTrans="Waaw_E" />
      </paw>
      <paw idPaw="2" x="163" transcription="ر" LatinTrans="Raa_I">
        <lettre idLettre="1" x="163" transcription="ر" LatinTrans="Raa_I" />
      </paw>
    </word>
    <word idWord="2" x="160" transcription=" " LatinTrans="SPACE">
      <paw idPaw="1" x="160" transcription=" " LatinTrans="SPACE">
        <lettre idLettre="1" x="160" transcription=" " LatinTrans="SPACE" />
      </paw>
    </word>
    <word idWord="3" x="70" transcription="التلفزيون" LatinTrans="Alif_I Laam_B Taaa_M Laam_M Faa_M Zaay_E Yaa_B Waaw_E Nuun_I">
      <paw idPaw="1" x="153" transcription="ا" LatinTrans="Alif_I">
        <lettre idLettre="1" x="153" transcription="ا" LatinTrans="Alif_I" />
      </paw>
      <paw idPaw="2" x="108" transcription="لتلفز" LatinTrans="Laam_B Taaa_M Laam_M Faa_M Zaay_E">
        <lettre idLettre="1" x="148" transcription="ل" LatinTrans="Laam_B" />
        <lettre idLettre="2" x="137" transcription="ت" LatinTrans="Taaa_M" />
        <lettre idLettre="3" x="131" transcription="ل" LatinTrans="Laam_M" />
        <lettre idLettre="4" x="117" transcription="ف" LatinTrans="Faa_M" />
        <lettre idLettre="5" x="108" transcription="ز" LatinTrans="Zaay_E" />
      </paw>
      <paw idPaw="3" x="86" transcription="يو" LatinTrans="Yaa_B Waaw_E">
        <lettre idLettre="1" x="96" transcription="ي" LatinTrans="Yaa_B" />
        <lettre idLettre="2" x="86" transcription="و" LatinTrans="Waaw_E" />
      </paw>
      <paw idPaw="4" x="70" transcription="ن" LatinTrans="Nuun_I">
        <lettre idLettre="1" x="70" transcription="ن" LatinTrans="Nuun_I" />
      </paw>
    </word>
    <word idWord="4" x="68" transcription=" " LatinTrans="SPACE">
      <paw idPaw="1" x="68" transcription=" " LatinTrans="SPACE">
        <lettre idLettre="1" x="68" transcription=" " LatinTrans="SPACE" />
      </paw>
    </word>
    <word idWord="5" x="0" transcription="السوري" LatinTrans="Alif_I Laam_B Siin_M Waaw_E Raa_I Yaa_I">
      <paw idPaw="1" x="63" transcription="ا" LatinTrans="Alif_I">
        <lettre idLettre="1" x="63" transcription="ا" LatinTrans="Alif_I" />
      </paw>
      <paw idPaw="2" x="27" transcription="لسو" LatinTrans="Laam_B Siin_M Waaw_E">
        <lettre idLettre="1" x="57" transcription="ل" LatinTrans="Laam_B" />
        <lettre idLettre="2" x="38" transcription="س" LatinTrans="Siin_M" />
        <lettre idLettre="3" x="27" transcription="و" LatinTrans="Waaw_E" />
      </paw>
      <paw idPaw="3" x="19" transcription="ر" LatinTrans="Raa_I">
        <lettre idLettre="1" x="19" transcription="ر" LatinTrans="Raa_I" />
      </paw>
      <paw idPaw="4" x="0" transcription="ي" LatinTrans="Yaa_I">
        <lettre idLettre="1" x="0" transcription="ي" LatinTrans="Yaa_I" />
      </paw>
    </word>
  </content>
</textImage>