﻿<?xml version="1.0" encoding="UTF-8" standalone="yes"?>
<textImage id="1" width="141" height="37" transcription="حديث الثورة" image="aljazeera_3211-10-19-10_1">
  <ArabicTranscription>حديث الثورة</ArabicTranscription>
  <LatinTranscription>Haaa_B Daal_E Yaa_B Thaa_E SPACE Alif_I Laam_B Thaa_M Waaw_E Raa_I TaaaClosed_I</LatinTranscription>
  <content>
    <word idWord="1" x="71" transcription="حديث" LatinTrans="Haaa_B Daal_E Yaa_B Thaa_E">
      <paw idPaw="1" x="106" transcription="حد" LatinTrans="Haaa_B Daal_E">
        <lettre idLettre="1" x="120" transcription="ح" LatinTrans="Haaa_B" />
        <lettre idLettre="2" x="106" transcription="د" LatinTrans="Daal_E" />
      </paw>
      <paw idPaw="2" x="71" transcription="يث" LatinTrans="Yaa_B Thaa_E">
        <lettre idLettre="1" x="94" transcription="ي" LatinTrans="Yaa_B" />
        <lettre idLettre="2" x="71" transcription="ث" LatinTrans="Thaa_E" />
      </paw>
    </word>
    <word idWord="2" x="66" transcription=" " LatinTrans="SPACE">
      <paw idPaw="1" x="66" transcription=" " LatinTrans="SPACE">
        <lettre idLettre="1" x="66" transcription=" " LatinTrans="SPACE" />
      </paw>
    </word>
    <word idWord="3" x="0" transcription="الثورة" LatinTrans="Alif_I Laam_B Thaa_M Waaw_E Raa_I TaaaClosed_I">
      <paw idPaw="1" x="60" transcription="ا" LatinTrans="Alif_I">
        <lettre idLettre="1" x="60" transcription="ا" LatinTrans="Alif_I" />
      </paw>
      <paw idPaw="2" x="26" transcription="لثو" LatinTrans="Laam_B Thaa_M Waaw_E">
        <lettre idLettre="1" x="54" transcription="ل" LatinTrans="Laam_B" />
        <lettre idLettre="2" x="40" transcription="ث" LatinTrans="Thaa_M" />
        <lettre idLettre="3" x="26" transcription="و" LatinTrans="Waaw_E" />
      </paw>
      <paw idPaw="3" x="17" transcription="ر" LatinTrans="Raa_I">
        <lettre idLettre="1" x="17" transcription="ر" LatinTrans="Raa_I" />
      </paw>
      <paw idPaw="4" x="0" transcription="ة" LatinTrans="TaaaClosed_I">
        <lettre idLettre="1" x="0" transcription="ة" LatinTrans="TaaaClosed_I" />
      </paw>
    </word>
  </content>
</textImage>