﻿<?xml version="1.0" encoding="UTF-8" standalone="yes"?>
<textImage id="1" width="337" height="34" transcription="خلفاء محتملون للبابا" image="aljazeera_3212-06-32-10_1">
  <ArabicTranscription>خلفاء محتملون للبابا</ArabicTranscription>
  <LatinTranscription>Xaa_B Laam_M Faa_M Alif_E Hamza SPACE Miim_B Haaa_M Taaa_M Miim_M Laam_M Waaw_E Nuun_I SPACE Laam_B Laam_M Baa_M Alif_E Baa_B Alif_E</LatinTranscription>
  <content>
    <word idWord="1" x="208" transcription="خلفاء" LatinTrans="Xaa_B Laam_M Faa_M Alif_E Hamza">
      <paw idPaw="1" x="223" transcription="خلفا" LatinTrans="Xaa_B Laam_M Faa_M Alif_E">
        <lettre idLettre="1" x="314" transcription="خ" LatinTrans="Xaa_B" />
        <lettre idLettre="2" x="286" transcription="ل" LatinTrans="Laam_M" />
        <lettre idLettre="3" x="248" transcription="ف" LatinTrans="Faa_M" />
        <lettre idLettre="4" x="223" transcription="ا" LatinTrans="Alif_E" />
      </paw>
      <paw idPaw="2" x="208" transcription="ء" LatinTrans="Hamza">
        <lettre idLettre="1" x="208" transcription="ء" LatinTrans="Hamza" />
      </paw>
    </word>
    <word idWord="2" x="203" transcription=" " LatinTrans="SPACE">
      <paw idPaw="1" x="203" transcription=" " LatinTrans="SPACE">
        <lettre idLettre="1" x="203" transcription=" " LatinTrans="SPACE" />
      </paw>
    </word>
    <word idWord="3" x="94" transcription="محتملون" LatinTrans="Miim_B Haaa_M Taaa_M Miim_M Laam_M Waaw_E Nuun_I">
      <paw idPaw="1" x="116" transcription="محتملو" LatinTrans="Miim_B Haaa_M Taaa_M Miim_M Laam_M Waaw_E">
        <lettre idLettre="1" x="188" transcription="م" LatinTrans="Miim_B" />
        <lettre idLettre="2" x="170" transcription="ح" LatinTrans="Haaa_M" />
        <lettre idLettre="3" x="155" transcription="ت" LatinTrans="Taaa_M" />
        <lettre idLettre="4" x="142" transcription="م" LatinTrans="Miim_M" />
        <lettre idLettre="5" x="131" transcription="ل" LatinTrans="Laam_M" />
        <lettre idLettre="6" x="116" transcription="و" LatinTrans="Waaw_E" />
      </paw>
      <paw idPaw="2" x="94" transcription="ن" LatinTrans="Nuun_I">
        <lettre idLettre="1" x="94" transcription="ن" LatinTrans="Nuun_I" />
      </paw>
    </word>
    <word idWord="4" x="89" transcription=" " LatinTrans="SPACE">
      <paw idPaw="1" x="89" transcription=" " LatinTrans="SPACE">
        <lettre idLettre="1" x="89" transcription=" " LatinTrans="SPACE" />
      </paw>
    </word>
    <word idWord="5" x="0" transcription="للبابا" LatinTrans="Laam_B Laam_M Baa_M Alif_E Baa_B Alif_E">
      <paw idPaw="1" x="50" transcription="للبا" LatinTrans="Laam_B Laam_M Baa_M Alif_E">
        <lettre idLettre="1" x="81" transcription="ل" LatinTrans="Laam_B" />
        <lettre idLettre="2" x="70" transcription="ل" LatinTrans="Laam_M" />
        <lettre idLettre="3" x="56" transcription="ب" LatinTrans="Baa_M" />
        <lettre idLettre="4" x="50" transcription="ا" LatinTrans="Alif_E" />
      </paw>
      <paw idPaw="2" x="0" transcription="با" LatinTrans="Baa_B Alif_E">
        <lettre idLettre="1" x="34" transcription="ب" LatinTrans="Baa_B" />
        <lettre idLettre="2" x="0" transcription="ا" LatinTrans="Alif_E" />
      </paw>
    </word>
  </content>
</textImage>