﻿<?xml version="1.0" encoding="UTF-8" standalone="yes"?>
<textImage id="1" width="354" height="36" transcription="تداعيات قضيةاغتيال شكري بلعيد" image="aljazeera_3212-01-09-50_1">
  <ArabicTranscription>تداعيات قضيةاغتيال شكري بلعيد</ArabicTranscription>
  <LatinTranscription>Taaa_B Daal_E Alif_I Ayn_B Yaa_M Alif_E Taaa_I SPACE Gaaf_B Daad_M Yaa_M TaaaClosed_E Alif_I Ghayn_B Taaa_M Yaa_M Alif_E Laam_I SPACE Shiin_B Kaaf_M Raa_E Yaa_I SPACE Baa_B Laam_M Ayn_M Yaa_M Daal_E</LatinTranscription>
  <content>
    <word idWord="1" x="265" transcription="تداعيات" LatinTrans="Taaa_B Daal_E Alif_I Ayn_B Yaa_M Alif_E Taaa_I">
      <paw idPaw="1" x="325" transcription="تد" LatinTrans="Taaa_B Daal_E">
        <lettre idLettre="1" x="339" transcription="ت" LatinTrans="Taaa_B" />
        <lettre idLettre="2" x="325" transcription="د" LatinTrans="Daal_E" />
      </paw>
      <paw idPaw="2" x="319" transcription="ا" LatinTrans="Alif_I">
        <lettre idLettre="1" x="319" transcription="ا" LatinTrans="Alif_I" />
      </paw>
      <paw idPaw="3" x="285" transcription="عيا" LatinTrans="Ayn_B Yaa_M Alif_E">
        <lettre idLettre="1" x="306" transcription="ع" LatinTrans="Ayn_B" />
        <lettre idLettre="2" x="292" transcription="ي" LatinTrans="Yaa_M" />
        <lettre idLettre="3" x="285" transcription="ا" LatinTrans="Alif_E" />
      </paw>
      <paw idPaw="4" x="265" transcription="ت" LatinTrans="Taaa_I">
        <lettre idLettre="1" x="265" transcription="ت" LatinTrans="Taaa_I" />
      </paw>
    </word>
    <word idWord="2" x="262" transcription=" " LatinTrans="SPACE">
      <paw idPaw="1" x="262" transcription=" " LatinTrans="SPACE">
        <lettre idLettre="1" x="262" transcription=" " LatinTrans="SPACE" />
      </paw>
    </word>
    <word idWord="3" x="131" transcription="قضيةاغتيال" LatinTrans="Gaaf_B Daad_M Yaa_M TaaaClosed_E Alif_I Ghayn_B Taaa_M Yaa_M Alif_E Laam_I">
      <paw idPaw="1" x="198" transcription="قضية" LatinTrans="Gaaf_B Daad_M Yaa_M TaaaClosed_E">
        <lettre idLettre="1" x="246" transcription="ق" LatinTrans="Gaaf_B" />
        <lettre idLettre="2" x="224" transcription="ض" LatinTrans="Daad_M" />
        <lettre idLettre="3" x="212" transcription="ي" LatinTrans="Yaa_M" />
        <lettre idLettre="4" x="198" transcription="ة" LatinTrans="TaaaClosed_E" />
      </paw>
      <paw idPaw="2" x="192" transcription="ا" LatinTrans="Alif_I">
        <lettre idLettre="1" x="192" transcription="ا" LatinTrans="Alif_I" />
      </paw>
      <paw idPaw="3" x="146" transcription="غتيا" LatinTrans="Ghayn_B Taaa_M Yaa_M Alif_E">
        <lettre idLettre="1" x="176" transcription="غ" LatinTrans="Ghayn_B" />
        <lettre idLettre="2" x="165" transcription="ت" LatinTrans="Taaa_M" />
        <lettre idLettre="3" x="152" transcription="ي" LatinTrans="Yaa_M" />
        <lettre idLettre="4" x="146" transcription="ا" LatinTrans="Alif_E" />
      </paw>
      <paw idPaw="4" x="131" transcription="ل" LatinTrans="Laam_I">
        <lettre idLettre="1" x="131" transcription="ل" LatinTrans="Laam_I" />
      </paw>
    </word>
    <word idWord="4" x="126" transcription=" " LatinTrans="SPACE">
      <paw idPaw="1" x="126" transcription=" " LatinTrans="SPACE">
        <lettre idLettre="1" x="126" transcription=" " LatinTrans="SPACE" />
      </paw>
    </word>
    <word idWord="5" x="70" transcription="شكري" LatinTrans="Shiin_B Kaaf_M Raa_E Yaa_I">
      <paw idPaw="1" x="84" transcription="شكر" LatinTrans="Shiin_B Kaaf_M Raa_E">
        <lettre idLettre="1" x="108" transcription="ش" LatinTrans="Shiin_B" />
        <lettre idLettre="2" x="96" transcription="ك" LatinTrans="Kaaf_M" />
        <lettre idLettre="3" x="84" transcription="ر" LatinTrans="Raa_E" />
      </paw>
      <paw idPaw="2" x="70" transcription="ي" LatinTrans="Yaa_I">
        <lettre idLettre="1" x="70" transcription="ي" LatinTrans="Yaa_I" />
      </paw>
    </word>
    <word idWord="6" x="63" transcription=" " LatinTrans="SPACE">
      <paw idPaw="1" x="63" transcription=" " LatinTrans="SPACE">
        <lettre idLettre="1" x="63" transcription=" " LatinTrans="SPACE" />
      </paw>
    </word>
    <word idWord="7" x="0" transcription="بلعيد" LatinTrans="Baa_B Laam_M Ayn_M Yaa_M Daal_E">
      <paw idPaw="1" x="0" transcription="بلعيد" LatinTrans="Baa_B Laam_M Ayn_M Yaa_M Daal_E">
        <lettre idLettre="1" x="54" transcription="ب" LatinTrans="Baa_B" />
        <lettre idLettre="2" x="44" transcription="ل" LatinTrans="Laam_M" />
        <lettre idLettre="3" x="31" transcription="ع" LatinTrans="Ayn_M" />
        <lettre idLettre="4" x="16" transcription="ي" LatinTrans="Yaa_M" />
        <lettre idLettre="5" x="0" transcription="د" LatinTrans="Daal_E" />
      </paw>
    </word>
  </content>
</textImage>