﻿<?xml version="1.0" encoding="UTF-8" standalone="yes"?>
<textImage id="1" width="491" height="46" transcription="لن تمحو استقالة البابا جرائم كنيسته" image="aljazeera_3212-08-32-10_1">
  <ArabicTranscription>لن تمحو استقالة البابا جرائم كنيسته</ArabicTranscription>
  <LatinTranscription>Laam_B Nuun_E SPACE Taaa_B Miim_M Haaa_M Waaw_E SPACE Alif_I Siin_B Taaa_M Gaaf_M Alif_E Laam_B TaaaClosed_E SPACE Alif_I Laam_B Baa_M Alif_E Baa_B Alif_E SPACE Jiim_B Raa_E Alif_I HamzaAboveAlifBroken_B Miim_E SPACE Kaaf_B Nuun_M Yaa_M Siin_M Taaa_M Haa_E</LatinTranscription>
  <content>
    <word idWord="1" x="451" transcription="لن" LatinTrans="Laam_B Nuun_E">
      <paw idPaw="1" x="451" transcription="لن" LatinTrans="Laam_B Nuun_E">
        <lettre idLettre="1" x="477" transcription="ل" LatinTrans="Laam_B" />
        <lettre idLettre="2" x="451" transcription="ن" LatinTrans="Nuun_E" />
      </paw>
    </word>
    <word idWord="2" x="446" transcription=" " LatinTrans="SPACE">
      <paw idPaw="1" x="446" transcription=" " LatinTrans="SPACE">
        <lettre idLettre="1" x="446" transcription=" " LatinTrans="SPACE" />
      </paw>
    </word>
    <word idWord="3" x="376" transcription="تمحو" LatinTrans="Taaa_B Miim_M Haaa_M Waaw_E">
      <paw idPaw="1" x="376" transcription="تمحو" LatinTrans="Taaa_B Miim_M Haaa_M Waaw_E">
        <lettre idLettre="1" x="433" transcription="ت" LatinTrans="Taaa_B" />
        <lettre idLettre="2" x="416" transcription="م" LatinTrans="Miim_M" />
        <lettre idLettre="3" x="396" transcription="ح" LatinTrans="Haaa_M" />
        <lettre idLettre="4" x="376" transcription="و" LatinTrans="Waaw_E" />
      </paw>
    </word>
    <word idWord="4" x="371" transcription=" " LatinTrans="SPACE">
      <paw idPaw="1" x="371" transcription=" " LatinTrans="SPACE">
        <lettre idLettre="1" x="371" transcription=" " LatinTrans="SPACE" />
      </paw>
    </word>
    <word idWord="5" x="268" transcription="استقالة" LatinTrans="Alif_I Siin_B Taaa_M Gaaf_M Alif_E Laam_B TaaaClosed_E">
      <paw idPaw="1" x="365" transcription="ا" LatinTrans="Alif_I">
        <lettre idLettre="1" x="365" transcription="ا" LatinTrans="Alif_I" />
      </paw>
      <paw idPaw="2" x="295" transcription="ستقا" LatinTrans="Siin_B Taaa_M Gaaf_M Alif_E">
        <lettre idLettre="1" x="340" transcription="س" LatinTrans="Siin_B" />
        <lettre idLettre="2" x="323" transcription="ت" LatinTrans="Taaa_M" />
        <lettre idLettre="3" x="306" transcription="ق" LatinTrans="Gaaf_M" />
        <lettre idLettre="4" x="295" transcription="ا" LatinTrans="Alif_E" />
      </paw>
      <paw idPaw="3" x="268" transcription="لة" LatinTrans="Laam_B TaaaClosed_E">
        <lettre idLettre="1" x="285" transcription="ل" LatinTrans="Laam_B" />
        <lettre idLettre="2" x="268" transcription="ة" LatinTrans="TaaaClosed_E" />
      </paw>
    </word>
    <word idWord="6" x="262" transcription=" " LatinTrans="SPACE">
      <paw idPaw="1" x="262" transcription=" " LatinTrans="SPACE">
        <lettre idLettre="1" x="262" transcription=" " LatinTrans="SPACE" />
      </paw>
    </word>
    <word idWord="7" x="196" transcription="البابا" LatinTrans="Alif_I Laam_B Baa_M Alif_E Baa_B Alif_E">
      <paw idPaw="1" x="253" transcription="ا" LatinTrans="Alif_I">
        <lettre idLettre="1" x="253" transcription="ا" LatinTrans="Alif_I" />
      </paw>
      <paw idPaw="2" x="222" transcription="لبا" LatinTrans="Laam_B Baa_M Alif_E">
        <lettre idLettre="1" x="244" transcription="ل" LatinTrans="Laam_B" />
        <lettre idLettre="2" x="231" transcription="ب" LatinTrans="Baa_M" />
        <lettre idLettre="3" x="222" transcription="ا" LatinTrans="Alif_E" />
      </paw>
      <paw idPaw="3" x="196" transcription="با" LatinTrans="Baa_B Alif_E">
        <lettre idLettre="1" x="207" transcription="ب" LatinTrans="Baa_B" />
        <lettre idLettre="2" x="196" transcription="ا" LatinTrans="Alif_E" />
      </paw>
    </word>
    <word idWord="8" x="191" transcription=" " LatinTrans="SPACE">
      <paw idPaw="1" x="191" transcription=" " LatinTrans="SPACE">
        <lettre idLettre="1" x="191" transcription=" " LatinTrans="SPACE" />
      </paw>
    </word>
    <word idWord="9" x="109" transcription="جرائم" LatinTrans="Jiim_B Raa_E Alif_I HamzaAboveAlifBroken_B Miim_E">
      <paw idPaw="1" x="156" transcription="جر" LatinTrans="Jiim_B Raa_E">
        <lettre idLettre="1" x="166" transcription="ج" LatinTrans="Jiim_B" />
        <lettre idLettre="2" x="156" transcription="ر" LatinTrans="Raa_E" />
      </paw>
      <paw idPaw="2" x="147" transcription="ا" LatinTrans="Alif_I">
        <lettre idLettre="1" x="147" transcription="ا" LatinTrans="Alif_I" />
      </paw>
      <paw idPaw="3" x="109" transcription="ئم" LatinTrans="HamzaAboveAlifBroken_B Miim_E">
        <lettre idLettre="1" x="134" transcription="ئ" LatinTrans="HamzaAboveAlifBroken_B" />
        <lettre idLettre="2" x="109" transcription="م" LatinTrans="Miim_E" />
      </paw>
    </word>
    <word idWord="10" x="105" transcription=" " LatinTrans="SPACE">
      <paw idPaw="1" x="105" transcription=" " LatinTrans="SPACE">
        <lettre idLettre="1" x="105" transcription=" " LatinTrans="SPACE" />
      </paw>
    </word>
    <word idWord="11" x="0" transcription="كنيسته" LatinTrans="Kaaf_B Nuun_M Yaa_M Siin_M Taaa_M Haa_E">
      <paw idPaw="1" x="0" transcription="كنيسته" LatinTrans="Kaaf_B Nuun_M Yaa_M Siin_M Taaa_M Haa_E">
        <lettre idLettre="1" x="91" transcription="ك" LatinTrans="Kaaf_B" />
        <lettre idLettre="2" x="78" transcription="ن" LatinTrans="Nuun_M" />
        <lettre idLettre="3" x="61" transcription="ي" LatinTrans="Yaa_M" />
        <lettre idLettre="4" x="35" transcription="س" LatinTrans="Siin_M" />
        <lettre idLettre="5" x="20" transcription="ت" LatinTrans="Taaa_M" />
        <lettre idLettre="6" x="0" transcription="ه" LatinTrans="Haa_E" />
      </paw>
    </word>
  </content>
</textImage>