﻿<?xml version="1.0" encoding="UTF-8" standalone="yes"?>
<textImage id="1" width="400" height="34" transcription="انفجار سيارة مفخخة بالموصل" image="aljazeera_3211-19-32-00_1">
  <ArabicTranscription>انفجار سيارة مفخخة بالموصل</ArabicTranscription>
  <LatinTranscription>Alif_I Nuun_B Faa_M Jiim_M Alif_E Raa_I SPACE Siin_B Yaa_M Alif_E Raa_I TaaaClosed_I SPACE Miim_B Faa_M Xaa_M Xaa_M TaaaClosed_E SPACE Baa_B Alif_E Laam_B Miim_M Waaw_E Saad_B Laam_E</LatinTranscription>
  <content>
    <word idWord="1" x="282" transcription="انفجار" LatinTrans="Alif_I Nuun_B Faa_M Jiim_M Alif_E Raa_I">
      <paw idPaw="1" x="389" transcription="ا" LatinTrans="Alif_I">
        <lettre idLettre="1" x="389" transcription="ا" LatinTrans="Alif_I" />
      </paw>
      <paw idPaw="2" x="294" transcription="نفجا" LatinTrans="Nuun_B Faa_M Jiim_M Alif_E">
        <lettre idLettre="1" x="377" transcription="ن" LatinTrans="Nuun_B" />
        <lettre idLettre="2" x="344" transcription="ف" LatinTrans="Faa_M" />
        <lettre idLettre="3" x="310" transcription="ج" LatinTrans="Jiim_M" />
        <lettre idLettre="4" x="294" transcription="ا" LatinTrans="Alif_E" />
      </paw>
      <paw idPaw="3" x="282" transcription="ر" LatinTrans="Raa_I">
        <lettre idLettre="1" x="282" transcription="ر" LatinTrans="Raa_I" />
      </paw>
    </word>
    <word idWord="2" x="279" transcription=" " LatinTrans="SPACE">
      <paw idPaw="1" x="279" transcription=" " LatinTrans="SPACE">
        <lettre idLettre="1" x="279" transcription=" " LatinTrans="SPACE" />
      </paw>
    </word>
    <word idWord="3" x="214" transcription="سيارة" LatinTrans="Siin_B Yaa_M Alif_E Raa_I TaaaClosed_I">
      <paw idPaw="1" x="238" transcription="سيا" LatinTrans="Siin_B Yaa_M Alif_E">
        <lettre idLettre="1" x="259" transcription="س" LatinTrans="Siin_B" />
        <lettre idLettre="2" x="247" transcription="ي" LatinTrans="Yaa_M" />
        <lettre idLettre="3" x="238" transcription="ا" LatinTrans="Alif_E" />
      </paw>
      <paw idPaw="2" x="231" transcription="ر" LatinTrans="Raa_I">
        <lettre idLettre="1" x="231" transcription="ر" LatinTrans="Raa_I" />
      </paw>
      <paw idPaw="3" x="214" transcription="ة" LatinTrans="TaaaClosed_I">
        <lettre idLettre="1" x="214" transcription="ة" LatinTrans="TaaaClosed_I" />
      </paw>
    </word>
    <word idWord="4" x="210" transcription=" " LatinTrans="SPACE">
      <paw idPaw="1" x="210" transcription=" " LatinTrans="SPACE">
        <lettre idLettre="1" x="210" transcription=" " LatinTrans="SPACE" />
      </paw>
    </word>
    <word idWord="5" x="120" transcription="مفخخة" LatinTrans="Miim_B Faa_M Xaa_M Xaa_M TaaaClosed_E">
      <paw idPaw="1" x="120" transcription="مفخخة" LatinTrans="Miim_B Faa_M Xaa_M Xaa_M TaaaClosed_E">
        <lettre idLettre="1" x="197" transcription="م" LatinTrans="Miim_B" />
        <lettre idLettre="2" x="181" transcription="ف" LatinTrans="Faa_M" />
        <lettre idLettre="3" x="166" transcription="خ" LatinTrans="Xaa_M" />
        <lettre idLettre="4" x="148" transcription="خ" LatinTrans="Xaa_M" />
        <lettre idLettre="5" x="120" transcription="ة" LatinTrans="TaaaClosed_E" />
      </paw>
    </word>
    <word idWord="6" x="115" transcription=" " LatinTrans="SPACE">
      <paw idPaw="1" x="115" transcription=" " LatinTrans="SPACE">
        <lettre idLettre="1" x="115" transcription=" " LatinTrans="SPACE" />
      </paw>
    </word>
    <word idWord="7" x="0" transcription="بالموصل" LatinTrans="Baa_B Alif_E Laam_B Miim_M Waaw_E Saad_B Laam_E">
      <paw idPaw="1" x="97" transcription="با" LatinTrans="Baa_B Alif_E">
        <lettre idLettre="1" x="104" transcription="ب" LatinTrans="Baa_B" />
        <lettre idLettre="2" x="97" transcription="ا" LatinTrans="Alif_E" />
      </paw>
      <paw idPaw="2" x="63" transcription="لمو" LatinTrans="Laam_B Miim_M Waaw_E">
        <lettre idLettre="1" x="90" transcription="ل" LatinTrans="Laam_B" />
        <lettre idLettre="2" x="76" transcription="م" LatinTrans="Miim_M" />
        <lettre idLettre="3" x="63" transcription="و" LatinTrans="Waaw_E" />
      </paw>
      <paw idPaw="3" x="0" transcription="صل" LatinTrans="Saad_B Laam_E">
        <lettre idLettre="1" x="40" transcription="ص" LatinTrans="Saad_B" />
        <lettre idLettre="2" x="0" transcription="ل" LatinTrans="Laam_E" />
      </paw>
    </word>
  </content>
</textImage>