﻿<?xml version="1.0" encoding="UTF-8" standalone="yes"?>
<textImage id="1" width="107" height="35" transcription="طرابلس" image="aljazeera_3211-11-55-00_1">
  <ArabicTranscription>طرابلس</ArabicTranscription>
  <LatinTranscription>Thaaa_B Raa_E Alif_I Baa_B Laam_M Siin_E</LatinTranscription>
  <content>
    <word idWord="1" x="0" transcription="طرابلس" LatinTrans="Thaaa_B Raa_E Alif_I Baa_B Laam_M Siin_E">
      <paw idPaw="1" x="69" transcription="طر" LatinTrans="Thaaa_B Raa_E">
        <lettre idLettre="1" x="83" transcription="ط" LatinTrans="Thaaa_B" />
        <lettre idLettre="2" x="69" transcription="ر" LatinTrans="Raa_E" />
      </paw>
      <paw idPaw="2" x="62" transcription="ا" LatinTrans="Alif_I">
        <lettre idLettre="1" x="62" transcription="ا" LatinTrans="Alif_I" />
      </paw>
      <paw idPaw="3" x="0" transcription="بلس" LatinTrans="Baa_B Laam_M Siin_E">
        <lettre idLettre="1" x="49" transcription="ب" LatinTrans="Baa_B" />
        <lettre idLettre="2" x="40" transcription="ل" LatinTrans="Laam_M" />
        <lettre idLettre="3" x="0" transcription="س" LatinTrans="Siin_E" />
      </paw>
    </word>
  </content>
</textImage>