﻿<?xml version="1.0" encoding="UTF-8" standalone="yes"?>
<textImage id="1" width="403" height="35" transcription="تجميد قرار انسحاب وزرائنا" image="aljazeera_3211-10-59-50_1">
  <ArabicTranscription>تجميد قرار انسحاب وزرائنا</ArabicTranscription>
  <LatinTranscription>Taaa_B Jiim_M Miim_M Yaa_M Daal_E SPACE Gaaf_B Raa_E Alif_I Raa_I SPACE Alif_I Nuun_B Siin_M Haaa_M Alif_E Baa_I SPACE Waaw_I Zaay_I Raa_I Alif_I HamzaAboveAlifBroken_B Nuun_M Alif_E</LatinTranscription>
  <content>
    <word idWord="1" x="275" transcription="تجميد" LatinTrans="Taaa_B Jiim_M Miim_M Yaa_M Daal_E">
      <paw idPaw="1" x="275" transcription="تجميد" LatinTrans="Taaa_B Jiim_M Miim_M Yaa_M Daal_E">
        <lettre idLettre="1" x="386" transcription="ت" LatinTrans="Taaa_B" />
        <lettre idLettre="2" x="356" transcription="ج" LatinTrans="Jiim_M" />
        <lettre idLettre="3" x="331" transcription="م" LatinTrans="Miim_M" />
        <lettre idLettre="4" x="302" transcription="ي" LatinTrans="Yaa_M" />
        <lettre idLettre="5" x="275" transcription="د" LatinTrans="Daal_E" />
      </paw>
    </word>
    <word idWord="2" x="272" transcription=" " LatinTrans="SPACE">
      <paw idPaw="1" x="272" transcription=" " LatinTrans="SPACE">
        <lettre idLettre="1" x="272" transcription=" " LatinTrans="SPACE" />
      </paw>
    </word>
    <word idWord="3" x="223" transcription="قرار" LatinTrans="Gaaf_B Raa_E Alif_I Raa_I">
      <paw idPaw="1" x="237" transcription="قر" LatinTrans="Gaaf_B Raa_E">
        <lettre idLettre="1" x="254" transcription="ق" LatinTrans="Gaaf_B" />
        <lettre idLettre="2" x="237" transcription="ر" LatinTrans="Raa_E" />
      </paw>
      <paw idPaw="2" x="231" transcription="ا" LatinTrans="Alif_I">
        <lettre idLettre="1" x="231" transcription="ا" LatinTrans="Alif_I" />
      </paw>
      <paw idPaw="3" x="223" transcription="ر" LatinTrans="Raa_I">
        <lettre idLettre="1" x="223" transcription="ر" LatinTrans="Raa_I" />
      </paw>
    </word>
    <word idWord="4" x="219" transcription=" " LatinTrans="SPACE">
      <paw idPaw="1" x="219" transcription=" " LatinTrans="SPACE">
        <lettre idLettre="1" x="219" transcription=" " LatinTrans="SPACE" />
      </paw>
    </word>
    <word idWord="5" x="108" transcription="انسحاب" LatinTrans="Alif_I Nuun_B Siin_M Haaa_M Alif_E Baa_I">
      <paw idPaw="1" x="213" transcription="ا" LatinTrans="Alif_I">
        <lettre idLettre="1" x="213" transcription="ا" LatinTrans="Alif_I" />
      </paw>
      <paw idPaw="2" x="126" transcription="نسحا" LatinTrans="Nuun_B Siin_M Haaa_M Alif_E">
        <lettre idLettre="1" x="197" transcription="ن" LatinTrans="Nuun_B" />
        <lettre idLettre="2" x="167" transcription="س" LatinTrans="Siin_M" />
        <lettre idLettre="3" x="141" transcription="ح" LatinTrans="Haaa_M" />
        <lettre idLettre="4" x="126" transcription="ا" LatinTrans="Alif_E" />
      </paw>
      <paw idPaw="3" x="108" transcription="ب" LatinTrans="Baa_I">
        <lettre idLettre="1" x="108" transcription="ب" LatinTrans="Baa_I" />
      </paw>
    </word>
    <word idWord="6" x="105" transcription=" " LatinTrans="SPACE">
      <paw idPaw="1" x="105" transcription=" " LatinTrans="SPACE">
        <lettre idLettre="1" x="105" transcription=" " LatinTrans="SPACE" />
      </paw>
    </word>
    <word idWord="7" x="0" transcription="وزرائنا" LatinTrans="Waaw_I Zaay_I Raa_I Alif_I HamzaAboveAlifBroken_B Nuun_M Alif_E">
      <paw idPaw="1" x="93" transcription="و" LatinTrans="Waaw_I">
        <lettre idLettre="1" x="93" transcription="و" LatinTrans="Waaw_I" />
      </paw>
      <paw idPaw="2" x="84" transcription="ز" LatinTrans="Zaay_I">
        <lettre idLettre="1" x="84" transcription="ز" LatinTrans="Zaay_I" />
      </paw>
      <paw idPaw="3" x="78" transcription="ر" LatinTrans="Raa_I">
        <lettre idLettre="1" x="78" transcription="ر" LatinTrans="Raa_I" />
      </paw>
      <paw idPaw="4" x="72" transcription="ا" LatinTrans="Alif_I">
        <lettre idLettre="1" x="72" transcription="ا" LatinTrans="Alif_I" />
      </paw>
      <paw idPaw="5" x="0" transcription="ئنا" LatinTrans="HamzaAboveAlifBroken_B Nuun_M Alif_E">
        <lettre idLettre="1" x="61" transcription="ئ" LatinTrans="HamzaAboveAlifBroken_B" />
        <lettre idLettre="2" x="34" transcription="ن" LatinTrans="Nuun_M" />
        <lettre idLettre="3" x="0" transcription="ا" LatinTrans="Alif_E" />
      </paw>
    </word>
  </content>
</textImage>