﻿<?xml version="1.0" encoding="UTF-8" standalone="yes"?>
<textImage id="3" width="263" height="42" transcription="للأزمة في تونس" image="aljazeera_3211-10-49-20_3">
  <ArabicTranscription>للأزمة في تونس</ArabicTranscription>
  <LatinTranscription>Laam_B Laam_HamzaAboveAlif Zaay_I Miim_B TaaaClosed_E SPACE Faa_B Yaa_E SPACE Taaa_B Waaw_E Nuun_B Siin_E</LatinTranscription>
  <content>
    <word idWord="1" x="167" transcription="للأزمة" LatinTrans="Laam_B Laam_HamzaAboveAlif Zaay_I Miim_B TaaaClosed_E">
      <paw idPaw="1" x="225" transcription="للأ" LatinTrans="Laam_B Laam_HamzaAboveAlif">
        <lettre idLettre="1" x="244" transcription="ل" LatinTrans="Laam_B" />
        <lettre idLettre="2" x="225" transcription="لأ" LatinTrans="Laam_HamzaAboveAlif" />
      </paw>
      <paw idPaw="2" x="218" transcription="ز" LatinTrans="Zaay_I">
        <lettre idLettre="1" x="218" transcription="ز" LatinTrans="Zaay_I" />
      </paw>
      <paw idPaw="3" x="167" transcription="مة" LatinTrans="Miim_B TaaaClosed_E">
        <lettre idLettre="1" x="191" transcription="م" LatinTrans="Miim_B" />
        <lettre idLettre="2" x="167" transcription="ة" LatinTrans="TaaaClosed_E" />
      </paw>
    </word>
    <word idWord="2" x="163" transcription=" " LatinTrans="SPACE">
      <paw idPaw="1" x="163" transcription=" " LatinTrans="SPACE">
        <lettre idLettre="1" x="163" transcription=" " LatinTrans="SPACE" />
      </paw>
    </word>
    <word idWord="3" x="106" transcription="في" LatinTrans="Faa_B Yaa_E">
      <paw idPaw="1" x="106" transcription="في" LatinTrans="Faa_B Yaa_E">
        <lettre idLettre="1" x="150" transcription="ف" LatinTrans="Faa_B" />
        <lettre idLettre="2" x="106" transcription="ي" LatinTrans="Yaa_E" />
      </paw>
    </word>
    <word idWord="4" x="104" transcription=" " LatinTrans="SPACE">
      <paw idPaw="1" x="104" transcription=" " LatinTrans="SPACE">
        <lettre idLettre="1" x="104" transcription=" " LatinTrans="SPACE" />
      </paw>
    </word>
    <word idWord="5" x="0" transcription="تونس" LatinTrans="Taaa_B Waaw_E Nuun_B Siin_E">
      <paw idPaw="1" x="69" transcription="تو" LatinTrans="Taaa_B Waaw_E">
        <lettre idLettre="1" x="92" transcription="ت" LatinTrans="Taaa_B" />
        <lettre idLettre="2" x="69" transcription="و" LatinTrans="Waaw_E" />
      </paw>
      <paw idPaw="2" x="0" transcription="نس" LatinTrans="Nuun_B Siin_E">
        <lettre idLettre="1" x="55" transcription="ن" LatinTrans="Nuun_B" />
        <lettre idLettre="2" x="0" transcription="س" LatinTrans="Siin_E" />
      </paw>
    </word>
  </content>
</textImage>