﻿<?xml version="1.0" encoding="UTF-8" standalone="yes"?>
<textImage id="3" width="213" height="42" transcription="الرئيس الأمريكي أمام" image="aljazeera_3213-01-29-40_3">
  <ArabicTranscription>الرئيس الأمريكي أمام</ArabicTranscription>
  <LatinTranscription>Alif_I Laam_B Raa_E HamzaAboveAlifBroken_B Yaa_M Siin_E SPACE Alif_I Laam_HamzaAboveAlif Miim_B Raa_E Yaa_B Kaaf_M Yaa_E SPACE HamzaAboveAlif_I Miim_B Alif_E Miim_I</LatinTranscription>
  <content>
    <word idWord="1" x="130" transcription="الرئيس" LatinTrans="Alif_I Laam_B Raa_E HamzaAboveAlifBroken_B Yaa_M Siin_E">
      <paw idPaw="1" x="205" transcription="ا" LatinTrans="Alif_I">
        <lettre idLettre="1" x="205" transcription="ا" LatinTrans="Alif_I" />
      </paw>
      <paw idPaw="2" x="190" transcription="لر" LatinTrans="Laam_B Raa_E">
        <lettre idLettre="1" x="198" transcription="ل" LatinTrans="Laam_B" />
        <lettre idLettre="2" x="190" transcription="ر" LatinTrans="Raa_E" />
      </paw>
      <paw idPaw="3" x="130" transcription="ئيس" LatinTrans="HamzaAboveAlifBroken_B Yaa_M Siin_E">
        <lettre idLettre="1" x="182" transcription="ئ" LatinTrans="HamzaAboveAlifBroken_B" />
        <lettre idLettre="2" x="166" transcription="ي" LatinTrans="Yaa_M" />
        <lettre idLettre="3" x="130" transcription="س" LatinTrans="Siin_E" />
      </paw>
    </word>
    <word idWord="2" x="126" transcription=" " LatinTrans="SPACE">
      <paw idPaw="1" x="126" transcription=" " LatinTrans="SPACE">
        <lettre idLettre="1" x="126" transcription=" " LatinTrans="SPACE" />
      </paw>
    </word>
    <word idWord="3" x="41" transcription="الأمريكي" LatinTrans="Alif_I Laam_HamzaAboveAlif Miim_B Raa_E Yaa_B Kaaf_M Yaa_E">
      <paw idPaw="1" x="121" transcription="ا" LatinTrans="Alif_I">
        <lettre idLettre="1" x="121" transcription="ا" LatinTrans="Alif_I" />
      </paw>
      <paw idPaw="2" x="108" transcription="لأ" LatinTrans="Laam_HamzaAboveAlif">
        <lettre idLettre="1" x="108" transcription="لأ" LatinTrans="Laam_HamzaAboveAlif" />
      </paw>
      <paw idPaw="3" x="89" transcription="مر" LatinTrans="Miim_B Raa_E">
        <lettre idLettre="1" x="99" transcription="م" LatinTrans="Miim_B" />
        <lettre idLettre="2" x="89" transcription="ر" LatinTrans="Raa_E" />
      </paw>
      <paw idPaw="4" x="41" transcription="يكي" LatinTrans="Yaa_B Kaaf_M Yaa_E">
        <lettre idLettre="1" x="82" transcription="ي" LatinTrans="Yaa_B" />
        <lettre idLettre="2" x="66" transcription="ك" LatinTrans="Kaaf_M" />
        <lettre idLettre="3" x="41" transcription="ي" LatinTrans="Yaa_E" />
      </paw>
    </word>
    <word idWord="4" x="40" transcription=" " LatinTrans="SPACE">
      <paw idPaw="1" x="40" transcription=" " LatinTrans="SPACE">
        <lettre idLettre="1" x="40" transcription=" " LatinTrans="SPACE" />
      </paw>
    </word>
    <word idWord="5" x="0" transcription="أمام" LatinTrans="HamzaAboveAlif_I Miim_B Alif_E Miim_I">
      <paw idPaw="1" x="33" transcription="أ" LatinTrans="HamzaAboveAlif_I">
        <lettre idLettre="1" x="33" transcription="أ" LatinTrans="HamzaAboveAlif_I" />
      </paw>
      <paw idPaw="2" x="15" transcription="ما" LatinTrans="Miim_B Alif_E">
        <lettre idLettre="1" x="22" transcription="م" LatinTrans="Miim_B" />
        <lettre idLettre="2" x="15" transcription="ا" LatinTrans="Alif_E" />
      </paw>
      <paw idPaw="3" x="0" transcription="م" LatinTrans="Miim_I">
        <lettre idLettre="1" x="0" transcription="م" LatinTrans="Miim_I" />
      </paw>
    </word>
  </content>
</textImage>