﻿<?xml version="1.0" encoding="UTF-8" standalone="yes"?>
<textImage id="1" width="425" height="31" transcription="حزب المؤتمر يجمد قرار سحب وزرائه" image="aljazeera_3211-12-20-30_1">
  <ArabicTranscription>حزب المؤتمر يجمد قرار سحب وزرائه</ArabicTranscription>
  <LatinTranscription>Haaa_B Zaay_E Baa_I SPACE Alif_I Laam_B Miim_M HamzaAboveWaaw_E Taaa_B Miim_M Raa_E SPACE Yaa_B Jiim_M Miim_M Daal_E SPACE Gaaf_B Raa_E Alif_I Raa_I SPACE Siin_B Haaa_M Baa_E SPACE Waaw_I Zaay_I Raa_I Alif_I HamzaAboveAlifBroken_B Haa_E</LatinTranscription>
  <content>
    <word idWord="1" x="367" transcription="حزب" LatinTrans="Haaa_B Zaay_E Baa_I">
      <paw idPaw="1" x="385" transcription="حز" LatinTrans="Haaa_B Zaay_E">
        <lettre idLettre="1" x="403" transcription="ح" LatinTrans="Haaa_B" />
        <lettre idLettre="2" x="385" transcription="ز" LatinTrans="Zaay_E" />
      </paw>
      <paw idPaw="2" x="367" transcription="ب" LatinTrans="Baa_I">
        <lettre idLettre="1" x="367" transcription="ب" LatinTrans="Baa_I" />
      </paw>
    </word>
    <word idWord="2" x="364" transcription=" " LatinTrans="SPACE">
      <paw idPaw="1" x="364" transcription=" " LatinTrans="SPACE">
        <lettre idLettre="1" x="364" transcription=" " LatinTrans="SPACE" />
      </paw>
    </word>
    <word idWord="3" x="245" transcription="المؤتمر" LatinTrans="Alif_I Laam_B Miim_M HamzaAboveWaaw_E Taaa_B Miim_M Raa_E">
      <paw idPaw="1" x="358" transcription="ا" LatinTrans="Alif_I">
        <lettre idLettre="1" x="358" transcription="ا" LatinTrans="Alif_I" />
      </paw>
      <paw idPaw="2" x="303" transcription="لمؤ" LatinTrans="Laam_B Miim_M HamzaAboveWaaw_E">
        <lettre idLettre="1" x="348" transcription="ل" LatinTrans="Laam_B" />
        <lettre idLettre="2" x="319" transcription="م" LatinTrans="Miim_M" />
        <lettre idLettre="3" x="303" transcription="ؤ" LatinTrans="HamzaAboveWaaw_E" />
      </paw>
      <paw idPaw="3" x="245" transcription="تمر" LatinTrans="Taaa_B Miim_M Raa_E">
        <lettre idLettre="1" x="286" transcription="ت" LatinTrans="Taaa_B" />
        <lettre idLettre="2" x="265" transcription="م" LatinTrans="Miim_M" />
        <lettre idLettre="3" x="245" transcription="ر" LatinTrans="Raa_E" />
      </paw>
    </word>
    <word idWord="4" x="242" transcription=" " LatinTrans="SPACE">
      <paw idPaw="1" x="242" transcription=" " LatinTrans="SPACE">
        <lettre idLettre="1" x="242" transcription=" " LatinTrans="SPACE" />
      </paw>
    </word>
    <word idWord="5" x="182" transcription="يجمد" LatinTrans="Yaa_B Jiim_M Miim_M Daal_E">
      <paw idPaw="1" x="182" transcription="يجمد" LatinTrans="Yaa_B Jiim_M Miim_M Daal_E">
        <lettre idLettre="1" x="231" transcription="ي" LatinTrans="Yaa_B" />
        <lettre idLettre="2" x="219" transcription="ج" LatinTrans="Jiim_M" />
        <lettre idLettre="3" x="205" transcription="م" LatinTrans="Miim_M" />
        <lettre idLettre="4" x="182" transcription="د" LatinTrans="Daal_E" />
      </paw>
    </word>
    <word idWord="6" x="177" transcription=" " LatinTrans="SPACE">
      <paw idPaw="1" x="177" transcription=" " LatinTrans="SPACE">
        <lettre idLettre="1" x="177" transcription=" " LatinTrans="SPACE" />
      </paw>
    </word>
    <word idWord="7" x="141" transcription="قرار" LatinTrans="Gaaf_B Raa_E Alif_I Raa_I">
      <paw idPaw="1" x="156" transcription="قر" LatinTrans="Gaaf_B Raa_E">
        <lettre idLettre="1" x="165" transcription="ق" LatinTrans="Gaaf_B" />
        <lettre idLettre="2" x="156" transcription="ر" LatinTrans="Raa_E" />
      </paw>
      <paw idPaw="2" x="150" transcription="ا" LatinTrans="Alif_I">
        <lettre idLettre="1" x="150" transcription="ا" LatinTrans="Alif_I" />
      </paw>
      <paw idPaw="3" x="141" transcription="ر" LatinTrans="Raa_I">
        <lettre idLettre="1" x="141" transcription="ر" LatinTrans="Raa_I" />
      </paw>
    </word>
    <word idWord="8" x="138" transcription=" " LatinTrans="SPACE">
      <paw idPaw="1" x="138" transcription=" " LatinTrans="SPACE">
        <lettre idLettre="1" x="138" transcription=" " LatinTrans="SPACE" />
      </paw>
    </word>
    <word idWord="9" x="74" transcription="سحب" LatinTrans="Siin_B Haaa_M Baa_E">
      <paw idPaw="1" x="74" transcription="سحب" LatinTrans="Siin_B Haaa_M Baa_E">
        <lettre idLettre="1" x="119" transcription="س" LatinTrans="Siin_B" />
        <lettre idLettre="2" x="104" transcription="ح" LatinTrans="Haaa_M" />
        <lettre idLettre="3" x="74" transcription="ب" LatinTrans="Baa_E" />
      </paw>
    </word>
    <word idWord="10" x="71" transcription=" " LatinTrans="SPACE">
      <paw idPaw="1" x="71" transcription=" " LatinTrans="SPACE">
        <lettre idLettre="1" x="71" transcription=" " LatinTrans="SPACE" />
      </paw>
    </word>
    <word idWord="11" x="0" transcription="وزرائه" LatinTrans="Waaw_I Zaay_I Raa_I Alif_I HamzaAboveAlifBroken_B Haa_E">
      <paw idPaw="1" x="62" transcription="و" LatinTrans="Waaw_I">
        <lettre idLettre="1" x="62" transcription="و" LatinTrans="Waaw_I" />
      </paw>
      <paw idPaw="2" x="53" transcription="ز" LatinTrans="Zaay_I">
        <lettre idLettre="1" x="53" transcription="ز" LatinTrans="Zaay_I" />
      </paw>
      <paw idPaw="3" x="45" transcription="ر" LatinTrans="Raa_I">
        <lettre idLettre="1" x="45" transcription="ر" LatinTrans="Raa_I" />
      </paw>
      <paw idPaw="4" x="41" transcription="ا" LatinTrans="Alif_I">
        <lettre idLettre="1" x="41" transcription="ا" LatinTrans="Alif_I" />
      </paw>
      <paw idPaw="5" x="0" transcription="ئه" LatinTrans="HamzaAboveAlifBroken_B Haa_E">
        <lettre idLettre="1" x="28" transcription="ئ" LatinTrans="HamzaAboveAlifBroken_B" />
        <lettre idLettre="2" x="0" transcription="ه" LatinTrans="Haa_E" />
      </paw>
    </word>
  </content>
</textImage>