﻿<?xml version="1.0" encoding="UTF-8" standalone="yes"?>
<textImage id="1" width="560" height="54" transcription="أليس حريا بالقيادة التونسية تصحيح مسارها ؟" image="aljazeera_3211-09-26-30_1">
  <ArabicTranscription>أليس حريا بالقيادة التونسية تصحيح مسارها ؟</ArabicTranscription>
  <LatinTranscription>HamzaAboveAlif_I Laam_B Yaa_M Siin_E SPACE Haaa_B Raa_E Yaa_B Alif_E SPACE Baa_B Alif_E Laam_B Gaaf_M Yaa_M Alif_E Daal_I TaaaClosed_I SPACE Alif_I Laam_B Taaa_M Waaw_E Nuun_B Siin_M Yaa_M TaaaClosed_E SPACE Taaa_B Saad_M Haaa_M Yaa_M Haaa_E SPACE Miim_B Siin_M Alif_E Raa_I Haa_B Alif_E SPACE INTERPOINT</LatinTranscription>
  <content>
    <word idWord="1" x="488" transcription="أليس" LatinTrans="HamzaAboveAlif_I Laam_B Yaa_M Siin_E">
      <paw idPaw="1" x="544" transcription="أ" LatinTrans="HamzaAboveAlif_I">
        <lettre idLettre="1" x="544" transcription="أ" LatinTrans="HamzaAboveAlif_I" />
      </paw>
      <paw idPaw="2" x="488" transcription="ليس" LatinTrans="Laam_B Yaa_M Siin_E">
        <lettre idLettre="1" x="538" transcription="ل" LatinTrans="Laam_B" />
        <lettre idLettre="2" x="523" transcription="ي" LatinTrans="Yaa_M" />
        <lettre idLettre="3" x="488" transcription="س" LatinTrans="Siin_E" />
      </paw>
    </word>
    <word idWord="2" x="484" transcription=" " LatinTrans="SPACE">
      <paw idPaw="1" x="484" transcription=" " LatinTrans="SPACE">
        <lettre idLettre="1" x="484" transcription=" " LatinTrans="SPACE" />
      </paw>
    </word>
    <word idWord="3" x="431" transcription="حريا" LatinTrans="Haaa_B Raa_E Yaa_B Alif_E">
      <paw idPaw="1" x="453" transcription="حر" LatinTrans="Haaa_B Raa_E">
        <lettre idLettre="1" x="468" transcription="ح" LatinTrans="Haaa_B" />
        <lettre idLettre="2" x="453" transcription="ر" LatinTrans="Raa_E" />
      </paw>
      <paw idPaw="2" x="431" transcription="يا" LatinTrans="Yaa_B Alif_E">
        <lettre idLettre="1" x="442" transcription="ي" LatinTrans="Yaa_B" />
        <lettre idLettre="2" x="431" transcription="ا" LatinTrans="Alif_E" />
      </paw>
    </word>
    <word idWord="4" x="426" transcription=" " LatinTrans="SPACE">
      <paw idPaw="1" x="426" transcription=" " LatinTrans="SPACE">
        <lettre idLettre="1" x="426" transcription=" " LatinTrans="SPACE" />
      </paw>
    </word>
    <word idWord="5" x="328" transcription="بالقيادة" LatinTrans="Baa_B Alif_E Laam_B Gaaf_M Yaa_M Alif_E Daal_I TaaaClosed_I">
      <paw idPaw="1" x="404" transcription="با" LatinTrans="Baa_B Alif_E">
        <lettre idLettre="1" x="411" transcription="ب" LatinTrans="Baa_B" />
        <lettre idLettre="2" x="404" transcription="ا" LatinTrans="Alif_E" />
      </paw>
      <paw idPaw="2" x="357" transcription="لقيا" LatinTrans="Laam_B Gaaf_M Yaa_M Alif_E">
        <lettre idLettre="1" x="396" transcription="ل" LatinTrans="Laam_B" />
        <lettre idLettre="2" x="380" transcription="ق" LatinTrans="Gaaf_M" />
        <lettre idLettre="3" x="364" transcription="ي" LatinTrans="Yaa_M" />
        <lettre idLettre="4" x="357" transcription="ا" LatinTrans="Alif_E" />
      </paw>
      <paw idPaw="3" x="342" transcription="د" LatinTrans="Daal_I">
        <lettre idLettre="1" x="342" transcription="د" LatinTrans="Daal_I" />
      </paw>
      <paw idPaw="4" x="328" transcription="ة" LatinTrans="TaaaClosed_I">
        <lettre idLettre="1" x="328" transcription="ة" LatinTrans="TaaaClosed_I" />
      </paw>
    </word>
    <word idWord="6" x="323" transcription=" " LatinTrans="SPACE">
      <paw idPaw="1" x="323" transcription=" " LatinTrans="SPACE">
        <lettre idLettre="1" x="323" transcription=" " LatinTrans="SPACE" />
      </paw>
    </word>
    <word idWord="7" x="213" transcription="التونسية" LatinTrans="Alif_I Laam_B Taaa_M Waaw_E Nuun_B Siin_M Yaa_M TaaaClosed_E">
      <paw idPaw="1" x="315" transcription="ا" LatinTrans="Alif_I">
        <lettre idLettre="1" x="315" transcription="ا" LatinTrans="Alif_I" />
      </paw>
      <paw idPaw="2" x="280" transcription="لتو" LatinTrans="Laam_B Taaa_M Waaw_E">
        <lettre idLettre="1" x="308" transcription="ل" LatinTrans="Laam_B" />
        <lettre idLettre="2" x="295" transcription="ت" LatinTrans="Taaa_M" />
        <lettre idLettre="3" x="280" transcription="و" LatinTrans="Waaw_E" />
      </paw>
      <paw idPaw="3" x="213" transcription="نسية" LatinTrans="Nuun_B Siin_M Yaa_M TaaaClosed_E">
        <lettre idLettre="1" x="266" transcription="ن" LatinTrans="Nuun_B" />
        <lettre idLettre="2" x="243" transcription="س" LatinTrans="Siin_M" />
        <lettre idLettre="3" x="230" transcription="ي" LatinTrans="Yaa_M" />
        <lettre idLettre="4" x="213" transcription="ة" LatinTrans="TaaaClosed_E" />
      </paw>
    </word>
    <word idWord="8" x="210" transcription=" " LatinTrans="SPACE">
      <paw idPaw="1" x="210" transcription=" " LatinTrans="SPACE">
        <lettre idLettre="1" x="210" transcription=" " LatinTrans="SPACE" />
      </paw>
    </word>
    <word idWord="9" x="119" transcription="تصحيح" LatinTrans="Taaa_B Saad_M Haaa_M Yaa_M Haaa_E">
      <paw idPaw="1" x="119" transcription="تصحيح" LatinTrans="Taaa_B Saad_M Haaa_M Yaa_M Haaa_E">
        <lettre idLettre="1" x="196" transcription="ت" LatinTrans="Taaa_B" />
        <lettre idLettre="2" x="171" transcription="ص" LatinTrans="Saad_M" />
        <lettre idLettre="3" x="154" transcription="ح" LatinTrans="Haaa_M" />
        <lettre idLettre="4" x="140" transcription="ي" LatinTrans="Yaa_M" />
        <lettre idLettre="5" x="119" transcription="ح" LatinTrans="Haaa_E" />
      </paw>
    </word>
    <word idWord="10" x="113" transcription=" " LatinTrans="SPACE">
      <paw idPaw="1" x="113" transcription=" " LatinTrans="SPACE">
        <lettre idLettre="1" x="113" transcription=" " LatinTrans="SPACE" />
      </paw>
    </word>
    <word idWord="11" x="24" transcription="مسارها" LatinTrans="Miim_B Siin_M Alif_E Raa_I Haa_B Alif_E">
      <paw idPaw="1" x="66" transcription="مسا" LatinTrans="Miim_B Siin_M Alif_E">
        <lettre idLettre="1" x="99" transcription="م" LatinTrans="Miim_B" />
        <lettre idLettre="2" x="76" transcription="س" LatinTrans="Siin_M" />
        <lettre idLettre="3" x="66" transcription="ا" LatinTrans="Alif_E" />
      </paw>
      <paw idPaw="2" x="55" transcription="ر" LatinTrans="Raa_I">
        <lettre idLettre="1" x="55" transcription="ر" LatinTrans="Raa_I" />
      </paw>
      <paw idPaw="3" x="24" transcription="ها" LatinTrans="Haa_B Alif_E">
        <lettre idLettre="1" x="35" transcription="ه" LatinTrans="Haa_B" />
        <lettre idLettre="2" x="24" transcription="ا" LatinTrans="Alif_E" />
      </paw>
    </word>
    <word idWord="12" x="19" transcription=" " LatinTrans="SPACE">
      <paw idPaw="1" x="19" transcription=" " LatinTrans="SPACE">
        <lettre idLettre="1" x="19" transcription=" " LatinTrans="SPACE" />
      </paw>
    </word>
    <word idWord="13" x="0" transcription="؟" LatinTrans="INTERPOINT">
      <paw idPaw="1" x="0" transcription="؟" LatinTrans="INTERPOINT">
        <lettre idLettre="1" x="0" transcription="؟" LatinTrans="INTERPOINT" />
      </paw>
    </word>
  </content>
</textImage>