﻿<?xml version="1.0" encoding="UTF-8" standalone="yes"?>
<textImage id="2" width="473" height="37" transcription="السنوية الثانية لثورة الحادي عشر في اليمن" image="aljazeera_3211-09-18-40_2">
  <ArabicTranscription>السنوية الثانية لثورة الحادي عشر في اليمن</ArabicTranscription>
  <LatinTranscription>Alif_I Laam_B Siin_M Nuun_M Waaw_E Yaa_B TaaaClosed_E SPACE Alif_I Laam_B Thaa_M Alif_E Nuun_B Yaa_M TaaaClosed_E SPACE Laam_B Thaa_M Waaw_E Raa_I TaaaClosed_I SPACE Alif_I Laam_B Haaa_M Alif_E Daal_I Yaa_I SPACE Ayn_B Shiin_M Raa_E SPACE Faa_B Yaa_E SPACE Alif_I Laam_B Yaa_M Miim_M Nuun_E</LatinTranscription>
  <content>
    <word idWord="1" x="371" transcription="السنوية" LatinTrans="Alif_I Laam_B Siin_M Nuun_M Waaw_E Yaa_B TaaaClosed_E">
      <paw idPaw="1" x="465" transcription="ا" LatinTrans="Alif_I">
        <lettre idLettre="1" x="465" transcription="ا" LatinTrans="Alif_I" />
      </paw>
      <paw idPaw="2" x="407" transcription="لسنو" LatinTrans="Laam_B Siin_M Nuun_M Waaw_E">
        <lettre idLettre="1" x="455" transcription="ل" LatinTrans="Laam_B" />
        <lettre idLettre="2" x="427" transcription="س" LatinTrans="Siin_M" />
        <lettre idLettre="3" x="417" transcription="ن" LatinTrans="Nuun_M" />
        <lettre idLettre="4" x="407" transcription="و" LatinTrans="Waaw_E" />
      </paw>
      <paw idPaw="3" x="371" transcription="ية" LatinTrans="Yaa_B TaaaClosed_E">
        <lettre idLettre="1" x="389" transcription="ي" LatinTrans="Yaa_B" />
        <lettre idLettre="2" x="371" transcription="ة" LatinTrans="TaaaClosed_E" />
      </paw>
    </word>
    <word idWord="2" x="368" transcription=" " LatinTrans="SPACE">
      <paw idPaw="1" x="368" transcription=" " LatinTrans="SPACE">
        <lettre idLettre="1" x="368" transcription=" " LatinTrans="SPACE" />
      </paw>
    </word>
    <word idWord="3" x="294" transcription="الثانية" LatinTrans="Alif_I Laam_B Thaa_M Alif_E Nuun_B Yaa_M TaaaClosed_E">
      <paw idPaw="1" x="362" transcription="ا" LatinTrans="Alif_I">
        <lettre idLettre="1" x="362" transcription="ا" LatinTrans="Alif_I" />
      </paw>
      <paw idPaw="2" x="339" transcription="لثا" LatinTrans="Laam_B Thaa_M Alif_E">
        <lettre idLettre="1" x="357" transcription="ل" LatinTrans="Laam_B" />
        <lettre idLettre="2" x="345" transcription="ث" LatinTrans="Thaa_M" />
        <lettre idLettre="3" x="339" transcription="ا" LatinTrans="Alif_E" />
      </paw>
      <paw idPaw="3" x="294" transcription="نية" LatinTrans="Nuun_B Yaa_M TaaaClosed_E">
        <lettre idLettre="1" x="330" transcription="ن" LatinTrans="Nuun_B" />
        <lettre idLettre="2" x="317" transcription="ي" LatinTrans="Yaa_M" />
        <lettre idLettre="3" x="294" transcription="ة" LatinTrans="TaaaClosed_E" />
      </paw>
    </word>
    <word idWord="4" x="291" transcription=" " LatinTrans="SPACE">
      <paw idPaw="1" x="291" transcription=" " LatinTrans="SPACE">
        <lettre idLettre="1" x="291" transcription=" " LatinTrans="SPACE" />
      </paw>
    </word>
    <word idWord="5" x="242" transcription="لثورة" LatinTrans="Laam_B Thaa_M Waaw_E Raa_I TaaaClosed_I">
      <paw idPaw="1" x="262" transcription="لثو" LatinTrans="Laam_B Thaa_M Waaw_E">
        <lettre idLettre="1" x="284" transcription="ل" LatinTrans="Laam_B" />
        <lettre idLettre="2" x="272" transcription="ث" LatinTrans="Thaa_M" />
        <lettre idLettre="3" x="262" transcription="و" LatinTrans="Waaw_E" />
      </paw>
      <paw idPaw="2" x="253" transcription="ر" LatinTrans="Raa_I">
        <lettre idLettre="1" x="253" transcription="ر" LatinTrans="Raa_I" />
      </paw>
      <paw idPaw="3" x="242" transcription="ة" LatinTrans="TaaaClosed_I">
        <lettre idLettre="1" x="242" transcription="ة" LatinTrans="TaaaClosed_I" />
      </paw>
    </word>
    <word idWord="6" x="239" transcription=" " LatinTrans="SPACE">
      <paw idPaw="1" x="239" transcription=" " LatinTrans="SPACE">
        <lettre idLettre="1" x="239" transcription=" " LatinTrans="SPACE" />
      </paw>
    </word>
    <word idWord="7" x="181" transcription="الحادي" LatinTrans="Alif_I Laam_B Haaa_M Alif_E Daal_I Yaa_I">
      <paw idPaw="1" x="233" transcription="ا" LatinTrans="Alif_I">
        <lettre idLettre="1" x="233" transcription="ا" LatinTrans="Alif_I" />
      </paw>
      <paw idPaw="2" x="206" transcription="لحا" LatinTrans="Laam_B Haaa_M Alif_E">
        <lettre idLettre="1" x="227" transcription="ل" LatinTrans="Laam_B" />
        <lettre idLettre="2" x="212" transcription="ح" LatinTrans="Haaa_M" />
        <lettre idLettre="3" x="206" transcription="ا" LatinTrans="Alif_E" />
      </paw>
      <paw idPaw="3" x="196" transcription="د" LatinTrans="Daal_I">
        <lettre idLettre="1" x="196" transcription="د" LatinTrans="Daal_I" />
      </paw>
      <paw idPaw="4" x="181" transcription="ي" LatinTrans="Yaa_I">
        <lettre idLettre="1" x="181" transcription="ي" LatinTrans="Yaa_I" />
      </paw>
    </word>
    <word idWord="8" x="176" transcription=" " LatinTrans="SPACE">
      <paw idPaw="1" x="176" transcription=" " LatinTrans="SPACE">
        <lettre idLettre="1" x="176" transcription=" " LatinTrans="SPACE" />
      </paw>
    </word>
    <word idWord="9" x="122" transcription="عشر" LatinTrans="Ayn_B Shiin_M Raa_E">
      <paw idPaw="1" x="122" transcription="عشر" LatinTrans="Ayn_B Shiin_M Raa_E">
        <lettre idLettre="1" x="163" transcription="ع" LatinTrans="Ayn_B" />
        <lettre idLettre="2" x="141" transcription="ش" LatinTrans="Shiin_M" />
        <lettre idLettre="3" x="122" transcription="ر" LatinTrans="Raa_E" />
      </paw>
    </word>
    <word idWord="10" x="118" transcription=" " LatinTrans="SPACE">
      <paw idPaw="1" x="118" transcription=" " LatinTrans="SPACE">
        <lettre idLettre="1" x="118" transcription=" " LatinTrans="SPACE" />
      </paw>
    </word>
    <word idWord="11" x="74" transcription="في" LatinTrans="Faa_B Yaa_E">
      <paw idPaw="1" x="74" transcription="في" LatinTrans="Faa_B Yaa_E">
        <lettre idLettre="1" x="98" transcription="ف" LatinTrans="Faa_B" />
        <lettre idLettre="2" x="74" transcription="ي" LatinTrans="Yaa_E" />
      </paw>
    </word>
    <word idWord="12" x="70" transcription=" " LatinTrans="SPACE">
      <paw idPaw="1" x="70" transcription=" " LatinTrans="SPACE">
        <lettre idLettre="1" x="70" transcription=" " LatinTrans="SPACE" />
      </paw>
    </word>
    <word idWord="13" x="0" transcription="اليمن" LatinTrans="Alif_I Laam_B Yaa_M Miim_M Nuun_E">
      <paw idPaw="1" x="64" transcription="ا" LatinTrans="Alif_I">
        <lettre idLettre="1" x="64" transcription="ا" LatinTrans="Alif_I" />
      </paw>
      <paw idPaw="2" x="0" transcription="ليمن" LatinTrans="Laam_B Yaa_M Miim_M Nuun_E">
        <lettre idLettre="1" x="58" transcription="ل" LatinTrans="Laam_B" />
        <lettre idLettre="2" x="48" transcription="ي" LatinTrans="Yaa_M" />
        <lettre idLettre="3" x="34" transcription="م" LatinTrans="Miim_M" />
        <lettre idLettre="4" x="0" transcription="ن" LatinTrans="Nuun_E" />
      </paw>
    </word>
  </content>
</textImage>