﻿<?xml version="1.0" encoding="UTF-8" standalone="yes"?>
<textImage id="1" width="374" height="37" transcription="هناك العديد من ضحايا الكهنة" image="aljazeera_3212-08-32-50_1">
  <ArabicTranscription>هناك العديد من ضحايا الكهنة</ArabicTranscription>
  <LatinTranscription>Haa_B Nuun_M Alif_E Kaaf_I SPACE Alif_I Laam_B Ayn_M Daal_E Yaa_B Daal_E SPACE Miim_B Nuun_E SPACE Daad_B Haaa_M Alif_E Yaa_B Alif_E SPACE Alif_I Laam_B Kaaf_M Haa_M Nuun_M TaaaClosed_E</LatinTranscription>
  <content>
    <word idWord="1" x="304" transcription="هناك" LatinTrans="Haa_B Nuun_M Alif_E Kaaf_I">
      <paw idPaw="1" x="331" transcription="هنا" LatinTrans="Haa_B Nuun_M Alif_E">
        <lettre idLettre="1" x="354" transcription="ه" LatinTrans="Haa_B" />
        <lettre idLettre="2" x="340" transcription="ن" LatinTrans="Nuun_M" />
        <lettre idLettre="3" x="331" transcription="ا" LatinTrans="Alif_E" />
      </paw>
      <paw idPaw="2" x="304" transcription="ك" LatinTrans="Kaaf_I">
        <lettre idLettre="1" x="304" transcription="ك" LatinTrans="Kaaf_I" />
      </paw>
    </word>
    <word idWord="2" x="300" transcription=" " LatinTrans="SPACE">
      <paw idPaw="1" x="300" transcription=" " LatinTrans="SPACE">
        <lettre idLettre="1" x="300" transcription=" " LatinTrans="SPACE" />
      </paw>
    </word>
    <word idWord="3" x="219" transcription="العديد" LatinTrans="Alif_I Laam_B Ayn_M Daal_E Yaa_B Daal_E">
      <paw idPaw="1" x="292" transcription="ا" LatinTrans="Alif_I">
        <lettre idLettre="1" x="292" transcription="ا" LatinTrans="Alif_I" />
      </paw>
      <paw idPaw="2" x="249" transcription="لعد" LatinTrans="Laam_B Ayn_M Daal_E">
        <lettre idLettre="1" x="285" transcription="ل" LatinTrans="Laam_B" />
        <lettre idLettre="2" x="262" transcription="ع" LatinTrans="Ayn_M" />
        <lettre idLettre="3" x="249" transcription="د" LatinTrans="Daal_E" />
      </paw>
      <paw idPaw="3" x="219" transcription="يد" LatinTrans="Yaa_B Daal_E">
        <lettre idLettre="1" x="235" transcription="ي" LatinTrans="Yaa_B" />
        <lettre idLettre="2" x="219" transcription="د" LatinTrans="Daal_E" />
      </paw>
    </word>
    <word idWord="4" x="213" transcription=" " LatinTrans="SPACE">
      <paw idPaw="1" x="213" transcription=" " LatinTrans="SPACE">
        <lettre idLettre="1" x="213" transcription=" " LatinTrans="SPACE" />
      </paw>
    </word>
    <word idWord="5" x="174" transcription="من" LatinTrans="Miim_B Nuun_E">
      <paw idPaw="1" x="174" transcription="من" LatinTrans="Miim_B Nuun_E">
        <lettre idLettre="1" x="197" transcription="م" LatinTrans="Miim_B" />
        <lettre idLettre="2" x="174" transcription="ن" LatinTrans="Nuun_E" />
      </paw>
    </word>
    <word idWord="6" x="171" transcription=" " LatinTrans="SPACE">
      <paw idPaw="1" x="171" transcription=" " LatinTrans="SPACE">
        <lettre idLettre="1" x="171" transcription=" " LatinTrans="SPACE" />
      </paw>
    </word>
    <word idWord="7" x="88" transcription="ضحايا" LatinTrans="Daad_B Haaa_M Alif_E Yaa_B Alif_E">
      <paw idPaw="1" x="115" transcription="ضحا" LatinTrans="Daad_B Haaa_M Alif_E">
        <lettre idLettre="1" x="141" transcription="ض" LatinTrans="Daad_B" />
        <lettre idLettre="2" x="124" transcription="ح" LatinTrans="Haaa_M" />
        <lettre idLettre="3" x="115" transcription="ا" LatinTrans="Alif_E" />
      </paw>
      <paw idPaw="2" x="88" transcription="يا" LatinTrans="Yaa_B Alif_E">
        <lettre idLettre="1" x="98" transcription="ي" LatinTrans="Yaa_B" />
        <lettre idLettre="2" x="88" transcription="ا" LatinTrans="Alif_E" />
      </paw>
    </word>
    <word idWord="8" x="81" transcription=" " LatinTrans="SPACE">
      <paw idPaw="1" x="81" transcription=" " LatinTrans="SPACE">
        <lettre idLettre="1" x="81" transcription=" " LatinTrans="SPACE" />
      </paw>
    </word>
    <word idWord="9" x="0" transcription="الكهنة" LatinTrans="Alif_I Laam_B Kaaf_M Haa_M Nuun_M TaaaClosed_E">
      <paw idPaw="1" x="73" transcription="ا" LatinTrans="Alif_I">
        <lettre idLettre="1" x="73" transcription="ا" LatinTrans="Alif_I" />
      </paw>
      <paw idPaw="2" x="0" transcription="لكهنة" LatinTrans="Laam_B Kaaf_M Haa_M Nuun_M TaaaClosed_E">
        <lettre idLettre="1" x="67" transcription="ل" LatinTrans="Laam_B" />
        <lettre idLettre="2" x="51" transcription="ك" LatinTrans="Kaaf_M" />
        <lettre idLettre="3" x="37" transcription="ه" LatinTrans="Haa_M" />
        <lettre idLettre="4" x="21" transcription="ن" LatinTrans="Nuun_M" />
        <lettre idLettre="5" x="0" transcription="ة" LatinTrans="TaaaClosed_E" />
      </paw>
    </word>
  </content>
</textImage>