﻿<?xml version="1.0" encoding="UTF-8" standalone="yes"?>
<textImage id="2" width="287" height="60" transcription="2013 - 1980" image="aljazeera_3211-11-56-20_2">
  <ArabicTranscription>2013 - 1980</ArabicTranscription>
  <LatinTranscription>Zero Eight Nine One SPACE DASH SPACE Three One Zero Two</LatinTranscription>
  <content>
    <word idWord="1" x="168" transcription="1980" LatinTrans="Zero Eight Nine One">
      <paw idPaw="1" x="255" transcription="0" LatinTrans="Zero">
        <lettre idLettre="1" x="255" transcription="0" LatinTrans="Zero" />
      </paw>
      <paw idPaw="2" x="221" transcription="8" LatinTrans="Eight">
        <lettre idLettre="1" x="221" transcription="8" LatinTrans="Eight" />
      </paw>
      <paw idPaw="3" x="192" transcription="9" LatinTrans="Nine">
        <lettre idLettre="1" x="192" transcription="9" LatinTrans="Nine" />
      </paw>
      <paw idPaw="4" x="168" transcription="1" LatinTrans="One">
        <lettre idLettre="1" x="168" transcription="1" LatinTrans="One" />
      </paw>
    </word>
    <word idWord="2" x="156" transcription=" " LatinTrans="SPACE">
      <paw idPaw="1" x="156" transcription=" " LatinTrans="SPACE">
        <lettre idLettre="1" x="156" transcription=" " LatinTrans="SPACE" />
      </paw>
    </word>
    <word idWord="3" x="129" transcription=" " LatinTrans="DASH">
      <paw idPaw="1" x="129" transcription=" " LatinTrans="DASH">
        <lettre idLettre="1" x="129" transcription=" " LatinTrans="DASH" />
      </paw>
    </word>
    <word idWord="4" x="116" transcription=" " LatinTrans="SPACE">
      <paw idPaw="1" x="116" transcription=" " LatinTrans="SPACE">
        <lettre idLettre="1" x="116" transcription=" " LatinTrans="SPACE" />
      </paw>
    </word>
    <word idWord="5" x="0" transcription="2013" LatinTrans="Three One Zero Two">
      <paw idPaw="1" x="86" transcription="3" LatinTrans="Three">
        <lettre idLettre="1" x="86" transcription="3" LatinTrans="Three" />
      </paw>
      <paw idPaw="2" x="63" transcription="1" LatinTrans="One">
        <lettre idLettre="1" x="63" transcription="1" LatinTrans="One" />
      </paw>
      <paw idPaw="3" x="33" transcription="0" LatinTrans="Zero">
        <lettre idLettre="1" x="33" transcription="0" LatinTrans="Zero" />
      </paw>
      <paw idPaw="4" x="0" transcription="2" LatinTrans="Two">
        <lettre idLettre="1" x="0" transcription="2" LatinTrans="Two" />
      </paw>
    </word>
  </content>
</textImage>