﻿<?xml version="1.0" encoding="UTF-8" standalone="yes"?>
<textImage id="1" width="492" height="44" transcription="الخطوط العراقية تسير رحلاتها إلى" image="aljazeera_3213-05-33-50_1">
  <ArabicTranscription>الخطوط العراقية تسير رحلاتها إلى</ArabicTranscription>
  <LatinTranscription>Alif_I Laam_B Xaa_M Thaaa_M Waaw_E Thaaa_I SPACE Alif_I Laam_B Ayn_M Raa_E Alif_I Gaaf_B Yaa_M TaaaClosed_E SPACE Taaa_B Siin_M Yaa_M Raa_E SPACE Raa_I Haaa_B Laam_Alif Taaa_B Haa_M Alif_E SPACE HamzaOnederAlif_I Laam_B AlifBroken_E</LatinTranscription>
  <content>
    <word idWord="1" x="381" transcription="الخطوط" LatinTrans="Alif_I Laam_B Xaa_M Thaaa_M Waaw_E Thaaa_I">
      <paw idPaw="1" x="480" transcription="ا" LatinTrans="Alif_I">
        <lettre idLettre="1" x="480" transcription="ا" LatinTrans="Alif_I" />
      </paw>
      <paw idPaw="2" x="410" transcription="لخطو" LatinTrans="Laam_B Xaa_M Thaaa_M Waaw_E">
        <lettre idLettre="1" x="472" transcription="ل" LatinTrans="Laam_B" />
        <lettre idLettre="2" x="450" transcription="خ" LatinTrans="Xaa_M" />
        <lettre idLettre="3" x="424" transcription="ط" LatinTrans="Thaaa_M" />
        <lettre idLettre="4" x="410" transcription="و" LatinTrans="Waaw_E" />
      </paw>
      <paw idPaw="3" x="381" transcription="ط" LatinTrans="Thaaa_I">
        <lettre idLettre="1" x="381" transcription="ط" LatinTrans="Thaaa_I" />
      </paw>
    </word>
    <word idWord="2" x="376" transcription=" " LatinTrans="SPACE">
      <paw idPaw="1" x="376" transcription=" " LatinTrans="SPACE">
        <lettre idLettre="1" x="376" transcription=" " LatinTrans="SPACE" />
      </paw>
    </word>
    <word idWord="3" x="261" transcription="العراقية" LatinTrans="Alif_I Laam_B Ayn_M Raa_E Alif_I Gaaf_B Yaa_M TaaaClosed_E">
      <paw idPaw="1" x="367" transcription="ا" LatinTrans="Alif_I">
        <lettre idLettre="1" x="367" transcription="ا" LatinTrans="Alif_I" />
      </paw>
      <paw idPaw="2" x="322" transcription="لعر" LatinTrans="Laam_B Ayn_M Raa_E">
        <lettre idLettre="1" x="358" transcription="ل" LatinTrans="Laam_B" />
        <lettre idLettre="2" x="337" transcription="ع" LatinTrans="Ayn_M" />
        <lettre idLettre="3" x="322" transcription="ر" LatinTrans="Raa_E" />
      </paw>
      <paw idPaw="3" x="314" transcription="ا" LatinTrans="Alif_I">
        <lettre idLettre="1" x="314" transcription="ا" LatinTrans="Alif_I" />
      </paw>
      <paw idPaw="4" x="261" transcription="قية" LatinTrans="Gaaf_B Yaa_M TaaaClosed_E">
        <lettre idLettre="1" x="294" transcription="ق" LatinTrans="Gaaf_B" />
        <lettre idLettre="2" x="278" transcription="ي" LatinTrans="Yaa_M" />
        <lettre idLettre="3" x="261" transcription="ة" LatinTrans="TaaaClosed_E" />
      </paw>
    </word>
    <word idWord="4" x="255" transcription=" " LatinTrans="SPACE">
      <paw idPaw="1" x="255" transcription=" " LatinTrans="SPACE">
        <lettre idLettre="1" x="255" transcription=" " LatinTrans="SPACE" />
      </paw>
    </word>
    <word idWord="5" x="182" transcription="تسير" LatinTrans="Taaa_B Siin_M Yaa_M Raa_E">
      <paw idPaw="1" x="182" transcription="تسير" LatinTrans="Taaa_B Siin_M Yaa_M Raa_E">
        <lettre idLettre="1" x="238" transcription="ت" LatinTrans="Taaa_B" />
        <lettre idLettre="2" x="213" transcription="س" LatinTrans="Siin_M" />
        <lettre idLettre="3" x="194" transcription="ي" LatinTrans="Yaa_M" />
        <lettre idLettre="4" x="182" transcription="ر" LatinTrans="Raa_E" />
      </paw>
    </word>
    <word idWord="6" x="175" transcription=" " LatinTrans="SPACE">
      <paw idPaw="1" x="175" transcription=" " LatinTrans="SPACE">
        <lettre idLettre="1" x="175" transcription=" " LatinTrans="SPACE" />
      </paw>
    </word>
    <word idWord="7" x="75" transcription="رحلاتها" LatinTrans="Raa_I Haaa_B Laam_Alif Taaa_B Haa_M Alif_E">
      <paw idPaw="1" x="163" transcription="ر" LatinTrans="Raa_I">
        <lettre idLettre="1" x="163" transcription="ر" LatinTrans="Raa_I" />
      </paw>
      <paw idPaw="2" x="122" transcription="حلا" LatinTrans="Haaa_B Laam_Alif">
        <lettre idLettre="1" x="143" transcription="ح" LatinTrans="Haaa_B" />
        <lettre idLettre="2" x="122" transcription="لا" LatinTrans="Laam_Alif" />
      </paw>
      <paw idPaw="3" x="75" transcription="تها" LatinTrans="Taaa_B Haa_M Alif_E">
        <lettre idLettre="1" x="110" transcription="ت" LatinTrans="Taaa_B" />
        <lettre idLettre="2" x="92" transcription="ه" LatinTrans="Haa_M" />
        <lettre idLettre="3" x="75" transcription="ا" LatinTrans="Alif_E" />
      </paw>
    </word>
    <word idWord="8" x="70" transcription=" " LatinTrans="SPACE">
      <paw idPaw="1" x="70" transcription=" " LatinTrans="SPACE">
        <lettre idLettre="1" x="70" transcription=" " LatinTrans="SPACE" />
      </paw>
    </word>
    <word idWord="9" x="0" transcription="إلى" LatinTrans="HamzaOnederAlif_I Laam_B AlifBroken_E">
      <paw idPaw="1" x="61" transcription="إ" LatinTrans="HamzaOnederAlif_I">
        <lettre idLettre="1" x="61" transcription="إ" LatinTrans="HamzaUnderAlif_I" />
      </paw>
      <paw idPaw="2" x="0" transcription="لى" LatinTrans="Laam_B AlifBroken_E">
        <lettre idLettre="1" x="44" transcription="ل" LatinTrans="Laam_B" />
        <lettre idLettre="2" x="0" transcription="ى" LatinTrans="AlifBroken_E" />
      </paw>
    </word>
  </content>
</textImage>