﻿<?xml version="1.0" encoding="UTF-8" standalone="yes"?>
<textImage id="2" width="101" height="36" transcription="الجمعة" image="aljazeera_3213-00-55-50_2">
  <ArabicTranscription>الجمعة</ArabicTranscription>
  <LatinTranscription>Alif_I Laam_B Jiim_M Miim_M Ayn_M TaaaClosed_E</LatinTranscription>
  <content>
    <word idWord="1" x="0" transcription="الجمعة" LatinTrans="Alif_I Laam_B Jiim_M Miim_M Ayn_M TaaaClosed_E">
      <paw idPaw="1" x="91" transcription="ا" LatinTrans="Alif_I">
        <lettre idLettre="1" x="91" transcription="ا" LatinTrans="Alif_I" />
      </paw>
      <paw idPaw="2" x="0" transcription="لجمعة" LatinTrans="Laam_B Jiim_M Miim_M Ayn_M TaaaClosed_E">
        <lettre idLettre="1" x="82" transcription="ل" LatinTrans="Laam_B" />
        <lettre idLettre="2" x="62" transcription="ج" LatinTrans="Jiim_M" />
        <lettre idLettre="3" x="43" transcription="م" LatinTrans="Miim_M" />
        <lettre idLettre="4" x="22" transcription="ع" LatinTrans="Ayn_M" />
        <lettre idLettre="5" x="0" transcription="ة" LatinTrans="TaaaClosed_E" />
      </paw>
    </word>
  </content>
</textImage>