﻿<?xml version="1.0" encoding="UTF-8" standalone="yes"?>
<textImage id="2" width="595" height="96" transcription="على العصر" image="aljazeera_3211-09-57-30_2">
  <ArabicTranscription>على العصر</ArabicTranscription>
  <LatinTranscription>Ayn_B Laam_M AlifBroken_E SPACE Alif_I Laam_B Ayn_M Saad_M Raa_E</LatinTranscription>
  <content>
    <word idWord="1" x="339" transcription="على" LatinTrans="Ayn_B Laam_M AlifBroken_E">
      <paw idPaw="1" x="339" transcription="على" LatinTrans="Ayn_B Laam_M AlifBroken_E">
        <lettre idLettre="1" x="528" transcription="ع" LatinTrans="Ayn_B" />
        <lettre idLettre="2" x="484" transcription="ل" LatinTrans="Laam_M" />
        <lettre idLettre="3" x="339" transcription="ى" LatinTrans="AlifBroken_E" />
      </paw>
    </word>
    <word idWord="2" x="318" transcription=" " LatinTrans="SPACE">
      <paw idPaw="1" x="318" transcription=" " LatinTrans="SPACE">
        <lettre idLettre="1" x="318" transcription=" " LatinTrans="SPACE" />
      </paw>
    </word>
    <word idWord="3" x="0" transcription="العصر" LatinTrans="Alif_I Laam_B Ayn_M Saad_M Raa_E">
      <paw idPaw="1" x="293" transcription="ا" LatinTrans="Alif_I">
        <lettre idLettre="1" x="293" transcription="ا" LatinTrans="Alif_I" />
      </paw>
      <paw idPaw="2" x="0" transcription="لعصر" LatinTrans="Laam_B Ayn_M Saad_M Raa_E">
        <lettre idLettre="1" x="271" transcription="ل" LatinTrans="Laam_B" />
        <lettre idLettre="2" x="217" transcription="ع" LatinTrans="Ayn_M" />
        <lettre idLettre="3" x="147" transcription="ص" LatinTrans="Saad_M" />
        <lettre idLettre="4" x="0" transcription="ر" LatinTrans="Raa_E" />
      </paw>
    </word>
  </content>
</textImage>