﻿<?xml version="1.0" encoding="UTF-8" standalone="yes"?>
<textImage id="2" width="203" height="34" transcription="رسالة سنوية يلقيها" image="aljazeera_3213-01-29-40_2">
  <ArabicTranscription>رسالة سنوية يلقيها</ArabicTranscription>
  <LatinTranscription>Raa_I Siin_B Alif_E Laam_B TaaaClosed_E SPACE Siin_B Nuun_M Waaw_E Yaa_B TaaaClosed_E SPACE Yaa_B Laam_M Gaaf_M Yaa_M Haa_M Alif_E</LatinTranscription>
  <content>
    <word idWord="1" x="150" transcription="رسالة" LatinTrans="Raa_I Siin_B Alif_E Laam_B TaaaClosed_E">
      <paw idPaw="1" x="192" transcription="ر" LatinTrans="Raa_I">
        <lettre idLettre="1" x="192" transcription="ر" LatinTrans="Raa_I" />
      </paw>
      <paw idPaw="2" x="169" transcription="سا" LatinTrans="Siin_B Alif_E">
        <lettre idLettre="1" x="177" transcription="س" LatinTrans="Siin_B" />
        <lettre idLettre="2" x="169" transcription="ا" LatinTrans="Alif_E" />
      </paw>
      <paw idPaw="3" x="150" transcription="لة" LatinTrans="Laam_B TaaaClosed_E">
        <lettre idLettre="1" x="163" transcription="ل" LatinTrans="Laam_B" />
        <lettre idLettre="2" x="150" transcription="ة" LatinTrans="TaaaClosed_E" />
      </paw>
    </word>
    <word idWord="2" x="146" transcription=" " LatinTrans="SPACE">
      <paw idPaw="1" x="146" transcription=" " LatinTrans="SPACE">
        <lettre idLettre="1" x="146" transcription=" " LatinTrans="SPACE" />
      </paw>
    </word>
    <word idWord="3" x="83" transcription="سنوية" LatinTrans="Siin_B Nuun_M Waaw_E Yaa_B TaaaClosed_E">
      <paw idPaw="1" x="110" transcription="سنو" LatinTrans="Siin_B Nuun_M Waaw_E">
        <lettre idLettre="1" x="130" transcription="س" LatinTrans="Siin_B" />
        <lettre idLettre="2" x="119" transcription="ن" LatinTrans="Nuun_M" />
        <lettre idLettre="3" x="110" transcription="و" LatinTrans="Waaw_E" />
      </paw>
      <paw idPaw="2" x="83" transcription="ية" LatinTrans="Yaa_B TaaaClosed_E">
        <lettre idLettre="1" x="99" transcription="ي" LatinTrans="Yaa_B" />
        <lettre idLettre="2" x="83" transcription="ة" LatinTrans="TaaaClosed_E" />
      </paw>
    </word>
    <word idWord="4" x="79" transcription=" " LatinTrans="SPACE">
      <paw idPaw="1" x="79" transcription=" " LatinTrans="SPACE">
        <lettre idLettre="1" x="79" transcription=" " LatinTrans="SPACE" />
      </paw>
    </word>
    <word idWord="5" x="0" transcription="يلقيها" LatinTrans="Yaa_B Laam_M Gaaf_M Yaa_M Haa_M Alif_E">
      <paw idPaw="1" x="0" transcription="يلقيها" LatinTrans="Yaa_B Laam_M Gaaf_M Yaa_M Haa_M Alif_E">
        <lettre idLettre="1" x="69" transcription="ي" LatinTrans="Yaa_B" />
        <lettre idLettre="2" x="62" transcription="ل" LatinTrans="Laam_M" />
        <lettre idLettre="3" x="49" transcription="ق" LatinTrans="Gaaf_M" />
        <lettre idLettre="4" x="38" transcription="ي" LatinTrans="Yaa_M" />
        <lettre idLettre="5" x="25" transcription="ه" LatinTrans="Haa_M" />
        <lettre idLettre="6" x="0" transcription="ا" LatinTrans="Alif_E" />
      </paw>
    </word>
  </content>
</textImage>