﻿<?xml version="1.0" encoding="UTF-8" standalone="yes"?>
<textImage id="1" width="490" height="54" transcription="الغنوشي يؤكد إمكانية مغادرة" image="aljazeera_3213-05-32-40_1">
  <ArabicTranscription>الغنوشي يؤكد إمكانية مغادرة</ArabicTranscription>
  <LatinTranscription>Alif_I Laam_B Ghayn_M Nuun_M Waaw_E Shiin_B Yaa_E SPACE Yaa_B HamzaAboveWaaw_E Kaaf_B Daal_E SPACE HamzaOnederAlif_I Miim_B Kaaf_M Alif_E Nuun_B Yaa_M TaaaClosed_E SPACE Miim_B Ghayn_M Alif_E Daal_I Raa_I TaaaClosed_I</LatinTranscription>
  <content>
    <word idWord="1" x="331" transcription="الغنوشي" LatinTrans="Alif_I Laam_B Ghayn_M Nuun_M Waaw_E Shiin_B Yaa_E">
      <paw idPaw="1" x="479" transcription="ا" LatinTrans="Alif_I">
        <lettre idLettre="1" x="479" transcription="ا" LatinTrans="Alif_I" />
      </paw>
      <paw idPaw="2" x="397" transcription="لغنو" LatinTrans="Laam_B Ghayn_M Nuun_M Waaw_E">
        <lettre idLettre="1" x="470" transcription="ل" LatinTrans="Laam_B" />
        <lettre idLettre="2" x="429" transcription="غ" LatinTrans="Ghayn_M" />
        <lettre idLettre="3" x="414" transcription="ن" LatinTrans="Nuun_M" />
        <lettre idLettre="4" x="397" transcription="و" LatinTrans="Waaw_E" />
      </paw>
      <paw idPaw="3" x="331" transcription="شي" LatinTrans="Shiin_B Yaa_E">
        <lettre idLettre="1" x="367" transcription="ش" LatinTrans="Shiin_B" />
        <lettre idLettre="2" x="331" transcription="ي" LatinTrans="Yaa_E" />
      </paw>
    </word>
    <word idWord="2" x="326" transcription=" " LatinTrans="SPACE">
      <paw idPaw="1" x="326" transcription=" " LatinTrans="SPACE">
        <lettre idLettre="1" x="326" transcription=" " LatinTrans="SPACE" />
      </paw>
    </word>
    <word idWord="3" x="236" transcription="يؤكد" LatinTrans="Yaa_B HamzaAboveWaaw_E Kaaf_B Daal_E">
      <paw idPaw="1" x="293" transcription="يؤ" LatinTrans="Yaa_B HamzaAboveWaaw_E">
        <lettre idLettre="1" x="308" transcription="ي" LatinTrans="Yaa_B" />
        <lettre idLettre="2" x="293" transcription="ؤ" LatinTrans="HamzaAboveWaaw_E" />
      </paw>
      <paw idPaw="2" x="236" transcription="كد" LatinTrans="Kaaf_B Daal_E">
        <lettre idLettre="1" x="271" transcription="ك" LatinTrans="Kaaf_B" />
        <lettre idLettre="2" x="236" transcription="د" LatinTrans="Daal_E" />
      </paw>
    </word>
    <word idWord="4" x="230" transcription=" " LatinTrans="SPACE">
      <paw idPaw="1" x="230" transcription=" " LatinTrans="SPACE">
        <lettre idLettre="1" x="230" transcription=" " LatinTrans="SPACE" />
      </paw>
    </word>
    <word idWord="5" x="105" transcription="إمكانية" LatinTrans="HamzaOnederAlif_I Miim_B Kaaf_M Alif_E Nuun_B Yaa_M TaaaClosed_E">
      <paw idPaw="1" x="220" transcription="إ" LatinTrans="HamzaOnederAlif_I">
        <lettre idLettre="1" x="220" transcription="إ" LatinTrans="HamzaUnderAlif_I" />
      </paw>
      <paw idPaw="2" x="178" transcription="مكا" LatinTrans="Miim_B Kaaf_M Alif_E">
        <lettre idLettre="1" x="206" transcription="م" LatinTrans="Miim_B" />
        <lettre idLettre="2" x="189" transcription="ك" LatinTrans="Kaaf_M" />
        <lettre idLettre="3" x="178" transcription="ا" LatinTrans="Alif_E" />
      </paw>
      <paw idPaw="3" x="105" transcription="نية" LatinTrans="Nuun_B Yaa_M TaaaClosed_E">
        <lettre idLettre="1" x="165" transcription="ن" LatinTrans="Nuun_B" />
        <lettre idLettre="2" x="139" transcription="ي" LatinTrans="Yaa_M" />
        <lettre idLettre="3" x="105" transcription="ة" LatinTrans="TaaaClosed_E" />
      </paw>
    </word>
    <word idWord="6" x="96" transcription=" " LatinTrans="SPACE">
      <paw idPaw="1" x="96" transcription=" " LatinTrans="SPACE">
        <lettre idLettre="1" x="96" transcription=" " LatinTrans="SPACE" />
      </paw>
    </word>
    <word idWord="7" x="0" transcription="مغادرة" LatinTrans="Miim_B Ghayn_M Alif_E Daal_I Raa_I TaaaClosed_I">
      <paw idPaw="1" x="49" transcription="مغا" LatinTrans="Miim_B Ghayn_M Alif_E">
        <lettre idLettre="1" x="79" transcription="م" LatinTrans="Miim_B" />
        <lettre idLettre="2" x="61" transcription="غ" LatinTrans="Ghayn_M" />
        <lettre idLettre="3" x="49" transcription="ا" LatinTrans="Alif_E" />
      </paw>
      <paw idPaw="2" x="31" transcription="د" LatinTrans="Daal_I">
        <lettre idLettre="1" x="31" transcription="د" LatinTrans="Daal_I" />
      </paw>
      <paw idPaw="3" x="17" transcription="ر" LatinTrans="Raa_I">
        <lettre idLettre="1" x="17" transcription="ر" LatinTrans="Raa_I" />
      </paw>
      <paw idPaw="4" x="0" transcription="ة" LatinTrans="TaaaClosed_I">
        <lettre idLettre="1" x="0" transcription="ة" LatinTrans="TaaaClosed_I" />
      </paw>
    </word>
  </content>
</textImage>