﻿<?xml version="1.0" encoding="UTF-8" standalone="yes"?>
<textImage id="2" width="410" height="45" transcription="لتقلب الطاولة على حكومة النهضة ؟" image="aljazeera_3211-09-26-20_2">
  <ArabicTranscription>لتقلب الطاولة على حكومة النهضة ؟</ArabicTranscription>
  <LatinTranscription>Laam_B Taaa_M Gaaf_M Laam_M Baa_E SPACE Alif_I Laam_B Thaaa_M Alif_E Waaw_I Laam_B TaaaClosed_E SPACE Ayn_B Laam_M AlifBroken_E SPACE Haaa_B Kaaf_M Waaw_E Miim_B TaaaClosed_E SPACE Alif_I Laam_B Nuun_M Haa_M Daad_M TaaaClosed_E SPACE INTERPOINT</LatinTranscription>
  <content>
    <word idWord="1" x="334" transcription="لتقلب" LatinTrans="Laam_B Taaa_M Gaaf_M Laam_M Baa_E">
      <paw idPaw="1" x="334" transcription="لتقلب" LatinTrans="Laam_B Taaa_M Gaaf_M Laam_M Baa_E">
        <lettre idLettre="1" x="397" transcription="ل" LatinTrans="Laam_B" />
        <lettre idLettre="2" x="383" transcription="ت" LatinTrans="Taaa_M" />
        <lettre idLettre="3" x="368" transcription="ق" LatinTrans="Gaaf_M" />
        <lettre idLettre="4" x="357" transcription="ل" LatinTrans="Laam_M" />
        <lettre idLettre="5" x="334" transcription="ب" LatinTrans="Baa_E" />
      </paw>
    </word>
    <word idWord="2" x="329" transcription=" " LatinTrans="SPACE">
      <paw idPaw="1" x="329" transcription=" " LatinTrans="SPACE">
        <lettre idLettre="1" x="329" transcription=" " LatinTrans="SPACE" />
      </paw>
    </word>
    <word idWord="3" x="248" transcription="الطاولة" LatinTrans="Alif_I Laam_B Thaaa_M Alif_E Waaw_I Laam_B TaaaClosed_E">
      <paw idPaw="1" x="322" transcription="ا" LatinTrans="Alif_I">
        <lettre idLettre="1" x="322" transcription="ا" LatinTrans="Alif_I" />
      </paw>
      <paw idPaw="2" x="283" transcription="لطا" LatinTrans="Laam_B Thaaa_M Alif_E">
        <lettre idLettre="1" x="313" transcription="ل" LatinTrans="Laam_B" />
        <lettre idLettre="2" x="292" transcription="ط" LatinTrans="Thaaa_M" />
        <lettre idLettre="3" x="283" transcription="ا" LatinTrans="Alif_E" />
      </paw>
      <paw idPaw="3" x="270" transcription="و" LatinTrans="Waaw_I">
        <lettre idLettre="1" x="270" transcription="و" LatinTrans="Waaw_I" />
      </paw>
      <paw idPaw="4" x="248" transcription="لة" LatinTrans="Laam_B TaaaClosed_E">
        <lettre idLettre="1" x="263" transcription="ل" LatinTrans="Laam_B" />
        <lettre idLettre="2" x="248" transcription="ة" LatinTrans="TaaaClosed_E" />
      </paw>
    </word>
    <word idWord="4" x="242" transcription=" " LatinTrans="SPACE">
      <paw idPaw="1" x="242" transcription=" " LatinTrans="SPACE">
        <lettre idLettre="1" x="242" transcription=" " LatinTrans="SPACE" />
      </paw>
    </word>
    <word idWord="5" x="194" transcription="على" LatinTrans="Ayn_B Laam_M AlifBroken_E">
      <paw idPaw="1" x="194" transcription="على" LatinTrans="Ayn_B Laam_M AlifBroken_E">
        <lettre idLettre="1" x="223" transcription="ع" LatinTrans="Ayn_B" />
        <lettre idLettre="2" x="214" transcription="ل" LatinTrans="Laam_M" />
        <lettre idLettre="3" x="194" transcription="ى" LatinTrans="AlifBroken_E" />
      </paw>
    </word>
    <word idWord="6" x="189" transcription=" " LatinTrans="SPACE">
      <paw idPaw="1" x="189" transcription=" " LatinTrans="SPACE">
        <lettre idLettre="1" x="189" transcription=" " LatinTrans="SPACE" />
      </paw>
    </word>
    <word idWord="7" x="113" transcription="حكومة" LatinTrans="Haaa_B Kaaf_M Waaw_E Miim_B TaaaClosed_E">
      <paw idPaw="1" x="141" transcription="حكو" LatinTrans="Haaa_B Kaaf_M Waaw_E">
        <lettre idLettre="1" x="170" transcription="ح" LatinTrans="Haaa_B" />
        <lettre idLettre="2" x="156" transcription="ك" LatinTrans="Kaaf_M" />
        <lettre idLettre="3" x="141" transcription="و" LatinTrans="Waaw_E" />
      </paw>
      <paw idPaw="2" x="113" transcription="مة" LatinTrans="Miim_B TaaaClosed_E">
        <lettre idLettre="1" x="127" transcription="م" LatinTrans="Miim_B" />
        <lettre idLettre="2" x="113" transcription="ة" LatinTrans="TaaaClosed_E" />
      </paw>
    </word>
    <word idWord="8" x="106" transcription=" " LatinTrans="SPACE">
      <paw idPaw="1" x="106" transcription=" " LatinTrans="SPACE">
        <lettre idLettre="1" x="106" transcription=" " LatinTrans="SPACE" />
      </paw>
    </word>
    <word idWord="9" x="24" transcription="النهضة" LatinTrans="Alif_I Laam_B Nuun_M Haa_M Daad_M TaaaClosed_E">
      <paw idPaw="1" x="99" transcription="ا" LatinTrans="Alif_I">
        <lettre idLettre="1" x="99" transcription="ا" LatinTrans="Alif_I" />
      </paw>
      <paw idPaw="2" x="24" transcription="لنهضة" LatinTrans="Laam_B Nuun_M Haa_M Daad_M TaaaClosed_E">
        <lettre idLettre="1" x="91" transcription="ل" LatinTrans="Laam_B" />
        <lettre idLettre="2" x="80" transcription="ن" LatinTrans="Nuun_M" />
        <lettre idLettre="3" x="64" transcription="ه" LatinTrans="Haa_M" />
        <lettre idLettre="4" x="40" transcription="ض" LatinTrans="Daad_M" />
        <lettre idLettre="5" x="24" transcription="ة" LatinTrans="TaaaClosed_E" />
      </paw>
    </word>
    <word idWord="10" x="18" transcription=" " LatinTrans="SPACE">
      <paw idPaw="1" x="18" transcription=" " LatinTrans="SPACE">
        <lettre idLettre="1" x="18" transcription=" " LatinTrans="SPACE" />
      </paw>
    </word>
    <word idWord="11" x="0" transcription="؟" LatinTrans="INTERPOINT">
      <paw idPaw="1" x="0" transcription="؟" LatinTrans="INTERPOINT">
        <lettre idLettre="1" x="0" transcription="؟" LatinTrans="INTERPOINT" />
      </paw>
    </word>
  </content>
</textImage>