﻿<?xml version="1.0" encoding="UTF-8" standalone="yes"?>
<textImage id="1" width="99" height="28" transcription="رنا نجم" image="aljazeera_3212-03-59-40_1">
  <ArabicTranscription>رنا نجم</ArabicTranscription>
  <LatinTranscription>Raa_I Nuun_B Alif_E SPACE Nuun_B Jiim_M Miim_E</LatinTranscription>
  <content>
    <word idWord="1" x="56" transcription="رنا" LatinTrans="Raa_I Nuun_B Alif_E">
      <paw idPaw="1" x="87" transcription="ر" LatinTrans="Raa_I">
        <lettre idLettre="1" x="87" transcription="ر" LatinTrans="Raa_I" />
      </paw>
      <paw idPaw="2" x="56" transcription="نا" LatinTrans="Nuun_B Alif_E">
        <lettre idLettre="1" x="72" transcription="ن" LatinTrans="Nuun_B" />
        <lettre idLettre="2" x="56" transcription="ا" LatinTrans="Alif_E" />
      </paw>
    </word>
    <word idWord="2" x="53" transcription=" " LatinTrans="SPACE">
      <paw idPaw="1" x="53" transcription=" " LatinTrans="SPACE">
        <lettre idLettre="1" x="53" transcription=" " LatinTrans="SPACE" />
      </paw>
    </word>
    <word idWord="3" x="0" transcription="نجم" LatinTrans="Nuun_B Jiim_M Miim_E">
      <paw idPaw="1" x="0" transcription="نجم" LatinTrans="Nuun_B Jiim_M Miim_E">
        <lettre idLettre="1" x="42" transcription="ن" LatinTrans="Nuun_B" />
        <lettre idLettre="2" x="26" transcription="ج" LatinTrans="Jiim_M" />
        <lettre idLettre="3" x="0" transcription="م" LatinTrans="Miim_E" />
      </paw>
    </word>
  </content>
</textImage>