﻿<?xml version="1.0" encoding="UTF-8" standalone="yes"?>
<textImage id="1" width="490" height="50" transcription="الولايات المتحدة تبدأ عملية سحب" image="aljazeera_3212-05-35-10_1">
  <ArabicTranscription>الولايات المتحدة تبدأ عملية سحب</ArabicTranscription>
  <LatinTranscription>Alif_I Laam_B Waaw_E Laam_Alif Yaa_B Alif_E Taaa_I SPACE Alif_I Laam_B Miim_M Taaa_M Haaa_M Daal_E TaaaClosed_I SPACE Taaa_B Baa_M Daal_E HamzaAboveAlif_I SPACE Ayn_B Miim_M Laam_M Yaa_M TaaaClosed_E SPACE Siin_B Haaa_M Baa_E</LatinTranscription>
  <content>
    <word idWord="1" x="384" transcription="الولايات" LatinTrans="Alif_I Laam_B Waaw_E Laam_Alif Yaa_B Alif_E Taaa_I">
      <paw idPaw="1" x="480" transcription="ا" LatinTrans="Alif_I">
        <lettre idLettre="1" x="480" transcription="ا" LatinTrans="Alif_I" />
      </paw>
      <paw idPaw="2" x="452" transcription="لو" LatinTrans="Laam_B Waaw_E">
        <lettre idLettre="1" x="470" transcription="ل" LatinTrans="Laam_B" />
        <lettre idLettre="2" x="452" transcription="و" LatinTrans="Waaw_E" />
      </paw>
      <paw idPaw="3" x="436" transcription="لا" LatinTrans="Laam_Alif">
        <lettre idLettre="1" x="436" transcription="لا" LatinTrans="Laam_Alif" />
      </paw>
      <paw idPaw="4" x="413" transcription="يا" LatinTrans="Yaa_B Alif_E">
        <lettre idLettre="1" x="422" transcription="ي" LatinTrans="Yaa_B" />
        <lettre idLettre="2" x="413" transcription="ا" LatinTrans="Alif_E" />
      </paw>
      <paw idPaw="5" x="384" transcription="ت" LatinTrans="Taaa_I">
        <lettre idLettre="1" x="384" transcription="ت" LatinTrans="Taaa_I" />
      </paw>
    </word>
    <word idWord="2" x="378" transcription=" " LatinTrans="SPACE">
      <paw idPaw="1" x="378" transcription=" " LatinTrans="SPACE">
        <lettre idLettre="1" x="378" transcription=" " LatinTrans="SPACE" />
      </paw>
    </word>
    <word idWord="3" x="275" transcription="المتحدة" LatinTrans="Alif_I Laam_B Miim_M Taaa_M Haaa_M Daal_E TaaaClosed_I">
      <paw idPaw="1" x="372" transcription="ا" LatinTrans="Alif_I">
        <lettre idLettre="1" x="372" transcription="ا" LatinTrans="Alif_I" />
      </paw>
      <paw idPaw="2" x="291" transcription="لمتحد" LatinTrans="Laam_B Miim_M Taaa_M Haaa_M Daal_E">
        <lettre idLettre="1" x="363" transcription="ل" LatinTrans="Laam_B" />
        <lettre idLettre="2" x="345" transcription="م" LatinTrans="Miim_M" />
        <lettre idLettre="3" x="327" transcription="ت" LatinTrans="Taaa_M" />
        <lettre idLettre="4" x="305" transcription="ح" LatinTrans="Haaa_M" />
        <lettre idLettre="5" x="291" transcription="د" LatinTrans="Daal_E" />
      </paw>
      <paw idPaw="3" x="275" transcription="ة" LatinTrans="TaaaClosed_I">
        <lettre idLettre="1" x="275" transcription="ة" LatinTrans="TaaaClosed_I" />
      </paw>
    </word>
    <word idWord="4" x="268" transcription=" " LatinTrans="SPACE">
      <paw idPaw="1" x="268" transcription=" " LatinTrans="SPACE">
        <lettre idLettre="1" x="268" transcription=" " LatinTrans="SPACE" />
      </paw>
    </word>
    <word idWord="5" x="213" transcription="تبدأ" LatinTrans="Taaa_B Baa_M Daal_E HamzaAboveAlif_I">
      <paw idPaw="1" x="225" transcription="تبد" LatinTrans="Taaa_B Baa_M Daal_E">
        <lettre idLettre="1" x="254" transcription="ت" LatinTrans="Taaa_B" />
        <lettre idLettre="2" x="238" transcription="ب" LatinTrans="Baa_M" />
        <lettre idLettre="3" x="225" transcription="د" LatinTrans="Daal_E" />
      </paw>
      <paw idPaw="2" x="213" transcription="أ" LatinTrans="HamzaAboveAlif_I">
        <lettre idLettre="1" x="213" transcription="أ" LatinTrans="HamzaAboveAlif_I" />
      </paw>
    </word>
    <word idWord="6" x="209" transcription=" " LatinTrans="SPACE Ayn_B Miim_M Laam_M Yaa_M TaaaClosed_E">
      <paw idPaw="1" x="209" transcription=" " LatinTrans="SPACE">
        <lettre idLettre="1" x="209" transcription=" " LatinTrans="SPACE" />
      </paw>
      <paw idPaw="2" x="105" transcription="عملية" LatinTrans="Ayn_B Miim_M Laam_M Yaa_M TaaaClosed_E">
        <lettre idLettre="1" x="188" transcription="ع" LatinTrans="Ayn_B" />
        <lettre idLettre="2" x="170" transcription="م" LatinTrans="Miim_M" />
        <lettre idLettre="3" x="158" transcription="ل" LatinTrans="Laam_M" />
        <lettre idLettre="4" x="131" transcription="ي" LatinTrans="Yaa_M" />
        <lettre idLettre="5" x="105" transcription="ة" LatinTrans="TaaaClosed_E" />
      </paw>
    </word>
    <word idWord="7" x="98" transcription=" " LatinTrans="SPACE">
      <paw idPaw="1" x="98" transcription=" " LatinTrans="SPACE">
        <lettre idLettre="1" x="98" transcription=" " LatinTrans="SPACE" />
      </paw>
    </word>
    <word idWord="8" x="0" transcription="سحب" LatinTrans="Siin_B Haaa_M Baa_E">
      <paw idPaw="1" x="0" transcription="سحب" LatinTrans="Siin_B Haaa_M Baa_E">
        <lettre idLettre="1" x="72" transcription="س" LatinTrans="Siin_B" />
        <lettre idLettre="2" x="46" transcription="ح" LatinTrans="Haaa_M" />
        <lettre idLettre="3" x="0" transcription="ب" LatinTrans="Baa_E" />
      </paw>
    </word>
  </content>
</textImage>