﻿<?xml version="1.0" encoding="UTF-8" standalone="yes"?>
<textImage id="2" width="473" height="43" transcription="من الحكومة إلى الأسبوع القادم" image="aljazeera_3211-10-59-50_2">
  <ArabicTranscription>من الحكومة إلى الأسبوع القادم</ArabicTranscription>
  <LatinTranscription>Miim_B Nuun_E SPACE Alif_I Laam_B Haaa_M Kaaf_M Waaw_E Miim_B TaaaClosed_E SPACE HamzaOnederAlif_I Laam_B AlifBroken_E SPACE Alif_I Laam_HamzaAboveAlif Siin_B Baa_M Waaw_E Ayn_I SPACE Alif_I Laam_B Gaaf_M Alif_E Daal_I Miim_I</LatinTranscription>
  <content>
    <word idWord="1" x="417" transcription="من" LatinTrans="Miim_B Nuun_E">
      <paw idPaw="1" x="417" transcription="من" LatinTrans="Miim_B Nuun_E">
        <lettre idLettre="1" x="448" transcription="م" LatinTrans="Miim_B" />
        <lettre idLettre="2" x="417" transcription="ن" LatinTrans="Nuun_E" />
      </paw>
    </word>
    <word idWord="2" x="413" transcription=" " LatinTrans="SPACE">
      <paw idPaw="1" x="413" transcription=" " LatinTrans="SPACE">
        <lettre idLettre="1" x="413" transcription=" " LatinTrans="SPACE" />
      </paw>
    </word>
    <word idWord="3" x="246" transcription="الحكومة" LatinTrans="Alif_I Laam_B Haaa_M Kaaf_M Waaw_E Miim_B TaaaClosed_E">
      <paw idPaw="1" x="406" transcription="ا" LatinTrans="Alif_I">
        <lettre idLettre="1" x="406" transcription="ا" LatinTrans="Alif_I" />
      </paw>
      <paw idPaw="2" x="300" transcription="لحكو" LatinTrans="Laam_B Haaa_M Kaaf_M Waaw_E">
        <lettre idLettre="1" x="397" transcription="ل" LatinTrans="Laam_B" />
        <lettre idLettre="2" x="357" transcription="ح" LatinTrans="Haaa_M" />
        <lettre idLettre="3" x="321" transcription="ك" LatinTrans="Kaaf_M" />
        <lettre idLettre="4" x="300" transcription="و" LatinTrans="Waaw_E" />
      </paw>
      <paw idPaw="3" x="246" transcription="مة" LatinTrans="Miim_B TaaaClosed_E">
        <lettre idLettre="1" x="285" transcription="م" LatinTrans="Miim_B" />
        <lettre idLettre="2" x="246" transcription="ة" LatinTrans="TaaaClosed_E" />
      </paw>
    </word>
    <word idWord="4" x="243" transcription=" " LatinTrans="SPACE">
      <paw idPaw="1" x="243" transcription=" " LatinTrans="SPACE">
        <lettre idLettre="1" x="243" transcription=" " LatinTrans="SPACE" />
      </paw>
    </word>
    <word idWord="5" x="185" transcription="إلى" LatinTrans="HamzaOnederAlif_I Laam_B AlifBroken_E">
      <paw idPaw="1" x="237" transcription="إ" LatinTrans="HamzaOnederAlif_I">
        <lettre idLettre="1" x="237" transcription="إ" LatinTrans="HamzaUnderAlif_I" />
      </paw>
      <paw idPaw="2" x="185" transcription="لى" LatinTrans="Laam_B AlifBroken_E">
        <lettre idLettre="1" x="221" transcription="ل" LatinTrans="Laam_B" />
        <lettre idLettre="2" x="185" transcription="ى" LatinTrans="AlifBroken_E" />
      </paw>
    </word>
    <word idWord="6" x="182" transcription=" " LatinTrans="SPACE">
      <paw idPaw="1" x="182" transcription=" " LatinTrans="SPACE">
        <lettre idLettre="1" x="182" transcription=" " LatinTrans="SPACE" />
      </paw>
    </word>
    <word idWord="7" x="89" transcription="الأسبوع" LatinTrans="Alif_I Laam_HamzaAboveAlif Siin_B Baa_M Waaw_E Ayn_I">
      <paw idPaw="1" x="177" transcription="ا" LatinTrans="Alif_I">
        <lettre idLettre="1" x="177" transcription="ا" LatinTrans="Alif_I" />
      </paw>
      <paw idPaw="2" x="165" transcription="لأ" LatinTrans="Laam_HamzaAboveAlif">
        <lettre idLettre="1" x="165" transcription="لأ" LatinTrans="Laam_HamzaAboveAlif" />
      </paw>
      <paw idPaw="3" x="103" transcription="سبو" LatinTrans="Siin_B Baa_M Waaw_E">
        <lettre idLettre="1" x="145" transcription="س" LatinTrans="Siin_B" />
        <lettre idLettre="2" x="120" transcription="ب" LatinTrans="Baa_M" />
        <lettre idLettre="3" x="103" transcription="و" LatinTrans="Waaw_E" />
      </paw>
      <paw idPaw="4" x="89" transcription="ع" LatinTrans="Ayn_I">
        <lettre idLettre="1" x="89" transcription="ع" LatinTrans="Ayn_I" />
      </paw>
    </word>
    <word idWord="8" x="85" transcription=" " LatinTrans="SPACE">
      <paw idPaw="1" x="85" transcription=" " LatinTrans="SPACE">
        <lettre idLettre="1" x="85" transcription=" " LatinTrans="SPACE" />
      </paw>
    </word>
    <word idWord="9" x="0" transcription="القادم" LatinTrans="Alif_I Laam_B Gaaf_M Alif_E Daal_I Miim_I">
      <paw idPaw="1" x="79" transcription="ا" LatinTrans="Alif_I">
        <lettre idLettre="1" x="79" transcription="ا" LatinTrans="Alif_I" />
      </paw>
      <paw idPaw="2" x="26" transcription="لقا" LatinTrans="Laam_B Gaaf_M Alif_E">
        <lettre idLettre="1" x="73" transcription="ل" LatinTrans="Laam_B" />
        <lettre idLettre="2" x="43" transcription="ق" LatinTrans="Gaaf_M" />
        <lettre idLettre="3" x="26" transcription="ا" LatinTrans="Alif_E" />
      </paw>
      <paw idPaw="3" x="15" transcription="د" LatinTrans="Daal_I">
        <lettre idLettre="1" x="15" transcription="د" LatinTrans="Daal_I" />
      </paw>
      <paw idPaw="4" x="0" transcription="م" LatinTrans="Miim_I">
        <lettre idLettre="1" x="0" transcription="م" LatinTrans="Miim_I" />
      </paw>
    </word>
  </content>
</textImage>