﻿<?xml version="1.0" encoding="UTF-8" standalone="yes"?>
<textImage id="1" width="389" height="33" transcription="الجيش الحر يسيطر على حاجز الحرش" image="aljazeera_3212-08-06-40_1">
  <ArabicTranscription>الجيش الحر يسيطر على حاجز الحرش</ArabicTranscription>
  <LatinTranscription>Alif_I Laam_B Jiim_M Yaa_M Shiin_E SPACE Alif_I Laam_B Haaa_M Raa_E SPACE Yaa_B Siin_M Yaa_M Thaaa_M Raa_E SPACE Ayn_B Laam_M AlifBroken_E SPACE Haaa_B Alif_E Jiim_B Zaay_E SPACE Alif_I Laam_B Haaa_M Raa_E Shiin_I</LatinTranscription>
  <content>
    <word idWord="1" x="324" transcription="الجيش" LatinTrans="Alif_I Laam_B Jiim_M Yaa_M Shiin_E">
      <paw idPaw="1" x="381" transcription="ا" LatinTrans="Alif_I">
        <lettre idLettre="1" x="381" transcription="ا" LatinTrans="Alif_I" />
      </paw>
      <paw idPaw="2" x="324" transcription="لجيش" LatinTrans="Laam_B Jiim_M Yaa_M Shiin_E">
        <lettre idLettre="1" x="374" transcription="ل" LatinTrans="Laam_B" />
        <lettre idLettre="2" x="359" transcription="ج" LatinTrans="Jiim_M" />
        <lettre idLettre="3" x="350" transcription="ي" LatinTrans="Yaa_M" />
        <lettre idLettre="4" x="324" transcription="ش" LatinTrans="Shiin_E" />
      </paw>
    </word>
    <word idWord="2" x="321" transcription=" " LatinTrans="SPACE">
      <paw idPaw="1" x="321" transcription=" " LatinTrans="SPACE">
        <lettre idLettre="1" x="321" transcription=" " LatinTrans="SPACE" />
      </paw>
    </word>
    <word idWord="3" x="271" transcription="الحر" LatinTrans="Alif_I Laam_B Haaa_M Raa_E">
      <paw idPaw="1" x="314" transcription="ا" LatinTrans="Alif_I">
        <lettre idLettre="1" x="314" transcription="ا" LatinTrans="Alif_I" />
      </paw>
      <paw idPaw="2" x="271" transcription="لحر" LatinTrans="Laam_B Haaa_M Raa_E">
        <lettre idLettre="1" x="308" transcription="ل" LatinTrans="Laam_B" />
        <lettre idLettre="2" x="294" transcription="ح" LatinTrans="Haaa_M" />
        <lettre idLettre="3" x="271" transcription="ر" LatinTrans="Raa_E" />
      </paw>
    </word>
    <word idWord="4" x="268" transcription=" " LatinTrans="SPACE">
      <paw idPaw="1" x="268" transcription=" " LatinTrans="SPACE">
        <lettre idLettre="1" x="268" transcription=" " LatinTrans="SPACE" />
      </paw>
    </word>
    <word idWord="5" x="190" transcription="يسيطر" LatinTrans="Yaa_B Siin_M Yaa_M Thaaa_M Raa_E">
      <paw idPaw="1" x="190" transcription="يسيطر" LatinTrans="Yaa_B Siin_M Yaa_M Thaaa_M Raa_E">
        <lettre idLettre="1" x="259" transcription="ي" LatinTrans="Yaa_B" />
        <lettre idLettre="2" x="241" transcription="س" LatinTrans="Siin_M" />
        <lettre idLettre="3" x="230" transcription="ي" LatinTrans="Yaa_M" />
        <lettre idLettre="4" x="210" transcription="ط" LatinTrans="Thaaa_M" />
        <lettre idLettre="5" x="190" transcription="ر" LatinTrans="Raa_E" />
      </paw>
    </word>
    <word idWord="6" x="188" transcription=" " LatinTrans="SPACE">
      <paw idPaw="1" x="188" transcription=" " LatinTrans="SPACE">
        <lettre idLettre="1" x="188" transcription=" " LatinTrans="SPACE" />
      </paw>
    </word>
    <word idWord="7" x="132" transcription="على" LatinTrans="Ayn_B Laam_M AlifBroken_E">
      <paw idPaw="1" x="132" transcription="على" LatinTrans="Ayn_B Laam_M AlifBroken_E">
        <lettre idLettre="1" x="172" transcription="ع" LatinTrans="Ayn_B" />
        <lettre idLettre="2" x="160" transcription="ل" LatinTrans="Laam_M" />
        <lettre idLettre="3" x="132" transcription="ى" LatinTrans="AlifBroken_E" />
      </paw>
    </word>
    <word idWord="8" x="128" transcription=" " LatinTrans="SPACE">
      <paw idPaw="1" x="128" transcription=" " LatinTrans="SPACE">
        <lettre idLettre="1" x="128" transcription=" " LatinTrans="SPACE" />
      </paw>
    </word>
    <word idWord="9" x="64" transcription="حاجز" LatinTrans="Haaa_B Alif_E Jiim_B Zaay_E">
      <paw idPaw="1" x="106" transcription="حا" LatinTrans="Haaa_B Alif_E">
        <lettre idLettre="1" x="115" transcription="ح" LatinTrans="Haaa_B" />
        <lettre idLettre="2" x="106" transcription="ا" LatinTrans="Alif_E" />
      </paw>
      <paw idPaw="2" x="64" transcription="جز" LatinTrans="Jiim_B Zaay_E">
        <lettre idLettre="1" x="90" transcription="ج" LatinTrans="Jiim_B" />
        <lettre idLettre="2" x="64" transcription="ز" LatinTrans="Zaay_E" />
      </paw>
    </word>
    <word idWord="10" x="63" transcription=" " LatinTrans="SPACE">
      <paw idPaw="1" x="63" transcription=" " LatinTrans="SPACE">
        <lettre idLettre="1" x="63" transcription=" " LatinTrans="SPACE" />
      </paw>
    </word>
    <word idWord="11" x="0" transcription="الحرش" LatinTrans="Alif_I Laam_B Haaa_M Raa_E Shiin_I">
      <paw idPaw="1" x="58" transcription="ا" LatinTrans="Alif_I">
        <lettre idLettre="1" x="58" transcription="ا" LatinTrans="Alif_I" />
      </paw>
      <paw idPaw="2" x="30" transcription="لحر" LatinTrans="Laam_B Haaa_M Raa_E">
        <lettre idLettre="1" x="51" transcription="ل" LatinTrans="Laam_B" />
        <lettre idLettre="2" x="37" transcription="ح" LatinTrans="Haaa_M" />
        <lettre idLettre="3" x="30" transcription="ر" LatinTrans="Raa_E" />
      </paw>
      <paw idPaw="3" x="0" transcription="ش" LatinTrans="Shiin_I">
        <lettre idLettre="1" x="0" transcription="ش" LatinTrans="Shiin_I" />
      </paw>
    </word>
  </content>
</textImage>