﻿<?xml version="1.0" encoding="UTF-8" standalone="yes"?>
<textImage id="1" width="235" height="31" transcription="بشار الاسد يقول إن بلاده" image="aljazeera_3212-05-16-40_1">
  <ArabicTranscription>بشار الاسد يقول إن بلاده</ArabicTranscription>
  <LatinTranscription>Baa_B Shiin_M Alif_E Raa_I SPACE Alif_I Laam_Alif Siin_B Daal_E SPACE Yaa_B Gaaf_M Waaw_E Laam_I SPACE HamzaOnederAlif_I Nuun_I SPACE Baa_B Laam_Alif Daal_I Haa_I</LatinTranscription>
  <content>
    <word idWord="1" x="188" transcription="بشار" LatinTrans="Baa_B Shiin_M Alif_E Raa_I">
      <paw idPaw="1" x="197" transcription="بشا" LatinTrans="Baa_B Shiin_M Alif_E">
        <lettre idLettre="1" x="223" transcription="ب" LatinTrans="Baa_B" />
        <lettre idLettre="2" x="204" transcription="ش" LatinTrans="Shiin_M" />
        <lettre idLettre="3" x="197" transcription="ا" LatinTrans="Alif_E" />
      </paw>
      <paw idPaw="2" x="188" transcription="ر" LatinTrans="Raa_I">
        <lettre idLettre="1" x="188" transcription="ر" LatinTrans="Raa_I" />
      </paw>
    </word>
    <word idWord="2" x="184" transcription=" " LatinTrans="SPACE">
      <paw idPaw="1" x="184" transcription=" " LatinTrans="SPACE">
        <lettre idLettre="1" x="184" transcription=" " LatinTrans="SPACE" />
      </paw>
    </word>
    <word idWord="3" x="125" transcription="الاسد" LatinTrans="Alif_I Laam_Alif Siin_B Daal_E">
      <paw idPaw="1" x="178" transcription="ا" LatinTrans="Alif_I">
        <lettre idLettre="1" x="178" transcription="ا" LatinTrans="Alif_I" />
      </paw>
      <paw idPaw="2" x="169" transcription="لا" LatinTrans="Laam_Alif">
        <lettre idLettre="1" x="169" transcription="لا" LatinTrans="Laam_Alif" />
      </paw>
      <paw idPaw="3" x="125" transcription="سد" LatinTrans="Siin_B Daal_E">
        <lettre idLettre="1" x="146" transcription="س" LatinTrans="Siin_B" />
        <lettre idLettre="2" x="125" transcription="د" LatinTrans="Daal_E" />
      </paw>
    </word>
    <word idWord="4" x="121" transcription=" " LatinTrans="SPACE">
      <paw idPaw="1" x="121" transcription=" " LatinTrans="SPACE">
        <lettre idLettre="1" x="121" transcription=" " LatinTrans="SPACE" />
      </paw>
    </word>
    <word idWord="5" x="73" transcription="يقول" LatinTrans="Yaa_B Gaaf_M Waaw_E Laam_I">
      <paw idPaw="1" x="87" transcription="يقو" LatinTrans="Yaa_B Gaaf_M Waaw_E">
        <lettre idLettre="1" x="111" transcription="ي" LatinTrans="Yaa_B" />
        <lettre idLettre="2" x="100" transcription="ق" LatinTrans="Gaaf_M" />
        <lettre idLettre="3" x="87" transcription="و" LatinTrans="Waaw_E" />
      </paw>
      <paw idPaw="2" x="73" transcription="ل" LatinTrans="Laam_I">
        <lettre idLettre="1" x="73" transcription="ل" LatinTrans="Laam_I" />
      </paw>
    </word>
    <word idWord="6" x="70" transcription=" " LatinTrans="SPACE">
      <paw idPaw="1" x="70" transcription=" " LatinTrans="SPACE">
        <lettre idLettre="1" x="70" transcription=" " LatinTrans="SPACE" />
      </paw>
    </word>
    <word idWord="7" x="49" transcription="إن" LatinTrans="HamzaOnederAlif_I Nuun_I">
      <paw idPaw="1" x="62" transcription="إ" LatinTrans="HamzaOnederAlif_I">
        <lettre idLettre="1" x="62" transcription="إ" LatinTrans="HamzaUnderAlif_I" />
      </paw>
      <paw idPaw="2" x="49" transcription="ن" LatinTrans="Nuun_I">
        <lettre idLettre="1" x="49" transcription="ن" LatinTrans="Nuun_I" />
      </paw>
    </word>
    <word idWord="8" x="44" transcription=" " LatinTrans="SPACE">
      <paw idPaw="1" x="44" transcription=" " LatinTrans="SPACE">
        <lettre idLettre="1" x="44" transcription=" " LatinTrans="SPACE" />
      </paw>
    </word>
    <word idWord="9" x="0" transcription="بلاده" LatinTrans="Baa_B Laam_Alif Daal_I Haa_I">
      <paw idPaw="1" x="21" transcription="بلا" LatinTrans="Baa_B Laam_Alif">
        <lettre idLettre="1" x="37" transcription="ب" LatinTrans="Baa_B" />
        <lettre idLettre="2" x="21" transcription="لا" LatinTrans="Laam_Alif" />
      </paw>
      <paw idPaw="2" x="12" transcription="د" LatinTrans="Daal_I">
        <lettre idLettre="1" x="12" transcription="د" LatinTrans="Daal_I" />
      </paw>
      <paw idPaw="3" x="0" transcription="ه" LatinTrans="Haa_I">
        <lettre idLettre="1" x="0" transcription="ه" LatinTrans="Haa_I" />
      </paw>
    </word>
  </content>
</textImage>