﻿<?xml version="1.0" encoding="UTF-8" standalone="yes"?>
<textImage id="1" width="283" height="43" transcription="التكهنات حول خليفة" image="aljazeera_3212-05-34-50_1">
  <ArabicTranscription>التكهنات حول خليفة</ArabicTranscription>
  <LatinTranscription>Alif_I Laam_B Taaa_M Kaaf_M Haa_M Nuun_M Alif_E Taaa_I SPACE Haaa_B Waaw_E Laam_I SPACE Xaa_B Laam_M Yaa_M Faa_M TaaaClosed_E</LatinTranscription>
  <content>
    <word idWord="1" x="163" transcription="التكهنات" LatinTrans="Alif_I Laam_B Taaa_M Kaaf_M Haa_M Nuun_M Alif_E Taaa_I">
      <paw idPaw="1" x="271" transcription="ا" LatinTrans="Alif_I">
        <lettre idLettre="1" x="271" transcription="ا" LatinTrans="Alif_I" />
      </paw>
      <paw idPaw="2" x="189" transcription="لتكهنا" LatinTrans="Laam_B Taaa_M Kaaf_M Haa_M Nuun_M Alif_E">
        <lettre idLettre="1" x="261" transcription="ل" LatinTrans="Laam_B" />
        <lettre idLettre="2" x="246" transcription="ت" LatinTrans="Taaa_M" />
        <lettre idLettre="3" x="233" transcription="ك" LatinTrans="Kaaf_M" />
        <lettre idLettre="4" x="213" transcription="ه" LatinTrans="Haa_M" />
        <lettre idLettre="5" x="199" transcription="ن" LatinTrans="Nuun_M" />
        <lettre idLettre="6" x="189" transcription="ا" LatinTrans="Alif_E" />
      </paw>
      <paw idPaw="3" x="163" transcription="ت" LatinTrans="Taaa_I">
        <lettre idLettre="1" x="163" transcription="ت" LatinTrans="Taaa_I" />
      </paw>
    </word>
    <word idWord="2" x="156" transcription=" " LatinTrans="SPACE">
      <paw idPaw="1" x="156" transcription=" " LatinTrans="SPACE">
        <lettre idLettre="1" x="156" transcription=" " LatinTrans="SPACE" />
      </paw>
    </word>
    <word idWord="3" x="94" transcription="حول" LatinTrans="Haaa_B Waaw_E Laam_I">
      <paw idPaw="1" x="119" transcription="حو" LatinTrans="Haaa_B Waaw_E">
        <lettre idLettre="1" x="134" transcription="ح" LatinTrans="Haaa_B" />
        <lettre idLettre="2" x="119" transcription="و" LatinTrans="Waaw_E" />
      </paw>
      <paw idPaw="2" x="94" transcription="ل" LatinTrans="Laam_I">
        <lettre idLettre="1" x="94" transcription="ل" LatinTrans="Laam_I" />
      </paw>
    </word>
    <word idWord="4" x="90" transcription=" " LatinTrans="SPACE">
      <paw idPaw="1" x="90" transcription=" " LatinTrans="SPACE">
        <lettre idLettre="1" x="90" transcription=" " LatinTrans="SPACE" />
      </paw>
    </word>
    <word idWord="5" x="0" transcription="خليفة" LatinTrans="Xaa_B Laam_M Yaa_M Faa_M TaaaClosed_E">
      <paw idPaw="1" x="0" transcription="خليفة" LatinTrans="Xaa_B Laam_M Yaa_M Faa_M TaaaClosed_E">
        <lettre idLettre="1" x="69" transcription="خ" LatinTrans="Xaa_B" />
        <lettre idLettre="2" x="59" transcription="ل" LatinTrans="Laam_M" />
        <lettre idLettre="3" x="40" transcription="ي" LatinTrans="Yaa_M" />
        <lettre idLettre="4" x="21" transcription="ف" LatinTrans="Faa_M" />
        <lettre idLettre="5" x="0" transcription="ة" LatinTrans="TaaaClosed_E" />
      </paw>
    </word>
  </content>
</textImage>