﻿<?xml version="1.0" encoding="UTF-8" standalone="yes"?>
<textImage id="1" width="184" height="30" transcription="تقرير عزت شحرور" image="aljazeera_3213-00-05-20_1">
  <ArabicTranscription>تقرير عزت شحرور</ArabicTranscription>
  <LatinTranscription>Taaa_B Gaaf_M Raa_E Yaa_B Raa_E SPACE Ayn_B Zaay_E Taaa_I SPACE Shiin_B Haaa_M Raa_E Waaw_I Raa_I</LatinTranscription>
  <content>
    <word idWord="1" x="121" transcription="تقرير" LatinTrans="Taaa_B Gaaf_M Raa_E Yaa_B Raa_E">
      <paw idPaw="1" x="144" transcription="تقر" LatinTrans="Taaa_B Gaaf_M Raa_E">
        <lettre idLettre="1" x="168" transcription="ت" LatinTrans="Taaa_B" />
        <lettre idLettre="2" x="155" transcription="ق" LatinTrans="Gaaf_M" />
        <lettre idLettre="3" x="144" transcription="ر" LatinTrans="Raa_E" />
      </paw>
      <paw idPaw="2" x="121" transcription="ير" LatinTrans="Yaa_B Raa_E">
        <lettre idLettre="1" x="133" transcription="ي" LatinTrans="Yaa_B" />
        <lettre idLettre="2" x="121" transcription="ر" LatinTrans="Raa_E" />
      </paw>
    </word>
    <word idWord="2" x="116" transcription=" " LatinTrans="SPACE">
      <paw idPaw="1" x="116" transcription=" " LatinTrans="SPACE">
        <lettre idLettre="1" x="116" transcription=" " LatinTrans="SPACE" />
      </paw>
    </word>
    <word idWord="3" x="71" transcription="عزت" LatinTrans="Ayn_B Zaay_E Taaa_I">
      <paw idPaw="1" x="92" transcription="عز" LatinTrans="Ayn_B Zaay_E">
        <lettre idLettre="1" x="101" transcription="ع" LatinTrans="Ayn_B" />
        <lettre idLettre="2" x="92" transcription="ز" LatinTrans="Zaay_E" />
      </paw>
      <paw idPaw="2" x="71" transcription="ت" LatinTrans="Taaa_I">
        <lettre idLettre="1" x="71" transcription="ت" LatinTrans="Taaa_I" />
      </paw>
    </word>
    <word idWord="4" x="67" transcription=" " LatinTrans="SPACE">
      <paw idPaw="1" x="67" transcription=" " LatinTrans="SPACE">
        <lettre idLettre="1" x="67" transcription=" " LatinTrans="SPACE" />
      </paw>
    </word>
    <word idWord="5" x="0" transcription="شحرور" LatinTrans="Shiin_B Haaa_M Raa_E Waaw_I Raa_I">
      <paw idPaw="1" x="24" transcription="شحر" LatinTrans="Shiin_B Haaa_M Raa_E">
        <lettre idLettre="1" x="49" transcription="ش" LatinTrans="Shiin_B" />
        <lettre idLettre="2" x="34" transcription="ح" LatinTrans="Haaa_M" />
        <lettre idLettre="3" x="24" transcription="ر" LatinTrans="Raa_E" />
      </paw>
      <paw idPaw="2" x="13" transcription="و" LatinTrans="Waaw_I">
        <lettre idLettre="1" x="13" transcription="و" LatinTrans="Waaw_I" />
      </paw>
      <paw idPaw="3" x="0" transcription="ر" LatinTrans="Raa_I">
        <lettre idLettre="1" x="0" transcription="ر" LatinTrans="Raa_I" />
      </paw>
    </word>
  </content>
</textImage>