﻿<?xml version="1.0" encoding="UTF-8" standalone="yes"?>
<textImage id="1" width="108" height="38" transcription="علي زيدان" image="aljazeera_3211-09-17-20_1">
  <ArabicTranscription>علي زيدان</ArabicTranscription>
  <LatinTranscription>Ayn_B Laam_M Yaa_E SPACE Zaay_I Yaa_B Daal_E Alif_I Nuun_I</LatinTranscription>
  <content>
    <word idWord="1" x="63" transcription="علي" LatinTrans="Ayn_B Laam_M Yaa_E">
      <paw idPaw="1" x="63" transcription="علي" LatinTrans="Ayn_B Laam_M Yaa_E">
        <lettre idLettre="1" x="88" transcription="ع" LatinTrans="Ayn_B" />
        <lettre idLettre="2" x="81" transcription="ل" LatinTrans="Laam_M" />
        <lettre idLettre="3" x="63" transcription="ي" LatinTrans="Yaa_E" />
      </paw>
    </word>
    <word idWord="2" x="59" transcription=" " LatinTrans="SPACE">
      <paw idPaw="1" x="59" transcription=" " LatinTrans="SPACE">
        <lettre idLettre="1" x="59" transcription=" " LatinTrans="SPACE" />
      </paw>
    </word>
    <word idWord="3" x="0" transcription="زيدان" LatinTrans="Zaay_I Yaa_B Daal_E Alif_I Nuun_I">
      <paw idPaw="1" x="50" transcription="ز" LatinTrans="Zaay_I">
        <lettre idLettre="1" x="50" transcription="ز" LatinTrans="Zaay_I" />
      </paw>
      <paw idPaw="2" x="27" transcription="يد" LatinTrans="Yaa_B Daal_E">
        <lettre idLettre="1" x="41" transcription="ي" LatinTrans="Yaa_B" />
        <lettre idLettre="2" x="27" transcription="د" LatinTrans="Daal_E" />
      </paw>
      <paw idPaw="3" x="20" transcription="ا" LatinTrans="Alif_I">
        <lettre idLettre="1" x="20" transcription="ا" LatinTrans="Alif_I" />
      </paw>
      <paw idPaw="4" x="0" transcription="ن" LatinTrans="Nuun_I">
        <lettre idLettre="1" x="0" transcription="ن" LatinTrans="Nuun_I" />
      </paw>
    </word>
  </content>
</textImage>