﻿<?xml version="1.0" encoding="UTF-8" standalone="yes"?>
<textImage id="1" width="143" height="30" transcription="بعد الفاصل" image="aljazeera_3212-05-21-50_1">
  <ArabicTranscription>بعد الفاصل</ArabicTranscription>
  <LatinTranscription>Baa_B Ayn_M Daal_E SPACE Alif_I Laam_B Faa_M Alif_E Saad_B Laam_E</LatinTranscription>
  <content>
    <word idWord="1" x="89" transcription="بعد" LatinTrans="Baa_B Ayn_M Daal_E">
      <paw idPaw="1" x="89" transcription="بعد" LatinTrans="Baa_B Ayn_M Daal_E">
        <lettre idLettre="1" x="130" transcription="ب" LatinTrans="Baa_B" />
        <lettre idLettre="2" x="114" transcription="ع" LatinTrans="Ayn_M" />
        <lettre idLettre="3" x="89" transcription="د" LatinTrans="Daal_E" />
      </paw>
    </word>
    <word idWord="2" x="85" transcription=" " LatinTrans="SPACE">
      <paw idPaw="1" x="85" transcription=" " LatinTrans="SPACE">
        <lettre idLettre="1" x="85" transcription=" " LatinTrans="SPACE" />
      </paw>
    </word>
    <word idWord="3" x="0" transcription="الفاصل" LatinTrans="Alif_I Laam_B Faa_M Alif_E Saad_B Laam_E">
      <paw idPaw="1" x="79" transcription="ا" LatinTrans="Alif_I">
        <lettre idLettre="1" x="79" transcription="ا" LatinTrans="Alif_I" />
      </paw>
      <paw idPaw="2" x="52" transcription="لفا" LatinTrans="Laam_B Faa_M Alif_E">
        <lettre idLettre="1" x="73" transcription="ل" LatinTrans="Laam_B" />
        <lettre idLettre="2" x="59" transcription="ف" LatinTrans="Faa_M" />
        <lettre idLettre="3" x="52" transcription="ا" LatinTrans="Alif_E" />
      </paw>
      <paw idPaw="3" x="0" transcription="صل" LatinTrans="Saad_B Laam_E">
        <lettre idLettre="1" x="31" transcription="ص" LatinTrans="Saad_B" />
        <lettre idLettre="2" x="0" transcription="ل" LatinTrans="Laam_E" />
      </paw>
    </word>
  </content>
</textImage>