﻿<?xml version="1.0" encoding="UTF-8" standalone="yes"?>
<textImage id="1" width="548" height="33" transcription="الثوار يقولون أنهم سيطروا بالكامل على مطار الجراح" image="aljazeera_3212-12-02-30_1">
  <ArabicTranscription>الثوار يقولون أنهم سيطروا بالكامل على مطار الجراح</ArabicTranscription>
  <LatinTranscription>Alif_I Laam_B Thaa_M Waaw_E Alif_I Raa_I SPACE Alif_I Laam_B Siin_M Waaw_E Raa_I Yaa_B Waaw_E Nuun_I SPACE Yaa_B Gaaf_M Waaw_E Laam_B Waaw_E Nuun_I SPACE HamzaOnederAlif_I Nuun_B Haa_M Miim_E SPACE Siin_B Yaa_M Thaaa_M Raa_E Waaw_I Alif_I SPACE Baa_B Alif_E Laam_B Kaaf_M Alif_E Miim_B Laam_E SPACE Ayn_B Laam_M AlifBroken_E SPACE Miim_B Thaaa_M Alif_E Raa_I SPACE Alif_I Laam_B Jiim_M Raa_E Alif_I Haaa_I</LatinTranscription>
  <content>
    <word idWord="1" x="498" transcription="الثوار" LatinTrans="Alif_I Laam_B Thaa_M Waaw_E Alif_I Raa_I">
      <paw idPaw="1" x="539" transcription="ا" LatinTrans="Alif_I">
        <lettre idLettre="1" x="539" transcription="ا" LatinTrans="Alif_I" />
      </paw>
      <paw idPaw="2" x="512" transcription="لثو" LatinTrans="Laam_B Thaa_M Waaw_E">
        <lettre idLettre="1" x="533" transcription="ل" LatinTrans="Laam_B" />
        <lettre idLettre="2" x="523" transcription="ث" LatinTrans="Thaa_M" />
        <lettre idLettre="3" x="512" transcription="و" LatinTrans="Waaw_E" />
      </paw>
      <paw idPaw="3" x="506" transcription="ا" LatinTrans="Alif_I">
        <lettre idLettre="1" x="506" transcription="ا" LatinTrans="Alif_I" />
      </paw>
      <paw idPaw="4" x="498" transcription="ر" LatinTrans="Raa_I">
        <lettre idLettre="1" x="498" transcription="ر" LatinTrans="Raa_I" />
      </paw>
    </word>
    <word idWord="2" x="494" transcription=" " LatinTrans="SPACE">
      <paw idPaw="1" x="494" transcription=" " LatinTrans="SPACE">
        <lettre idLettre="1" x="494" transcription=" " LatinTrans="SPACE" />
      </paw>
    </word>
    <word idWord="3" x="407" transcription="السوريون" LatinTrans="Alif_I Laam_B Siin_M Waaw_E Raa_I Yaa_B Waaw_E Nuun_I">
      <paw idPaw="1" x="489" transcription="ا" LatinTrans="Alif_I">
        <lettre idLettre="1" x="489" transcription="ا" LatinTrans="Alif_I" />
      </paw>
      <paw idPaw="2" x="452" transcription="لسو" LatinTrans="Laam_B Siin_M Waaw_E">
        <lettre idLettre="1" x="483" transcription="ل" LatinTrans="Laam_B" />
        <lettre idLettre="2" x="465" transcription="س" LatinTrans="Siin_M" />
        <lettre idLettre="3" x="452" transcription="و" LatinTrans="Waaw_E" />
      </paw>
      <paw idPaw="3" x="445" transcription="ر" LatinTrans="Raa_I">
        <lettre idLettre="1" x="445" transcription="ر" LatinTrans="Raa_I" />
      </paw>
      <paw idPaw="4" x="425" transcription="يو" LatinTrans="Yaa_B Waaw_E">
        <lettre idLettre="1" x="435" transcription="ي" LatinTrans="Yaa_B" />
        <lettre idLettre="2" x="425" transcription="و" LatinTrans="Waaw_E" />
      </paw>
      <paw idPaw="5" x="407" transcription="ن" LatinTrans="Nuun_I">
        <lettre idLettre="1" x="407" transcription="ن" LatinTrans="Nuun_I" />
      </paw>
    </word>
    <word idWord="4" x="405" transcription=" " LatinTrans="SPACE">
      <paw idPaw="1" x="405" transcription=" " LatinTrans="SPACE">
        <lettre idLettre="1" x="405" transcription=" " LatinTrans="SPACE" />
      </paw>
    </word>
    <word idWord="5" x="337" transcription="يقولون" LatinTrans="Yaa_B Gaaf_M Waaw_E Laam_B Waaw_E Nuun_I">
      <paw idPaw="1" x="370" transcription="يقو" LatinTrans="Yaa_B Gaaf_M Waaw_E">
        <lettre idLettre="1" x="394" transcription="ي" LatinTrans="Yaa_B" />
        <lettre idLettre="2" x="383" transcription="ق" LatinTrans="Gaaf_M" />
        <lettre idLettre="3" x="370" transcription="و" LatinTrans="Waaw_E" />
      </paw>
      <paw idPaw="2" x="353" transcription="لو" LatinTrans="Laam_B Waaw_E">
        <lettre idLettre="1" x="364" transcription="ل" LatinTrans="Laam_B" />
        <lettre idLettre="2" x="353" transcription="و" LatinTrans="Waaw_E" />
      </paw>
      <paw idPaw="3" x="337" transcription="ن" LatinTrans="Nuun_I">
        <lettre idLettre="1" x="337" transcription="ن" LatinTrans="Nuun_I" />
      </paw>
    </word>
    <word idWord="6" x="336" transcription=" " LatinTrans="SPACE">
      <paw idPaw="1" x="336" transcription=" " LatinTrans="SPACE">
        <lettre idLettre="1" x="336" transcription=" " LatinTrans="SPACE" />
      </paw>
    </word>
    <word idWord="7" x="293" transcription="إنهم" LatinTrans="HamzaOnederAlif_I Nuun_B Haa_M Miim_E">
      <paw idPaw="1" x="328" transcription="إ" LatinTrans="HamzaOnederAlif_I">
        <lettre idLettre="1" x="328" transcription="إ" LatinTrans="HamzaUnderAlif_I" />
      </paw>
      <paw idPaw="2" x="293" transcription="نهم" LatinTrans="Nuun_B Haa_M Miim_E">
        <lettre idLettre="1" x="320" transcription="ن" LatinTrans="Nuun_B" />
        <lettre idLettre="2" x="308" transcription="ه" LatinTrans="Haa_M" />
        <lettre idLettre="3" x="293" transcription="م" LatinTrans="Miim_E" />
      </paw>
    </word>
    <word idWord="8" x="290" transcription=" " LatinTrans="SPACE">
      <paw idPaw="1" x="290" transcription=" " LatinTrans="SPACE">
        <lettre idLettre="1" x="290" transcription=" " LatinTrans="SPACE" />
      </paw>
    </word>
    <word idWord="9" x="221" transcription="سيطروا" LatinTrans="Siin_B Yaa_M Thaaa_M Raa_E Waaw_I Alif_I">
      <paw idPaw="1" x="236" transcription="سيطر" LatinTrans="Siin_B Yaa_M Thaaa_M Raa_E">
        <lettre idLettre="1" x="273" transcription="س" LatinTrans="Siin_B" />
        <lettre idLettre="2" x="262" transcription="ي" LatinTrans="Yaa_M" />
        <lettre idLettre="3" x="245" transcription="ط" LatinTrans="Thaaa_M" />
        <lettre idLettre="4" x="236" transcription="ر" LatinTrans="Raa_E" />
      </paw>
      <paw idPaw="2" x="226" transcription="و" LatinTrans="Waaw_I">
        <lettre idLettre="1" x="226" transcription="و" LatinTrans="Waaw_I" />
      </paw>
      <paw idPaw="3" x="221" transcription="ا" LatinTrans="Alif_I">
        <lettre idLettre="1" x="221" transcription="ا" LatinTrans="Alif_I" />
      </paw>
    </word>
    <word idWord="10" x="217" transcription=" " LatinTrans="SPACE">
      <paw idPaw="1" x="217" transcription=" " LatinTrans="SPACE">
        <lettre idLettre="1" x="217" transcription=" " LatinTrans="SPACE" />
      </paw>
    </word>
    <word idWord="11" x="150" transcription="بالكامل" LatinTrans="Baa_B Alif_E Laam_B Kaaf_M Alif_E Miim_B Laam_E">
      <paw idPaw="1" x="200" transcription="با" LatinTrans="Baa_B Alif_E">
        <lettre idLettre="1" x="206" transcription="ب" LatinTrans="Baa_B" />
        <lettre idLettre="2" x="200" transcription="ا" LatinTrans="Alif_E" />
      </paw>
      <paw idPaw="2" x="177" transcription="لكا" LatinTrans="Laam_B Kaaf_M Alif_E">
        <lettre idLettre="1" x="195" transcription="ل" LatinTrans="Laam_B" />
        <lettre idLettre="2" x="185" transcription="ك" LatinTrans="Kaaf_M" />
        <lettre idLettre="3" x="177" transcription="ا" LatinTrans="Alif_E" />
      </paw>
      <paw idPaw="3" x="150" transcription="مل" LatinTrans="Miim_B Laam_E">
        <lettre idLettre="1" x="165" transcription="م" LatinTrans="Miim_B" />
        <lettre idLettre="2" x="150" transcription="ل" LatinTrans="Laam_E" />
      </paw>
    </word>
    <word idWord="12" x="145" transcription=" " LatinTrans="SPACE">
      <paw idPaw="1" x="145" transcription=" " LatinTrans="SPACE">
        <lettre idLettre="1" x="145" transcription=" " LatinTrans="SPACE" />
      </paw>
    </word>
    <word idWord="13" x="109" transcription="على" LatinTrans="Ayn_B Laam_M AlifBroken_E">
      <paw idPaw="1" x="109" transcription="على" LatinTrans="Ayn_B Laam_M AlifBroken_E">
        <lettre idLettre="1" x="131" transcription="ع" LatinTrans="Ayn_B" />
        <lettre idLettre="2" x="123" transcription="ل" LatinTrans="Laam_M" />
        <lettre idLettre="3" x="109" transcription="ى" LatinTrans="AlifBroken_E" />
      </paw>
    </word>
    <word idWord="14" x="104" transcription=" " LatinTrans="SPACE">
      <paw idPaw="1" x="104" transcription=" " LatinTrans="SPACE">
        <lettre idLettre="1" x="104" transcription=" " LatinTrans="SPACE" />
      </paw>
    </word>
    <word idWord="15" x="61" transcription="مطار" LatinTrans="Miim_B Thaaa_M Alif_E Raa_I">
      <paw idPaw="1" x="71" transcription="مطا" LatinTrans="Miim_B Thaaa_M Alif_E">
        <lettre idLettre="1" x="93" transcription="م" LatinTrans="Miim_B" />
        <lettre idLettre="2" x="76" transcription="ط" LatinTrans="Thaaa_M" />
        <lettre idLettre="3" x="71" transcription="ا" LatinTrans="Alif_E" />
      </paw>
      <paw idPaw="2" x="61" transcription="ر" LatinTrans="Raa_I">
        <lettre idLettre="1" x="61" transcription="ر" LatinTrans="Raa_I" />
      </paw>
    </word>
    <word idWord="16" x="57" transcription=" " LatinTrans="SPACE">
      <paw idPaw="1" x="57" transcription=" " LatinTrans="SPACE">
        <lettre idLettre="1" x="57" transcription=" " LatinTrans="SPACE" />
      </paw>
    </word>
    <word idWord="17" x="0" transcription="الجراح" LatinTrans="Alif_I Laam_B Jiim_M Raa_E Alif_I Haaa_I">
      <paw idPaw="1" x="51" transcription="ا" LatinTrans="Alif_I">
        <lettre idLettre="1" x="51" transcription="ا" LatinTrans="Alif_I" />
      </paw>
      <paw idPaw="2" x="23" transcription="لجر" LatinTrans="Laam_B Jiim_M Raa_E">
        <lettre idLettre="1" x="44" transcription="ل" LatinTrans="Laam_B" />
        <lettre idLettre="2" x="32" transcription="ج" LatinTrans="Jiim_M" />
        <lettre idLettre="3" x="23" transcription="ر" LatinTrans="Raa_E" />
      </paw>
      <paw idPaw="3" x="18" transcription="ا" LatinTrans="Alif_I">
        <lettre idLettre="1" x="18" transcription="ا" LatinTrans="Alif_I" />
      </paw>
      <paw idPaw="4" x="0" transcription="ح" LatinTrans="Haaa_I">
        <lettre idLettre="1" x="0" transcription="ح" LatinTrans="Haaa_I" />
      </paw>
    </word>
  </content>
</textImage>