﻿<?xml version="1.0" encoding="UTF-8" standalone="yes"?>
<textImage id="1" width="360" height="40" transcription="القوى السياسية ستستسلم" image="aljazeera_3212-08-41-40_1">
  <ArabicTranscription>القوى السياسية ستستسلم</ArabicTranscription>
  <LatinTranscription>Alif_I Laam_B Gaaf_M Waaw_E AlifBroken_I SPACE Alif_I Laam_B Siin_M Yaa_M Alif_E Siin_B Yaa_M TaaaClosed_E SPACE Siin_B Taaa_M Siin_M Taaa_M Siin_M Laam_M Miim_E</LatinTranscription>
  <content>
    <word idWord="1" x="286" transcription="القوى" LatinTrans="Alif_I Laam_B Gaaf_M Waaw_E AlifBroken_I">
      <paw idPaw="1" x="350" transcription="ا" LatinTrans="Alif_I">
        <lettre idLettre="1" x="350" transcription="ا" LatinTrans="Alif_I" />
      </paw>
      <paw idPaw="2" x="307" transcription="لقو" LatinTrans="Laam_B Gaaf_M Waaw_E">
        <lettre idLettre="1" x="341" transcription="ل" LatinTrans="Laam_B" />
        <lettre idLettre="2" x="323" transcription="ق" LatinTrans="Gaaf_M" />
        <lettre idLettre="3" x="307" transcription="و" LatinTrans="Waaw_E" />
      </paw>
      <paw idPaw="3" x="286" transcription="ى" LatinTrans="AlifBroken_I">
        <lettre idLettre="1" x="286" transcription="ى" LatinTrans="AlifBroken_I" />
      </paw>
    </word>
    <word idWord="2" x="282" transcription=" " LatinTrans="SPACE">
      <paw idPaw="1" x="282" transcription=" " LatinTrans="SPACE">
        <lettre idLettre="1" x="282" transcription=" " LatinTrans="SPACE" />
      </paw>
    </word>
    <word idWord="3" x="160" transcription="السياسية" LatinTrans="Alif_I Laam_B Siin_M Yaa_M Alif_E Siin_B Yaa_M TaaaClosed_E">
      <paw idPaw="1" x="275" transcription="ا" LatinTrans="Alif_I">
        <lettre idLettre="1" x="275" transcription="ا" LatinTrans="Alif_I" />
      </paw>
      <paw idPaw="2" x="220" transcription="لسيا" LatinTrans="Laam_B Siin_M Yaa_M Alif_E">
        <lettre idLettre="1" x="267" transcription="ل" LatinTrans="Laam_B" />
        <lettre idLettre="2" x="242" transcription="س" LatinTrans="Siin_M" />
        <lettre idLettre="3" x="228" transcription="ي" LatinTrans="Yaa_M" />
        <lettre idLettre="4" x="220" transcription="ا" LatinTrans="Alif_E" />
      </paw>
      <paw idPaw="3" x="160" transcription="سية" LatinTrans="Siin_B Yaa_M TaaaClosed_E">
        <lettre idLettre="1" x="196" transcription="س" LatinTrans="Siin_B" />
        <lettre idLettre="2" x="178" transcription="ي" LatinTrans="Yaa_M" />
        <lettre idLettre="3" x="160" transcription="ة" LatinTrans="TaaaClosed_E" />
      </paw>
    </word>
    <word idWord="4" x="155" transcription=" " LatinTrans="SPACE">
      <paw idPaw="1" x="155" transcription=" " LatinTrans="SPACE">
        <lettre idLettre="1" x="155" transcription=" " LatinTrans="SPACE" />
      </paw>
    </word>
    <word idWord="5" x="0" transcription="ستستسلم" LatinTrans="Siin_B Taaa_M Siin_M Taaa_M Siin_M Laam_M Miim_E">
      <paw idPaw="1" x="0" transcription="ستستسلم" LatinTrans="Siin_B Taaa_M Siin_M Taaa_M Siin_M Laam_M Miim_E">
        <lettre idLettre="1" x="135" transcription="س" LatinTrans="Siin_B" />
        <lettre idLettre="2" x="117" transcription="ت" LatinTrans="Taaa_M" />
        <lettre idLettre="3" x="93" transcription="س" LatinTrans="Siin_M" />
        <lettre idLettre="4" x="80" transcription="ت" LatinTrans="Taaa_M" />
        <lettre idLettre="5" x="54" transcription="س" LatinTrans="Siin_M" />
        <lettre idLettre="6" x="41" transcription="ل" LatinTrans="Laam_M" />
        <lettre idLettre="7" x="0" transcription="م" LatinTrans="Miim_E" />
      </paw>
    </word>
  </content>
</textImage>