﻿<?xml version="1.0" encoding="UTF-8" standalone="yes"?>
<textImage id="1" width="491" height="49" transcription="وزير الدفاع الفرنسي جان إيف" image="aljazeera_3212-05-38-40_1">
  <ArabicTranscription>وزير الدفاع الفرنسي جان إيف</ArabicTranscription>
  <LatinTranscription>Waaw_I Zaay_I Yaa_B Raa_E SPACE Alif_I Laam_B Daal_E Faa_B Alif_E Ayn_I SPACE Alif_I Laam_B Faa_M Raa_E Nuun_B Siin_M Yaa_E SPACE Jiim_B Alif_E Nuun_I SPACE HamzaOnederAlif_I Yaa_B Faa_E</LatinTranscription>
  <content>
    <word idWord="1" x="408" transcription="وزير" LatinTrans="Waaw_I Zaay_I Yaa_B Raa_E">
      <paw idPaw="1" x="474" transcription="و" LatinTrans="Waaw_I">
        <lettre idLettre="1" x="474" transcription="و" LatinTrans="Waaw_I" />
      </paw>
      <paw idPaw="2" x="461" transcription="ز" LatinTrans="Zaay_I">
        <lettre idLettre="1" x="461" transcription="ز" LatinTrans="Zaay_I" />
      </paw>
      <paw idPaw="3" x="408" transcription="ير" LatinTrans="Yaa_B Raa_E">
        <lettre idLettre="1" x="443" transcription="ي" LatinTrans="Yaa_B" />
        <lettre idLettre="2" x="408" transcription="ر" LatinTrans="Raa_E" />
      </paw>
    </word>
    <word idWord="2" x="403" transcription=" " LatinTrans="SPACE">
      <paw idPaw="1" x="403" transcription=" " LatinTrans="SPACE">
        <lettre idLettre="1" x="403" transcription=" " LatinTrans="SPACE" />
      </paw>
    </word>
    <word idWord="3" x="294" transcription="الدفاع" LatinTrans="Alif_I Laam_B Daal_E Faa_B Alif_E Ayn_I">
      <paw idPaw="1" x="393" transcription="ا" LatinTrans="Alif_I">
        <lettre idLettre="1" x="393" transcription="ا" LatinTrans="Alif_I" />
      </paw>
      <paw idPaw="2" x="346" transcription="لد" LatinTrans="Laam_B Daal_E">
        <lettre idLettre="1" x="382" transcription="ل" LatinTrans="Laam_B" />
        <lettre idLettre="2" x="346" transcription="د" LatinTrans="Daal_E" />
      </paw>
      <paw idPaw="3" x="318" transcription="فا" LatinTrans="Faa_B Alif_E">
        <lettre idLettre="1" x="328" transcription="ف" LatinTrans="Faa_B" />
        <lettre idLettre="2" x="318" transcription="ا" LatinTrans="Alif_E" />
      </paw>
      <paw idPaw="4" x="294" transcription="ع" LatinTrans="Ayn_I">
        <lettre idLettre="1" x="294" transcription="ع" LatinTrans="Ayn_I" />
      </paw>
    </word>
    <word idWord="4" x="289" transcription=" " LatinTrans="SPACE">
      <paw idPaw="1" x="289" transcription=" " LatinTrans="SPACE">
        <lettre idLettre="1" x="289" transcription=" " LatinTrans="SPACE" />
      </paw>
    </word>
    <word idWord="5" x="150" transcription="الفرنسي" LatinTrans="Alif_I Laam_B Faa_M Raa_E Nuun_B Siin_M Yaa_E">
      <paw idPaw="1" x="282" transcription="ا" LatinTrans="Alif_I">
        <lettre idLettre="1" x="282" transcription="ا" LatinTrans="Alif_I" />
      </paw>
      <paw idPaw="2" x="239" transcription="لفر" LatinTrans="Laam_B Faa_M Raa_E">
        <lettre idLettre="1" x="271" transcription="ل" LatinTrans="Laam_B" />
        <lettre idLettre="2" x="253" transcription="ف" LatinTrans="Faa_M" />
        <lettre idLettre="3" x="239" transcription="ر" LatinTrans="Raa_E" />
      </paw>
      <paw idPaw="3" x="150" transcription="نسي" LatinTrans="Nuun_B Siin_M Yaa_E">
        <lettre idLettre="1" x="224" transcription="ن" LatinTrans="Nuun_B" />
        <lettre idLettre="2" x="190" transcription="س" LatinTrans="Siin_M" />
        <lettre idLettre="3" x="150" transcription="ي" LatinTrans="Yaa_E" />
      </paw>
    </word>
    <word idWord="6" x="142" transcription=" " LatinTrans="SPACE">
      <paw idPaw="1" x="142" transcription=" " LatinTrans="SPACE">
        <lettre idLettre="1" x="142" transcription=" " LatinTrans="SPACE" />
      </paw>
    </word>
    <word idWord="7" x="90" transcription="جان" LatinTrans="Jiim_B Alif_E Nuun_I">
      <paw idPaw="1" x="111" transcription="جا" LatinTrans="Jiim_B Alif_E">
        <lettre idLettre="1" x="121" transcription="ج" LatinTrans="Jiim_B" />
        <lettre idLettre="2" x="111" transcription="ا" LatinTrans="Alif_E" />
      </paw>
      <paw idPaw="2" x="90" transcription="ن" LatinTrans="Nuun_I">
        <lettre idLettre="1" x="90" transcription="ن" LatinTrans="Nuun_I" />
      </paw>
    </word>
    <word idWord="8" x="85" transcription=" " LatinTrans="SPACE">
      <paw idPaw="1" x="85" transcription=" " LatinTrans="SPACE">
        <lettre idLettre="1" x="85" transcription=" " LatinTrans="SPACE" />
      </paw>
    </word>
    <word idWord="9" x="0" transcription="إيف" LatinTrans="HamzaOnederAlif_I Yaa_B Faa_E">
      <paw idPaw="1" x="75" transcription="إ" LatinTrans="HamzaOnederAlif_I">
        <lettre idLettre="1" x="75" transcription="إ" LatinTrans="HamzaUnderAlif_I" />
      </paw>
      <paw idPaw="2" x="0" transcription="يف" LatinTrans="Yaa_B Faa_E">
        <lettre idLettre="1" x="49" transcription="ي" LatinTrans="Yaa_B" />
        <lettre idLettre="2" x="0" transcription="ف" LatinTrans="Faa_E" />
      </paw>
    </word>
  </content>
</textImage>