﻿<?xml version="1.0" encoding="UTF-8" standalone="yes"?>
<textImage id="1" width="52" height="31" transcription="آمنة" image="aljazeera_3212-01-21-00_1">
  <ArabicTranscription>آمنة</ArabicTranscription>
  <LatinTranscription>TildAboveAlif_I Miim_B Nuun_M TaaaClosed_E</LatinTranscription>
  <content>
    <word idWord="1" x="0" transcription="آمنة" LatinTrans="TildAboveAlif_I Miim_B Nuun_M TaaaClosed_E">
      <paw idPaw="1" x="39" transcription="آ" LatinTrans="TildAboveAlif_I">
        <lettre idLettre="1" x="39" transcription="آ" LatinTrans="TildAboveAlif_I" />
      </paw>
      <paw idPaw="2" x="0" transcription="منة" LatinTrans="Miim_B Nuun_M TaaaClosed_E">
        <lettre idLettre="1" x="29" transcription="م" LatinTrans="Miim_B" />
        <lettre idLettre="2" x="19" transcription="ن" LatinTrans="Nuun_M" />
        <lettre idLettre="3" x="0" transcription="ة" LatinTrans="TaaaClosed_E" />
      </paw>
    </word>
  </content>
</textImage>