﻿<?xml version="1.0" encoding="UTF-8" standalone="yes"?>
<textImage id="1" width="223" height="32" transcription="تقرير عبدالرحمن مطر" image="aljazeera_3211-16-47-40_1">
  <ArabicTranscription>تقرير عبدالرحمن مطر</ArabicTranscription>
  <LatinTranscription>Taaa_B Gaaf_M Raa_E Yaa_B Raa_E SPACE Ayn_B Baa_M Daal_E Alif_I Laam_B Raa_E Haaa_B Miim_M Nuun_E SPACE Miim_B Thaaa_M Raa_E</LatinTranscription>
  <content>
    <word idWord="1" x="163" transcription="تقرير" LatinTrans="Taaa_B Gaaf_M Raa_E Yaa_B Raa_E">
      <paw idPaw="1" x="184" transcription="تقر" LatinTrans="Taaa_B Gaaf_M Raa_E">
        <lettre idLettre="1" x="208" transcription="ت" LatinTrans="Taaa_B" />
        <lettre idLettre="2" x="193" transcription="ق" LatinTrans="Gaaf_M" />
        <lettre idLettre="3" x="184" transcription="ر" LatinTrans="Raa_E" />
      </paw>
      <paw idPaw="2" x="163" transcription="ير" LatinTrans="Yaa_B Raa_E">
        <lettre idLettre="1" x="173" transcription="ي" LatinTrans="Yaa_B" />
        <lettre idLettre="2" x="163" transcription="ر" LatinTrans="Raa_E" />
      </paw>
    </word>
    <word idWord="2" x="158" transcription=" " LatinTrans="SPACE">
      <paw idPaw="1" x="158" transcription=" " LatinTrans="SPACE">
        <lettre idLettre="1" x="158" transcription=" " LatinTrans="SPACE" />
      </paw>
    </word>
    <word idWord="3" x="50" transcription="عبدالرحمن" LatinTrans="Ayn_B Baa_M Daal_E Alif_I Laam_B Raa_E Haaa_B Miim_M Nuun_E">
      <paw idPaw="1" x="119" transcription="عبد" LatinTrans="Ayn_B Baa_M Daal_E">
        <lettre idLettre="1" x="142" transcription="ع" LatinTrans="Ayn_B" />
        <lettre idLettre="2" x="131" transcription="ب" LatinTrans="Baa_M" />
        <lettre idLettre="3" x="119" transcription="د" LatinTrans="Daal_E" />
      </paw>
      <paw idPaw="2" x="114" transcription="ا" LatinTrans="Alif_I">
        <lettre idLettre="1" x="114" transcription="ا" LatinTrans="Alif_I" />
      </paw>
      <paw idPaw="3" x="96" transcription="لر" LatinTrans="Laam_B Raa_E">
        <lettre idLettre="1" x="108" transcription="ل" LatinTrans="Laam_B" />
        <lettre idLettre="2" x="96" transcription="ر" LatinTrans="Raa_E" />
      </paw>
      <paw idPaw="4" x="50" transcription="حمن" LatinTrans="Haaa_B Miim_M Nuun_E">
        <lettre idLettre="1" x="80" transcription="ح" LatinTrans="Haaa_B" />
        <lettre idLettre="2" x="66" transcription="م" LatinTrans="Miim_M" />
        <lettre idLettre="3" x="50" transcription="ن" LatinTrans="Nuun_E" />
      </paw>
    </word>
    <word idWord="4" x="44" transcription=" " LatinTrans="SPACE">
      <paw idPaw="1" x="44" transcription=" " LatinTrans="SPACE">
        <lettre idLettre="1" x="44" transcription=" " LatinTrans="SPACE" />
      </paw>
    </word>
    <word idWord="5" x="0" transcription="مطر" LatinTrans="Miim_B Thaaa_M Raa_E">
      <paw idPaw="1" x="0" transcription="مطر" LatinTrans="Miim_B Thaaa_M Raa_E">
        <lettre idLettre="1" x="32" transcription="م" LatinTrans="Miim_B" />
        <lettre idLettre="2" x="14" transcription="ط" LatinTrans="Thaaa_M" />
        <lettre idLettre="3" x="0" transcription="ر" LatinTrans="Raa_E" />
      </paw>
    </word>
  </content>
</textImage>