﻿<?xml version="1.0" encoding="UTF-8" standalone="yes"?>
<textImage id="4" width="417" height="43" transcription="ضعف غير مقبول في هذه المرحلة" image="aljazeera_3212-08-41-00_4">
  <ArabicTranscription>ضعف غير مقبول في هذه المرحلة</ArabicTranscription>
  <LatinTranscription>Daad_B Ayn_M Faa_E SPACE Ghayn_B Yaa_M Raa_E SPACE Miim_B Gaaf_M Baa_M Waaw_E Laam_I SPACE Faa_B Yaa_E SPACE Haa_B Thaal_E Haa_I SPACE Alif_I Laam_B Miim_M Raa_E Haaa_B Laam_M TaaaClosed_E</LatinTranscription>
  <content>
    <word idWord="1" x="340" transcription="ضعف" LatinTrans="Daad_B Ayn_M Faa_E">
      <paw idPaw="1" x="340" transcription="ضعف" LatinTrans="Daad_B Ayn_M Faa_E">
        <lettre idLettre="1" x="388" transcription="ض" LatinTrans="Daad_B" />
        <lettre idLettre="2" x="370" transcription="ع" LatinTrans="Ayn_M" />
        <lettre idLettre="3" x="340" transcription="ف" LatinTrans="Faa_E" />
      </paw>
    </word>
    <word idWord="2" x="334" transcription=" " LatinTrans="SPACE">
      <paw idPaw="1" x="334" transcription=" " LatinTrans="SPACE">
        <lettre idLettre="1" x="334" transcription=" " LatinTrans="SPACE" />
      </paw>
    </word>
    <word idWord="3" x="287" transcription="غير" LatinTrans="Ghayn_B Yaa_M Raa_E">
      <paw idPaw="1" x="287" transcription="غير" LatinTrans="Ghayn_B Yaa_M Raa_E">
        <lettre idLettre="1" x="316" transcription="غ" LatinTrans="Ghayn_B" />
        <lettre idLettre="2" x="299" transcription="ي" LatinTrans="Yaa_M" />
        <lettre idLettre="3" x="287" transcription="ر" LatinTrans="Raa_E" />
      </paw>
    </word>
    <word idWord="4" x="283" transcription=" " LatinTrans="SPACE">
      <paw idPaw="1" x="283" transcription=" " LatinTrans="SPACE">
        <lettre idLettre="1" x="283" transcription=" " LatinTrans="SPACE" />
      </paw>
    </word>
    <word idWord="5" x="201" transcription="مقبول" LatinTrans="Miim_B Gaaf_M Baa_M Waaw_E Laam_I">
      <paw idPaw="1" x="222" transcription="مقبو" LatinTrans="Miim_B Gaaf_M Baa_M Waaw_E">
        <lettre idLettre="1" x="265" transcription="م" LatinTrans="Miim_B" />
        <lettre idLettre="2" x="250" transcription="ق" LatinTrans="Gaaf_M" />
        <lettre idLettre="3" x="235" transcription="ب" LatinTrans="Baa_M" />
        <lettre idLettre="4" x="222" transcription="و" LatinTrans="Waaw_E" />
      </paw>
      <paw idPaw="2" x="201" transcription="ل" LatinTrans="Laam_I">
        <lettre idLettre="1" x="201" transcription="ل" LatinTrans="Laam_I" />
      </paw>
    </word>
    <word idWord="6" x="196" transcription=" " LatinTrans="SPACE">
      <paw idPaw="1" x="196" transcription=" " LatinTrans="SPACE">
        <lettre idLettre="1" x="196" transcription=" " LatinTrans="SPACE" />
      </paw>
    </word>
    <word idWord="7" x="160" transcription="في" LatinTrans="Faa_B Yaa_E">
      <paw idPaw="1" x="160" transcription="في" LatinTrans="Faa_B Yaa_E">
        <lettre idLettre="1" x="180" transcription="ف" LatinTrans="Faa_B" />
        <lettre idLettre="2" x="160" transcription="ي" LatinTrans="Yaa_E" />
      </paw>
    </word>
    <word idWord="8" x="153" transcription=" " LatinTrans="SPACE">
      <paw idPaw="1" x="153" transcription=" " LatinTrans="SPACE">
        <lettre idLettre="1" x="153" transcription=" " LatinTrans="SPACE" />
      </paw>
    </word>
    <word idWord="9" x="101" transcription="هذه" LatinTrans="Haa_B Thaal_E Haa_I">
      <paw idPaw="1" x="114" transcription="هذ" LatinTrans="Haa_B Thaal_E">
        <lettre idLettre="1" x="133" transcription="ه" LatinTrans="Haa_B" />
        <lettre idLettre="2" x="114" transcription="ذ" LatinTrans="Thaal_E" />
      </paw>
      <paw idPaw="2" x="101" transcription="ه" LatinTrans="Haa_I">
        <lettre idLettre="1" x="101" transcription="ه" LatinTrans="Haa_I" />
      </paw>
    </word>
    <word idWord="10" x="94" transcription=" " LatinTrans="SPACE">
      <paw idPaw="1" x="94" transcription=" " LatinTrans="SPACE">
        <lettre idLettre="1" x="94" transcription=" " LatinTrans="SPACE" />
      </paw>
    </word>
    <word idWord="11" x="0" transcription="المرحلة" LatinTrans="Alif_I Laam_B Miim_M Raa_E Haaa_B Laam_M TaaaClosed_E">
      <paw idPaw="1" x="88" transcription="ا" LatinTrans="Alif_I">
        <lettre idLettre="1" x="88" transcription="ا" LatinTrans="Alif_I" />
      </paw>
      <paw idPaw="2" x="51" transcription="لمر" LatinTrans="Laam_B Miim_M Raa_E">
        <lettre idLettre="1" x="81" transcription="ل" LatinTrans="Laam_B" />
        <lettre idLettre="2" x="66" transcription="م" LatinTrans="Miim_M" />
        <lettre idLettre="3" x="51" transcription="ر" LatinTrans="Raa_E" />
      </paw>
      <paw idPaw="3" x="0" transcription="حلة" LatinTrans="Haaa_B Laam_M TaaaClosed_E">
        <lettre idLettre="1" x="32" transcription="ح" LatinTrans="Haaa_B" />
        <lettre idLettre="2" x="23" transcription="ل" LatinTrans="Laam_M" />
        <lettre idLettre="3" x="0" transcription="ة" LatinTrans="TaaaClosed_E" />
      </paw>
    </word>
  </content>
</textImage>