﻿<?xml version="1.0" encoding="UTF-8" standalone="yes"?>
<textImage id="1" width="492" height="49" transcription="فصل الجناح السياسي لحزب الله" image="aljazeera_3213-05-37-20_1">
  <ArabicTranscription>فصل الجناح السياسي لحزب الله</ArabicTranscription>
  <LatinTranscription>Faa_B Saad_M Laam_E SPACE Alif_I Laam_B Jiim_M Nuun_M Alif_E Haaa_I SPACE Alif_I Laam_B Siin_M Yaa_M Alif_E Siin_B Yaa_E SPACE Laam_B Haaa_M Zaay_E Baa_I SPACE Alif_I Laam_B Laam_M Haa_E</LatinTranscription>
  <content>
    <word idWord="1" x="370" transcription="فصل" LatinTrans="Faa_B Saad_M Laam_E">
      <paw idPaw="1" x="370" transcription="فصل" LatinTrans="Faa_B Saad_M Laam_E">
        <lettre idLettre="1" x="457" transcription="ف" LatinTrans="Faa_B" />
        <lettre idLettre="2" x="413" transcription="ص" LatinTrans="Saad_M" />
        <lettre idLettre="3" x="370" transcription="ل" LatinTrans="Laam_E" />
      </paw>
    </word>
    <word idWord="2" x="363" transcription=" " LatinTrans="SPACE">
      <paw idPaw="1" x="363" transcription=" " LatinTrans="SPACE">
        <lettre idLettre="1" x="363" transcription=" " LatinTrans="SPACE" />
      </paw>
    </word>
    <word idWord="3" x="280" transcription="الجناح" LatinTrans="Alif_I Laam_B Jiim_M Nuun_M Alif_E Haaa_I">
      <paw idPaw="1" x="355" transcription="ا" LatinTrans="Alif_I">
        <lettre idLettre="1" x="355" transcription="ا" LatinTrans="Alif_I" />
      </paw>
      <paw idPaw="2" x="304" transcription="لجنا" LatinTrans="Laam_B Jiim_M Nuun_M Alif_E">
        <lettre idLettre="1" x="345" transcription="ل" LatinTrans="Laam_B" />
        <lettre idLettre="2" x="326" transcription="ج" LatinTrans="Jiim_M" />
        <lettre idLettre="3" x="313" transcription="ن" LatinTrans="Nuun_M" />
        <lettre idLettre="4" x="304" transcription="ا" LatinTrans="Alif_E" />
      </paw>
      <paw idPaw="3" x="280" transcription="ح" LatinTrans="Haaa_I">
        <lettre idLettre="1" x="280" transcription="ح" LatinTrans="Haaa_I" />
      </paw>
    </word>
    <word idWord="4" x="275" transcription=" " LatinTrans="SPACE">
      <paw idPaw="1" x="275" transcription=" " LatinTrans="SPACE">
        <lettre idLettre="1" x="275" transcription=" " LatinTrans="SPACE" />
      </paw>
    </word>
    <word idWord="5" x="132" transcription="السياسي" LatinTrans="Alif_I Laam_B Siin_M Yaa_M Alif_E Siin_B Yaa_E">
      <paw idPaw="1" x="266" transcription="ا" LatinTrans="Alif_I">
        <lettre idLettre="1" x="266" transcription="ا" LatinTrans="Alif_I" />
      </paw>
      <paw idPaw="2" x="204" transcription="لسيا" LatinTrans="Laam_B Siin_M Yaa_M Alif_E">
        <lettre idLettre="1" x="256" transcription="ل" LatinTrans="Laam_B" />
        <lettre idLettre="2" x="233" transcription="س" LatinTrans="Siin_M" />
        <lettre idLettre="3" x="213" transcription="ي" LatinTrans="Yaa_M" />
        <lettre idLettre="4" x="204" transcription="ا" LatinTrans="Alif_E" />
      </paw>
      <paw idPaw="3" x="132" transcription="سي" LatinTrans="Siin_B Yaa_E">
        <lettre idLettre="1" x="174" transcription="س" LatinTrans="Siin_B" />
        <lettre idLettre="2" x="132" transcription="ي" LatinTrans="Yaa_E" />
      </paw>
    </word>
    <word idWord="6" x="127" transcription=" " LatinTrans="SPACE">
      <paw idPaw="1" x="127" transcription=" " LatinTrans="SPACE">
        <lettre idLettre="1" x="127" transcription=" " LatinTrans="SPACE" />
      </paw>
    </word>
    <word idWord="7" x="58" transcription="لحزب" LatinTrans="Laam_B Haaa_M Zaay_E Baa_I">
      <paw idPaw="1" x="84" transcription="لحز" LatinTrans="Laam_B Haaa_M Zaay_E">
        <lettre idLettre="1" x="117" transcription="ل" LatinTrans="Laam_B" />
        <lettre idLettre="2" x="96" transcription="ح" LatinTrans="Haaa_M" />
        <lettre idLettre="3" x="84" transcription="ز" LatinTrans="Zaay_E" />
      </paw>
      <paw idPaw="2" x="58" transcription="ب" LatinTrans="Baa_I">
        <lettre idLettre="1" x="58" transcription="ب" LatinTrans="Baa_I" />
      </paw>
    </word>
    <word idWord="8" x="51" transcription=" " LatinTrans="SPACE">
      <paw idPaw="1" x="51" transcription=" " LatinTrans="SPACE">
        <lettre idLettre="1" x="51" transcription=" " LatinTrans="SPACE" />
      </paw>
    </word>
    <word idWord="9" x="0" transcription="الله" LatinTrans="Alif_I Laam_B Laam_M Haa_E">
      <paw idPaw="1" x="43" transcription="ا" LatinTrans="Alif_I">
        <lettre idLettre="1" x="43" transcription="ا" LatinTrans="Alif_I" />
      </paw>
      <paw idPaw="2" x="0" transcription="لله" LatinTrans="Laam_B Laam_M Haa_E">
        <lettre idLettre="1" x="36" transcription="ل" LatinTrans="Laam_B" />
        <lettre idLettre="2" x="28" transcription="ل" LatinTrans="Laam_M" />
        <lettre idLettre="3" x="0" transcription="ه" LatinTrans="Haa_E" />
      </paw>
    </word>
  </content>
</textImage>