﻿<?xml version="1.0" encoding="UTF-8" standalone="yes"?>
<textImage id="1" width="257" height="36" transcription="تواصل الاعتصام في الموصل" image="aljazeera_3212-15-14-10_1">
  <ArabicTranscription>تواصل الاعتصام في الموصل</ArabicTranscription>
  <LatinTranscription>Taaa_B Waaw_E Alif_I Saad_B Laam_E SPACE Alif_I Laam_Alif Ayn_B Taaa_M Saad_M Alif_E Miim_I SPACE Faa_B Yaa_E SPACE Alif_I Laam_B Miim_M Waaw_E Saad_B Laam_E</LatinTranscription>
  <content>
    <word idWord="1" x="193" transcription="تواصل" LatinTrans="Taaa_B Waaw_E Alif_I Saad_B Laam_E">
      <paw idPaw="1" x="233" transcription="تو" LatinTrans="Taaa_B Waaw_E">
        <lettre idLettre="1" x="243" transcription="ت" LatinTrans="Taaa_B" />
        <lettre idLettre="2" x="233" transcription="و" LatinTrans="Waaw_E" />
      </paw>
      <paw idPaw="2" x="227" transcription="ا" LatinTrans="Alif_I">
        <lettre idLettre="1" x="227" transcription="ا" LatinTrans="Alif_I" />
      </paw>
      <paw idPaw="3" x="193" transcription="صل" LatinTrans="Saad_B Laam_E">
        <lettre idLettre="1" x="208" transcription="ص" LatinTrans="Saad_B" />
        <lettre idLettre="2" x="193" transcription="ل" LatinTrans="Laam_E" />
      </paw>
    </word>
    <word idWord="2" x="189" transcription=" " LatinTrans="SPACE">
      <paw idPaw="1" x="189" transcription=" " LatinTrans="SPACE">
        <lettre idLettre="1" x="189" transcription=" " LatinTrans="SPACE" />
      </paw>
    </word>
    <word idWord="3" x="107" transcription="الاعتصام" LatinTrans="Alif_I Laam_Alif Ayn_B Taaa_M Saad_M Alif_E Miim_I">
      <paw idPaw="1" x="183" transcription="ا" LatinTrans="Alif_I">
        <lettre idLettre="1" x="183" transcription="ا" LatinTrans="Alif_I" />
      </paw>
      <paw idPaw="2" x="171" transcription="لا" LatinTrans="Laam_Alif">
        <lettre idLettre="1" x="171" transcription="لا" LatinTrans="Laam_Alif" />
      </paw>
      <paw idPaw="3" x="120" transcription="عتصا" LatinTrans="Ayn_B Taaa_M Saad_M Alif_E">
        <lettre idLettre="1" x="158" transcription="ع" LatinTrans="Ayn_B" />
        <lettre idLettre="2" x="147" transcription="ت" LatinTrans="Taaa_M" />
        <lettre idLettre="3" x="127" transcription="ص" LatinTrans="Saad_M" />
        <lettre idLettre="4" x="120" transcription="ا" LatinTrans="Alif_E" />
      </paw>
      <paw idPaw="4" x="107" transcription="م" LatinTrans="Miim_I">
        <lettre idLettre="1" x="107" transcription="م" LatinTrans="Miim_I" />
      </paw>
    </word>
    <word idWord="4" x="102" transcription=" " LatinTrans="SPACE">
      <paw idPaw="1" x="102" transcription=" " LatinTrans="SPACE">
        <lettre idLettre="1" x="102" transcription=" " LatinTrans="SPACE" />
      </paw>
    </word>
    <word idWord="5" x="73" transcription="في" LatinTrans="Faa_B Yaa_E">
      <paw idPaw="1" x="73" transcription="في" LatinTrans="Faa_B Yaa_E">
        <lettre idLettre="1" x="90" transcription="ف" LatinTrans="Faa_B" />
        <lettre idLettre="2" x="73" transcription="ي" LatinTrans="Yaa_E" />
      </paw>
    </word>
    <word idWord="6" x="71" transcription=" " LatinTrans="SPACE">
      <paw idPaw="1" x="71" transcription=" " LatinTrans="SPACE">
        <lettre idLettre="1" x="71" transcription=" " LatinTrans="SPACE" />
      </paw>
    </word>
    <word idWord="7" x="0" transcription="الموصل" LatinTrans="Alif_I Laam_B Miim_M Waaw_E Saad_B Laam_E">
      <paw idPaw="1" x="67" transcription="ا" LatinTrans="Alif_I">
        <lettre idLettre="1" x="67" transcription="ا" LatinTrans="Alif_I" />
      </paw>
      <paw idPaw="2" x="37" transcription="لمو" LatinTrans="Laam_B Miim_M Waaw_E">
        <lettre idLettre="1" x="61" transcription="ل" LatinTrans="Laam_B" />
        <lettre idLettre="2" x="48" transcription="م" LatinTrans="Miim_M" />
        <lettre idLettre="3" x="37" transcription="و" LatinTrans="Waaw_E" />
      </paw>
      <paw idPaw="3" x="0" transcription="صل" LatinTrans="Saad_B Laam_E">
        <lettre idLettre="1" x="18" transcription="ص" LatinTrans="Saad_B" />
        <lettre idLettre="2" x="0" transcription="ل" LatinTrans="Laam_E" />
      </paw>
    </word>
  </content>
</textImage>