﻿<?xml version="1.0" encoding="UTF-8" standalone="yes"?>
<textImage id="2" width="201" height="42" transcription="يطالب بالنظر" image="aljazeera_3213-05-34-40_2">
  <ArabicTranscription>يطالب بالنظر</ArabicTranscription>
  <LatinTranscription>Yaa_B Thaaa_M Alif_E Laam_B Baa_E SPACE Baa_B Alif_E Laam_B Nuun_M Taa_M Raa_E</LatinTranscription>
  <content>
    <word idWord="1" x="103" transcription="يطالب" LatinTrans="Yaa_B Thaaa_M Alif_E Laam_B Baa_E">
      <paw idPaw="1" x="147" transcription="يطا" LatinTrans="Yaa_B Thaaa_M Alif_E">
        <lettre idLettre="1" x="181" transcription="ي" LatinTrans="Yaa_B" />
        <lettre idLettre="2" x="156" transcription="ط" LatinTrans="Thaaa_M" />
        <lettre idLettre="3" x="147" transcription="ا" LatinTrans="Alif_E" />
      </paw>
      <paw idPaw="2" x="103" transcription="لب" LatinTrans="Laam_B Baa_E">
        <lettre idLettre="1" x="134" transcription="ل" LatinTrans="Laam_B" />
        <lettre idLettre="2" x="103" transcription="ب" LatinTrans="Baa_E" />
      </paw>
    </word>
    <word idWord="2" x="97" transcription=" " LatinTrans="SPACE">
      <paw idPaw="1" x="97" transcription=" " LatinTrans="SPACE">
        <lettre idLettre="1" x="97" transcription=" " LatinTrans="SPACE" />
      </paw>
    </word>
    <word idWord="3" x="0" transcription="بالنظر" LatinTrans="Baa_B Alif_E Laam_B Nuun_M Taa_M Raa_E">
      <paw idPaw="1" x="72" transcription="با" LatinTrans="Baa_B Alif_E">
        <lettre idLettre="1" x="82" transcription="ب" LatinTrans="Baa_B" />
        <lettre idLettre="2" x="72" transcription="ا" LatinTrans="Alif_E" />
      </paw>
      <paw idPaw="2" x="0" transcription="لنظر" LatinTrans="Laam_B Nuun_M Taa_M Raa_E">
        <lettre idLettre="1" x="63" transcription="ل" LatinTrans="Laam_B" />
        <lettre idLettre="2" x="51" transcription="ن" LatinTrans="Nuun_M" />
        <lettre idLettre="3" x="22" transcription="ظ" LatinTrans="Taa_M" />
        <lettre idLettre="4" x="0" transcription="ر" LatinTrans="Raa_E" />
      </paw>
    </word>
  </content>
</textImage>