﻿<?xml version="1.0" encoding="UTF-8" standalone="yes"?>
<textImage id="1" width="485" height="49" transcription="الرئيس اليمني عبدربه منصور هادي" image="aljazeera_3213-05-32-30_1">
  <ArabicTranscription>الرئيس اليمني عبدربه منصور هادي</ArabicTranscription>
  <LatinTranscription>Alif_I Laam_B Raa_E HamzaAboveAlifBroken_B Yaa_M Siin_E SPACE Alif_I Laam_B Yaa_M Miim_M Nuun_M Yaa_E SPACE Ayn_B Baa_M Daal_E Raa_I Baa_B Haa_E SPACE Miim_B Nuun_M Saad_M Waaw_E Raa_I SPACE Haa_B Alif_E Daal_I Yaa_I</LatinTranscription>
  <content>
    <word idWord="1" x="384" transcription="الرئيس" LatinTrans="Alif_I Laam_B Raa_E HamzaAboveAlifBroken_B Yaa_M Siin_E">
      <paw idPaw="1" x="475" transcription="ا" LatinTrans="Alif_I">
        <lettre idLettre="1" x="475" transcription="ا" LatinTrans="Alif_I" />
      </paw>
      <paw idPaw="2" x="453" transcription="لر" LatinTrans="Laam_B Raa_E">
        <lettre idLettre="1" x="465" transcription="ل" LatinTrans="Laam_B" />
        <lettre idLettre="2" x="453" transcription="ر" LatinTrans="Raa_E" />
      </paw>
      <paw idPaw="3" x="384" transcription="ئيس" LatinTrans="HamzaAboveAlifBroken_B Yaa_M Siin_E">
        <lettre idLettre="1" x="440" transcription="ئ" LatinTrans="HamzaAboveAlifBroken_B" />
        <lettre idLettre="2" x="422" transcription="ي" LatinTrans="Yaa_M" />
        <lettre idLettre="3" x="384" transcription="س" LatinTrans="Siin_E" />
      </paw>
    </word>
    <word idWord="2" x="376" transcription=" " LatinTrans="SPACE">
      <paw idPaw="1" x="376" transcription=" " LatinTrans="SPACE">
        <lettre idLettre="1" x="376" transcription=" " LatinTrans="SPACE" />
      </paw>
    </word>
    <word idWord="3" x="287" transcription="اليمني" LatinTrans="Alif_I Laam_B Yaa_M Miim_M Nuun_M Yaa_E">
      <paw idPaw="1" x="368" transcription="ا" LatinTrans="Alif_I">
        <lettre idLettre="1" x="368" transcription="ا" LatinTrans="Alif_I" />
      </paw>
      <paw idPaw="2" x="287" transcription="ليمني" LatinTrans="Laam_B Yaa_M Miim_M Nuun_M Yaa_E">
        <lettre idLettre="1" x="361" transcription="ل" LatinTrans="Laam_B" />
        <lettre idLettre="2" x="343" transcription="ي" LatinTrans="Yaa_M" />
        <lettre idLettre="3" x="327" transcription="م" LatinTrans="Miim_M" />
        <lettre idLettre="4" x="309" transcription="ن" LatinTrans="Nuun_M" />
        <lettre idLettre="5" x="287" transcription="ي" LatinTrans="Yaa_E" />
      </paw>
    </word>
    <word idWord="4" x="281" transcription=" " LatinTrans="SPACE">
      <paw idPaw="1" x="281" transcription=" " LatinTrans="SPACE">
        <lettre idLettre="1" x="281" transcription=" " LatinTrans="SPACE" />
      </paw>
    </word>
    <word idWord="5" x="177" transcription="عبدربه" LatinTrans="Ayn_B Baa_M Daal_E Raa_I Baa_B Haa_E">
      <paw idPaw="1" x="228" transcription="عبد" LatinTrans="Ayn_B Baa_M Daal_E">
        <lettre idLettre="1" x="261" transcription="ع" LatinTrans="Ayn_B" />
        <lettre idLettre="2" x="244" transcription="ب" LatinTrans="Baa_M" />
        <lettre idLettre="3" x="228" transcription="د" LatinTrans="Daal_E" />
      </paw>
      <paw idPaw="2" x="216" transcription="ر" LatinTrans="Raa_I">
        <lettre idLettre="1" x="216" transcription="ر" LatinTrans="Raa_I" />
      </paw>
      <paw idPaw="3" x="177" transcription="به" LatinTrans="Baa_B Haa_E">
        <lettre idLettre="1" x="202" transcription="ب" LatinTrans="Baa_B" />
        <lettre idLettre="2" x="177" transcription="ه" LatinTrans="Haa_E" />
      </paw>
    </word>
    <word idWord="6" x="171" transcription=" " LatinTrans="SPACE">
      <paw idPaw="1" x="171" transcription=" " LatinTrans="SPACE">
        <lettre idLettre="1" x="171" transcription=" " LatinTrans="SPACE" />
      </paw>
    </word>
    <word idWord="7" x="80" transcription="منصور" LatinTrans="Miim_B Nuun_M Saad_M Waaw_E Raa_I">
      <paw idPaw="1" x="94" transcription="منصو" LatinTrans="Miim_B Nuun_M Saad_M Waaw_E">
        <lettre idLettre="1" x="154" transcription="م" LatinTrans="Miim_B" />
        <lettre idLettre="2" x="140" transcription="ن" LatinTrans="Nuun_M" />
        <lettre idLettre="3" x="114" transcription="ص" LatinTrans="Saad_M" />
        <lettre idLettre="4" x="94" transcription="و" LatinTrans="Waaw_E" />
      </paw>
      <paw idPaw="2" x="80" transcription="ر" LatinTrans="Raa_I">
        <lettre idLettre="1" x="80" transcription="ر" LatinTrans="Raa_I" />
      </paw>
    </word>
    <word idWord="8" x="76" transcription=" " LatinTrans="SPACE">
      <paw idPaw="1" x="76" transcription=" " LatinTrans="SPACE">
        <lettre idLettre="1" x="76" transcription=" " LatinTrans="SPACE" />
      </paw>
    </word>
    <word idWord="9" x="0" transcription="هادي" LatinTrans="Haa_B Alif_E Daal_I Yaa_I">
      <paw idPaw="1" x="40" transcription="ها" LatinTrans="Haa_B Alif_E">
        <lettre idLettre="1" x="48" transcription="ه" LatinTrans="Haa_B" />
        <lettre idLettre="2" x="40" transcription="ا" LatinTrans="Alif_E" />
      </paw>
      <paw idPaw="2" x="24" transcription="د" LatinTrans="Daal_I">
        <lettre idLettre="1" x="24" transcription="د" LatinTrans="Daal_I" />
      </paw>
      <paw idPaw="3" x="0" transcription="ي" LatinTrans="Yaa_I">
        <lettre idLettre="1" x="0" transcription="ي" LatinTrans="Yaa_I" />
      </paw>
    </word>
  </content>
</textImage>