﻿<?xml version="1.0" encoding="UTF-8" standalone="yes"?>
<textImage id="1" width="306" height="37" transcription="جلسة طارئة لمجلس الأمن الدولي" image="aljazeera_3212-15-06-40_1">
  <ArabicTranscription>جلسة طارئة لمجلس الأمن الدولي</ArabicTranscription>
  <LatinTranscription>Jiim_B Laam_M Siin_M TaaaClosed_E SPACE Thaaa_B Alif_E Raa_I HamzaAboveAlifBroken_B TaaaClosed_E SPACE Laam_B Miim_M Jiim_E Siin_I SPACE Alif_I Laam_HamzaAboveAlif Miim_B Nuun_E SPACE Alif_I Laam_B Daal_E Waaw_I Laam_B Yaa_E</LatinTranscription>
  <content>
    <word idWord="1" x="249" transcription="جلسة" LatinTrans="Jiim_B Laam_M Siin_M TaaaClosed_E">
      <paw idPaw="1" x="249" transcription="جلسة" LatinTrans="Jiim_B Laam_M Siin_M TaaaClosed_E">
        <lettre idLettre="1" x="290" transcription="ج" LatinTrans="Jiim_B" />
        <lettre idLettre="2" x="280" transcription="ل" LatinTrans="Laam_M" />
        <lettre idLettre="3" x="263" transcription="س" LatinTrans="Siin_M" />
        <lettre idLettre="4" x="249" transcription="ة" LatinTrans="TaaaClosed_E" />
      </paw>
    </word>
    <word idWord="2" x="246" transcription=" " LatinTrans="SPACE">
      <paw idPaw="1" x="246" transcription=" " LatinTrans="SPACE">
        <lettre idLettre="1" x="246" transcription=" " LatinTrans="SPACE" />
      </paw>
    </word>
    <word idWord="3" x="192" transcription="طارئة" LatinTrans="Thaaa_B Alif_E Raa_I HamzaAboveAlifBroken_B TaaaClosed_E">
      <paw idPaw="1" x="222" transcription="طا" LatinTrans="Thaaa_B Alif_E">
        <lettre idLettre="1" x="230" transcription="ط" LatinTrans="Thaaa_B" />
        <lettre idLettre="2" x="222" transcription="ا" LatinTrans="Alif_E" />
      </paw>
      <paw idPaw="2" x="215" transcription="ر" LatinTrans="Raa_I">
        <lettre idLettre="1" x="215" transcription="ر" LatinTrans="Raa_I" />
      </paw>
      <paw idPaw="3" x="192" transcription="ئة" LatinTrans="HamzaAboveAlifBroken_B TaaaClosed_E">
        <lettre idLettre="1" x="204" transcription="ئ" LatinTrans="HamzaAboveAlifBroken_B" />
        <lettre idLettre="2" x="192" transcription="ة" LatinTrans="TaaaClosed_E" />
      </paw>
    </word>
    <word idWord="4" x="187" transcription=" " LatinTrans="SPACE">
      <paw idPaw="1" x="187" transcription=" " LatinTrans="SPACE">
        <lettre idLettre="1" x="187" transcription=" " LatinTrans="SPACE" />
      </paw>
    </word>
    <word idWord="5" x="123" transcription="لمجلس" LatinTrans="Laam_B Miim_M Jiim_E Siin_I">
      <paw idPaw="1" x="156" transcription="لمجلس" LatinTrans="Laam_B Miim_M Jiim_E">
        <lettre idLettre="1" x="181" transcription="ل" LatinTrans="Laam_B" />
        <lettre idLettre="2" x="169" transcription="م" LatinTrans="Miim_M" />
        <lettre idLettre="3" x="156" transcription="ج" LatinTrans="Jiim_E" />
      </paw>
      <paw idPaw="2" x="123" transcription="لمجلس" LatinTrans="Siin_I">
        <lettre idLettre="1" x="123" transcription="س" LatinTrans="Siin_I" />
      </paw>
    </word>
    <word idWord="6" x="118" transcription=" " LatinTrans="SPACE">
      <paw idPaw="1" x="118" transcription=" " LatinTrans="SPACE">
        <lettre idLettre="1" x="118" transcription=" " LatinTrans="SPACE" />
      </paw>
    </word>
    <word idWord="7" x="74" transcription="الأمن" LatinTrans="Alif_I Laam_HamzaAboveAlif Miim_B Nuun_E">
      <paw idPaw="1" x="113" transcription="ا" LatinTrans="Alif_I">
        <lettre idLettre="1" x="113" transcription="ا" LatinTrans="Alif_I" />
      </paw>
      <paw idPaw="2" x="102" transcription="لأ" LatinTrans="Laam_HamzaAboveAlif">
        <lettre idLettre="1" x="102" transcription="لأ" LatinTrans="Laam_HamzaAboveAlif" />
      </paw>
      <paw idPaw="3" x="74" transcription="من" LatinTrans="Miim_B Nuun_E">
        <lettre idLettre="1" x="102" transcription="م" LatinTrans="Miim_B" />
        <lettre idLettre="2" x="74" transcription="ن" LatinTrans="Nuun_E" />
      </paw>
    </word>
    <word idWord="8" x="71" transcription=" " LatinTrans="SPACE">
      <paw idPaw="1" x="71" transcription=" " LatinTrans="SPACE">
        <lettre idLettre="1" x="71" transcription=" " LatinTrans="SPACE" />
      </paw>
    </word>
    <word idWord="9" x="0" transcription="الدولي" LatinTrans="Alif_I Laam_B Daal_E Waaw_I Laam_B Yaa_E">
      <paw idPaw="1" x="65" transcription="ا" LatinTrans="Alif_I">
        <lettre idLettre="1" x="65" transcription="ا" LatinTrans="Alif_I" />
      </paw>
      <paw idPaw="2" x="48" transcription="لد" LatinTrans="Laam_B Daal_E">
        <lettre idLettre="1" x="65" transcription="ل" LatinTrans="Laam_B" />
        <lettre idLettre="2" x="48" transcription="د" LatinTrans="Daal_E" />
      </paw>
      <paw idPaw="3" x="38" transcription="و" LatinTrans="Waaw_I">
        <lettre idLettre="1" x="38" transcription="و" LatinTrans="Waaw_I" />
      </paw>
      <paw idPaw="4" x="0" transcription="لي" LatinTrans="Laam_B Yaa_E">
        <lettre idLettre="1" x="38" transcription="ل" LatinTrans="Laam_B" />
        <lettre idLettre="2" x="0" transcription="ي" LatinTrans="Yaa_E" />
      </paw>
    </word>
  </content>
</textImage>