﻿<?xml version="1.0" encoding="UTF-8" standalone="yes"?>
<textImage id="1" width="629" height="268" transcription="الحدث" image="aljazeera_3212-02-26-20_1">
  <ArabicTranscription>الحدث</ArabicTranscription>
  <LatinTranscription>Alif_I Laam_B Haaa_M Daal_E Thaa_I</LatinTranscription>
  <content>
    <word idWord="1" x="0" transcription="الحدث" LatinTrans="Alif_I Laam_B Haaa_M Daal_E Thaa_I">
      <paw idPaw="1" x="568" transcription="ا" LatinTrans="Alif_I">
        <lettre idLettre="1" x="568" transcription="ا" LatinTrans="Alif_I" />
      </paw>
      <paw idPaw="2" x="200" transcription="لحد" LatinTrans="Laam_B Haaa_M Daal_E">
        <lettre idLettre="1" x="503" transcription="ل" LatinTrans="Laam_B" />
        <lettre idLettre="2" x="366" transcription="ح" LatinTrans="Haaa_M" />
        <lettre idLettre="3" x="200" transcription="د" LatinTrans="Daal_E" />
      </paw>
      <paw idPaw="3" x="0" transcription="ث" LatinTrans="Thaa_I">
        <lettre idLettre="1" x="0" transcription="ث" LatinTrans="Thaa_I" />
      </paw>
    </word>
  </content>
</textImage>