﻿<?xml version="1.0" encoding="UTF-8" standalone="yes"?>
<textImage id="1" width="161" height="62" transcription="الأخبار" image="aljazeera_3211-09-14-50_1">
  <ArabicTranscription>الأخبار</ArabicTranscription>
  <LatinTranscription>Alif_I Laam_HamzaAboveAlif Xaa_B Baa_M Alif_E Raa_I</LatinTranscription>
  <content>
    <word idWord="1" x="0" transcription="الأخبار" LatinTrans="Alif_I Laam_HamzaAboveAlif Xaa_B Baa_M Alif_E Raa_I">
      <paw idPaw="1" x="149" transcription="ا" LatinTrans="Alif_I">
        <lettre idLettre="1" x="149" transcription="ا" LatinTrans="Alif_I" />
      </paw>
      <paw idPaw="2" x="122" transcription="لأ" LatinTrans="Laam_HamzaAboveAlif">
        <lettre idLettre="1" x="122" transcription="لأ" LatinTrans="Laam_HamzaAboveAlif" />
      </paw>
      <paw idPaw="3" x="22" transcription="خبا" LatinTrans="Xaa_B Baa_M Alif_E">
        <lettre idLettre="1" x="89" transcription="خ" LatinTrans="Xaa_B" />
        <lettre idLettre="2" x="48" transcription="ب" LatinTrans="Baa_M" />
        <lettre idLettre="3" x="22" transcription="ا" LatinTrans="Alif_E" />
      </paw>
      <paw idPaw="4" x="0" transcription="ر" LatinTrans="Raa_I">
        <lettre idLettre="1" x="0" transcription="ر" LatinTrans="Raa_I" />
      </paw>
    </word>
  </content>
</textImage>