﻿<?xml version="1.0" encoding="UTF-8" standalone="yes"?>
<textImage id="6" width="273" height="50" transcription="إلى جانب إسرائيل" image="aljazeera_3213-05-00-00_6">
  <ArabicTranscription>إلى جانب إسرائيل</ArabicTranscription>
  <LatinTranscription>HamzaOnederAlif_I Laam_B AlifBroken_E SPACE Jiim_B Alif_E Nuun_B Baa_E SPACE HamzaOnederAlif_I Siin_B Raa_E Alif_I HamzaAboveAlifBroken_B Yaa_M Laam_E</LatinTranscription>
  <content>
    <word idWord="1" x="227" transcription="إلى" LatinTrans="HamzaOnederAlif_I Laam_B AlifBroken_E">
      <paw idPaw="1" x="259" transcription="إ" LatinTrans="HamzaOnederAlif_I">
        <lettre idLettre="1" x="259" transcription="إ" LatinTrans="HamzaUnderAlif_I" />
      </paw>
      <paw idPaw="2" x="227" transcription="لى" LatinTrans="Laam_B AlifBroken_E">
        <lettre idLettre="1" x="252" transcription="ل" LatinTrans="Laam_B" />
        <lettre idLettre="2" x="227" transcription="ى" LatinTrans="AlifBroken_E" />
      </paw>
    </word>
    <word idWord="2" x="222" transcription=" " LatinTrans="SPACE">
      <paw idPaw="1" x="222" transcription=" " LatinTrans="SPACE">
        <lettre idLettre="1" x="222" transcription=" " LatinTrans="SPACE" />
      </paw>
    </word>
    <word idWord="3" x="143" transcription="جانب" LatinTrans="Jiim_B Alif_E Nuun_B Baa_E">
      <paw idPaw="1" x="189" transcription="جا" LatinTrans="Jiim_B Alif_E">
        <lettre idLettre="1" x="199" transcription="ج" LatinTrans="Jiim_B" />
        <lettre idLettre="2" x="189" transcription="ا" LatinTrans="Alif_E" />
      </paw>
      <paw idPaw="2" x="143" transcription="نب" LatinTrans="Nuun_B Baa_E">
        <lettre idLettre="1" x="172" transcription="ن" LatinTrans="Nuun_B" />
        <lettre idLettre="2" x="143" transcription="ب" LatinTrans="Baa_E" />
      </paw>
    </word>
    <word idWord="4" x="136" transcription=" " LatinTrans="SPACE">
      <paw idPaw="1" x="136" transcription=" " LatinTrans="SPACE">
        <lettre idLettre="1" x="136" transcription=" " LatinTrans="SPACE" />
      </paw>
    </word>
    <word idWord="5" x="0" transcription="إسرائيل" LatinTrans="HamzaOnederAlif_I Siin_B Raa_E Alif_I HamzaAboveAlifBroken_B Yaa_M Laam_E">
      <paw idPaw="1" x="128" transcription="إ" LatinTrans="HamzaOnederAlif_I">
        <lettre idLettre="1" x="128" transcription="إ" LatinTrans="HamzaUnderAlif_I" />
      </paw>
      <paw idPaw="2" x="89" transcription="سر" LatinTrans="Siin_B Raa_E">
        <lettre idLettre="1" x="104" transcription="س" LatinTrans="Siin_B" />
        <lettre idLettre="2" x="89" transcription="ر" LatinTrans="Raa_E" />
      </paw>
      <paw idPaw="3" x="82" transcription="ا" LatinTrans="Alif_I">
        <lettre idLettre="1" x="82" transcription="ا" LatinTrans="Alif_I" />
      </paw>
      <paw idPaw="4" x="0" transcription="ئيل" LatinTrans="HamzaAboveAlifBroken_B Yaa_M Laam_E">
        <lettre idLettre="1" x="67" transcription="ئ" LatinTrans="HamzaAboveAlifBroken_B" />
        <lettre idLettre="2" x="49" transcription="ي" LatinTrans="Yaa_M" />
        <lettre idLettre="3" x="0" transcription="ل" LatinTrans="Laam_E" />
      </paw>
    </word>
  </content>
</textImage>