﻿<?xml version="1.0" encoding="UTF-8" standalone="yes"?>
<textImage id="1" width="240" height="57" transcription="الحصاد المغاربي" image="aljazeera_3211-21-34-40_1">
  <ArabicTranscription>الحصاد المغاربي</ArabicTranscription>
  <LatinTranscription>Alif_I Laam_B Haaa_M Saad_M Alif_E Daal_I SPACE Alif_I Laam_B Miim_M Ghayn_M Alif_E Raa_I Baa_B Yaa_E</LatinTranscription>
  <content>
    <word idWord="1" x="135" transcription="الحصاد" LatinTrans="Alif_I Laam_B Haaa_M Saad_M Alif_E Daal_I">
      <paw idPaw="1" x="227" transcription="ا" LatinTrans="Alif_I">
        <lettre idLettre="1" x="227" transcription="ا" LatinTrans="Alif_I" />
      </paw>
      <paw idPaw="2" x="154" transcription="لحصا" LatinTrans="Laam_B Haaa_M Saad_M Alif_E">
        <lettre idLettre="1" x="218" transcription="ل" LatinTrans="Laam_B" />
        <lettre idLettre="2" x="196" transcription="ح" LatinTrans="Haaa_M" />
        <lettre idLettre="3" x="165" transcription="ص" LatinTrans="Saad_M" />
        <lettre idLettre="4" x="154" transcription="ا" LatinTrans="Alif_E" />
      </paw>
      <paw idPaw="3" x="135" transcription="د" LatinTrans="Daal_I">
        <lettre idLettre="1" x="135" transcription="د" LatinTrans="Daal_I" />
      </paw>
    </word>
    <word idWord="2" x="127" transcription=" " LatinTrans="SPACE">
      <paw idPaw="1" x="127" transcription=" " LatinTrans="SPACE">
        <lettre idLettre="1" x="127" transcription=" " LatinTrans="SPACE" />
      </paw>
    </word>
    <word idWord="3" x="0" transcription="المغاربي" LatinTrans="Alif_I Laam_B Miim_M Ghayn_M Alif_E Raa_I Baa_B Yaa_E">
      <paw idPaw="1" x="121" transcription="ا" LatinTrans="Alif_I">
        <lettre idLettre="1" x="121" transcription="ا" LatinTrans="Alif_I" />
      </paw>
      <paw idPaw="2" x="56" transcription="لمغا" LatinTrans="Laam_B Miim_M Ghayn_M Alif_E">
        <lettre idLettre="1" x="110" transcription="ل" LatinTrans="Laam_B" />
        <lettre idLettre="2" x="92" transcription="م" LatinTrans="Miim_M" />
        <lettre idLettre="3" x="67" transcription="غ" LatinTrans="Ghayn_M" />
        <lettre idLettre="4" x="56" transcription="ا" LatinTrans="Alif_E" />
      </paw>
      <paw idPaw="3" x="43" transcription="ر" LatinTrans="Raa_I">
        <lettre idLettre="1" x="43" transcription="ر" LatinTrans="Raa_I" />
      </paw>
      <paw idPaw="4" x="0" transcription="بي" LatinTrans="Baa_B Yaa_E">
        <lettre idLettre="1" x="29" transcription="ب" LatinTrans="Baa_B" />
        <lettre idLettre="2" x="0" transcription="ي" LatinTrans="Yaa_E" />
      </paw>
    </word>
  </content>
</textImage>