﻿<?xml version="1.0" encoding="UTF-8" standalone="yes"?>
<textImage id="1" width="250" height="35" transcription="جرح 27 شخصا في اشتباكات" image="aljazeera_3212-06-21-00_1">
  <ArabicTranscription>جرح 27 شخصا في اشتباكات</ArabicTranscription>
  <LatinTranscription>Jiim_B Raa_E Haaa_I SPACE Seven Two SPACE Shiin_B Xaa_M Saad_M Alif_E SPACE Faa_B Yaa_E SPACE Alif_I Shiin_B Taaa_M Baa_M Alif_E Kaaf_B Alif_E Taaa_I</LatinTranscription>
  <content>
    <word idWord="1" x="208" transcription="جرح" LatinTrans="Jiim_B Raa_E Haaa_I">
      <paw idPaw="1" x="223" transcription="جر" LatinTrans="Jiim_B Raa_E">
        <lettre idLettre="1" x="233" transcription="ج" LatinTrans="Jiim_B" />
        <lettre idLettre="2" x="223" transcription="ر" LatinTrans="Raa_E" />
      </paw>
      <paw idPaw="2" x="208" transcription="ح" LatinTrans="Haaa_I">
        <lettre idLettre="1" x="208" transcription="ح" LatinTrans="Haaa_I" />
      </paw>
    </word>
    <word idWord="2" x="204" transcription=" " LatinTrans="SPACE">
      <paw idPaw="1" x="204" transcription=" " LatinTrans="SPACE">
        <lettre idLettre="1" x="204" transcription=" " LatinTrans="SPACE" />
      </paw>
    </word>
    <word idWord="3" x="181" transcription="27" LatinTrans="Seven Two">
      <paw idPaw="1" x="193" transcription="7" LatinTrans="Seven">
        <lettre idLettre="1" x="193" transcription="7" LatinTrans="Seven" />
      </paw>
      <paw idPaw="2" x="181" transcription="2" LatinTrans="Two">
        <lettre idLettre="1" x="181" transcription="2" LatinTrans="Two" />
      </paw>
    </word>
    <word idWord="4" x="178" transcription=" " LatinTrans="SPACE">
      <paw idPaw="1" x="178" transcription=" " LatinTrans="SPACE">
        <lettre idLettre="1" x="178" transcription=" " LatinTrans="SPACE" />
      </paw>
    </word>
    <word idWord="5" x="120" transcription="شخصا" LatinTrans="Shiin_B Xaa_M Saad_M Alif_E">
      <paw idPaw="1" x="120" transcription="شخصا" LatinTrans="Shiin_B Xaa_M Saad_M Alif_E">
        <lettre idLettre="1" x="159" transcription="ش" LatinTrans="Shiin_B" />
        <lettre idLettre="2" x="146" transcription="خ" LatinTrans="Xaa_M" />
        <lettre idLettre="3" x="130" transcription="ص" LatinTrans="Saad_M" />
        <lettre idLettre="4" x="120" transcription="ا" LatinTrans="Alif_E" />
      </paw>
    </word>
    <word idWord="6" x="116" transcription=" " LatinTrans="SPACE">
      <paw idPaw="1" x="116" transcription=" " LatinTrans="SPACE">
        <lettre idLettre="1" x="116" transcription=" " LatinTrans="SPACE" />
      </paw>
    </word>
    <word idWord="7" x="88" transcription="في" LatinTrans="Faa_B Yaa_E">
      <paw idPaw="1" x="88" transcription="في" LatinTrans="Faa_B Yaa_E">
        <lettre idLettre="1" x="105" transcription="ف" LatinTrans="Faa_B" />
        <lettre idLettre="2" x="88" transcription="ي" LatinTrans="Yaa_E" />
      </paw>
    </word>
    <word idWord="8" x="84" transcription=" " LatinTrans="SPACE">
      <paw idPaw="1" x="84" transcription=" " LatinTrans="SPACE">
        <lettre idLettre="1" x="84" transcription=" " LatinTrans="SPACE" />
      </paw>
    </word>
    <word idWord="9" x="0" transcription="اشتباكات" LatinTrans="Alif_I Shiin_B Taaa_M Baa_M Alif_E Kaaf_B Alif_E Taaa_I">
      <paw idPaw="1" x="79" transcription="ا" LatinTrans="Alif_I">
        <lettre idLettre="1" x="79" transcription="ا" LatinTrans="Alif_I" />
      </paw>
      <paw idPaw="2" x="37" transcription="شتبا" LatinTrans="Shiin_B Taaa_M Baa_M Alif_E">
        <lettre idLettre="1" x="64" transcription="ش" LatinTrans="Shiin_B" />
        <lettre idLettre="2" x="53" transcription="ت" LatinTrans="Taaa_M" />
        <lettre idLettre="3" x="43" transcription="ب" LatinTrans="Baa_M" />
        <lettre idLettre="4" x="37" transcription="ا" LatinTrans="Alif_E" />
      </paw>
      <paw idPaw="3" x="20" transcription="كا" LatinTrans="Kaaf_B Alif_E">
        <lettre idLettre="1" x="26" transcription="ك" LatinTrans="Kaaf_B" />
        <lettre idLettre="2" x="20" transcription="ا" LatinTrans="Alif_E" />
      </paw>
      <paw idPaw="4" x="0" transcription="ت" LatinTrans="Taaa_I">
        <lettre idLettre="1" x="0" transcription="ت" LatinTrans="Taaa_I" />
      </paw>
    </word>
  </content>
</textImage>