﻿<?xml version="1.0" encoding="UTF-8" standalone="yes"?>
<textImage id="1" width="82" height="33" transcription="قطر" image="aljazeera_3213-04-56-40_1">
  <ArabicTranscription>قطر</ArabicTranscription>
  <LatinTranscription>Gaaf_B Thaaa_M Raa_E</LatinTranscription>
  <content>
    <word idWord="1" x="0" transcription="قطر" LatinTrans="Gaaf_B Thaaa_M Raa_E">
      <paw idPaw="1" x="0" transcription="قطر" LatinTrans="Gaaf_B Thaaa_M Raa_E">
        <lettre idLettre="1" x="64" transcription="ق" LatinTrans="Gaaf_B" />
        <lettre idLettre="2" x="42" transcription="ط" LatinTrans="Thaaa_M" />
        <lettre idLettre="3" x="0" transcription="ر" LatinTrans="Raa_E" />
      </paw>
    </word>
  </content>
</textImage>