﻿<?xml version="1.0" encoding="UTF-8" standalone="yes"?>
<textImage id="1" width="480" height="35" transcription="روسيا تدين التجربة النووية الكورية الشمالية" image="aljazeera_3212-09-01-40_1">
  <ArabicTranscription>روسيا تدين التجربة النووية الكورية الشمالية</ArabicTranscription>
  <LatinTranscription>Raa_I Waaw_I Siin_B Yaa_M Alif_E SPACE Taaa_B Daal_E Yaa_B Nuun_E SPACE Baa_B Haaa_M Siin_M Miim_E SPACE Alif_I Laam_B Taaa_M Jiim_M Raa_E Baa_B TaaaClosed_E SPACE Alif_I Laam_B Nuun_M Waaw_E Waaw_I Yaa_B TaaaClosed_E SPACE Alif_I Laam_B Kaaf_M Waaw_E Raa_I Yaa_B TaaaClosed_E SPACE Alif_I Laam_B Shiin_M Miim_M Alif_E Laam_B Yaa_M TaaaClosed_E</LatinTranscription>
  <content>
    <word idWord="1" x="424" transcription="روسيا" LatinTrans="Raa_I Waaw_I Siin_B Yaa_M Alif_E">
      <paw idPaw="1" x="467" transcription="ر" LatinTrans="Raa_I">
        <lettre idLettre="1" x="467" transcription="ر" LatinTrans="Raa_I" />
      </paw>
      <paw idPaw="2" x="458" transcription="و" LatinTrans="Waaw_I">
        <lettre idLettre="1" x="458" transcription="و" LatinTrans="Waaw_I" />
      </paw>
      <paw idPaw="3" x="424" transcription="سيا" LatinTrans="Siin_B Yaa_M Alif_E">
        <lettre idLettre="1" x="442" transcription="س" LatinTrans="Siin_B" />
        <lettre idLettre="2" x="430" transcription="ي" LatinTrans="Yaa_M" />
        <lettre idLettre="3" x="424" transcription="ا" LatinTrans="Alif_E" />
      </paw>
    </word>
    <word idWord="2" x="420" transcription=" " LatinTrans="SPACE">
      <paw idPaw="1" x="420" transcription=" " LatinTrans="SPACE">
        <lettre idLettre="1" x="420" transcription=" " LatinTrans="SPACE" />
      </paw>
    </word>
    <word idWord="3" x="372" transcription="تدين" LatinTrans="Taaa_B Daal_E Yaa_B Nuun_E">
      <paw idPaw="1" x="399" transcription="تد" LatinTrans="Taaa_B Daal_E">
        <lettre idLettre="1" x="410" transcription="ت" LatinTrans="Taaa_B" />
        <lettre idLettre="2" x="399" transcription="د" LatinTrans="Daal_E" />
      </paw>
      <paw idPaw="2" x="372" transcription="ين" LatinTrans="Yaa_B Nuun_E">
        <lettre idLettre="1" x="389" transcription="ي" LatinTrans="Yaa_B" />
        <lettre idLettre="2" x="372" transcription="ن" LatinTrans="Nuun_E" />
      </paw>
    </word>
    <word idWord="4" x="368" transcription=" " LatinTrans="SPACE">
      <paw idPaw="1" x="368" transcription=" " LatinTrans="SPACE">
        <lettre idLettre="1" x="368" transcription=" " LatinTrans="SPACE" />
      </paw>
    </word>
    <word idWord="5" x="312" transcription="بحسم" LatinTrans="Baa_B Haaa_M Siin_M Miim_E">
      <paw idPaw="1" x="312" transcription="بحسم" LatinTrans="Baa_B Haaa_M Siin_M Miim_E">
        <lettre idLettre="1" x="357" transcription="ب" LatinTrans="Baa_B" />
        <lettre idLettre="2" x="344" transcription="ح" LatinTrans="Haaa_M" />
        <lettre idLettre="3" x="327" transcription="س" LatinTrans="Siin_M" />
        <lettre idLettre="4" x="312" transcription="م" LatinTrans="Miim_E" />
      </paw>
    </word>
    <word idWord="6" x="309" transcription=" " LatinTrans="SPACE">
      <paw idPaw="1" x="309" transcription=" " LatinTrans="SPACE">
        <lettre idLettre="1" x="309" transcription=" " LatinTrans="SPACE" />
      </paw>
    </word>
    <word idWord="7" x="243" transcription="التجربة" LatinTrans="Alif_I Laam_B Taaa_M Jiim_M Raa_E Baa_B TaaaClosed_E">
      <paw idPaw="1" x="303" transcription="ا" LatinTrans="Alif_I">
        <lettre idLettre="1" x="303" transcription="ا" LatinTrans="Alif_I" />
      </paw>
      <paw idPaw="2" x="265" transcription="لتجر" LatinTrans="Laam_B Taaa_M Jiim_M Raa_E">
        <lettre idLettre="1" x="297" transcription="ل" LatinTrans="Laam_B" />
        <lettre idLettre="2" x="286" transcription="ت" LatinTrans="Taaa_M" />
        <lettre idLettre="3" x="274" transcription="ج" LatinTrans="Jiim_M" />
        <lettre idLettre="4" x="265" transcription="ر" LatinTrans="Raa_E" />
      </paw>
      <paw idPaw="3" x="243" transcription="بة" LatinTrans="Baa_B TaaaClosed_E">
        <lettre idLettre="1" x="255" transcription="ب" LatinTrans="Baa_B" />
        <lettre idLettre="2" x="243" transcription="ة" LatinTrans="TaaaClosed_E" />
      </paw>
    </word>
    <word idWord="8" x="238" transcription=" " LatinTrans="SPACE">
      <paw idPaw="1" x="238" transcription=" " LatinTrans="SPACE">
        <lettre idLettre="1" x="238" transcription=" " LatinTrans="SPACE" />
      </paw>
    </word>
    <word idWord="9" x="176" transcription="النووية" LatinTrans="Alif_I Laam_B Nuun_M Waaw_E Waaw_I Yaa_B TaaaClosed_E">
      <paw idPaw="1" x="233" transcription="ا" LatinTrans="Alif_I">
        <lettre idLettre="1" x="233" transcription="ا" LatinTrans="Alif_I" />
      </paw>
      <paw idPaw="2" x="207" transcription="لنو" LatinTrans="Laam_B Nuun_M Waaw_E">
        <lettre idLettre="1" x="226" transcription="ل" LatinTrans="Laam_B" />
        <lettre idLettre="2" x="218" transcription="ن" LatinTrans="Nuun_M" />
        <lettre idLettre="3" x="207" transcription="و" LatinTrans="Waaw_E" />
      </paw>
      <paw idPaw="3" x="198" transcription="و" LatinTrans="Waaw_I">
        <lettre idLettre="1" x="198" transcription="و" LatinTrans="Waaw_I" />
      </paw>
      <paw idPaw="4" x="176" transcription="ية" LatinTrans="Yaa_B TaaaClosed_E">
        <lettre idLettre="1" x="187" transcription="ي" LatinTrans="Yaa_B" />
        <lettre idLettre="2" x="176" transcription="ة" LatinTrans="TaaaClosed_E" />
      </paw>
    </word>
    <word idWord="10" x="170" transcription=" " LatinTrans="SPACE">
      <paw idPaw="1" x="170" transcription=" " LatinTrans="SPACE">
        <lettre idLettre="1" x="170" transcription=" " LatinTrans="SPACE" />
      </paw>
    </word>
    <word idWord="11" x="103" transcription="الكورية" LatinTrans="Alif_I Laam_B Kaaf_M Waaw_E Raa_I Yaa_B TaaaClosed_E">
      <paw idPaw="1" x="166" transcription="ا" LatinTrans="Alif_I">
        <lettre idLettre="1" x="166" transcription="ا" LatinTrans="Alif_I" />
      </paw>
      <paw idPaw="2" x="137" transcription="لكو" LatinTrans="Laam_B Kaaf_M Waaw_E">
        <lettre idLettre="1" x="160" transcription="ل" LatinTrans="Laam_B" />
        <lettre idLettre="2" x="147" transcription="ك" LatinTrans="Kaaf_M" />
        <lettre idLettre="3" x="137" transcription="و" LatinTrans="Waaw_E" />
      </paw>
      <paw idPaw="3" x="129" transcription="ر" LatinTrans="Raa_I">
        <lettre idLettre="1" x="129" transcription="ر" LatinTrans="Raa_I" />
      </paw>
      <paw idPaw="4" x="103" transcription="ية" LatinTrans="Yaa_B TaaaClosed_E">
        <lettre idLettre="1" x="117" transcription="ي" LatinTrans="Yaa_B" />
        <lettre idLettre="2" x="103" transcription="ة" LatinTrans="TaaaClosed_E" />
      </paw>
    </word>
    <word idWord="12" x="100" transcription=" " LatinTrans="SPACE">
      <paw idPaw="1" x="100" transcription=" " LatinTrans="SPACE">
        <lettre idLettre="1" x="100" transcription=" " LatinTrans="SPACE" />
      </paw>
    </word>
    <word idWord="13" x="0" transcription="الشمالية" LatinTrans="Alif_I Laam_B Shiin_M Miim_M Alif_E Laam_B Yaa_M TaaaClosed_E">
      <paw idPaw="1" x="94" transcription="ا" LatinTrans="Alif_I">
        <lettre idLettre="1" x="94" transcription="ا" LatinTrans="Alif_I" />
      </paw>
      <paw idPaw="2" x="51" transcription="لشما" LatinTrans="Laam_B Shiin_M Miim_M Alif_E">
        <lettre idLettre="1" x="88" transcription="ل" LatinTrans="Laam_B" />
        <lettre idLettre="2" x="69" transcription="ش" LatinTrans="Shiin_M" />
        <lettre idLettre="3" x="58" transcription="م" LatinTrans="Miim_M" />
        <lettre idLettre="4" x="51" transcription="ا" LatinTrans="Alif_E" />
      </paw>
      <paw idPaw="3" x="0" transcription="لية" LatinTrans="Laam_B Yaa_M TaaaClosed_E">
        <lettre idLettre="1" x="44" transcription="ل" LatinTrans="Laam_B" />
        <lettre idLettre="2" x="31" transcription="ي" LatinTrans="Yaa_M" />
        <lettre idLettre="3" x="0" transcription="ة" LatinTrans="TaaaClosed_E" />
      </paw>
    </word>
  </content>
</textImage>