﻿<?xml version="1.0" encoding="UTF-8" standalone="yes"?>
<textImage id="3" width="284" height="48" transcription="للنظام للتجاوب معها" image="aljazeera_3213-05-31-40_5">
  <ArabicTranscription>للنظام للتجاوب معها</ArabicTranscription>
  <LatinTranscription>Laam_B Laam_M Nuun_M Taa_M Alif_E Miim_I SPACE Laam_B Laam_M Taaa_M Jiim_M Alif_E Waaw_I Baa_I SPACE Miim_B Ayn_M Haa_M Alif_E</LatinTranscription>
  <content>
    <word idWord="1" x="190" transcription="للنظام" LatinTrans="Laam_B Laam_M Nuun_M Taa_M Alif_E Miim_I">
      <paw idPaw="1" x="210" transcription="للنظا" LatinTrans="Laam_B Laam_M Nuun_M Taa_M Alif_E">
        <lettre idLettre="1" x="270" transcription="ل" LatinTrans="Laam_B" />
        <lettre idLettre="2" x="261" transcription="ل" LatinTrans="Laam_M" />
        <lettre idLettre="3" x="247" transcription="ن" LatinTrans="Nuun_M" />
        <lettre idLettre="4" x="220" transcription="ظ" LatinTrans="Taa_M" />
        <lettre idLettre="5" x="210" transcription="ا" LatinTrans="Alif_E" />
      </paw>
      <paw idPaw="2" x="190" transcription="م" LatinTrans="Miim_I">
        <lettre idLettre="1" x="190" transcription="م" LatinTrans="Miim_I" />
      </paw>
    </word>
    <word idWord="2" x="184" transcription=" " LatinTrans="SPACE">
      <paw idPaw="1" x="184" transcription=" " LatinTrans="SPACE">
        <lettre idLettre="1" x="184" transcription=" " LatinTrans="SPACE" />
      </paw>
    </word>
    <word idWord="3" x="76" transcription="للتجاوب" LatinTrans="Laam_B Laam_M Taaa_M Jiim_M Alif_E Waaw_I Baa_I">
      <paw idPaw="1" x="118" transcription="للتجا" LatinTrans="Laam_B Laam_M Taaa_M Jiim_M Alif_E">
        <lettre idLettre="1" x="174" transcription="ل" LatinTrans="Laam_B" />
        <lettre idLettre="2" x="164" transcription="ل" LatinTrans="Laam_M" />
        <lettre idLettre="3" x="144" transcription="ت" LatinTrans="Taaa_M" />
        <lettre idLettre="4" x="128" transcription="ج" LatinTrans="Jiim_M" />
        <lettre idLettre="5" x="118" transcription="ا" LatinTrans="Alif_E" />
      </paw>
      <paw idPaw="2" x="104" transcription="و" LatinTrans="Waaw_I">
        <lettre idLettre="1" x="104" transcription="و" LatinTrans="Waaw_I" />
      </paw>
      <paw idPaw="3" x="76" transcription="ب" LatinTrans="Baa_I">
        <lettre idLettre="1" x="76" transcription="ب" LatinTrans="Baa_I" />
      </paw>
    </word>
    <word idWord="4" x="70" transcription=" " LatinTrans="SPACE">
      <paw idPaw="1" x="70" transcription=" " LatinTrans="SPACE">
        <lettre idLettre="1" x="70" transcription=" " LatinTrans="SPACE" />
      </paw>
    </word>
    <word idWord="5" x="0" transcription="معها" LatinTrans="Miim_B Ayn_M Haa_M Alif_E">
      <paw idPaw="1" x="0" transcription="معها" LatinTrans="Miim_B Ayn_M Haa_M Alif_E">
        <lettre idLettre="1" x="53" transcription="م" LatinTrans="Miim_B" />
        <lettre idLettre="2" x="33" transcription="ع" LatinTrans="Ayn_M" />
        <lettre idLettre="3" x="12" transcription="ه" LatinTrans="Haa_M" />
        <lettre idLettre="4" x="0" transcription="ا" LatinTrans="Alif_E" />
      </paw>
    </word>
  </content>
</textImage>