﻿<?xml version="1.0" encoding="UTF-8" standalone="yes"?>
<textImage id="1" width="504" height="39" transcription="بابا الفاتيكان بيندكتوس السادس عشر يقرر الاستقالة" image="aljazeera_3211-20-26-20_1">
  <ArabicTranscription>بابا الفاتيكان بيندكتوس السادس عشر يقرر الاستقالة</ArabicTranscription>
  <LatinTranscription>Baa_B Alif_E Baa_B Alif_E SPACE Alif_I Laam_B Faa_M Alif_E Taaa_B Yaa_M Kaaf_M Alif_E Nuun_I SPACE Baa_B Yaa_M Nuun_M Daal_E Kaaf_B Taaa_M Waaw_E Siin_I SPACE Alif_I Laam_B Siin_M Alif_E Daal_I Siin_I SPACE Ayn_B Shiin_M Raa_E SPACE Yaa_B Gaaf_M Raa_E Raa_I SPACE Alif_I Laam_Alif Siin_B Taaa_M Gaaf_M Alif_E Laam_B TaaaClosed_E</LatinTranscription>
  <content>
    <word idWord="1" x="464" transcription="بابا" LatinTrans="Baa_B Alif_E Baa_B Alif_E">
      <paw idPaw="1" x="482" transcription="با" LatinTrans="Baa_B Alif_E">
        <lettre idLettre="1" x="489" transcription="ب" LatinTrans="Baa_B" />
        <lettre idLettre="2" x="482" transcription="ا" LatinTrans="Alif_E" />
      </paw>
      <paw idPaw="2" x="464" transcription="با" LatinTrans="Baa_B Alif_E">
        <lettre idLettre="1" x="474" transcription="ب" LatinTrans="Baa_B" />
        <lettre idLettre="2" x="464" transcription="ا" LatinTrans="Alif_E" />
      </paw>
    </word>
    <word idWord="2" x="460" transcription=" " LatinTrans="SPACE">
      <paw idPaw="1" x="460" transcription=" " LatinTrans="SPACE">
        <lettre idLettre="1" x="460" transcription=" " LatinTrans="SPACE" />
      </paw>
    </word>
    <word idWord="3" x="377" transcription="الفاتيكان" LatinTrans="Alif_I Laam_B Faa_M Alif_E Taaa_B Yaa_M Kaaf_M Alif_E Nuun_I">
      <paw idPaw="1" x="456" transcription="ا" LatinTrans="Alif_I">
        <lettre idLettre="1" x="456" transcription="ا" LatinTrans="Alif_I" />
      </paw>
      <paw idPaw="2" x="429" transcription="لفا" LatinTrans="Laam_B Faa_M Alif_E">
        <lettre idLettre="1" x="450" transcription="ل" LatinTrans="Laam_B" />
        <lettre idLettre="2" x="436" transcription="ف" LatinTrans="Faa_M" />
        <lettre idLettre="3" x="429" transcription="ا" LatinTrans="Alif_E" />
      </paw>
      <paw idPaw="3" x="392" transcription="تيكا" LatinTrans="Taaa_B Yaa_M Kaaf_M Alif_E">
        <lettre idLettre="1" x="418" transcription="ت" LatinTrans="Taaa_B" />
        <lettre idLettre="2" x="410" transcription="ي" LatinTrans="Yaa_M" />
        <lettre idLettre="3" x="399" transcription="ك" LatinTrans="Kaaf_M" />
        <lettre idLettre="4" x="392" transcription="ا" LatinTrans="Alif_E" />
      </paw>
      <paw idPaw="4" x="377" transcription="ن" LatinTrans="Nuun_I">
        <lettre idLettre="1" x="377" transcription="ن" LatinTrans="Nuun_I" />
      </paw>
    </word>
    <word idWord="4" x="374" transcription=" " LatinTrans="SPACE">
      <paw idPaw="1" x="374" transcription=" " LatinTrans="SPACE">
        <lettre idLettre="1" x="374" transcription=" " LatinTrans="SPACE" />
      </paw>
    </word>
    <word idWord="5" x="275" transcription="بيندكتوس" LatinTrans="Baa_B Yaa_M Nuun_M Daal_E Kaaf_B Taaa_M Waaw_E Siin_I">
      <paw idPaw="1" x="333" transcription="بيند" LatinTrans="Baa_B Yaa_M Nuun_M Daal_E">
        <lettre idLettre="1" x="364" transcription="ب" LatinTrans="Baa_B" />
        <lettre idLettre="2" x="353" transcription="ي" LatinTrans="Yaa_M" />
        <lettre idLettre="3" x="345" transcription="ن" LatinTrans="Nuun_M" />
        <lettre idLettre="4" x="333" transcription="د" LatinTrans="Daal_E" />
      </paw>
      <paw idPaw="2" x="303" transcription="كتو" LatinTrans="Kaaf_B Taaa_M Waaw_E">
        <lettre idLettre="1" x="322" transcription="ك" LatinTrans="Kaaf_B" />
        <lettre idLettre="2" x="311" transcription="ت" LatinTrans="Taaa_M" />
        <lettre idLettre="3" x="303" transcription="و" LatinTrans="Waaw_E" />
      </paw>
      <paw idPaw="3" x="275" transcription="س" LatinTrans="Siin_I">
        <lettre idLettre="1" x="275" transcription="س" LatinTrans="Siin_I" />
      </paw>
    </word>
    <word idWord="6" x="271" transcription=" " LatinTrans="SPACE">
      <paw idPaw="1" x="271" transcription=" " LatinTrans="SPACE">
        <lettre idLettre="1" x="271" transcription=" " LatinTrans="SPACE" />
      </paw>
    </word>
    <word idWord="7" x="198" transcription="السادس" LatinTrans="Alif_I Laam_B Siin_M Alif_E Daal_I Siin_I">
      <paw idPaw="1" x="266" transcription="ا" LatinTrans="Alif_I">
        <lettre idLettre="1" x="266" transcription="ا" LatinTrans="Alif_I" />
      </paw>
      <paw idPaw="2" x="234" transcription="لسا" LatinTrans="Laam_B Siin_M Alif_E">
        <lettre idLettre="1" x="261" transcription="ل" LatinTrans="Laam_B" />
        <lettre idLettre="2" x="240" transcription="س" LatinTrans="Siin_M" />
        <lettre idLettre="3" x="234" transcription="ا" LatinTrans="Alif_E" />
      </paw>
      <paw idPaw="3" x="225" transcription="د" LatinTrans="Daal_I">
        <lettre idLettre="1" x="225" transcription="د" LatinTrans="Daal_I" />
      </paw>
      <paw idPaw="4" x="198" transcription="س" LatinTrans="Siin_I">
        <lettre idLettre="1" x="198" transcription="س" LatinTrans="Siin_I" />
      </paw>
    </word>
    <word idWord="8" x="193" transcription=" " LatinTrans="SPACE">
      <paw idPaw="1" x="193" transcription=" " LatinTrans="SPACE">
        <lettre idLettre="1" x="193" transcription=" " LatinTrans="SPACE" />
      </paw>
    </word>
    <word idWord="9" x="150" transcription="عشر" LatinTrans="Ayn_B Shiin_M Raa_E">
      <paw idPaw="1" x="150" transcription="عشر" LatinTrans="Ayn_B Shiin_M Raa_E">
        <lettre idLettre="1" x="179" transcription="ع" LatinTrans="Ayn_B" />
        <lettre idLettre="2" x="161" transcription="ش" LatinTrans="Shiin_M" />
        <lettre idLettre="3" x="150" transcription="ر" LatinTrans="Raa_E" />
      </paw>
    </word>
    <word idWord="10" x="148" transcription=" " LatinTrans="SPACE">
      <paw idPaw="1" x="148" transcription=" " LatinTrans="SPACE">
        <lettre idLettre="1" x="148" transcription=" " LatinTrans="SPACE" />
      </paw>
    </word>
    <word idWord="11" x="106" transcription="يقرر" LatinTrans="Yaa_B Gaaf_M Raa_E Raa_I">
      <paw idPaw="1" x="116" transcription="يقر" LatinTrans="Yaa_B Gaaf_M Raa_E">
        <lettre idLettre="1" x="138" transcription="ي" LatinTrans="Yaa_B" />
        <lettre idLettre="2" x="126" transcription="ق" LatinTrans="Gaaf_M" />
        <lettre idLettre="3" x="116" transcription="ر" LatinTrans="Raa_E" />
      </paw>
      <paw idPaw="2" x="106" transcription="ر" LatinTrans="Raa_I">
        <lettre idLettre="1" x="106" transcription="ر" LatinTrans="Raa_I" />
      </paw>
    </word>
    <word idWord="12" x="102" transcription=" " LatinTrans="SPACE">
      <paw idPaw="1" x="102" transcription=" " LatinTrans="SPACE">
        <lettre idLettre="1" x="102" transcription=" " LatinTrans="SPACE" />
      </paw>
    </word>
    <word idWord="13" x="0" transcription="الاستقالة" LatinTrans="Alif_I Laam_Alif Siin_B Taaa_M Gaaf_M Alif_E Laam_B TaaaClosed_E">
      <paw idPaw="1" x="97" transcription="ا" LatinTrans="Alif_I">
        <lettre idLettre="1" x="97" transcription="ا" LatinTrans="Alif_I" />
      </paw>
      <paw idPaw="2" x="87" transcription="لا" LatinTrans="Laam_Alif">
        <lettre idLettre="1" x="87" transcription="لا" LatinTrans="Laam_Alif" />
      </paw>
      <paw idPaw="3" x="39" transcription="ستقا" LatinTrans="Siin_B Taaa_M Gaaf_M Alif_E">
        <lettre idLettre="1" x="69" transcription="س" LatinTrans="Siin_B" />
        <lettre idLettre="2" x="58" transcription="ت" LatinTrans="Taaa_M" />
        <lettre idLettre="3" x="47" transcription="ق" LatinTrans="Gaaf_M" />
        <lettre idLettre="4" x="39" transcription="ا" LatinTrans="Alif_E" />
      </paw>
      <paw idPaw="4" x="0" transcription="لة" LatinTrans="Laam_B TaaaClosed_E">
        <lettre idLettre="1" x="28" transcription="ل" LatinTrans="Laam_B" />
        <lettre idLettre="2" x="0" transcription="ة" LatinTrans="TaaaClosed_E" />
      </paw>
    </word>
  </content>
</textImage>