﻿<?xml version="1.0" encoding="UTF-8" standalone="yes"?>
<textImage id="1" width="134" height="36" transcription="تحت المجهر" image="aljazeera_3212-02-03-20_1">
  <ArabicTranscription>تحت المجهر</ArabicTranscription>
  <LatinTranscription>Taaa_B Haaa_M Taaa_E SPACE Alif_I Laam_B Miim_M Jiim_M Haa_M Raa_E</LatinTranscription>
  <content>
    <word idWord="1" x="78" transcription="تحت" LatinTrans="Taaa_B Haaa_M Taaa_E">
      <paw idPaw="1" x="78" transcription="تحت" LatinTrans="Taaa_B Haaa_M Taaa_E">
        <lettre idLettre="1" x="115" transcription="ت" LatinTrans="Taaa_B" />
        <lettre idLettre="2" x="102" transcription="ح" LatinTrans="Haaa_M" />
        <lettre idLettre="3" x="78" transcription="ت" LatinTrans="Taaa_E" />
      </paw>
    </word>
    <word idWord="2" x="74" transcription=" " LatinTrans="SPACE">
      <paw idPaw="1" x="74" transcription=" " LatinTrans="SPACE">
        <lettre idLettre="1" x="74" transcription=" " LatinTrans="SPACE" />
      </paw>
    </word>
    <word idWord="3" x="0" transcription="المجهر" LatinTrans="Alif_I Laam_B Miim_M Jiim_M Haa_M Raa_E">
      <paw idPaw="1" x="68" transcription="ا" LatinTrans="Alif_I">
        <lettre idLettre="1" x="68" transcription="ا" LatinTrans="Alif_I" />
      </paw>
      <paw idPaw="2" x="0" transcription="لمجهر" LatinTrans="Laam_B Miim_M Jiim_M Haa_M Raa_E">
        <lettre idLettre="1" x="60" transcription="ل" LatinTrans="Laam_B" />
        <lettre idLettre="2" x="46" transcription="م" LatinTrans="Miim_M" />
        <lettre idLettre="3" x="27" transcription="ج" LatinTrans="Jiim_M" />
        <lettre idLettre="4" x="16" transcription="ه" LatinTrans="Haa_M" />
        <lettre idLettre="5" x="0" transcription="ر" LatinTrans="Raa_E" />
      </paw>
    </word>
  </content>
</textImage>