﻿<?xml version="1.0" encoding="UTF-8" standalone="yes"?>
<textImage id="1" width="111" height="36" transcription="بلا حدود" image="aljazeera_3213-00-27-20_1">
  <ArabicTranscription>بلا حدود</ArabicTranscription>
  <LatinTranscription>Baa_B Laam_Alif SPACE Haaa_B Daal_E Waaw_I Daal_I</LatinTranscription>
  <content>
    <word idWord="1" x="80" transcription="بلا" LatinTrans="Baa_B Laam_Alif">
      <paw idPaw="1" x="80" transcription="بلا" LatinTrans="Baa_B Laam_Alif">
        <lettre idLettre="1" x="96" transcription="ب" LatinTrans="Baa_B" />
        <lettre idLettre="2" x="80" transcription="لا" LatinTrans="Laam_Alif" />
      </paw>
    </word>
    <word idWord="2" x="75" transcription=" " LatinTrans="SPACE">
      <paw idPaw="1" x="75" transcription=" " LatinTrans="SPACE">
        <lettre idLettre="1" x="75" transcription=" " LatinTrans="SPACE" />
      </paw>
    </word>
    <word idWord="3" x="0" transcription="حدود" LatinTrans="Haaa_B Daal_E Waaw_I Daal_I">
      <paw idPaw="1" x="29" transcription="حد" LatinTrans="Haaa_B Daal_E">
        <lettre idLettre="1" x="55" transcription="ح" LatinTrans="Haaa_B" />
        <lettre idLettre="2" x="29" transcription="د" LatinTrans="Daal_E" />
      </paw>
      <paw idPaw="2" x="16" transcription="و" LatinTrans="Waaw_I">
        <lettre idLettre="1" x="16" transcription="و" LatinTrans="Waaw_I" />
      </paw>
      <paw idPaw="3" x="0" transcription="د" LatinTrans="Daal_I">
        <lettre idLettre="1" x="0" transcription="د" LatinTrans="Daal_I" />
      </paw>
    </word>
  </content>
</textImage>