﻿<?xml version="1.0" encoding="UTF-8" standalone="yes"?>
<textImage id="1" width="164" height="30" transcription="ازدهار شعشاعه" image="aljazeera_3213-05-00-20_1">
  <ArabicTranscription>ازدهار شعشاعه</ArabicTranscription>
  <LatinTranscription>Alif_I Zaay_I Daal_I Haa_B Alif_E Raa_I SPACE Shiin_B Ayn_M Shiin_M Alif_E Ayn_B Haa_E</LatinTranscription>
  <content>
    <word idWord="1" x="103" transcription="ازدهار" LatinTrans="Alif_I Zaay_I Daal_I Haa_B Alif_E Raa_I">
      <paw idPaw="1" x="154" transcription="ا" LatinTrans="Alif_I">
        <lettre idLettre="1" x="154" transcription="ا" LatinTrans="Alif_I" />
      </paw>
      <paw idPaw="2" x="146" transcription="ز" LatinTrans="Zaay_I">
        <lettre idLettre="1" x="146" transcription="ز" LatinTrans="Zaay_I" />
      </paw>
      <paw idPaw="3" x="137" transcription="د" LatinTrans="Daal_I">
        <lettre idLettre="1" x="137" transcription="د" LatinTrans="Daal_I" />
      </paw>
      <paw idPaw="4" x="113" transcription="ها" LatinTrans="Haa_B Alif_E">
        <lettre idLettre="1" x="120" transcription="ه" LatinTrans="Haa_B" />
        <lettre idLettre="2" x="113" transcription="ا" LatinTrans="Alif_E" />
      </paw>
      <paw idPaw="5" x="103" transcription="ر" LatinTrans="Raa_I">
        <lettre idLettre="1" x="103" transcription="ر" LatinTrans="Raa_I" />
      </paw>
    </word>
    <word idWord="2" x="99" transcription=" " LatinTrans="SPACE">
      <paw idPaw="1" x="99" transcription=" " LatinTrans="SPACE">
        <lettre idLettre="1" x="99" transcription=" " LatinTrans="SPACE" />
      </paw>
    </word>
    <word idWord="3" x="0" transcription="شعشاعه" LatinTrans="Shiin_B Ayn_M Shiin_M Alif_E Ayn_B Haa_E">
      <paw idPaw="1" x="42" transcription="شعشا" LatinTrans="Shiin_B Ayn_M Shiin_M Alif_E">
        <lettre idLettre="1" x="82" transcription="ش" LatinTrans="Shiin_B" />
        <lettre idLettre="2" x="68" transcription="ع" LatinTrans="Ayn_M" />
        <lettre idLettre="3" x="49" transcription="ش" LatinTrans="Shiin_M" />
        <lettre idLettre="4" x="42" transcription="ا" LatinTrans="Alif_E" />
      </paw>
      <paw idPaw="2" x="0" transcription="عه" LatinTrans="Ayn_B Haa_E">
        <lettre idLettre="1" x="26" transcription="ع" LatinTrans="Ayn_B" />
        <lettre idLettre="2" x="0" transcription="ه" LatinTrans="Haa_E" />
      </paw>
    </word>
  </content>
</textImage>