﻿<?xml version="1.0" encoding="UTF-8" standalone="yes"?>
<textImage id="3" width="189" height="32" transcription="16-17 فبراير 2013" image="aljazeera_3211-09-28-30_3">
  <ArabicTranscription>16-17 فبراير 2013</ArabicTranscription>
  <LatinTranscription>Six One DASH Seven One SPACE Faa_B Baa_M Raa_E Alif_I Yaa_B Raa_E SPACE Three One Zero Two</LatinTranscription>
  <content>
    <word idWord="1" x="121" transcription=" " LatinTrans="Six One DASH Seven One">
      <paw idPaw="1" x="168" transcription="6" LatinTrans="Six">
        <lettre idLettre="1" x="168" transcription="6" LatinTrans="Six" />
      </paw>
      <paw idPaw="2" x="157" transcription="1" LatinTrans="One">
        <lettre idLettre="1" x="157" transcription="1" LatinTrans="One" />
      </paw>
      <paw idPaw="3" x="143" transcription=" " LatinTrans="DASH">
        <lettre idLettre="1" x="143" transcription=" " LatinTrans="DASH" />
      </paw>
      <paw idPaw="4" x="133" transcription="7" LatinTrans="Seven">
        <lettre idLettre="1" x="133" transcription="7" LatinTrans="Seven" />
      </paw>
      <paw idPaw="5" x="121" transcription="1" LatinTrans="One">
        <lettre idLettre="1" x="121" transcription="1" LatinTrans="One" />
      </paw>
    </word>
    <word idWord="2" x="116" transcription=" " LatinTrans="SPACE">
      <paw idPaw="1" x="116" transcription=" " LatinTrans="SPACE">
        <lettre idLettre="1" x="116" transcription=" " LatinTrans="SPACE" />
      </paw>
    </word>
    <word idWord="3" x="59" transcription="فبراير" LatinTrans="Faa_B Baa_M Raa_E Alif_I Yaa_B Raa_E">
      <paw idPaw="1" x="85" transcription="فبر" LatinTrans="Faa_B Baa_M Raa_E">
        <lettre idLettre="1" x="103" transcription="ف" LatinTrans="Faa_B" />
        <lettre idLettre="2" x="94" transcription="ب" LatinTrans="Baa_M" />
        <lettre idLettre="3" x="85" transcription="ر" LatinTrans="Raa_E" />
      </paw>
      <paw idPaw="2" x="79" transcription="ا" LatinTrans="Alif_I">
        <lettre idLettre="1" x="79" transcription="ا" LatinTrans="Alif_I" />
      </paw>
      <paw idPaw="3" x="59" transcription="ير" LatinTrans="Yaa_B Raa_E">
        <lettre idLettre="1" x="69" transcription="ي" LatinTrans="Yaa_B" />
        <lettre idLettre="2" x="59" transcription="ر" LatinTrans="Raa_E" />
      </paw>
    </word>
    <word idWord="4" x="55" transcription=" " LatinTrans="SPACE">
      <paw idPaw="1" x="55" transcription=" " LatinTrans="SPACE">
        <lettre idLettre="1" x="55" transcription=" " LatinTrans="SPACE" />
      </paw>
    </word>
    <word idWord="5" x="0" transcription="2013" LatinTrans="Three One Zero Two">
      <paw idPaw="1" x="41" transcription="3" LatinTrans="Three">
        <lettre idLettre="1" x="41" transcription="3" LatinTrans="Three" />
      </paw>
      <paw idPaw="2" x="31" transcription="1" LatinTrans="One">
        <lettre idLettre="1" x="31" transcription="1" LatinTrans="One" />
      </paw>
      <paw idPaw="3" x="16" transcription="0" LatinTrans="Zero">
        <lettre idLettre="1" x="16" transcription="0" LatinTrans="Zero" />
      </paw>
      <paw idPaw="4" x="0" transcription="2" LatinTrans="Two">
        <lettre idLettre="1" x="0" transcription="2" LatinTrans="Two" />
      </paw>
    </word>
  </content>
</textImage>