﻿<?xml version="1.0" encoding="UTF-8" standalone="yes"?>
<textImage id="1" width="460" height="35" transcription="عينة من آراء الشارع اليمني في الذكرى الثانية للثورة" image="aljazeera_3212-12-36-50_1">
  <ArabicTranscription>عينة من آراء الشارع اليمني في الذكرى الثانية للثورة</ArabicTranscription>
  <LatinTranscription>Ayn_B Yaa_M Nuun_M TaaaClosed_E SPACE Miim_B Nuun_E SPACE TildAboveAlif_I Raa_I Alif_I Hamza SPACE Alif_I Laam_B Shiin_M Alif_E Raa_I Ayn_I SPACE Alif_I Laam_B Yaa_M Miim_M Nuun_M Yaa_E SPACE Faa_B Yaa_E SPACE Alif_I Laam_B Thaal_E Kaaf_B Raa_E AlifBroken_I SPACE Alif_I Laam_B Thaa_M Alif_E Nuun_B Yaa_M TaaaClosed_E SPACE Laam_B Laam_M Thaa_M Waaw_E Raa_I TaaaClosed_I</LatinTranscription>
  <content>
    <word idWord="1" x="410" transcription="عينة" LatinTrans="Ayn_B Yaa_M Nuun_M TaaaClosed_E">
      <paw idPaw="1" x="410" transcription="عينة" LatinTrans="Ayn_B Yaa_M Nuun_M TaaaClosed_E">
        <lettre idLettre="1" x="441" transcription="ع" LatinTrans="Ayn_B" />
        <lettre idLettre="2" x="431" transcription="ي" LatinTrans="Yaa_M" />
        <lettre idLettre="3" x="423" transcription="ن" LatinTrans="Nuun_M" />
        <lettre idLettre="4" x="410" transcription="ة" LatinTrans="TaaaClosed_E" />
      </paw>
    </word>
    <word idWord="2" x="407" transcription=" " LatinTrans="SPACE">
      <paw idPaw="1" x="407" transcription=" " LatinTrans="SPACE">
        <lettre idLettre="1" x="407" transcription=" " LatinTrans="SPACE" />
      </paw>
    </word>
    <word idWord="3" x="378" transcription="من" LatinTrans="Miim_B Nuun_E">
      <paw idPaw="1" x="378" transcription="من" LatinTrans="Miim_B Nuun_E">
        <lettre idLettre="1" x="393" transcription="م" LatinTrans="Miim_B" />
        <lettre idLettre="2" x="378" transcription="ن" LatinTrans="Nuun_E" />
      </paw>
    </word>
    <word idWord="4" x="374" transcription=" " LatinTrans="SPACE">
      <paw idPaw="1" x="374" transcription=" " LatinTrans="SPACE">
        <lettre idLettre="1" x="374" transcription=" " LatinTrans="SPACE" />
      </paw>
    </word>
    <word idWord="5" x="344" transcription="آاراء" LatinTrans="TildAboveAlif_I Raa_I Alif_I Hamza">
      <paw idPaw="1" x="367" transcription="آ" LatinTrans="TildAboveAlif_I">
        <lettre idLettre="1" x="367" transcription="آ" LatinTrans="TildAboveAlif_I" />
      </paw>
      <paw idPaw="2" x="360" transcription="ر" LatinTrans="Raa_I">
        <lettre idLettre="1" x="360" transcription="ر" LatinTrans="Raa_I" />
      </paw>
      <paw idPaw="3" x="354" transcription="ا" LatinTrans="Alif_I">
        <lettre idLettre="1" x="354" transcription="ا" LatinTrans="Alif_I" />
      </paw>
      <paw idPaw="4" x="344" transcription="ء" LatinTrans="Hamza">
        <lettre idLettre="1" x="344" transcription="ء" LatinTrans="Hamza" />
      </paw>
    </word>
    <word idWord="6" x="340" transcription=" " LatinTrans="SPACE">
      <paw idPaw="1" x="340" transcription=" " LatinTrans="SPACE">
        <lettre idLettre="1" x="340" transcription=" " LatinTrans="SPACE" />
      </paw>
    </word>
    <word idWord="7" x="279" transcription="الشارع" LatinTrans="Alif_I Laam_B Shiin_M Alif_E Raa_I Ayn_I">
      <paw idPaw="1" x="334" transcription="ا" LatinTrans="Alif_I">
        <lettre idLettre="1" x="334" transcription="ا" LatinTrans="Alif_I" />
      </paw>
      <paw idPaw="2" x="303" transcription="لشا" LatinTrans="Laam_B Shiin_M Alif_E">
        <lettre idLettre="1" x="328" transcription="ل" LatinTrans="Laam_B" />
        <lettre idLettre="2" x="310" transcription="ش" LatinTrans="Shiin_M" />
        <lettre idLettre="3" x="303" transcription="ا" LatinTrans="Alif_E" />
      </paw>
      <paw idPaw="3" x="296" transcription="ر" LatinTrans="Raa_I">
        <lettre idLettre="1" x="296" transcription="ر" LatinTrans="Raa_I" />
      </paw>
      <paw idPaw="4" x="279" transcription="ع" LatinTrans="Ayn_I">
        <lettre idLettre="1" x="279" transcription="ع" LatinTrans="Ayn_I" />
      </paw>
    </word>
    <word idWord="8" x="276" transcription=" " LatinTrans="SPACE">
      <paw idPaw="1" x="276" transcription=" " LatinTrans="SPACE">
        <lettre idLettre="1" x="276" transcription=" " LatinTrans="SPACE" />
      </paw>
    </word>
    <word idWord="9" x="220" transcription="اليمني" LatinTrans="Alif_I Laam_B Yaa_M Miim_M Nuun_M Yaa_E">
      <paw idPaw="1" x="271" transcription="ا" LatinTrans="Alif_I">
        <lettre idLettre="1" x="271" transcription="ا" LatinTrans="Alif_I" />
      </paw>
      <paw idPaw="2" x="220" transcription="ليمني" LatinTrans="Laam_B Yaa_M Miim_M Nuun_M Yaa_E">
        <lettre idLettre="1" x="265" transcription="ل" LatinTrans="Laam_B" />
        <lettre idLettre="2" x="255" transcription="ي" LatinTrans="Yaa_M" />
        <lettre idLettre="3" x="244" transcription="م" LatinTrans="Miim_M" />
        <lettre idLettre="4" x="234" transcription="ن" LatinTrans="Nuun_M" />
        <lettre idLettre="5" x="220" transcription="ي" LatinTrans="Yaa_E" />
      </paw>
    </word>
    <word idWord="10" x="216" transcription=" " LatinTrans="SPACE">
      <paw idPaw="1" x="216" transcription=" " LatinTrans="SPACE">
        <lettre idLettre="1" x="216" transcription=" " LatinTrans="SPACE" />
      </paw>
    </word>
    <word idWord="11" x="188" transcription="في" LatinTrans="Faa_B Yaa_E">
      <paw idPaw="1" x="188" transcription="في" LatinTrans="Faa_B Yaa_E">
        <lettre idLettre="1" x="204" transcription="ف" LatinTrans="Faa_B" />
        <lettre idLettre="2" x="188" transcription="ي" LatinTrans="Yaa_E" />
      </paw>
    </word>
    <word idWord="12" x="184" transcription=" " LatinTrans="SPACE">
      <paw idPaw="1" x="184" transcription=" " LatinTrans="SPACE">
        <lettre idLettre="1" x="184" transcription=" " LatinTrans="SPACE" />
      </paw>
    </word>
    <word idWord="13" x="128" transcription="الذكرى" LatinTrans="Alif_I Laam_B Thaal_E Kaaf_B Raa_E AlifBroken_I">
      <paw idPaw="1" x="180" transcription="ا" LatinTrans="Alif_I">
        <lettre idLettre="1" x="180" transcription="ا" LatinTrans="Alif_I" />
      </paw>
      <paw idPaw="2" x="162" transcription="لذ" LatinTrans="Laam_B Thaal_E">
        <lettre idLettre="1" x="174" transcription="ل" LatinTrans="Laam_B" />
        <lettre idLettre="2" x="162" transcription="ذ" LatinTrans="Thaal_E" />
      </paw>
      <paw idPaw="3" x="142" transcription="كر" LatinTrans="Kaaf_B Raa_E">
        <lettre idLettre="1" x="152" transcription="ك" LatinTrans="Kaaf_B" />
        <lettre idLettre="2" x="142" transcription="ر" LatinTrans="Raa_E" />
      </paw>
      <paw idPaw="4" x="128" transcription="ى" LatinTrans="AlifBroken_I">
        <lettre idLettre="1" x="128" transcription="ى" LatinTrans="AlifBroken_I" />
      </paw>
    </word>
    <word idWord="14" x="124" transcription=" " LatinTrans="SPACE">
      <paw idPaw="1" x="124" transcription=" " LatinTrans="SPACE">
        <lettre idLettre="1" x="124" transcription=" " LatinTrans="SPACE" />
      </paw>
    </word>
    <word idWord="15" x="64" transcription="الثانية" LatinTrans="Alif_I Laam_B Thaa_M Alif_E Nuun_B Yaa_M TaaaClosed_E">
      <paw idPaw="1" x="118" transcription="ا" LatinTrans="Alif_I">
        <lettre idLettre="1" x="118" transcription="ا" LatinTrans="Alif_I" />
      </paw>
      <paw idPaw="2" x="95" transcription="لثا" LatinTrans="Laam_B Thaa_M Alif_E">
        <lettre idLettre="1" x="113" transcription="ل" LatinTrans="Laam_B" />
        <lettre idLettre="2" x="102" transcription="ث" LatinTrans="Thaa_M" />
        <lettre idLettre="3" x="95" transcription="ا" LatinTrans="Alif_E" />
      </paw>
      <paw idPaw="3" x="64" transcription="نية" LatinTrans="Nuun_B Yaa_M TaaaClosed_E">
        <lettre idLettre="1" x="87" transcription="ن" LatinTrans="Nuun_B" />
        <lettre idLettre="2" x="76" transcription="ي" LatinTrans="Yaa_M" />
        <lettre idLettre="3" x="64" transcription="ة" LatinTrans="TaaaClosed_E" />
      </paw>
    </word>
    <word idWord="16" x="60" transcription=" " LatinTrans="SPACE">
      <paw idPaw="1" x="60" transcription=" " LatinTrans="SPACE">
        <lettre idLettre="1" x="60" transcription=" " LatinTrans="SPACE" />
      </paw>
    </word>
    <word idWord="17" x="0" transcription="للثورة" LatinTrans="Laam_B Laam_M Thaa_M Waaw_E Raa_I TaaaClosed_I">
      <paw idPaw="1" x="25" transcription="للثو" LatinTrans="Laam_B Laam_M Thaa_M Waaw_E">
        <lettre idLettre="1" x="53" transcription="ل" LatinTrans="Laam_B" />
        <lettre idLettre="2" x="46" transcription="ل" LatinTrans="Laam_M" />
        <lettre idLettre="3" x="35" transcription="ث" LatinTrans="Thaa_M" />
        <lettre idLettre="4" x="25" transcription="و" LatinTrans="Waaw_E" />
      </paw>
      <paw idPaw="2" x="16" transcription="ر" LatinTrans="Raa_I">
        <lettre idLettre="1" x="16" transcription="ر" LatinTrans="Raa_I" />
      </paw>
      <paw idPaw="3" x="0" transcription="ة" LatinTrans="TaaaClosed_I">
        <lettre idLettre="1" x="0" transcription="ة" LatinTrans="TaaaClosed_I" />
      </paw>
    </word>
  </content>
</textImage>