﻿<?xml version="1.0" encoding="UTF-8" standalone="yes"?>
<textImage id="3" width="191" height="47" transcription="كما ترى باريس ؟" image="aljazeera_3212-01-28-10_3">
  <ArabicTranscription>كما ترى باريس ؟</ArabicTranscription>
  <LatinTranscription>Kaaf_B Miim_M Alif_E SPACE Taaa_B Raa_E AlifBroken_I SPACE Baa_B Alif_E Raa_I Yaa_B Siin_E SPACE INTERPOINT</LatinTranscription>
  <content>
    <word idWord="1" x="152" transcription="كما" LatinTrans="Kaaf_B Miim_M Alif_E">
      <paw idPaw="1" x="152" transcription="كما" LatinTrans="Kaaf_B Miim_M Alif_E">
        <lettre idLettre="1" x="173" transcription="ك" LatinTrans="Kaaf_B" />
        <lettre idLettre="2" x="160" transcription="م" LatinTrans="Miim_M" />
        <lettre idLettre="3" x="152" transcription="ا" LatinTrans="Alif_E" />
      </paw>
    </word>
    <word idWord="2" x="147" transcription=" " LatinTrans="SPACE">
      <paw idPaw="1" x="147" transcription=" " LatinTrans="SPACE">
        <lettre idLettre="1" x="147" transcription=" " LatinTrans="SPACE" />
      </paw>
    </word>
    <word idWord="3" x="105" transcription="ترى" LatinTrans="Taaa_B Raa_E AlifBroken_I">
      <paw idPaw="1" x="122" transcription="تر" LatinTrans="Taaa_B Raa_E">
        <lettre idLettre="1" x="133" transcription="ت" LatinTrans="Taaa_B" />
        <lettre idLettre="2" x="122" transcription="ر" LatinTrans="Raa_E" />
      </paw>
      <paw idPaw="2" x="105" transcription="ى" LatinTrans="AlifBroken_I">
        <lettre idLettre="1" x="105" transcription="ى" LatinTrans="AlifBroken_I" />
      </paw>
    </word>
    <word idWord="4" x="100" transcription=" " LatinTrans="SPACE">
      <paw idPaw="1" x="100" transcription=" " LatinTrans="SPACE">
        <lettre idLettre="1" x="100" transcription=" " LatinTrans="SPACE" />
      </paw>
    </word>
    <word idWord="5" x="24" transcription="باريس" LatinTrans="Baa_B Alif_E Raa_I Yaa_B Siin_E">
      <paw idPaw="1" x="79" transcription="با" LatinTrans="Baa_B Alif_E">
        <lettre idLettre="1" x="87" transcription="ب" LatinTrans="Baa_B" />
        <lettre idLettre="2" x="79" transcription="ا" LatinTrans="Alif_E" />
      </paw>
      <paw idPaw="2" x="69" transcription="ر" LatinTrans="Raa_I">
        <lettre idLettre="1" x="69" transcription="ر" LatinTrans="Raa_I" />
      </paw>
      <paw idPaw="3" x="24" transcription="يس" LatinTrans="Yaa_B Siin_E">
        <lettre idLettre="1" x="57" transcription="ي" LatinTrans="Yaa_B" />
        <lettre idLettre="2" x="24" transcription="س" LatinTrans="Siin_E" />
      </paw>
    </word>
    <word idWord="6" x="18" transcription=" " LatinTrans="SPACE">
      <paw idPaw="1" x="18" transcription=" " LatinTrans="SPACE">
        <lettre idLettre="1" x="18" transcription=" " LatinTrans="SPACE" />
      </paw>
    </word>
    <word idWord="7" x="0" transcription="؟" LatinTrans="INTERPOINT">
      <paw idPaw="1" x="0" transcription="؟" LatinTrans="INTERPOINT">
        <lettre idLettre="1" x="0" transcription="؟" LatinTrans="INTERPOINT" />
      </paw>
    </word>
  </content>
</textImage>