﻿<?xml version="1.0" encoding="UTF-8" standalone="yes"?>
<textImage id="4" width="228" height="35" transcription="لاجتماع طاريء اليوم" image="aljazeera_3212-05-24-00_4">
  <ArabicTranscription>لاجتماع طاريء اليوم</ArabicTranscription>
  <LatinTranscription>Laam_Alif Jiim_B Taaa_M Miim_M Alif_E Ayn_I SPACE Thaaa_B Alif_E Raa_I Yaa_I Hamza SPACE Alif_I Laam_B Yaa_M Waaw_E Miim_I</LatinTranscription>
  <content>
    <word idWord="1" x="118" transcription="لاجتماع" LatinTrans="Laam_Alif Jiim_B Taaa_M Miim_M Alif_E Ayn_I">
      <paw idPaw="1" x="214" transcription="لا" LatinTrans="Laam_Alif">
        <lettre idLettre="1" x="214" transcription="لا" LatinTrans="Laam_Alif" />
      </paw>
      <paw idPaw="2" x="132" transcription="جتما" LatinTrans="Jiim_B Taaa_M Miim_M Alif_E">
        <lettre idLettre="1" x="196" transcription="ج" LatinTrans="Jiim_B" />
        <lettre idLettre="2" x="172" transcription="ت" LatinTrans="Taaa_M" />
        <lettre idLettre="3" x="146" transcription="م" LatinTrans="Miim_M" />
        <lettre idLettre="4" x="132" transcription="ا" LatinTrans="Alif_E" />
      </paw>
      <paw idPaw="3" x="118" transcription="ع" LatinTrans="Ayn_I">
        <lettre idLettre="1" x="118" transcription="ع" LatinTrans="Ayn_I" />
      </paw>
    </word>
    <word idWord="2" x="113" transcription=" " LatinTrans="SPACE">
      <paw idPaw="1" x="113" transcription=" " LatinTrans="SPACE">
        <lettre idLettre="1" x="113" transcription=" " LatinTrans="SPACE" />
      </paw>
    </word>
    <word idWord="3" x="57" transcription="طاريء" LatinTrans="Thaaa_B Alif_E Raa_I Yaa_I Hamza">
      <paw idPaw="1" x="89" transcription="طا" LatinTrans="Thaaa_B Alif_E">
        <lettre idLettre="1" x="96" transcription="ط" LatinTrans="Thaaa_B" />
        <lettre idLettre="2" x="89" transcription="ا" LatinTrans="Alif_E" />
      </paw>
      <paw idPaw="2" x="82" transcription="ر" LatinTrans="Raa_I">
        <lettre idLettre="1" x="82" transcription="ر" LatinTrans="Raa_I" />
      </paw>
      <paw idPaw="3" x="67" transcription="ي" LatinTrans="Yaa_I">
        <lettre idLettre="1" x="67" transcription="ي" LatinTrans="Yaa_I" />
      </paw>
      <paw idPaw="4" x="57" transcription="ء" LatinTrans="Hamza">
        <lettre idLettre="1" x="57" transcription="ء" LatinTrans="Hamza" />
      </paw>
    </word>
    <word idWord="4" x="53" transcription=" " LatinTrans="SPACE">
      <paw idPaw="1" x="53" transcription=" " LatinTrans="SPACE">
        <lettre idLettre="1" x="53" transcription=" " LatinTrans="SPACE" />
      </paw>
    </word>
    <word idWord="5" x="0" transcription="اليوم" LatinTrans="Alif_I Laam_B Yaa_M Waaw_E Miim_I">
      <paw idPaw="1" x="47" transcription="ا" LatinTrans="Alif_I">
        <lettre idLettre="1" x="47" transcription="ا" LatinTrans="Alif_I" />
      </paw>
      <paw idPaw="2" x="20" transcription="ليو" LatinTrans="Laam_B Yaa_M Waaw_E">
        <lettre idLettre="1" x="41" transcription="ل" LatinTrans="Laam_B" />
        <lettre idLettre="2" x="31" transcription="ي" LatinTrans="Yaa_M" />
        <lettre idLettre="3" x="20" transcription="و" LatinTrans="Waaw_E" />
      </paw>
      <paw idPaw="3" x="0" transcription="م" LatinTrans="Miim_I">
        <lettre idLettre="1" x="0" transcription="م" LatinTrans="Miim_I" />
      </paw>
    </word>
  </content>
</textImage>