﻿<?xml version="1.0" encoding="UTF-8" standalone="yes"?>
<textImage id="1" width="361" height="45" transcription="السلطات تعتقل ابنتي مير حسين موسوي" image="aljazeera_3212-06-37-20_1">
  <ArabicTranscription>السلطات تعتقل ابنتي مير حسين موسوي</ArabicTranscription>
  <LatinTranscription>Alif_I Laam_B Siin_M Laam_M Thaaa_M Alif_E Taaa_I SPACE Taaa_B Ayn_M Taaa_M Gaaf_M Laam_E SPACE Alif_I Baa_B Nuun_M Taaa_M Yaa_E SPACE Miim_B Yaa_M Raa_E SPACE Haaa_B Siin_M Yaa_M Nuun_E SPACE Miim_B Waaw_E Siin_B Waaw_E Yaa_I</LatinTranscription>
  <content>
    <word idWord="1" x="279" transcription="السلطات" LatinTrans="Alif_I Laam_B Siin_M Laam_M Thaaa_M Alif_E Taaa_I">
      <paw idPaw="1" x="351" transcription="ا" LatinTrans="Alif_I">
        <lettre idLettre="1" x="351" transcription="ا" LatinTrans="Alif_I" />
      </paw>
      <paw idPaw="2" x="298" transcription="لسلطا" LatinTrans="Laam_B Siin_M Laam_M Thaaa_M Alif_E">
        <lettre idLettre="1" x="346" transcription="ل" LatinTrans="Laam_B" />
        <lettre idLettre="2" x="328" transcription="س" LatinTrans="Siin_M" />
        <lettre idLettre="3" x="321" transcription="ل" LatinTrans="Laam_M" />
        <lettre idLettre="4" x="304" transcription="ط" LatinTrans="Thaaa_M" />
        <lettre idLettre="5" x="298" transcription="ا" LatinTrans="Alif_E" />
      </paw>
      <paw idPaw="3" x="279" transcription="ت" LatinTrans="Taaa_I">
        <lettre idLettre="1" x="279" transcription="ت" LatinTrans="Taaa_I" />
      </paw>
    </word>
    <word idWord="2" x="277" transcription=" " LatinTrans="SPACE">
      <paw idPaw="1" x="277" transcription=" " LatinTrans="SPACE">
        <lettre idLettre="1" x="277" transcription=" " LatinTrans="SPACE" />
      </paw>
    </word>
    <word idWord="3" x="216" transcription="تعتقل" LatinTrans="Taaa_B Ayn_M Taaa_M Gaaf_M Laam_E">
      <paw idPaw="1" x="216" transcription="تعتقل" LatinTrans="Taaa_B Ayn_M Taaa_M Gaaf_M Laam_E">
        <lettre idLettre="1" x="267" transcription="ت" LatinTrans="Taaa_B" />
        <lettre idLettre="2" x="254" transcription="ع" LatinTrans="Ayn_M" />
        <lettre idLettre="3" x="242" transcription="ت" LatinTrans="Taaa_M" />
        <lettre idLettre="4" x="232" transcription="ق" LatinTrans="Gaaf_M" />
        <lettre idLettre="5" x="216" transcription="ل" LatinTrans="Laam_E" />
      </paw>
    </word>
    <word idWord="4" x="212" transcription=" " LatinTrans="SPACE">
      <paw idPaw="1" x="212" transcription=" " LatinTrans="SPACE">
        <lettre idLettre="1" x="212" transcription=" " LatinTrans="SPACE" />
      </paw>
    </word>
    <word idWord="5" x="164" transcription="ابنتي" LatinTrans="Alif_I Baa_B Nuun_M Taaa_M Yaa_E">
      <paw idPaw="1" x="207" transcription="ا" LatinTrans="Alif_I">
        <lettre idLettre="1" x="207" transcription="ا" LatinTrans="Alif_I" />
      </paw>
      <paw idPaw="2" x="164" transcription="بنتي" LatinTrans="Baa_B Nuun_M Taaa_M Yaa_E">
        <lettre idLettre="1" x="196" transcription="ب" LatinTrans="Baa_B" />
        <lettre idLettre="2" x="188" transcription="ن" LatinTrans="Nuun_M" />
        <lettre idLettre="3" x="179" transcription="ت" LatinTrans="Taaa_M" />
        <lettre idLettre="4" x="164" transcription="ي" LatinTrans="Yaa_E" />
      </paw>
    </word>
    <word idWord="6" x="162" transcription=" " LatinTrans="SPACE">
      <paw idPaw="1" x="162" transcription=" " LatinTrans="SPACE">
        <lettre idLettre="1" x="162" transcription=" " LatinTrans="SPACE" />
      </paw>
    </word>
    <word idWord="7" x="131" transcription="مير" LatinTrans="Miim_B Yaa_M Raa_E">
      <paw idPaw="1" x="131" transcription="مير" LatinTrans="Miim_B Yaa_M Raa_E">
        <lettre idLettre="1" x="152" transcription="م" LatinTrans="Miim_B" />
        <lettre idLettre="2" x="142" transcription="ي" LatinTrans="Yaa_M" />
        <lettre idLettre="3" x="131" transcription="ر" LatinTrans="Raa_E" />
      </paw>
    </word>
    <word idWord="8" x="127" transcription=" " LatinTrans="SPACE">
      <paw idPaw="1" x="127" transcription=" " LatinTrans="SPACE">
        <lettre idLettre="1" x="127" transcription=" " LatinTrans="SPACE" />
      </paw>
    </word>
    <word idWord="9" x="71" transcription="حسين" LatinTrans="Haaa_B Siin_M Yaa_M Nuun_E">
      <paw idPaw="1" x="71" transcription="حسين" LatinTrans="Haaa_B Siin_M Yaa_M Nuun_E">
        <lettre idLettre="1" x="113" transcription="ح" LatinTrans="Haaa_B" />
        <lettre idLettre="2" x="96" transcription="س" LatinTrans="Siin_M" />
        <lettre idLettre="3" x="86" transcription="ي" LatinTrans="Yaa_M" />
        <lettre idLettre="4" x="71" transcription="ن" LatinTrans="Nuun_E" />
      </paw>
    </word>
    <word idWord="10" x="68" transcription=" " LatinTrans="SPACE">
      <paw idPaw="1" x="68" transcription=" " LatinTrans="SPACE">
        <lettre idLettre="1" x="68" transcription=" " LatinTrans="SPACE" />
      </paw>
    </word>
    <word idWord="11" x="0" transcription="موسوي" LatinTrans="Miim_B Waaw_E Siin_B Waaw_E Yaa_I">
      <paw idPaw="1" x="46" transcription="مو" LatinTrans="Miim_B Waaw_E">
        <lettre idLettre="1" x="56" transcription="م" LatinTrans="Miim_B" />
        <lettre idLettre="2" x="46" transcription="و" LatinTrans="Waaw_E" />
      </paw>
      <paw idPaw="2" x="20" transcription="سو" LatinTrans="Siin_B Waaw_E">
        <lettre idLettre="1" x="30" transcription="س" LatinTrans="Siin_B" />
        <lettre idLettre="2" x="20" transcription="و" LatinTrans="Waaw_E" />
      </paw>
      <paw idPaw="3" x="0" transcription="ي" LatinTrans="Yaa_I">
        <lettre idLettre="1" x="0" transcription="ي" LatinTrans="Yaa_I" />
      </paw>
    </word>
  </content>
</textImage>