﻿<?xml version="1.0" encoding="UTF-8" standalone="yes"?>
<textImage id="1" width="233" height="55" transcription="الرأي و الرأي الآخر" image="aljazeera_3211-10-19-30_1">
  <ArabicTranscription>الرأي و الرأي الآخر</ArabicTranscription>
  <LatinTranscription>Alif_I Laam_B Raa_E HamzaAboveAlif_I Yaa_I SPACE Waaw_I SPACE Alif_I Laam_B Raa_E HamzaAboveAlif_I Yaa_I SPACE Alif_I Laam_TildAboveAlif Xaa_B Raa_E</LatinTranscription>
  <content>
    <word idWord="1" x="168" transcription="الرأيد" LatinTrans="Alif_I Laam_B Raa_E HamzaAboveAlif_I Yaa_I">
      <paw idPaw="1" x="221" transcription="ا" LatinTrans="Alif_I">
        <lettre idLettre="1" x="221" transcription="ا" LatinTrans="Alif_I" />
      </paw>
      <paw idPaw="2" x="196" transcription="لر" LatinTrans="Laam_B Raa_E">
        <lettre idLettre="1" x="213" transcription="ل" LatinTrans="Laam_B" />
        <lettre idLettre="2" x="196" transcription="ر" LatinTrans="Raa_E" />
      </paw>
      <paw idPaw="3" x="189" transcription="أ" LatinTrans="HamzaAboveAlif_I">
        <lettre idLettre="1" x="189" transcription="أ" LatinTrans="HamzaAboveAlif_I" />
      </paw>
      <paw idPaw="4" x="168" transcription="ي" LatinTrans="Yaa_I">
        <lettre idLettre="1" x="168" transcription="ي" LatinTrans="Yaa_I" />
      </paw>
    </word>
    <word idWord="2" x="160" transcription=" " LatinTrans="SPACE">
      <paw idPaw="1" x="160" transcription=" " LatinTrans="SPACE">
        <lettre idLettre="1" x="160" transcription=" " LatinTrans="SPACE" />
      </paw>
    </word>
    <word idWord="3" x="144" transcription="و" LatinTrans="Waaw_I">
      <paw idPaw="1" x="144" transcription="و" LatinTrans="Waaw_I">
        <lettre idLettre="1" x="144" transcription="و" LatinTrans="Waaw_I" />
      </paw>
    </word>
    <word idWord="4" x="137" transcription=" " LatinTrans="SPACE">
      <paw idPaw="1" x="137" transcription=" " LatinTrans="SPACE">
        <lettre idLettre="1" x="137" transcription=" " LatinTrans="SPACE" />
      </paw>
    </word>
    <word idWord="5" x="74" transcription="الرأي" LatinTrans="Alif_I Laam_B Raa_E HamzaAboveAlif_I Yaa_I">
      <paw idPaw="1" x="129" transcription="ا" LatinTrans="Alif_I">
        <lettre idLettre="1" x="129" transcription="ا" LatinTrans="Alif_I" />
      </paw>
      <paw idPaw="2" x="105" transcription="لر" LatinTrans="Laam_B Raa_E">
        <lettre idLettre="1" x="119" transcription="ل" LatinTrans="Laam_B" />
        <lettre idLettre="2" x="105" transcription="ر" LatinTrans="Raa_E" />
      </paw>
      <paw idPaw="3" x="95" transcription="أ" LatinTrans="HamzaAboveAlif_I">
        <lettre idLettre="1" x="95" transcription="أ" LatinTrans="HamzaAboveAlif_I" />
      </paw>
      <paw idPaw="4" x="74" transcription="ي" LatinTrans="Yaa_I">
        <lettre idLettre="1" x="74" transcription="ي" LatinTrans="Yaa_I" />
      </paw>
    </word>
    <word idWord="6" x="67" transcription=" " LatinTrans="SPACE">
      <paw idPaw="1" x="67" transcription=" " LatinTrans="SPACE">
        <lettre idLettre="1" x="67" transcription=" " LatinTrans="SPACE" />
      </paw>
    </word>
    <word idWord="7" x="0" transcription="الآخر" LatinTrans="Alif_I Laam_TildAboveAlif Xaa_B Raa_E">
      <paw idPaw="1" x="59" transcription="ا" LatinTrans="Alif_I">
        <lettre idLettre="1" x="59" transcription="ا" LatinTrans="Alif_I" />
      </paw>
      <paw idPaw="2" x="37" transcription="لآ" LatinTrans="Laam_TildAboveAlif">
        <lettre idLettre="1" x="37" transcription="لآ" LatinTrans="Laam_TildAboveAlif" />
      </paw>
      <paw idPaw="3" x="0" transcription="خر" LatinTrans="Xaa_B Raa_E">
        <lettre idLettre="1" x="21" transcription="خ" LatinTrans="Xaa_B" />
        <lettre idLettre="2" x="0" transcription="ر" LatinTrans="Raa_E" />
      </paw>
    </word>
  </content>
</textImage>