﻿<?xml version="1.0" encoding="UTF-8" standalone="yes"?>
<textImage id="1" width="519" height="39" transcription="رئيس الائتلاف السوري يقول إن نظام الأسد لم يستجب" image="aljazeera_3211-12-03-00_1">
  <ArabicTranscription>رئيس الائتلاف السوري يقول إن نظام الأسد لم يستجب</ArabicTranscription>
  <LatinTranscription>Raa_I HamzaAboveAlifBroken_B Yaa_M Siin_E SPACE Alif_I Laam_Alif HamzaAboveAlifBroken_B Taaa_M Laam_Alif Faa_I SPACE Alif_I Laam_B Siin_M Waaw_E Raa_I Yaa_I SPACE Yaa_B Gaaf_M Waaw_E Laam_I SPACE HamzaOnederAlif_I Nuun_I SPACE Nuun_B Taa_M Alif_E Miim_I SPACE Alif_I Laam_HamzaAboveAlif Siin_B Daal_E SPACE Laam_B Miim_E SPACE Yaa_B Siin_M Taaa_M Jiim_M Baa_E</LatinTranscription>
  <content>
    <word idWord="1" x="458" transcription="رئيس" LatinTrans="Raa_I HamzaAboveAlifBroken_B Yaa_M Siin_E">
      <paw idPaw="1" x="505" transcription="ر" LatinTrans="Raa_I">
        <lettre idLettre="1" x="505" transcription="ر" LatinTrans="Raa_I" />
      </paw>
      <paw idPaw="2" x="458" transcription="ئيس" LatinTrans="HamzaAboveAlifBroken_B Yaa_M Siin_E">
        <lettre idLettre="1" x="496" transcription="ئ" LatinTrans="HamzaAboveAlifBroken_B" />
        <lettre idLettre="2" x="486" transcription="ي" LatinTrans="Yaa_M" />
        <lettre idLettre="3" x="458" transcription="س" LatinTrans="Siin_E" />
      </paw>
    </word>
    <word idWord="2" x="455" transcription=" " LatinTrans="SPACE">
      <paw idPaw="1" x="455" transcription=" " LatinTrans="SPACE">
        <lettre idLettre="1" x="455" transcription=" " LatinTrans="SPACE" />
      </paw>
    </word>
    <word idWord="3" x="387" transcription="الائتلاف" LatinTrans="Alif_I Laam_Alif HamzaAboveAlifBroken_B Taaa_M Laam_Alif Faa_I">
      <paw idPaw="1" x="450" transcription="ا" LatinTrans="Alif_I">
        <lettre idLettre="1" x="450" transcription="ا" LatinTrans="Alif_I" />
      </paw>
      <paw idPaw="2" x="438" transcription="لا" LatinTrans="Laam_Alif">
        <lettre idLettre="1" x="438" transcription="لا" LatinTrans="Laam_Alif" />
      </paw>
      <paw idPaw="3" x="407" transcription="ئتلا" LatinTrans="HamzaAboveAlifBroken_B Taaa_M Laam_Alif">
        <lettre idLettre="1" x="430" transcription="ئ" LatinTrans="HamzaAboveAlifBroken_B" />
        <lettre idLettre="2" x="419" transcription="ت" LatinTrans="Taaa_M" />
        <lettre idLettre="3" x="407" transcription="لا" LatinTrans="Laam_Alif" />
      </paw>
      <paw idPaw="4" x="387" transcription="ف" LatinTrans="Faa_I">
        <lettre idLettre="1" x="387" transcription="ف" LatinTrans="Faa_I" />
      </paw>
    </word>
    <word idWord="4" x="384" transcription=" " LatinTrans="SPACE">
      <paw idPaw="1" x="384" transcription=" " LatinTrans="SPACE">
        <lettre idLettre="1" x="384" transcription=" " LatinTrans="SPACE" />
      </paw>
    </word>
    <word idWord="5" x="318" transcription="السوري" LatinTrans="Alif_I Laam_B Siin_M Waaw_E Raa_I Yaa_I">
      <paw idPaw="1" x="378" transcription="ا" LatinTrans="Alif_I">
        <lettre idLettre="1" x="378" transcription="ا" LatinTrans="Alif_I" />
      </paw>
      <paw idPaw="2" x="342" transcription="لسو" LatinTrans="Laam_B Siin_M Waaw_E">
        <lettre idLettre="1" x="372" transcription="ل" LatinTrans="Laam_B" />
        <lettre idLettre="2" x="353" transcription="س" LatinTrans="Siin_M" />
        <lettre idLettre="3" x="342" transcription="و" LatinTrans="Waaw_E" />
      </paw>
      <paw idPaw="3" x="334" transcription="ر" LatinTrans="Raa_I">
        <lettre idLettre="1" x="334" transcription="ر" LatinTrans="Raa_I" />
      </paw>
      <paw idPaw="4" x="318" transcription="ي" LatinTrans="Yaa_I">
        <lettre idLettre="1" x="318" transcription="ي" LatinTrans="Yaa_I" />
      </paw>
    </word>
    <word idWord="6" x="315" transcription=" " LatinTrans="SPACE">
      <paw idPaw="1" x="315" transcription=" " LatinTrans="SPACE">
        <lettre idLettre="1" x="315" transcription=" " LatinTrans="SPACE" />
      </paw>
    </word>
    <word idWord="7" x="266" transcription="يقول" LatinTrans="Yaa_B Gaaf_M Waaw_E Laam_I">
      <paw idPaw="1" x="281" transcription="يقو" LatinTrans="Yaa_B Gaaf_M Waaw_E">
        <lettre idLettre="1" x="304" transcription="ي" LatinTrans="Yaa_B" />
        <lettre idLettre="2" x="290" transcription="ق" LatinTrans="Gaaf_M" />
        <lettre idLettre="3" x="281" transcription="و" LatinTrans="Waaw_E" />
      </paw>
      <paw idPaw="2" x="266" transcription="ل" LatinTrans="Laam_I">
        <lettre idLettre="1" x="266" transcription="ل" LatinTrans="Laam_I" />
      </paw>
    </word>
    <word idWord="8" x="263" transcription=" " LatinTrans="SPACE">
      <paw idPaw="1" x="263" transcription=" " LatinTrans="SPACE">
        <lettre idLettre="1" x="263" transcription=" " LatinTrans="SPACE" />
      </paw>
    </word>
    <word idWord="9" x="241" transcription="إن" LatinTrans="HamzaOnederAlif_I Nuun_I">
      <paw idPaw="1" x="255" transcription="إ" LatinTrans="HamzaOnederAlif_I">
        <lettre idLettre="1" x="255" transcription="إ" LatinTrans="HamzaUnderAlif_I" />
      </paw>
      <paw idPaw="2" x="241" transcription="ن" LatinTrans="Nuun_I">
        <lettre idLettre="1" x="241" transcription="ن" LatinTrans="Nuun_I" />
      </paw>
    </word>
    <word idWord="10" x="238" transcription=" " LatinTrans="SPACE">
      <paw idPaw="1" x="238" transcription=" " LatinTrans="SPACE">
        <lettre idLettre="1" x="238" transcription=" " LatinTrans="SPACE" />
      </paw>
    </word>
    <word idWord="11" x="189" transcription="نظام" LatinTrans="Nuun_B Taa_M Alif_E Miim_I">
      <paw idPaw="1" x="203" transcription="نظا" LatinTrans="Nuun_B Taa_M Alif_E">
        <lettre idLettre="1" x="227" transcription="ن" LatinTrans="Nuun_B" />
        <lettre idLettre="2" x="209" transcription="ظ" LatinTrans="Taa_M" />
        <lettre idLettre="3" x="203" transcription="ا" LatinTrans="Alif_E" />
      </paw>
      <paw idPaw="2" x="189" transcription="م" LatinTrans="Miim_I">
        <lettre idLettre="1" x="189" transcription="م" LatinTrans="Miim_I" />
      </paw>
    </word>
    <word idWord="12" x="185" transcription=" " LatinTrans="SPACE">
      <paw idPaw="1" x="185" transcription=" " LatinTrans="SPACE">
        <lettre idLettre="1" x="185" transcription=" " LatinTrans="SPACE" />
      </paw>
    </word>
    <word idWord="13" x="137" transcription="الأسد" LatinTrans="Alif_I Laam_HamzaAboveAlif Siin_B Daal_E">
      <paw idPaw="1" x="180" transcription="ا" LatinTrans="Alif_I">
        <lettre idLettre="1" x="180" transcription="ا" LatinTrans="Alif_I" />
      </paw>
      <paw idPaw="2" x="169" transcription="لأ" LatinTrans="Laam_HamzaAboveAlif">
        <lettre idLettre="1" x="169" transcription="لأ" LatinTrans="Laam_HamzaAboveAlif" />
      </paw>
      <paw idPaw="3" x="137" transcription="سد" LatinTrans="Siin_B Daal_E">
        <lettre idLettre="1" x="151" transcription="س" LatinTrans="Siin_B" />
        <lettre idLettre="2" x="137" transcription="د" LatinTrans="Daal_E" />
      </paw>
    </word>
    <word idWord="14" x="133" transcription=" " LatinTrans="SPACE">
      <paw idPaw="1" x="133" transcription=" " LatinTrans="SPACE">
        <lettre idLettre="1" x="133" transcription=" " LatinTrans="SPACE" />
      </paw>
    </word>
    <word idWord="15" x="96" transcription="لم" LatinTrans="Laam_B Miim_E">
      <paw idPaw="1" x="96" transcription="لم" LatinTrans="Laam_B Miim_E">
        <lettre idLettre="1" x="117" transcription="ل" LatinTrans="Laam_B" />
        <lettre idLettre="2" x="96" transcription="م" LatinTrans="Miim_E" />
      </paw>
    </word>
    <word idWord="16" x="92" transcription=" " LatinTrans="SPACE">
      <paw idPaw="1" x="92" transcription=" " LatinTrans="SPACE">
        <lettre idLettre="1" x="92" transcription=" " LatinTrans="SPACE" />
      </paw>
    </word>
    <word idWord="17" x="0" transcription="يستجب" LatinTrans="Yaa_B Siin_M Taaa_M Jiim_M Baa_E">
      <paw idPaw="1" x="0" transcription="يستجب" LatinTrans="Yaa_B Siin_M Taaa_M Jiim_M Baa_E">
        <lettre idLettre="1" x="82" transcription="ي" LatinTrans="Yaa_B" />
        <lettre idLettre="2" x="65" transcription="س" LatinTrans="Siin_M" />
        <lettre idLettre="3" x="53" transcription="ت" LatinTrans="Taaa_M" />
        <lettre idLettre="4" x="33" transcription="ج" LatinTrans="Jiim_M" />
        <lettre idLettre="5" x="0" transcription="ب" LatinTrans="Baa_E" />
      </paw>
    </word>
  </content>
</textImage>