﻿<?xml version="1.0" encoding="UTF-8" standalone="yes"?>
<textImage id="2" width="499" height="94" transcription="أبريل / نيسان 2012" image="aljazeera_3211-11-55-50_2">
  <ArabicTranscription>أبريل / نيسان 2012</ArabicTranscription>
  <LatinTranscription>HamzaAboveAlif_I Baa_B Raa_E Yaa_B Laam_E SLASH SPACE Nuun_B Yaa_M Siin_M Alif_E Nuun_I SPACE Two One Zero Two</LatinTranscription>
  <content>
    <word idWord="1" x="366" transcription="أبريل" LatinTrans="HamzaAboveAlif_I Baa_B Raa_E Yaa_B Laam_E">
      <paw idPaw="1" x="477" transcription="أ" LatinTrans="HamzaAboveAlif_I">
        <lettre idLettre="1" x="477" transcription="أ" LatinTrans="HamzaAboveAlif_I" />
      </paw>
      <paw idPaw="2" x="435" transcription="بر" LatinTrans="Baa_B Raa_E">
        <lettre idLettre="1" x="459" transcription="ب" LatinTrans="Baa_B" />
        <lettre idLettre="2" x="435" transcription="ر" LatinTrans="Raa_E" />
      </paw>
      <paw idPaw="3" x="366" transcription="يل" LatinTrans="Yaa_B Laam_E">
        <lettre idLettre="1" x="404" transcription="ي" LatinTrans="Yaa_B" />
        <lettre idLettre="2" x="366" transcription="ل" LatinTrans="Laam_E" />
      </paw>
    </word>
    <word idWord="2" x="326" transcription="/" LatinTrans="SLASH">
      <paw idPaw="1" x="326" transcription="/" LatinTrans="SLASH">
        <lettre idLettre="1" x="326" transcription="/" LatinTrans="SLASH" />
      </paw>
    </word>
    <word idWord="3" x="310" transcription=" " LatinTrans="SPACE">
      <paw idPaw="1" x="310" transcription=" " LatinTrans="SPACE">
        <lettre idLettre="1" x="310" transcription=" " LatinTrans="SPACE" />
      </paw>
    </word>
    <word idWord="4" x="150" transcription="نيسان" LatinTrans="Nuun_B Yaa_M Siin_M Alif_E Nuun_I">
      <paw idPaw="1" x="189" transcription="نيسا" LatinTrans="Nuun_B Yaa_M Siin_M Alif_E">
        <lettre idLettre="1" x="292" transcription="ن" LatinTrans="Nuun_B" />
        <lettre idLettre="2" x="256" transcription="ي" LatinTrans="Yaa_M" />
        <lettre idLettre="3" x="208" transcription="س" LatinTrans="Siin_M" />
        <lettre idLettre="4" x="189" transcription="ا" LatinTrans="Alif_E" />
      </paw>
      <paw idPaw="2" x="150" transcription="ن" LatinTrans="Nuun_I">
        <lettre idLettre="1" x="150" transcription="ن" LatinTrans="Nuun_I" />
      </paw>
    </word>
    <word idWord="5" x="136" transcription=" " LatinTrans="SPACE">
      <paw idPaw="1" x="136" transcription=" " LatinTrans="SPACE">
        <lettre idLettre="1" x="136" transcription=" " LatinTrans="SPACE" />
      </paw>
    </word>
    <word idWord="6" x="0" transcription="2012" LatinTrans="Two One Zero Two">
      <paw idPaw="1" x="99" transcription="2" LatinTrans="Two">
        <lettre idLettre="1" x="99" transcription="2" LatinTrans="Two" />
      </paw>
      <paw idPaw="2" x="73" transcription="1" LatinTrans="One">
        <lettre idLettre="1" x="73" transcription="1" LatinTrans="One" />
      </paw>
      <paw idPaw="3" x="38" transcription="0" LatinTrans="Zero">
        <lettre idLettre="1" x="38" transcription="0" LatinTrans="Zero" />
      </paw>
      <paw idPaw="4" x="0" transcription="2" LatinTrans="Two">
        <lettre idLettre="1" x="0" transcription="2" LatinTrans="Two" />
      </paw>
    </word>
  </content>
</textImage>