﻿<?xml version="1.0" encoding="UTF-8" standalone="yes"?>
<textImage id="1" width="92" height="38" transcription="بيجين" image="aljazeera_3212-01-55-30_1">
  <ArabicTranscription>بيجين</ArabicTranscription>
  <LatinTranscription>Baa_B Yaa_M Jiim_M Yaa_M Nuun_E</LatinTranscription>
  <content>
    <word idWord="1" x="0" transcription="بيجين" LatinTrans="Baa_B Yaa_M Jiim_M Yaa_M Nuun_E">
      <paw idPaw="1" x="0" transcription="بيجين" LatinTrans="Baa_B Yaa_M Jiim_M Yaa_M Nuun_E">
        <lettre idLettre="1" x="74" transcription="ب" LatinTrans="Baa_B" />
        <lettre idLettre="2" x="60" transcription="ي" LatinTrans="Yaa_M" />
        <lettre idLettre="3" x="42" transcription="ج" LatinTrans="Jiim_M" />
        <lettre idLettre="4" x="24" transcription="ي" LatinTrans="Yaa_M" />
        <lettre idLettre="5" x="0" transcription="ن" LatinTrans="Nuun_E" />
      </paw>
    </word>
  </content>
</textImage>