﻿<?xml version="1.0" encoding="UTF-8" standalone="yes"?>
<textImage id="1" width="229" height="37" transcription="قبل النفط--سك النقود" image="aljazeera_3211-09-54-40_1">
  <ArabicTranscription>قبل النفط--سك النقود</ArabicTranscription>
  <LatinTranscription>Gaaf_B Baa_M Laam_E SPACE Alif_I Laam_B Nuun_M Faa_M Thaaa_E DASH Siin_B Kaaf_E SPACE Alif_I Laam_B Nuun_M Gaaf_M Waaw_E Daal_I</LatinTranscription>
  <content>
    <word idWord="1" x="186" transcription="قبل" LatinTrans="Gaaf_B Baa_M Laam_E">
      <paw idPaw="1" x="186" transcription="قبل" LatinTrans="Gaaf_B Baa_M Laam_E">
        <lettre idLettre="1" x="212" transcription="ق" LatinTrans="Gaaf_B" />
        <lettre idLettre="2" x="204" transcription="ب" LatinTrans="Baa_M" />
        <lettre idLettre="3" x="186" transcription="ل" LatinTrans="Laam_E" />
      </paw>
    </word>
    <word idWord="2" x="183" transcription=" " LatinTrans="SPACE">
      <paw idPaw="1" x="183" transcription=" " LatinTrans="SPACE">
        <lettre idLettre="1" x="183" transcription=" " LatinTrans="SPACE" />
      </paw>
    </word>
    <word idWord="3" x="64" transcription=" " LatinTrans="Alif_I Laam_B Nuun_M Faa_M Thaaa_E DASH Siin_B Kaaf_E">
      <paw idPaw="1" x="177" transcription="ا" LatinTrans="Alif_I">
        <lettre idLettre="1" x="177" transcription="ا" LatinTrans="Alif_I" />
      </paw>
      <paw idPaw="2" x="127" transcription="لنفط" LatinTrans="Laam_B Nuun_M Faa_M Thaaa_E">
        <lettre idLettre="1" x="172" transcription="ل" LatinTrans="Laam_B" />
        <lettre idLettre="2" x="163" transcription="ن" LatinTrans="Nuun_M" />
        <lettre idLettre="3" x="150" transcription="ف" LatinTrans="Faa_M" />
        <lettre idLettre="4" x="127" transcription="ط" LatinTrans="Thaaa_E" />
      </paw>
      <paw idPaw="3" x="107" transcription=" " LatinTrans="DASH">
        <lettre idLettre="1" x="107" transcription=" " LatinTrans="DASH" />
      </paw>
      <paw idPaw="4" x="64" transcription="سك" LatinTrans="Siin_B Kaaf_E">
        <lettre idLettre="1" x="87" transcription="س" LatinTrans="Siin_B" />
        <lettre idLettre="2" x="64" transcription="ك" LatinTrans="Kaaf_E" />
      </paw>
    </word>
    <word idWord="4" x="60" transcription=" " LatinTrans="SPACE">
      <paw idPaw="1" x="60" transcription=" " LatinTrans="SPACE">
        <lettre idLettre="1" x="60" transcription=" " LatinTrans="SPACE" />
      </paw>
    </word>
    <word idWord="5" x="0" transcription="النقود" LatinTrans="Alif_I Laam_B Nuun_M Gaaf_M Waaw_E Daal_I">
      <paw idPaw="1" x="55" transcription="ا" LatinTrans="Alif_I">
        <lettre idLettre="1" x="55" transcription="ا" LatinTrans="Alif_I" />
      </paw>
      <paw idPaw="2" x="16" transcription="لنقو" LatinTrans="Laam_B Nuun_M Gaaf_M Waaw_E">
        <lettre idLettre="1" x="49" transcription="ل" LatinTrans="Laam_B" />
        <lettre idLettre="2" x="40" transcription="ن" LatinTrans="Nuun_M" />
        <lettre idLettre="3" x="28" transcription="ق" LatinTrans="Gaaf_M" />
        <lettre idLettre="4" x="16" transcription="و" LatinTrans="Waaw_E" />
      </paw>
      <paw idPaw="3" x="0" transcription="د" LatinTrans="Daal_I">
        <lettre idLettre="1" x="0" transcription="د" LatinTrans="Daal_I" />
      </paw>
    </word>
  </content>
</textImage>