﻿<?xml version="1.0" encoding="UTF-8" standalone="yes"?>
<textImage id="1" width="302" height="34" transcription="التوتر بين باريس وتونس تصاعد" image="aljazeera_3212-19-37-20_1">
  <ArabicTranscription>التوتر بين باريس وتونس تصاعد</ArabicTranscription>
  <LatinTranscription>Alif_I Laam_B Taaa_M Waaw_E Taaa_B Raa_E SPACE Baa_B Yaa_M Nuun_E SPACE Baa_B Alif_E Raa_I Yaa_B Siin_E SPACE Waaw_I Taaa_B Waaw_E Nuun_B Siin_E SPACE Taaa_B Saad_M Alif_E Ayn_B Daal_E</LatinTranscription>
  <content>
    <word idWord="1" x="245" transcription="التوتر" LatinTrans="Alif_I Laam_B Taaa_M Waaw_E Taaa_B Raa_E">
      <paw idPaw="1" x="292" transcription="ا" LatinTrans="Alif_I">
        <lettre idLettre="1" x="292" transcription="ا" LatinTrans="Alif_I" />
      </paw>
      <paw idPaw="2" x="265" transcription="لتو" LatinTrans="Laam_B Taaa_M Waaw_E">
        <lettre idLettre="1" x="287" transcription="ل" LatinTrans="Laam_B" />
        <lettre idLettre="2" x="275" transcription="ت" LatinTrans="Taaa_M" />
        <lettre idLettre="3" x="265" transcription="و" LatinTrans="Waaw_E" />
      </paw>
      <paw idPaw="3" x="245" transcription="تر" LatinTrans="Taaa_B Raa_E">
        <lettre idLettre="1" x="256" transcription="ت" LatinTrans="Taaa_B" />
        <lettre idLettre="2" x="245" transcription="ر" LatinTrans="Raa_E" />
      </paw>
    </word>
    <word idWord="2" x="243" transcription=" " LatinTrans="SPACE">
      <paw idPaw="1" x="243" transcription=" " LatinTrans="SPACE">
        <lettre idLettre="1" x="243" transcription=" " LatinTrans="SPACE" />
      </paw>
    </word>
    <word idWord="3" x="206" transcription="بين" LatinTrans="Baa_B Yaa_M Nuun_E">
      <paw idPaw="1" x="206" transcription="بين" LatinTrans="Baa_B Yaa_M Nuun_E">
        <lettre idLettre="1" x="234" transcription="ب" LatinTrans="Baa_B" />
        <lettre idLettre="2" x="221" transcription="ي" LatinTrans="Yaa_M" />
        <lettre idLettre="3" x="206" transcription="ن" LatinTrans="Nuun_E" />
      </paw>
    </word>
    <word idWord="4" x="202" transcription=" " LatinTrans="SPACE">
      <paw idPaw="1" x="202" transcription=" " LatinTrans="SPACE">
        <lettre idLettre="1" x="202" transcription=" " LatinTrans="SPACE" />
      </paw>
    </word>
    <word idWord="5" x="140" transcription="باريس" LatinTrans="Baa_B Alif_E Raa_I Yaa_B Siin_E">
      <paw idPaw="1" x="184" transcription="با" LatinTrans="Baa_B Alif_E">
        <lettre idLettre="1" x="193" transcription="ب" LatinTrans="Baa_B" />
        <lettre idLettre="2" x="184" transcription="ا" LatinTrans="Alif_E" />
      </paw>
      <paw idPaw="2" x="176" transcription="ر" LatinTrans="Raa_I">
        <lettre idLettre="1" x="176" transcription="ر" LatinTrans="Raa_I" />
      </paw>
      <paw idPaw="3" x="140" transcription="يس" LatinTrans="Yaa_B Siin_E">
        <lettre idLettre="1" x="168" transcription="ي" LatinTrans="Yaa_B" />
        <lettre idLettre="2" x="140" transcription="س" LatinTrans="Siin_E" />
      </paw>
    </word>
    <word idWord="6" x="136" transcription=" " LatinTrans="SPACE">
      <paw idPaw="1" x="136" transcription=" " LatinTrans="SPACE">
        <lettre idLettre="1" x="136" transcription=" " LatinTrans="SPACE" />
      </paw>
    </word>
    <word idWord="7" x="70" transcription="وتونس" LatinTrans="Waaw_I Taaa_B Waaw_E Nuun_B Siin_E">
      <paw idPaw="1" x="126" transcription="و" LatinTrans="Waaw_I">
        <lettre idLettre="1" x="126" transcription="و" LatinTrans="Waaw_I" />
      </paw>
      <paw idPaw="2" x="106" transcription="تو" LatinTrans="Taaa_B Waaw_E">
        <lettre idLettre="1" x="116" transcription="ت" LatinTrans="Taaa_B" />
        <lettre idLettre="2" x="106" transcription="و" LatinTrans="Waaw_E" />
      </paw>
      <paw idPaw="3" x="70" transcription="نس" LatinTrans="Nuun_B Siin_E">
        <lettre idLettre="1" x="96" transcription="ن" LatinTrans="Nuun_B" />
        <lettre idLettre="2" x="70" transcription="س" LatinTrans="Siin_E" />
      </paw>
    </word>
    <word idWord="8" x="66" transcription=" " LatinTrans="SPACE">
      <paw idPaw="1" x="66" transcription=" " LatinTrans="SPACE">
        <lettre idLettre="1" x="66" transcription=" " LatinTrans="SPACE" />
      </paw>
    </word>
    <word idWord="9" x="0" transcription="تصاعد" LatinTrans="Taaa_B Saad_M Alif_E Ayn_B Daal_E">
      <paw idPaw="1" x="29" transcription="تصا" LatinTrans="Taaa_B Saad_M Alif_E">
        <lettre idLettre="1" x="56" transcription="ت" LatinTrans="Taaa_B" />
        <lettre idLettre="2" x="38" transcription="ص" LatinTrans="Saad_M" />
        <lettre idLettre="3" x="29" transcription="ا" LatinTrans="Alif_E" />
      </paw>
      <paw idPaw="2" x="0" transcription="عد" LatinTrans="Ayn_B Daal_E">
        <lettre idLettre="1" x="16" transcription="ع" LatinTrans="Ayn_B" />
        <lettre idLettre="2" x="0" transcription="د" LatinTrans="Daal_E" />
      </paw>
    </word>
  </content>
</textImage>