﻿<?xml version="1.0" encoding="UTF-8" standalone="yes"?>
<textImage id="1" width="338" height="48" transcription="فرض حظر تجول في بغداد" image="aljazeera_3212-08-38-30_1">
  <ArabicTranscription>فرض حظر تجول في بغداد</ArabicTranscription>
  <LatinTranscription>Faa_B Raa_E Daad_I SPACE Haaa_B Taa_M Raa_E SPACE Taaa_B Jiim_M Waaw_E Laam_I SPACE Faa_B Yaa_E SPACE Baa_B Ghayn_M Daal_E Alif_I Daal_I</LatinTranscription>
  <content>
    <word idWord="1" x="265" transcription="فرض" LatinTrans="Faa_B Raa_E Daad_I">
      <paw idPaw="1" x="304" transcription="فر" LatinTrans="Faa_B Raa_E">
        <lettre idLettre="1" x="318" transcription="ف" LatinTrans="Faa_B" />
        <lettre idLettre="2" x="304" transcription="ر" LatinTrans="Raa_E" />
      </paw>
      <paw idPaw="2" x="265" transcription="ض" LatinTrans="Daad_I">
        <lettre idLettre="1" x="265" transcription="ض" LatinTrans="Daad_I" />
      </paw>
    </word>
    <word idWord="2" x="260" transcription=" " LatinTrans="SPACE">
      <paw idPaw="1" x="260" transcription=" " LatinTrans="SPACE">
        <lettre idLettre="1" x="260" transcription=" " LatinTrans="SPACE" />
      </paw>
    </word>
    <word idWord="3" x="199" transcription="حظر" LatinTrans="Haaa_B Taa_M Raa_E">
      <paw idPaw="1" x="199" transcription="حظر" LatinTrans="Haaa_B Taa_M Raa_E">
        <lettre idLettre="1" x="241" transcription="ح" LatinTrans="Haaa_B" />
        <lettre idLettre="2" x="215" transcription="ظ" LatinTrans="Taa_M" />
        <lettre idLettre="3" x="199" transcription="ر" LatinTrans="Raa_E" />
      </paw>
    </word>
    <word idWord="4" x="193" transcription=" " LatinTrans="SPACE">
      <paw idPaw="1" x="193" transcription=" " LatinTrans="SPACE">
        <lettre idLettre="1" x="193" transcription=" " LatinTrans="SPACE" />
      </paw>
    </word>
    <word idWord="5" x="128" transcription="تجول" LatinTrans="Taaa_B Jiim_M Waaw_E Laam_I">
      <paw idPaw="1" x="148" transcription="تجو" LatinTrans="Taaa_B Jiim_M Waaw_E">
        <lettre idLettre="1" x="178" transcription="ت" LatinTrans="Taaa_B" />
        <lettre idLettre="2" x="160" transcription="ج" LatinTrans="Jiim_M" />
        <lettre idLettre="3" x="148" transcription="و" LatinTrans="Waaw_E" />
      </paw>
      <paw idPaw="2" x="128" transcription="ل" LatinTrans="Laam_I">
        <lettre idLettre="1" x="128" transcription="ل" LatinTrans="Laam_I" />
      </paw>
    </word>
    <word idWord="6" x="121" transcription=" " LatinTrans="SPACE">
      <paw idPaw="1" x="121" transcription=" " LatinTrans="SPACE">
        <lettre idLettre="1" x="121" transcription=" " LatinTrans="SPACE" />
      </paw>
    </word>
    <word idWord="7" x="80" transcription="في" LatinTrans="Faa_B Yaa_E">
      <paw idPaw="1" x="80" transcription="في" LatinTrans="Faa_B Yaa_E">
        <lettre idLettre="1" x="103" transcription="ف" LatinTrans="Faa_B" />
        <lettre idLettre="2" x="80" transcription="ي" LatinTrans="Yaa_E" />
      </paw>
    </word>
    <word idWord="8" x="75" transcription=" " LatinTrans="SPACE">
      <paw idPaw="1" x="75" transcription=" " LatinTrans="SPACE">
        <lettre idLettre="1" x="75" transcription=" " LatinTrans="SPACE" />
      </paw>
    </word>
    <word idWord="9" x="0" transcription="بغداد" LatinTrans="Baa_B Ghayn_M Daal_E Alif_I Daal_I">
      <paw idPaw="1" x="24" transcription="بغد" LatinTrans="Baa_B Ghayn_M Daal_E">
        <lettre idLettre="1" x="62" transcription="ب" LatinTrans="Baa_B" />
        <lettre idLettre="2" x="40" transcription="غ" LatinTrans="Ghayn_M" />
        <lettre idLettre="3" x="24" transcription="د" LatinTrans="Daal_E" />
      </paw>
      <paw idPaw="2" x="18" transcription="ا" LatinTrans="Alif_I">
        <lettre idLettre="1" x="18" transcription="ا" LatinTrans="Alif_I" />
      </paw>
      <paw idPaw="3" x="0" transcription="د" LatinTrans="Daal_I">
        <lettre idLettre="1" x="0" transcription="د" LatinTrans="Daal_I" />
      </paw>
    </word>
  </content>
</textImage>