﻿<?xml version="1.0" encoding="UTF-8" standalone="yes"?>
<textImage id="1" width="153" height="49" transcription="هذا الصباح" image="aljazeera_3212-05-22-00_1">
  <ArabicTranscription>هذا الصباح</ArabicTranscription>
  <LatinTranscription>Haa_B Thaal_E Alif_I SPACE Alif_I Laam_B Saad_M Baa_M Alif_E Haaa_I</LatinTranscription>
  <content>
    <word idWord="1" x="102" transcription="هذا" LatinTrans="Haa_B Thaal_E Alif_I">
      <paw idPaw="1" x="109" transcription="هذ" LatinTrans="Haa_B Thaal_E">
        <lettre idLettre="1" x="128" transcription="ه" LatinTrans="Haa_B" />
        <lettre idLettre="2" x="109" transcription="ذ" LatinTrans="Thaal_E" />
      </paw>
      <paw idPaw="2" x="102" transcription="ا" LatinTrans="Alif_I">
        <lettre idLettre="1" x="102" transcription="ا" LatinTrans="Alif_I" />
      </paw>
    </word>
    <word idWord="2" x="95" transcription=" " LatinTrans="SPACE">
      <paw idPaw="1" x="95" transcription=" " LatinTrans="SPACE">
        <lettre idLettre="1" x="95" transcription=" " LatinTrans="SPACE" />
      </paw>
    </word>
    <word idWord="3" x="0" transcription="الصباح" LatinTrans="Alif_I Laam_B Saad_M Baa_M Alif_E Haaa_I">
      <paw idPaw="1" x="88" transcription="ا" LatinTrans="Alif_I">
        <lettre idLettre="1" x="88" transcription="ا" LatinTrans="Alif_I" />
      </paw>
      <paw idPaw="2" x="26" transcription="لصبا" LatinTrans="Laam_B Saad_M Baa_M Alif_E">
        <lettre idLettre="1" x="78" transcription="ل" LatinTrans="Laam_B" />
        <lettre idLettre="2" x="52" transcription="ص" LatinTrans="Saad_M" />
        <lettre idLettre="3" x="34" transcription="ب" LatinTrans="Baa_M" />
        <lettre idLettre="4" x="26" transcription="ا" LatinTrans="Alif_E" />
      </paw>
      <paw idPaw="3" x="0" transcription="ح" LatinTrans="Haaa_I">
        <lettre idLettre="1" x="0" transcription="ح" LatinTrans="Haaa_I" />
      </paw>
    </word>
  </content>
</textImage>