﻿<?xml version="1.0" encoding="UTF-8" standalone="yes"?>
<textImage id="2" width="229" height="34" transcription="لكوريا الشمالية وسول" image="aljazeera_3212-05-24-00_2">
  <ArabicTranscription>لكوريا الشمالية وسول</ArabicTranscription>
  <LatinTranscription>Laam_B Kaaf_M Waaw_E Raa_I Yaa_B Alif_E SPACE Alif_I Laam_B Shiin_M Miim_M Alif_E Laam_B Yaa_M TaaaClosed_E SPACE Waaw_I Siin_B Waaw_E Laam_I</LatinTranscription>
  <content>
    <word idWord="1" x="159" transcription="لكوريا" LatinTrans="Laam_B Kaaf_M Waaw_E Raa_I Yaa_B Alif_E">
      <paw idPaw="1" x="197" transcription="لكو" LatinTrans="Laam_B Kaaf_M Waaw_E">
        <lettre idLettre="1" x="218" transcription="ل" LatinTrans="Laam_B" />
        <lettre idLettre="2" x="209" transcription="ك" LatinTrans="Kaaf_M" />
        <lettre idLettre="3" x="197" transcription="و" LatinTrans="Waaw_E" />
      </paw>
      <paw idPaw="2" x="188" transcription="ر" LatinTrans="Raa_I">
        <lettre idLettre="1" x="188" transcription="ر" LatinTrans="Raa_I" />
      </paw>
      <paw idPaw="3" x="159" transcription="يا" LatinTrans="Yaa_B Alif_E">
        <lettre idLettre="1" x="175" transcription="ي" LatinTrans="Yaa_B" />
        <lettre idLettre="2" x="159" transcription="ا" LatinTrans="Alif_E" />
      </paw>
    </word>
    <word idWord="2" x="155" transcription=" " LatinTrans="SPACE">
      <paw idPaw="1" x="155" transcription=" " LatinTrans="SPACE">
        <lettre idLettre="1" x="155" transcription=" " LatinTrans="SPACE" />
      </paw>
    </word>
    <word idWord="3" x="61" transcription="الشمالية" LatinTrans="Alif_I Laam_B Shiin_M Miim_M Alif_E Laam_B Yaa_M TaaaClosed_E">
      <paw idPaw="1" x="149" transcription="ا" LatinTrans="Alif_I">
        <lettre idLettre="1" x="149" transcription="ا" LatinTrans="Alif_I" />
      </paw>
      <paw idPaw="2" x="107" transcription="لشما" LatinTrans="Laam_B Shiin_M Miim_M Alif_E">
        <lettre idLettre="1" x="143" transcription="ل" LatinTrans="Laam_B" />
        <lettre idLettre="2" x="125" transcription="ش" LatinTrans="Shiin_M" />
        <lettre idLettre="3" x="113" transcription="م" LatinTrans="Miim_M" />
        <lettre idLettre="4" x="107" transcription="ا" LatinTrans="Alif_E" />
      </paw>
      <paw idPaw="3" x="61" transcription="لية" LatinTrans="Laam_B Yaa_M TaaaClosed_E">
        <lettre idLettre="1" x="100" transcription="ل" LatinTrans="Laam_B" />
        <lettre idLettre="2" x="84" transcription="ي" LatinTrans="Yaa_M" />
        <lettre idLettre="3" x="61" transcription="ة" LatinTrans="TaaaClosed_E" />
      </paw>
    </word>
    <word idWord="4" x="54" transcription=" " LatinTrans="SPACE">
      <paw idPaw="1" x="54" transcription=" " LatinTrans="SPACE">
        <lettre idLettre="1" x="54" transcription=" " LatinTrans="SPACE" />
      </paw>
    </word>
    <word idWord="5" x="0" transcription="وسول" LatinTrans="Waaw_I Siin_B Waaw_E Laam_I">
      <paw idPaw="1" x="44" transcription="و" LatinTrans="Waaw_I">
        <lettre idLettre="1" x="44" transcription="و" LatinTrans="Waaw_I" />
      </paw>
      <paw idPaw="2" x="16" transcription="سو" LatinTrans="Siin_B Waaw_E">
        <lettre idLettre="1" x="28" transcription="س" LatinTrans="Siin_B" />
        <lettre idLettre="2" x="16" transcription="و" LatinTrans="Waaw_E" />
      </paw>
      <paw idPaw="3" x="0" transcription="ل" LatinTrans="Laam_I">
        <lettre idLettre="1" x="0" transcription="ل" LatinTrans="Laam_I" />
      </paw>
    </word>
  </content>
</textImage>