﻿<?xml version="1.0" encoding="UTF-8" standalone="yes"?>
<textImage id="2" width="97" height="43" transcription="الأربعاء" image="aljazeera_3213-00-57-00_2">
  <ArabicTranscription>الأربعاء</ArabicTranscription>
  <LatinTranscription>Alif_I Laam_HamzaAboveAlif Raa_I Baa_B Ayn_M Alif_E Hamza</LatinTranscription>
  <content>
    <word idWord="1" x="0" transcription="الأربعاء" LatinTrans="Alif_I Laam_HamzaAboveAlif Raa_I Baa_B Ayn_M Alif_E Hamza">
      <paw idPaw="1" x="86" transcription="ا" LatinTrans="Alif_I">
        <lettre idLettre="1" x="86" transcription="ا" LatinTrans="Alif_I" />
      </paw>
      <paw idPaw="2" x="70" transcription="لأ" LatinTrans="Laam_HamzaAboveAlif">
        <lettre idLettre="1" x="70" transcription="لأ" LatinTrans="Laam_HamzaAboveAlif" />
      </paw>
      <paw idPaw="3" x="58" transcription="ر" LatinTrans="Raa_I">
        <lettre idLettre="1" x="58" transcription="ر" LatinTrans="Raa_I" />
      </paw>
      <paw idPaw="4" x="18" transcription="بعا" LatinTrans="Baa_B Ayn_M Alif_E">
        <lettre idLettre="1" x="49" transcription="ب" LatinTrans="Baa_B" />
        <lettre idLettre="2" x="26" transcription="ع" LatinTrans="Ayn_M" />
        <lettre idLettre="3" x="18" transcription="ا" LatinTrans="Alif_E" />
      </paw>
      <paw idPaw="5" x="0" transcription="ء" LatinTrans="Hamza">
        <lettre idLettre="1" x="0" transcription="ء" LatinTrans="Hamza" />
      </paw>
    </word>
  </content>
</textImage>