﻿<?xml version="1.0" encoding="UTF-8" standalone="yes"?>
<textImage id="1" width="478" height="34" transcription="اشتباكات مستمرة بين الجيشين الحر والنظامي" image="aljazeera_3211-20-03-30_1">
  <ArabicTranscription>اشتباكات مستمرة بين الجيشين الحر والنظامي</ArabicTranscription>
  <LatinTranscription>Alif_I Shiin_B Taaa_M Baa_M Alif_E Kaaf_B Alif_E Taaa_I SPACE Miim_B Siin_M Taaa_M Miim_M Raa_E TaaaClosed_I SPACE Baa_B Yaa_M Nuun_E SPACE Alif_I Laam_B Jiim_M Yaa_M Shiin_M Yaa_M Nuun_E SPACE Alif_I Laam_B Haaa_M Raa_E SPACE Waaw_I Alif_I Laam_B Nuun_M Taa_M Alif_E Miim_B Yaa_E</LatinTranscription>
  <content>
    <word idWord="1" x="379" transcription="اشتباكات" LatinTrans="Alif_I Shiin_B Taaa_M Baa_M Alif_E Kaaf_B Alif_E Taaa_I">
      <paw idPaw="1" x="468" transcription="ا" LatinTrans="Alif_I">
        <lettre idLettre="1" x="468" transcription="ا" LatinTrans="Alif_I" />
      </paw>
      <paw idPaw="2" x="414" transcription="شتبا" LatinTrans="Shiin_B Taaa_M Baa_M Alif_E">
        <lettre idLettre="1" x="450" transcription="ش" LatinTrans="Shiin_B" />
        <lettre idLettre="2" x="429" transcription="ت" LatinTrans="Taaa_M" />
        <lettre idLettre="3" x="420" transcription="ب" LatinTrans="Baa_M" />
        <lettre idLettre="4" x="414" transcription="ا" LatinTrans="Alif_E" />
      </paw>
      <paw idPaw="3" x="397" transcription="كا" LatinTrans="Kaaf_B Alif_E">
        <lettre idLettre="1" x="403" transcription="ك" LatinTrans="Kaaf_B" />
        <lettre idLettre="2" x="397" transcription="ا" LatinTrans="Alif_E" />
      </paw>
      <paw idPaw="4" x="379" transcription="ت" LatinTrans="Taaa_I">
        <lettre idLettre="1" x="379" transcription="ت" LatinTrans="Taaa_I" />
      </paw>
    </word>
    <word idWord="2" x="375" transcription=" " LatinTrans="SPACE">
      <paw idPaw="1" x="375" transcription=" " LatinTrans="SPACE">
        <lettre idLettre="1" x="375" transcription=" " LatinTrans="SPACE" />
      </paw>
    </word>
    <word idWord="3" x="301" transcription="مستمرة" LatinTrans="Miim_B Siin_M Taaa_M Miim_M Raa_E TaaaClosed_I">
      <paw idPaw="1" x="314" transcription="مستمر" LatinTrans="Miim_B Siin_M Taaa_M Miim_M Raa_E">
        <lettre idLettre="1" x="363" transcription="م" LatinTrans="Miim_B" />
        <lettre idLettre="2" x="347" transcription="س" LatinTrans="Siin_M" />
        <lettre idLettre="3" x="335" transcription="ت" LatinTrans="Taaa_M" />
        <lettre idLettre="4" x="324" transcription="م" LatinTrans="Miim_M" />
        <lettre idLettre="5" x="314" transcription="ر" LatinTrans="Raa_E" />
      </paw>
      <paw idPaw="2" x="301" transcription="ة" LatinTrans="TaaaClosed_I">
        <lettre idLettre="1" x="301" transcription="ة" LatinTrans="TaaaClosed_I" />
      </paw>
    </word>
    <word idWord="4" x="299" transcription=" " LatinTrans="SPACE">
      <paw idPaw="1" x="299" transcription=" " LatinTrans="SPACE">
        <lettre idLettre="1" x="299" transcription=" " LatinTrans="SPACE" />
      </paw>
    </word>
    <word idWord="5" x="249" transcription="بين" LatinTrans="Baa_B Yaa_M Nuun_E">
      <paw idPaw="1" x="249" transcription="بين" LatinTrans="Baa_B Yaa_M Nuun_E">
        <lettre idLettre="1" x="289" transcription="ب" LatinTrans="Baa_B" />
        <lettre idLettre="2" x="278" transcription="ي" LatinTrans="Yaa_M" />
        <lettre idLettre="3" x="249" transcription="ن" LatinTrans="Nuun_E" />
      </paw>
    </word>
    <word idWord="6" x="244" transcription=" " LatinTrans="SPACE">
      <paw idPaw="1" x="244" transcription=" " LatinTrans="SPACE">
        <lettre idLettre="1" x="244" transcription=" " LatinTrans="SPACE" />
      </paw>
    </word>
    <word idWord="7" x="151" transcription="الجيشين" LatinTrans="Alif_I Laam_B Jiim_M Yaa_M Shiin_M Yaa_M Nuun_E">
      <paw idPaw="1" x="240" transcription="ا" LatinTrans="Alif_I">
        <lettre idLettre="1" x="240" transcription="ا" LatinTrans="Alif_I" />
      </paw>
      <paw idPaw="2" x="151" transcription="لجيشين" LatinTrans="Laam_B Jiim_M Yaa_M Shiin_M Yaa_M Nuun_E">
        <lettre idLettre="1" x="235" transcription="ل" LatinTrans="Laam_B" />
        <lettre idLettre="2" x="221" transcription="ج" LatinTrans="Jiim_M" />
        <lettre idLettre="3" x="210" transcription="ي" LatinTrans="Yaa_M" />
        <lettre idLettre="4" x="193" transcription="ش" LatinTrans="Shiin_M" />
        <lettre idLettre="5" x="180" transcription="ي" LatinTrans="Yaa_M" />
        <lettre idLettre="6" x="151" transcription="ن" LatinTrans="Nuun_E" />
      </paw>
    </word>
    <word idWord="8" x="147" transcription=" " LatinTrans="SPACE">
      <paw idPaw="1" x="147" transcription=" " LatinTrans="SPACE">
        <lettre idLettre="1" x="147" transcription=" " LatinTrans="SPACE" />
      </paw>
    </word>
    <word idWord="9" x="101" transcription="الحر" LatinTrans="Alif_I Laam_B Haaa_M Raa_E">
      <paw idPaw="1" x="143" transcription="ا" LatinTrans="Alif_I">
        <lettre idLettre="1" x="143" transcription="ا" LatinTrans="Alif_I" />
      </paw>
      <paw idPaw="2" x="101" transcription="لحر" LatinTrans="Laam_B Haaa_M Raa_E">
        <lettre idLettre="1" x="137" transcription="ل" LatinTrans="Laam_B" />
        <lettre idLettre="2" x="117" transcription="ح" LatinTrans="Haaa_M" />
        <lettre idLettre="3" x="101" transcription="ر" LatinTrans="Raa_E" />
      </paw>
    </word>
    <word idWord="10" x="96" transcription=" " LatinTrans="SPACE">
      <paw idPaw="1" x="96" transcription=" " LatinTrans="SPACE">
        <lettre idLettre="1" x="96" transcription=" " LatinTrans="SPACE" />
      </paw>
    </word>
    <word idWord="11" x="0" transcription="والنظامي" LatinTrans="Waaw_I Alif_I Laam_B Nuun_M Taa_M Alif_E Miim_B Yaa_E">
      <paw idPaw="1" x="86" transcription="و" LatinTrans="Waaw_I">
        <lettre idLettre="1" x="86" transcription="و" LatinTrans="Waaw_I" />
      </paw>
      <paw idPaw="2" x="82" transcription="ا" LatinTrans="Alif_I">
        <lettre idLettre="1" x="82" transcription="ا" LatinTrans="Alif_I" />
      </paw>
      <paw idPaw="3" x="43" transcription="لنظا" LatinTrans="Laam_B Nuun_M Taa_M Alif_E">
        <lettre idLettre="1" x="76" transcription="ل" LatinTrans="Laam_B" />
        <lettre idLettre="2" x="67" transcription="ن" LatinTrans="Nuun_M" />
        <lettre idLettre="3" x="49" transcription="ظ" LatinTrans="Taa_M" />
        <lettre idLettre="4" x="43" transcription="ا" LatinTrans="Alif_E" />
      </paw>
      <paw idPaw="4" x="0" transcription="مي" LatinTrans="Miim_B Yaa_E">
        <lettre idLettre="1" x="31" transcription="م" LatinTrans="Miim_B" />
        <lettre idLettre="2" x="0" transcription="ي" LatinTrans="Yaa_E" />
      </paw>
    </word>
  </content>
</textImage>