﻿<?xml version="1.0" encoding="UTF-8" standalone="yes"?>
<textImage id="2" width="333" height="43" transcription="إطارات من نظام بن علي" image="aljazeera_3212-08-45-00_2">
  <ArabicTranscription>إطارات من نظام بن علي</ArabicTranscription>
  <LatinTranscription>HamzaOnederAlif_I Thaaa_B Alif_E Raa_I Alif_I Taaa_I SPACE Miim_B Nuun_E SPACE Nuun_B Taa_M Alif_E Miim_I SPACE Baa_B Nuun_E SPACE Ayn_B Laam_M Yaa_E</LatinTranscription>
  <content>
    <word idWord="1" x="247" transcription="إطارات" LatinTrans="HamzaOnederAlif_I Thaaa_B Alif_E Raa_I Alif_I Taaa_I">
      <paw idPaw="1" x="319" transcription="إ" LatinTrans="HamzaOnederAlif_I">
        <lettre idLettre="1" x="319" transcription="إ" LatinTrans="HamzaUnderAlif_I" />
      </paw>
      <paw idPaw="2" x="288" transcription="طا" LatinTrans="Thaaa_B Alif_E">
        <lettre idLettre="1" x="297" transcription="ط" LatinTrans="Thaaa_B" />
        <lettre idLettre="2" x="288" transcription="ا" LatinTrans="Alif_E" />
      </paw>
      <paw idPaw="3" x="277" transcription="ر" LatinTrans="Raa_I">
        <lettre idLettre="1" x="277" transcription="ر" LatinTrans="Raa_I" />
      </paw>
      <paw idPaw="4" x="269" transcription="ا" LatinTrans="Alif_I">
        <lettre idLettre="1" x="269" transcription="ا" LatinTrans="Alif_I" />
      </paw>
      <paw idPaw="5" x="247" transcription="ت" LatinTrans="Taaa_I">
        <lettre idLettre="1" x="247" transcription="ت" LatinTrans="Taaa_I" />
      </paw>
    </word>
    <word idWord="2" x="240" transcription=" " LatinTrans="SPACE">
      <paw idPaw="1" x="240" transcription=" " LatinTrans="SPACE">
        <lettre idLettre="1" x="240" transcription=" " LatinTrans="SPACE" />
      </paw>
    </word>
    <word idWord="3" x="197" transcription="من" LatinTrans="Miim_B Nuun_E">
      <paw idPaw="1" x="197" transcription="من" LatinTrans="Miim_B Nuun_E">
        <lettre idLettre="1" x="222" transcription="م" LatinTrans="Miim_B" />
        <lettre idLettre="2" x="197" transcription="ن" LatinTrans="Nuun_E" />
      </paw>
    </word>
    <word idWord="4" x="192" transcription=" " LatinTrans="SPACE">
      <paw idPaw="1" x="192" transcription=" " LatinTrans="SPACE">
        <lettre idLettre="1" x="192" transcription=" " LatinTrans="SPACE" />
      </paw>
    </word>
    <word idWord="5" x="126" transcription="نظام" LatinTrans="Nuun_B Taa_M Alif_E Miim_I">
      <paw idPaw="1" x="146" transcription="نظا" LatinTrans="Nuun_B Taa_M Alif_E">
        <lettre idLettre="1" x="179" transcription="ن" LatinTrans="Nuun_B" />
        <lettre idLettre="2" x="153" transcription="ظ" LatinTrans="Taa_M" />
        <lettre idLettre="3" x="146" transcription="ا" LatinTrans="Alif_E" />
      </paw>
      <paw idPaw="2" x="126" transcription="م" LatinTrans="Miim_I">
        <lettre idLettre="1" x="126" transcription="م" LatinTrans="Miim_I" />
      </paw>
    </word>
    <word idWord="6" x="120" transcription=" " LatinTrans="SPACE">
      <paw idPaw="1" x="120" transcription=" " LatinTrans="SPACE">
        <lettre idLettre="1" x="120" transcription=" " LatinTrans="SPACE" />
      </paw>
    </word>
    <word idWord="7" x="79" transcription="بن" LatinTrans="Baa_B Nuun_E">
      <paw idPaw="1" x="79" transcription="بن" LatinTrans="Baa_B Nuun_E">
        <lettre idLettre="1" x="101" transcription="ب" LatinTrans="Baa_B" />
        <lettre idLettre="2" x="79" transcription="ن" LatinTrans="Nuun_E" />
      </paw>
    </word>
    <word idWord="8" x="74" transcription=" " LatinTrans="SPACE">
      <paw idPaw="1" x="74" transcription=" " LatinTrans="SPACE">
        <lettre idLettre="1" x="74" transcription=" " LatinTrans="SPACE" />
      </paw>
    </word>
    <word idWord="9" x="0" transcription="علي" LatinTrans="Ayn_B Laam_M Yaa_E">
      <paw idPaw="1" x="0" transcription="علي" LatinTrans="Ayn_B Laam_M Yaa_E">
        <lettre idLettre="1" x="53" transcription="ع" LatinTrans="Ayn_B" />
        <lettre idLettre="2" x="42" transcription="ل" LatinTrans="Laam_M" />
        <lettre idLettre="3" x="0" transcription="ي" LatinTrans="Yaa_E" />
      </paw>
    </word>
  </content>
</textImage>