﻿<?xml version="1.0" encoding="UTF-8" standalone="yes"?>
<textImage id="1" width="489" height="43" transcription="لبنان: حملات سياسية شعواء بين" image="aljazeera_3213-05-32-00_1">
  <ArabicTranscription>لبنان: حملات سياسية شعواء بين</ArabicTranscription>
  <LatinTranscription>Laam_B Baa_M Nuun_M Alif_E Nuun_I TWOPOINTS SPACE Haaa_B Miim_M Laam_Alif Taaa_I SPACE Siin_B Yaa_M Alif_E Siin_B Yaa_M TaaaClosed_E SPACE Shiin_B Ayn_M Waaw_E Alif_I Hamza SPACE Baa_B Yaa_M Nuun_E</LatinTranscription>
  <content>
    <word idWord="1" x="406" transcription="لبنان:" LatinTrans="Laam_B Baa_M Nuun_M Alif_E Nuun_I TWOPOINTS">
      <paw idPaw="1" x="438" transcription="لبنا" LatinTrans="Laam_B Baa_M Nuun_M Alif_E">
        <lettre idLettre="1" x="475" transcription="ل" LatinTrans="Laam_B" />
        <lettre idLettre="2" x="460" transcription="ب" LatinTrans="Baa_M" />
        <lettre idLettre="3" x="448" transcription="ن" LatinTrans="Nuun_M" />
        <lettre idLettre="4" x="438" transcription="ا" LatinTrans="Alif_E" />
      </paw>
      <paw idPaw="2" x="415" transcription="ن" LatinTrans="Nuun_I">
        <lettre idLettre="1" x="415" transcription="ن" LatinTrans="Nuun_I" />
      </paw>
      <paw idPaw="3" x="406" transcription=":" LatinTrans="TWOPOINTS">
        <lettre idLettre="1" x="406" transcription=":" LatinTrans="TWOPOINTS" />
      </paw>
    </word>
    <word idWord="2" x="398" transcription=" " LatinTrans="SPACE">
      <paw idPaw="1" x="398" transcription=" " LatinTrans="SPACE">
        <lettre idLettre="1" x="398" transcription=" " LatinTrans="SPACE" />
      </paw>
    </word>
    <word idWord="3" x="314" transcription="حملات" LatinTrans="Haaa_B Miim_M Laam_Alif Taaa_I">
      <paw idPaw="1" x="342" transcription="حملا" LatinTrans="Haaa_B Miim_M Laam_Alif">
        <lettre idLettre="1" x="378" transcription="ح" LatinTrans="Haaa_B" />
        <lettre idLettre="2" x="360" transcription="م" LatinTrans="Miim_M" />
        <lettre idLettre="3" x="342" transcription="لا" LatinTrans="Laam_Alif" />
      </paw>
      <paw idPaw="2" x="314" transcription="ت" LatinTrans="Taaa_I">
        <lettre idLettre="1" x="314" transcription="ت" LatinTrans="Taaa_I" />
      </paw>
    </word>
    <word idWord="4" x="308" transcription=" " LatinTrans="SPACE">
      <paw idPaw="1" x="308" transcription=" " LatinTrans="SPACE">
        <lettre idLettre="1" x="308" transcription=" " LatinTrans="SPACE" />
      </paw>
    </word>
    <word idWord="5" x="179" transcription="سياسية" LatinTrans="Siin_B Yaa_M Alif_E Siin_B Yaa_M TaaaClosed_E">
      <paw idPaw="1" x="258" transcription="سيا" LatinTrans="Siin_B Yaa_M Alif_E">
        <lettre idLettre="1" x="284" transcription="س" LatinTrans="Siin_B" />
        <lettre idLettre="2" x="268" transcription="ي" LatinTrans="Yaa_M" />
        <lettre idLettre="3" x="258" transcription="ا" LatinTrans="Alif_E" />
      </paw>
      <paw idPaw="2" x="179" transcription="سية" LatinTrans="Siin_B Yaa_M TaaaClosed_E">
        <lettre idLettre="1" x="233" transcription="س" LatinTrans="Siin_B" />
        <lettre idLettre="2" x="213" transcription="ي" LatinTrans="Yaa_M" />
        <lettre idLettre="3" x="179" transcription="ة" LatinTrans="TaaaClosed_E" />
      </paw>
    </word>
    <word idWord="6" x="173" transcription=" " LatinTrans="SPACE">
      <paw idPaw="1" x="173" transcription=" " LatinTrans="SPACE">
        <lettre idLettre="1" x="173" transcription=" " LatinTrans="SPACE" />
      </paw>
    </word>
    <word idWord="7" x="83" transcription="شعواء" LatinTrans="Shiin_B Ayn_M Waaw_E Alif_I Hamza">
      <paw idPaw="1" x="107" transcription="شعو" LatinTrans="Shiin_B Ayn_M Waaw_E">
        <lettre idLettre="1" x="146" transcription="ش" LatinTrans="Shiin_B" />
        <lettre idLettre="2" x="127" transcription="ع" LatinTrans="Ayn_M" />
        <lettre idLettre="3" x="107" transcription="و" LatinTrans="Waaw_E" />
      </paw>
      <paw idPaw="2" x="99" transcription="ا" LatinTrans="Alif_I">
        <lettre idLettre="1" x="99" transcription="ا" LatinTrans="Alif_I" />
      </paw>
      <paw idPaw="3" x="83" transcription="ء" LatinTrans="Hamza">
        <lettre idLettre="1" x="83" transcription="ء" LatinTrans="Hamza" />
      </paw>
    </word>
    <word idWord="8" x="78" transcription=" " LatinTrans="SPACE">
      <paw idPaw="1" x="78" transcription=" " LatinTrans="SPACE">
        <lettre idLettre="1" x="78" transcription=" " LatinTrans="SPACE" />
      </paw>
    </word>
    <word idWord="9" x="0" transcription="بين" LatinTrans="Baa_B Yaa_M Nuun_E">
      <paw idPaw="1" x="0" transcription="بين" LatinTrans="Baa_B Yaa_M Nuun_E">
        <lettre idLettre="1" x="64" transcription="ب" LatinTrans="Baa_B" />
        <lettre idLettre="2" x="42" transcription="ي" LatinTrans="Yaa_M" />
        <lettre idLettre="3" x="0" transcription="ن" LatinTrans="Nuun_E" />
      </paw>
    </word>
  </content>
</textImage>