﻿<?xml version="1.0" encoding="UTF-8" standalone="yes"?>
<textImage id="1" width="310" height="43" transcription="دمج الشاب والمرأة في العملية" image="aljazeera_3211-10-27-20_1">
  <ArabicTranscription>دمج الشاب والمرأة في العملية</ArabicTranscription>
  <LatinTranscription>Daal_I Miim_B Jiim_E SPACE Alif_I Laam_B Shiin_M Baa_M Alif_E Baa_I SPACE Waaw_I Alif_I Laam_B Miim_M Raa_E HamzaAboveAlif_I TaaaClosed_I SPACE Faa_B Yaa_E SPACE Alif_I Laam_B Ayn_M Miim_M Laam_M Yaa_M TaaaClosed_E</LatinTranscription>
  <content>
    <word idWord="1" x="266" transcription="دمج" LatinTrans="Daal_I Miim_B Jiim_E">
      <paw idPaw="1" x="296" transcription="د" LatinTrans="Daal_I">
        <lettre idLettre="1" x="296" transcription="د" LatinTrans="Daal_I" />
      </paw>
      <paw idPaw="2" x="266" transcription="مج" LatinTrans="Miim_B Jiim_E">
        <lettre idLettre="1" x="283" transcription="م" LatinTrans="Miim_B" />
        <lettre idLettre="2" x="266" transcription="ج" LatinTrans="Jiim_E" />
      </paw>
    </word>
    <word idWord="2" x="263" transcription=" " LatinTrans="SPACE">
      <paw idPaw="1" x="263" transcription=" " LatinTrans="SPACE">
        <lettre idLettre="1" x="263" transcription=" " LatinTrans="SPACE" />
      </paw>
    </word>
    <word idWord="3" x="200" transcription="الشباب" LatinTrans="Alif_I Laam_B Shiin_M Baa_M Alif_E Baa_I">
      <paw idPaw="1" x="258" transcription="ا" LatinTrans="Alif_I">
        <lettre idLettre="1" x="258" transcription="ا" LatinTrans="Alif_I" />
      </paw>
      <paw idPaw="2" x="218" transcription="لشبا" LatinTrans="Laam_B Shiin_M Baa_M Alif_E">
        <lettre idLettre="1" x="251" transcription="ل" LatinTrans="Laam_B" />
        <lettre idLettre="2" x="233" transcription="ش" LatinTrans="Shiin_M" />
        <lettre idLettre="3" x="225" transcription="ب" LatinTrans="Baa_M" />
        <lettre idLettre="4" x="218" transcription="ا" LatinTrans="Alif_E" />
      </paw>
      <paw idPaw="3" x="200" transcription="ب" LatinTrans="Baa_I">
        <lettre idLettre="1" x="200" transcription="ب" LatinTrans="Baa_I" />
      </paw>
    </word>
    <word idWord="4" x="196" transcription=" " LatinTrans="SPACE">
      <paw idPaw="1" x="196" transcription=" " LatinTrans="SPACE">
        <lettre idLettre="1" x="196" transcription=" " LatinTrans="SPACE" />
      </paw>
    </word>
    <word idWord="5" x="137" transcription="والمرأة" LatinTrans="Waaw_I Alif_I Laam_B Miim_M Raa_E HamzaAboveAlif_I TaaaClosed_I">
      <paw idPaw="1" x="185" transcription="و" LatinTrans="Waaw_I">
        <lettre idLettre="1" x="185" transcription="و" LatinTrans="Waaw_I" />
      </paw>
      <paw idPaw="2" x="180" transcription="ا" LatinTrans="Alif_I">
        <lettre idLettre="1" x="180" transcription="ا" LatinTrans="Alif_I" />
      </paw>
      <paw idPaw="3" x="154" transcription="لمر" LatinTrans="Laam_B Miim_M Raa_E">
        <lettre idLettre="1" x="174" transcription="ل" LatinTrans="Laam_B" />
        <lettre idLettre="2" x="163" transcription="م" LatinTrans="Miim_M" />
        <lettre idLettre="3" x="154" transcription="ر" LatinTrans="Raa_E" />
      </paw>
      <paw idPaw="4" x="147" transcription="أ" LatinTrans="HamzaAboveAlif_I">
        <lettre idLettre="1" x="147" transcription="أ" LatinTrans="HamzaAboveAlif_I" />
      </paw>
      <paw idPaw="5" x="137" transcription="ة" LatinTrans="TaaaClosed_I">
        <lettre idLettre="1" x="137" transcription="ة" LatinTrans="TaaaClosed_I" />
      </paw>
    </word>
    <word idWord="6" x="134" transcription=" " LatinTrans="SPACE">
      <paw idPaw="1" x="134" transcription=" " LatinTrans="SPACE">
        <lettre idLettre="1" x="134" transcription=" " LatinTrans="SPACE" />
      </paw>
    </word>
    <word idWord="7" x="93" transcription="في" LatinTrans="Faa_B Yaa_E">
      <paw idPaw="1" x="93" transcription="في" LatinTrans="Faa_B Yaa_E">
        <lettre idLettre="1" x="119" transcription="ف" LatinTrans="Faa_B" />
        <lettre idLettre="2" x="93" transcription="ي" LatinTrans="Yaa_E" />
      </paw>
    </word>
    <word idWord="8" x="88" transcription=" " LatinTrans="SPACE">
      <paw idPaw="1" x="88" transcription=" " LatinTrans="SPACE">
        <lettre idLettre="1" x="88" transcription=" " LatinTrans="SPACE" />
      </paw>
    </word>
    <word idWord="9" x="0" transcription="العملية" LatinTrans="Alif_I Laam_B Ayn_M Miim_M Laam_M Yaa_M TaaaClosed_E">
      <paw idPaw="1" x="83" transcription="ا" LatinTrans="Alif_I">
        <lettre idLettre="1" x="83" transcription="ا" LatinTrans="Alif_I" />
      </paw>
      <paw idPaw="2" x="0" transcription="لعملية" LatinTrans="Laam_B Ayn_M Miim_M Laam_M Yaa_M TaaaClosed_E">
        <lettre idLettre="1" x="76" transcription="ل" LatinTrans="Laam_B" />
        <lettre idLettre="2" x="60" transcription="ع" LatinTrans="Ayn_M" />
        <lettre idLettre="3" x="51" transcription="م" LatinTrans="Miim_M" />
        <lettre idLettre="4" x="44" transcription="ل" LatinTrans="Laam_M" />
        <lettre idLettre="5" x="25" transcription="ي" LatinTrans="Yaa_M" />
        <lettre idLettre="6" x="0" transcription="ة" LatinTrans="TaaaClosed_E" />
      </paw>
    </word>
  </content>
</textImage>