﻿<?xml version="1.0" encoding="UTF-8" standalone="yes"?>
<textImage id="1" width="501" height="35" transcription="وزارة العدل اللبنانية تحيل إلى الداخلية وثيقة استشارية" image="aljazeera_3212-16-49-30_1">
  <ArabicTranscription>وزارة العدل اللبنانية تحيل إلى الداخلية وثيقة استشارية</ArabicTranscription>
  <LatinTranscription>Waaw_I Zaay_I Alif_I Raa_I TaaaClosed_I SPACE Alif_I Laam_B Ayn_M Daal_E Laam_I SPACE Alif_I Laam_B Laam_M Baa_M Nuun_M Alif_E Nuun_B Yaa_M TaaaClosed_E SPACE Taaa_B Haaa_M Yaa_M Laam_E SPACE HamzaOnederAlif_I Laam_B AlifBroken_E SPACE Alif_I Laam_B Daal_E Alif_I Xaa_B Laam_M Yaa_M TaaaClosed_E SPACE Waaw_I Thaa_B Yaa_M Gaaf_M TaaaClosed_E SPACE Alif_I Siin_B Taaa_M Shiin_M Alif_E Raa_I Yaa_B TaaaClosed_E</LatinTranscription>
  <content>
    <word idWord="1" x="455" transcription="وزارة" LatinTrans="Waaw_I Zaay_I Alif_I Raa_I TaaaClosed_I">
      <paw idPaw="1" x="486" transcription="و" LatinTrans="Waaw_I">
        <lettre idLettre="1" x="486" transcription="و" LatinTrans="Waaw_I" />
      </paw>
      <paw idPaw="2" x="479" transcription="ز" LatinTrans="Zaay_I">
        <lettre idLettre="1" x="479" transcription="ز" LatinTrans="Zaay_I" />
      </paw>
      <paw idPaw="3" x="473" transcription="ا" LatinTrans="Alif_I">
        <lettre idLettre="1" x="473" transcription="ا" LatinTrans="Alif_I" />
      </paw>
      <paw idPaw="4" x="465" transcription="ر" LatinTrans="Raa_I">
        <lettre idLettre="1" x="465" transcription="ر" LatinTrans="Raa_I" />
      </paw>
      <paw idPaw="5" x="455" transcription="ة" LatinTrans="TaaaClosed_I">
        <lettre idLettre="1" x="455" transcription="ة" LatinTrans="TaaaClosed_I" />
      </paw>
    </word>
    <word idWord="2" x="451" transcription=" " LatinTrans="SPACE">
      <paw idPaw="1" x="451" transcription=" " LatinTrans="SPACE">
        <lettre idLettre="1" x="451" transcription=" " LatinTrans="SPACE" />
      </paw>
    </word>
    <word idWord="3" x="397" transcription="العدل" LatinTrans="Alif_I Laam_B Ayn_M Daal_E Laam_I">
      <paw idPaw="1" x="445" transcription="ا" LatinTrans="Alif_I">
        <lettre idLettre="1" x="445" transcription="ا" LatinTrans="Alif_I" />
      </paw>
      <paw idPaw="2" x="413" transcription="لعد" LatinTrans="Laam_B Ayn_M Daal_E">
        <lettre idLettre="1" x="438" transcription="ل" LatinTrans="Laam_B" />
        <lettre idLettre="2" x="424" transcription="ع" LatinTrans="Ayn_M" />
        <lettre idLettre="3" x="413" transcription="د" LatinTrans="Daal_E" />
      </paw>
      <paw idPaw="3" x="397" transcription="ل" LatinTrans="Laam_I">
        <lettre idLettre="1" x="397" transcription="ل" LatinTrans="Laam_I" />
      </paw>
    </word>
    <word idWord="4" x="393" transcription=" " LatinTrans="SPACE">
      <paw idPaw="1" x="393" transcription=" " LatinTrans="SPACE">
        <lettre idLettre="1" x="393" transcription=" " LatinTrans="SPACE" />
      </paw>
    </word>
    <word idWord="5" x="320" transcription="اللبنانية" LatinTrans="Alif_I Laam_B Laam_M Baa_M Nuun_M Alif_E Nuun_B Yaa_M TaaaClosed_E">
      <paw idPaw="1" x="387" transcription="ا" LatinTrans="Alif_I">
        <lettre idLettre="1" x="387" transcription="ا" LatinTrans="Alif_I" />
      </paw>
      <paw idPaw="2" x="351" transcription="للبنا" LatinTrans="Laam_B Laam_M Baa_M Nuun_M Alif_E">
        <lettre idLettre="1" x="382" transcription="ل" LatinTrans="Laam_B" />
        <lettre idLettre="2" x="376" transcription="ل" LatinTrans="Laam_M" />
        <lettre idLettre="3" x="365" transcription="ب" LatinTrans="Baa_M" />
        <lettre idLettre="4" x="357" transcription="ن" LatinTrans="Nuun_M" />
        <lettre idLettre="5" x="351" transcription="ا" LatinTrans="Alif_E" />
      </paw>
      <paw idPaw="3" x="320" transcription="نية" LatinTrans="Nuun_B Yaa_M TaaaClosed_E">
        <lettre idLettre="1" x="340" transcription="ن" LatinTrans="Nuun_B" />
        <lettre idLettre="2" x="331" transcription="ي" LatinTrans="Yaa_M" />
        <lettre idLettre="3" x="320" transcription="ة" LatinTrans="TaaaClosed_E" />
      </paw>
    </word>
    <word idWord="6" x="316" transcription=" " LatinTrans="SPACE">
      <paw idPaw="1" x="316" transcription=" " LatinTrans="SPACE">
        <lettre idLettre="1" x="316" transcription=" " LatinTrans="SPACE" />
      </paw>
    </word>
    <word idWord="7" x="265" transcription="تحيل" LatinTrans="Taaa_B Haaa_M Yaa_M Laam_E">
      <paw idPaw="1" x="265" transcription="تحيل" LatinTrans="Taaa_B Haaa_M Yaa_M Laam_E">
        <lettre idLettre="1" x="304" transcription="ت" LatinTrans="Taaa_B" />
        <lettre idLettre="2" x="291" transcription="ح" LatinTrans="Haaa_M" />
        <lettre idLettre="3" x="282" transcription="ي" LatinTrans="Yaa_M" />
        <lettre idLettre="4" x="265" transcription="ل" LatinTrans="Laam_E" />
      </paw>
    </word>
    <word idWord="8" x="263" transcription=" " LatinTrans="SPACE">
      <paw idPaw="1" x="263" transcription=" " LatinTrans="SPACE">
        <lettre idLettre="1" x="263" transcription=" " LatinTrans="SPACE" />
      </paw>
    </word>
    <word idWord="9" x="235" transcription="إلى" LatinTrans="HamzaOnederAlif_I Laam_B AlifBroken_E">
      <paw idPaw="1" x="256" transcription="إ" LatinTrans="HamzaOnederAlif_I">
        <lettre idLettre="1" x="256" transcription="إ" LatinTrans="HamzaUnderAlif_I" />
      </paw>
      <paw idPaw="2" x="235" transcription="لى" LatinTrans="Laam_B AlifBroken_E">
        <lettre idLettre="1" x="249" transcription="ل" LatinTrans="Laam_B" />
        <lettre idLettre="2" x="235" transcription="ى" LatinTrans="AlifBroken_E" />
      </paw>
    </word>
    <word idWord="10" x="231" transcription=" " LatinTrans="SPACE">
      <paw idPaw="1" x="231" transcription=" " LatinTrans="SPACE">
        <lettre idLettre="1" x="231" transcription=" " LatinTrans="SPACE" />
      </paw>
    </word>
    <word idWord="11" x="159" transcription="الداخلية" LatinTrans="Alif_I Laam_B Daal_E Alif_I Xaa_B Laam_M Yaa_M TaaaClosed_E">
      <paw idPaw="1" x="226" transcription="ا" LatinTrans="Alif_I">
        <lettre idLettre="1" x="226" transcription="ا" LatinTrans="Alif_I" />
      </paw>
      <paw idPaw="2" x="207" transcription="لد" LatinTrans="Laam_B Daal_E">
        <lettre idLettre="1" x="219" transcription="ل" LatinTrans="Laam_B" />
        <lettre idLettre="2" x="207" transcription="د" LatinTrans="Daal_E" />
      </paw>
      <paw idPaw="3" x="203" transcription="ا" LatinTrans="Alif_I">
        <lettre idLettre="1" x="203" transcription="ا" LatinTrans="Alif_I" />
      </paw>
      <paw idPaw="4" x="159" transcription="خلية" LatinTrans="Xaa_B Laam_M Yaa_M TaaaClosed_E">
        <lettre idLettre="1" x="188" transcription="خ" LatinTrans="Xaa_B" />
        <lettre idLettre="2" x="181" transcription="ل" LatinTrans="Laam_M" />
        <lettre idLettre="3" x="170" transcription="ي" LatinTrans="Yaa_M" />
        <lettre idLettre="4" x="159" transcription="ة" LatinTrans="TaaaClosed_E" />
      </paw>
    </word>
    <word idWord="12" x="155" transcription=" " LatinTrans="SPACE">
      <paw idPaw="1" x="155" transcription=" " LatinTrans="SPACE">
        <lettre idLettre="1" x="155" transcription=" " LatinTrans="SPACE" />
      </paw>
    </word>
    <word idWord="13" x="98" transcription="وثيقة" LatinTrans="Waaw_I Thaa_B Yaa_M Gaaf_M TaaaClosed_E">
      <paw idPaw="1" x="145" transcription="و" LatinTrans="Waaw_I">
        <lettre idLettre="1" x="145" transcription="و" LatinTrans="Waaw_I" />
      </paw>
      <paw idPaw="2" x="98" transcription="ثيقة" LatinTrans="Thaa_B Yaa_M Gaaf_M TaaaClosed_E">
        <lettre idLettre="1" x="135" transcription="ث" LatinTrans="Thaa_B" />
        <lettre idLettre="2" x="124" transcription="ي" LatinTrans="Yaa_M" />
        <lettre idLettre="3" x="113" transcription="ق" LatinTrans="Gaaf_M" />
        <lettre idLettre="4" x="98" transcription="ة" LatinTrans="TaaaClosed_E" />
      </paw>
    </word>
    <word idWord="14" x="93" transcription=" " LatinTrans="SPACE">
      <paw idPaw="1" x="93" transcription=" " LatinTrans="SPACE">
        <lettre idLettre="1" x="93" transcription=" " LatinTrans="SPACE" />
      </paw>
    </word>
    <word idWord="15" x="0" transcription="استشارية" LatinTrans="Alif_I Siin_B Taaa_M Shiin_M Alif_E Raa_I Yaa_B TaaaClosed_E">
      <paw idPaw="1" x="89" transcription="ا" LatinTrans="Alif_I">
        <lettre idLettre="1" x="89" transcription="ا" LatinTrans="Alif_I" />
      </paw>
      <paw idPaw="2" x="36" transcription="ستشا" LatinTrans="Siin_B Taaa_M Shiin_M Alif_E">
        <lettre idLettre="1" x="73" transcription="س" LatinTrans="Siin_B" />
        <lettre idLettre="2" x="62" transcription="ت" LatinTrans="Taaa_M" />
        <lettre idLettre="3" x="43" transcription="ش" LatinTrans="Shiin_M" />
        <lettre idLettre="4" x="36" transcription="ا" LatinTrans="Alif_E" />
      </paw>
      <paw idPaw="3" x="30" transcription="ر" LatinTrans="Raa_I">
        <lettre idLettre="1" x="30" transcription="ر" LatinTrans="Raa_I" />
      </paw>
      <paw idPaw="4" x="0" transcription="ية" LatinTrans="Yaa_B TaaaClosed_E">
        <lettre idLettre="1" x="17" transcription="ي" LatinTrans="Yaa_B" />
        <lettre idLettre="2" x="0" transcription="ة" LatinTrans="TaaaClosed_E" />
      </paw>
    </word>
  </content>
</textImage>