﻿<?xml version="1.0" encoding="UTF-8" standalone="yes"?>
<textImage id="1" width="493" height="51" transcription="مصر تحكم على إسرائيلي بالسجن" image="aljazeera_3212-05-37-00_1">
  <ArabicTranscription>مصر تحكم على إسرائيلي بالسجن</ArabicTranscription>
  <LatinTranscription>Miim_B Saad_M Raa_E SPACE Taaa_B Haaa_M Kaaf_M Miim_E SPACE Ayn_B Laam_M AlifBroken_E SPACE HamzaOnederAlif_I Siin_B Raa_E Alif_I HamzaAboveAlifBroken_B Yaa_M Laam_M Yaa_E SPACE Baa_B Alif_E Laam_B Siin_M Jiim_M Nuun_E</LatinTranscription>
  <content>
    <word idWord="1" x="429" transcription="مصر" LatinTrans="Miim_B Saad_M Raa_E">
      <paw idPaw="1" x="429" transcription="مصر" LatinTrans="Miim_B Saad_M Raa_E">
        <lettre idLettre="1" x="473" transcription="م" LatinTrans="Miim_B" />
        <lettre idLettre="2" x="443" transcription="ص" LatinTrans="Saad_M" />
        <lettre idLettre="3" x="429" transcription="ر" LatinTrans="Raa_E" />
      </paw>
    </word>
    <word idWord="2" x="424" transcription=" " LatinTrans="SPACE">
      <paw idPaw="1" x="424" transcription=" " LatinTrans="SPACE">
        <lettre idLettre="1" x="424" transcription=" " LatinTrans="SPACE" />
      </paw>
    </word>
    <word idWord="3" x="349" transcription="تحكم" LatinTrans="Taaa_B Haaa_M Kaaf_M Miim_E">
      <paw idPaw="1" x="349" transcription="تحكم" LatinTrans="Taaa_B Haaa_M Kaaf_M Miim_E">
        <lettre idLettre="1" x="408" transcription="ت" LatinTrans="Taaa_B" />
        <lettre idLettre="2" x="388" transcription="ح" LatinTrans="Haaa_M" />
        <lettre idLettre="3" x="372" transcription="ك" LatinTrans="Kaaf_M" />
        <lettre idLettre="4" x="349" transcription="م" LatinTrans="Miim_E" />
      </paw>
    </word>
    <word idWord="4" x="342" transcription=" " LatinTrans="SPACE">
      <paw idPaw="1" x="342" transcription=" " LatinTrans="SPACE">
        <lettre idLettre="1" x="342" transcription=" " LatinTrans="SPACE" />
      </paw>
    </word>
    <word idWord="5" x="289" transcription="على" LatinTrans="Ayn_B Laam_M AlifBroken_E">
      <paw idPaw="1" x="289" transcription="على" LatinTrans="Ayn_B Laam_M AlifBroken_E">
        <lettre idLettre="1" x="324" transcription="ع" LatinTrans="Ayn_B" />
        <lettre idLettre="2" x="311" transcription="ل" LatinTrans="Laam_M" />
        <lettre idLettre="3" x="289" transcription="ى" LatinTrans="AlifBroken_E" />
      </paw>
    </word>
    <word idWord="6" x="285" transcription=" " LatinTrans="SPACE">
      <paw idPaw="1" x="285" transcription=" " LatinTrans="SPACE">
        <lettre idLettre="1" x="285" transcription=" " LatinTrans="SPACE" />
      </paw>
    </word>
    <word idWord="7" x="143" transcription="إسرائيلي" LatinTrans="HamzaOnederAlif_I Siin_B Raa_E Alif_I HamzaAboveAlifBroken_B Yaa_M Laam_M Yaa_E">
      <paw idPaw="1" x="274" transcription="إ" LatinTrans="HamzaOnederAlif_I">
        <lettre idLettre="1" x="274" transcription="إ" LatinTrans="HamzaUnderAlif_I" />
      </paw>
      <paw idPaw="2" x="236" transcription="سر" LatinTrans="Siin_B Raa_E">
        <lettre idLettre="1" x="251" transcription="س" LatinTrans="Siin_B" />
        <lettre idLettre="2" x="236" transcription="ر" LatinTrans="Raa_E" />
      </paw>
      <paw idPaw="3" x="229" transcription="ا" LatinTrans="Alif_I">
        <lettre idLettre="1" x="229" transcription="ا" LatinTrans="Alif_I" />
      </paw>
      <paw idPaw="4" x="143" transcription="ئيلي" LatinTrans="HamzaAboveAlifBroken_B Yaa_M Laam_M Yaa_E">
        <lettre idLettre="1" x="215" transcription="ئ" LatinTrans="HamzaAboveAlifBroken_B" />
        <lettre idLettre="2" x="199" transcription="ي" LatinTrans="Yaa_M" />
        <lettre idLettre="3" x="186" transcription="ل" LatinTrans="Laam_M" />
        <lettre idLettre="4" x="143" transcription="ي" LatinTrans="Yaa_E" />
      </paw>
    </word>
    <word idWord="8" x="135" transcription=" " LatinTrans="SPACE">
      <paw idPaw="1" x="135" transcription=" " LatinTrans="SPACE">
        <lettre idLettre="1" x="135" transcription=" " LatinTrans="SPACE" />
      </paw>
    </word>
    <word idWord="9" x="0" transcription="بالسجن" LatinTrans="Baa_B Alif_E Laam_B Siin_M Jiim_M Nuun_E">
      <paw idPaw="1" x="111" transcription="با" LatinTrans="Baa_B Alif_E">
        <lettre idLettre="1" x="121" transcription="ب" LatinTrans="Baa_B" />
        <lettre idLettre="2" x="111" transcription="ا" LatinTrans="Alif_E" />
      </paw>
      <paw idPaw="2" x="0" transcription="لسجن" LatinTrans="Laam_B Siin_M Jiim_M Nuun_E">
        <lettre idLettre="1" x="101" transcription="ل" LatinTrans="Laam_B" />
        <lettre idLettre="2" x="75" transcription="س" LatinTrans="Siin_M" />
        <lettre idLettre="3" x="48" transcription="ج" LatinTrans="Jiim_M" />
        <lettre idLettre="4" x="0" transcription="ن" LatinTrans="Nuun_E" />
      </paw>
    </word>
  </content>
</textImage>