﻿<?xml version="1.0" encoding="UTF-8" standalone="yes"?>
<textImage id="1" width="491" height="50" transcription="يحذر من عدم قدرة البلاد تحمل" image="aljazeera_3213-05-32-30_2">
  <ArabicTranscription>يحذر من عدم قدرة البلاد تحمل</ArabicTranscription>
  <LatinTranscription>Yaa_B Haaa_M Thaal_E Raa_I SPACE Miim_B Nuun_E SPACE Ayn_B Daal_E Miim_I SPACE Gaaf_B Daal_E Raa_I TaaaClosed_I SPACE Alif_I Laam_B Baa_M Laam_Alif Daal_I SPACE Taaa_B Haaa_M Miim_M Laam_E</LatinTranscription>
  <content>
    <word idWord="1" x="393" transcription="يحذر" LatinTrans="Yaa_B Haaa_M Thaal_E Raa_I">
      <paw idPaw="1" x="407" transcription="يحذ" LatinTrans="Yaa_B Haaa_M Thaal_E">
        <lettre idLettre="1" x="465" transcription="ي" LatinTrans="Yaa_B" />
        <lettre idLettre="2" x="431" transcription="ح" LatinTrans="Haaa_M" />
        <lettre idLettre="3" x="407" transcription="ذ" LatinTrans="Thaal_E" />
      </paw>
      <paw idPaw="2" x="393" transcription="ر" LatinTrans="Raa_I">
        <lettre idLettre="1" x="393" transcription="ر" LatinTrans="Raa_I" />
      </paw>
    </word>
    <word idWord="2" x="388" transcription=" " LatinTrans="SPACE">
      <paw idPaw="1" x="388" transcription=" " LatinTrans="SPACE">
        <lettre idLettre="1" x="388" transcription=" " LatinTrans="SPACE" />
      </paw>
    </word>
    <word idWord="3" x="321" transcription="من" LatinTrans="Miim_B Nuun_E">
      <paw idPaw="1" x="321" transcription="من" LatinTrans="Miim_B Nuun_E">
        <lettre idLettre="1" x="361" transcription="م" LatinTrans="Miim_B" />
        <lettre idLettre="2" x="321" transcription="ن" LatinTrans="Nuun_E" />
      </paw>
    </word>
    <word idWord="4" x="314" transcription=" " LatinTrans="SPACE">
      <paw idPaw="1" x="314" transcription=" " LatinTrans="SPACE">
        <lettre idLettre="1" x="314" transcription=" " LatinTrans="SPACE" />
      </paw>
    </word>
    <word idWord="5" x="253" transcription="عدم" LatinTrans="Ayn_B Daal_E Miim_I">
      <paw idPaw="1" x="276" transcription="عد" LatinTrans="Ayn_B Daal_E">
        <lettre idLettre="1" x="293" transcription="ع" LatinTrans="Ayn_B" />
        <lettre idLettre="2" x="276" transcription="د" LatinTrans="Daal_E" />
      </paw>
      <paw idPaw="2" x="253" transcription="م" LatinTrans="Miim_I">
        <lettre idLettre="1" x="253" transcription="م" LatinTrans="Miim_I" />
      </paw>
    </word>
    <word idWord="6" x="247" transcription=" " LatinTrans="SPACE">
      <paw idPaw="1" x="247" transcription=" " LatinTrans="SPACE">
        <lettre idLettre="1" x="247" transcription=" " LatinTrans="SPACE" />
      </paw>
    </word>
    <word idWord="7" x="180" transcription="قدرة" LatinTrans="Gaaf_B Daal_E Raa_I TaaaClosed_I">
      <paw idPaw="1" x="208" transcription="قد" LatinTrans="Gaaf_B Daal_E">
        <lettre idLettre="1" x="225" transcription="ق" LatinTrans="Gaaf_B" />
        <lettre idLettre="2" x="208" transcription="د" LatinTrans="Daal_E" />
      </paw>
      <paw idPaw="2" x="197" transcription="ر" LatinTrans="Raa_I">
        <lettre idLettre="1" x="197" transcription="ر" LatinTrans="Raa_I" />
      </paw>
      <paw idPaw="3" x="180" transcription="ة" LatinTrans="TaaaClosed_I">
        <lettre idLettre="1" x="180" transcription="ة" LatinTrans="TaaaClosed_I" />
      </paw>
    </word>
    <word idWord="8" x="174" transcription=" " LatinTrans="SPACE">
      <paw idPaw="1" x="174" transcription=" " LatinTrans="SPACE">
        <lettre idLettre="1" x="174" transcription=" " LatinTrans="SPACE" />
      </paw>
    </word>
    <word idWord="9" x="109" transcription="البلاد" LatinTrans="Alif_I Laam_B Baa_M Laam_Alif Daal_I">
      <paw idPaw="1" x="166" transcription="ا" LatinTrans="Alif_I">
        <lettre idLettre="1" x="166" transcription="ا" LatinTrans="Alif_I" />
      </paw>
      <paw idPaw="2" x="123" transcription="لبلا" LatinTrans="Laam_B Baa_M Laam_Alif">
        <lettre idLettre="1" x="156" transcription="ل" LatinTrans="Laam_B" />
        <lettre idLettre="2" x="144" transcription="ب" LatinTrans="Baa_M" />
        <lettre idLettre="3" x="123" transcription="لا" LatinTrans="Laam_Alif" />
      </paw>
      <paw idPaw="3" x="109" transcription="د" LatinTrans="Daal_I">
        <lettre idLettre="1" x="109" transcription="د" LatinTrans="Daal_I" />
      </paw>
    </word>
    <word idWord="10" x="104" transcription=" " LatinTrans="SPACE">
      <paw idPaw="1" x="104" transcription=" " LatinTrans="SPACE">
        <lettre idLettre="1" x="104" transcription=" " LatinTrans="SPACE" />
      </paw>
    </word>
    <word idWord="11" x="0" transcription="تحمل" LatinTrans="Taaa_B Haaa_M Miim_M Laam_E">
      <paw idPaw="1" x="0" transcription="تحمل" LatinTrans="Taaa_B Haaa_M Miim_M Laam_E">
        <lettre idLettre="1" x="85" transcription="ت" LatinTrans="Taaa_B" />
        <lettre idLettre="2" x="68" transcription="ح" LatinTrans="Haaa_M" />
        <lettre idLettre="3" x="46" transcription="م" LatinTrans="Miim_M" />
        <lettre idLettre="4" x="0" transcription="ل" LatinTrans="Laam_E" />
      </paw>
    </word>
  </content>
</textImage>