﻿<?xml version="1.0" encoding="UTF-8" standalone="yes"?>
<textImage id="1" width="400" height="52" transcription="الطبقة الوسطى هي المهمة" image="aljazeera_3213-05-35-50_1">
  <ArabicTranscription>الطبقة الوسطى هي المهمة</ArabicTranscription>
  <LatinTranscription>Alif_I Laam_B Thaaa_M Baa_M Gaaf_M TaaaClosed_E SPACE Alif_I Laam_B Waaw_E Siin_B Thaaa_M AlifBroken_E SPACE Haa_B Yaa_E SPACE Alif_I Laam_B Miim_M Haa_M Miim_M TaaaClosed_E</LatinTranscription>
  <content>
    <word idWord="1" x="303" transcription="الطبقة" LatinTrans="Alif_I Laam_B Thaaa_M Baa_M Gaaf_M TaaaClosed_E">
      <paw idPaw="1" x="389" transcription="ا" LatinTrans="Alif_I">
        <lettre idLettre="1" x="389" transcription="ا" LatinTrans="Alif_I" />
      </paw>
      <paw idPaw="2" x="303" transcription="لطبقة" LatinTrans="Laam_B Thaaa_M Baa_M Gaaf_M TaaaClosed_E">
        <lettre idLettre="1" x="382" transcription="ل" LatinTrans="Laam_B" />
        <lettre idLettre="2" x="353" transcription="ط" LatinTrans="Thaaa_M" />
        <lettre idLettre="3" x="341" transcription="ب" LatinTrans="Baa_M" />
        <lettre idLettre="4" x="321" transcription="ق" LatinTrans="Gaaf_M" />
        <lettre idLettre="5" x="303" transcription="ة" LatinTrans="TaaaClosed_E" />
      </paw>
    </word>
    <word idWord="2" x="294" transcription=" " LatinTrans="SPACE">
      <paw idPaw="1" x="294" transcription=" " LatinTrans="SPACE">
        <lettre idLettre="1" x="294" transcription=" " LatinTrans="SPACE" />
      </paw>
    </word>
    <word idWord="3" x="184" transcription="الوسطى" LatinTrans="Alif_I Laam_B Waaw_E Siin_B Thaaa_M AlifBroken_E">
      <paw idPaw="1" x="288" transcription="ا" LatinTrans="Alif_I">
        <lettre idLettre="1" x="288" transcription="ا" LatinTrans="Alif_I" />
      </paw>
      <paw idPaw="2" x="262" transcription="لو" LatinTrans="Laam_B Waaw_E">
        <lettre idLettre="1" x="279" transcription="ل" LatinTrans="Laam_B" />
        <lettre idLettre="2" x="262" transcription="و" LatinTrans="Waaw_E" />
      </paw>
      <paw idPaw="3" x="184" transcription="سطى" LatinTrans="Siin_B Thaaa_M AlifBroken_E">
        <lettre idLettre="1" x="237" transcription="س" LatinTrans="Siin_B" />
        <lettre idLettre="2" x="207" transcription="ط" LatinTrans="Thaaa_M" />
        <lettre idLettre="3" x="184" transcription="ى" LatinTrans="AlifBroken_E" />
      </paw>
    </word>
    <word idWord="4" x="177" transcription=" " LatinTrans="SPACE">
      <paw idPaw="1" x="177" transcription=" " LatinTrans="SPACE">
        <lettre idLettre="1" x="177" transcription=" " LatinTrans="SPACE" />
      </paw>
    </word>
    <word idWord="5" x="124" transcription="هي" LatinTrans="Haa_B Yaa_E">
      <paw idPaw="1" x="124" transcription="هي" LatinTrans="Haa_B Yaa_E">
        <lettre idLettre="1" x="150" transcription="ه" LatinTrans="Haa_B" />
        <lettre idLettre="2" x="124" transcription="ي" LatinTrans="Yaa_E" />
      </paw>
    </word>
    <word idWord="6" x="118" transcription=" " LatinTrans="SPACE">
      <paw idPaw="1" x="118" transcription=" " LatinTrans="SPACE">
        <lettre idLettre="1" x="118" transcription=" " LatinTrans="SPACE" />
      </paw>
    </word>
    <word idWord="7" x="0" transcription="المهمة" LatinTrans="Alif_I Laam_B Miim_M Haa_M Miim_M TaaaClosed_E">
      <paw idPaw="1" x="110" transcription="ا" LatinTrans="Alif_I">
        <lettre idLettre="1" x="110" transcription="ا" LatinTrans="Alif_I" />
      </paw>
      <paw idPaw="2" x="0" transcription="لمهمة" LatinTrans="Laam_B Miim_M Haa_M Miim_M TaaaClosed_E">
        <lettre idLettre="1" x="102" transcription="ل" LatinTrans="Laam_B" />
        <lettre idLettre="2" x="85" transcription="م" LatinTrans="Miim_M" />
        <lettre idLettre="3" x="66" transcription="ه" LatinTrans="Haa_M" />
        <lettre idLettre="4" x="48" transcription="م" LatinTrans="Miim_M" />
        <lettre idLettre="5" x="0" transcription="ة" LatinTrans="TaaaClosed_E" />
      </paw>
    </word>
  </content>
</textImage>