﻿<?xml version="1.0" encoding="UTF-8" standalone="yes"?>
<textImage id="1" width="385" height="37" transcription="وزير سوري يعرض الاجتماع بمعارضين" image="aljazeera_3212-10-11-40_1">
  <ArabicTranscription>وزير سوري يعرض الاجتماع بمعارضين</ArabicTranscription>
  <LatinTranscription>Waaw_I Zaay_I Yaa_B Raa_E SPACE Siin_B Waaw_E Raa_I Yaa_I SPACE Yaa_B Ayn_M Raa_E Daad_I SPACE Alif_I Laam_Alif Jiim_B Taaa_M Miim_M Alif_E Ayn_I SPACE Baa_B Miim_M Ayn_M Alif_E Raa_I Daad_B Yaa_M Nuun_E</LatinTranscription>
  <content>
    <word idWord="1" x="342" transcription="وزير" LatinTrans="Waaw_I Zaay_I Yaa_B Raa_E">
      <paw idPaw="1" x="371" transcription="و" LatinTrans="Waaw_I">
        <lettre idLettre="1" x="371" transcription="و" LatinTrans="Waaw_I" />
      </paw>
      <paw idPaw="2" x="361" transcription="ز" LatinTrans="Zaay_I">
        <lettre idLettre="1" x="361" transcription="ز" LatinTrans="Zaay_I" />
      </paw>
      <paw idPaw="3" x="342" transcription="ير" LatinTrans="Yaa_B Raa_E">
        <lettre idLettre="1" x="351" transcription="ي" LatinTrans="Yaa_B" />
        <lettre idLettre="2" x="342" transcription="ر" LatinTrans="Raa_E" />
      </paw>
    </word>
    <word idWord="2" x="337" transcription=" " LatinTrans="SPACE">
      <paw idPaw="1" x="337" transcription=" " LatinTrans="SPACE">
        <lettre idLettre="1" x="337" transcription=" " LatinTrans="SPACE" />
      </paw>
    </word>
    <word idWord="3" x="277" transcription="سوري" LatinTrans="Siin_B Waaw_E Raa_I Yaa_I">
      <paw idPaw="1" x="304" transcription="سو" LatinTrans="Siin_B Waaw_E">
        <lettre idLettre="1" x="318" transcription="س" LatinTrans="Siin_B" />
        <lettre idLettre="2" x="304" transcription="و" LatinTrans="Waaw_E" />
      </paw>
      <paw idPaw="2" x="297" transcription="ر" LatinTrans="Raa_I">
        <lettre idLettre="1" x="297" transcription="ر" LatinTrans="Raa_I" />
      </paw>
      <paw idPaw="3" x="277" transcription="ي" LatinTrans="Yaa_I">
        <lettre idLettre="1" x="277" transcription="ي" LatinTrans="Yaa_I" />
      </paw>
    </word>
    <word idWord="4" x="275" transcription=" " LatinTrans="SPACE">
      <paw idPaw="1" x="275" transcription=" " LatinTrans="SPACE">
        <lettre idLettre="1" x="275" transcription=" " LatinTrans="SPACE" />
      </paw>
    </word>
    <word idWord="5" x="204" transcription="يعرض" LatinTrans="Yaa_B Ayn_M Raa_E Daad_I">
      <paw idPaw="1" x="237" transcription="يعر" LatinTrans="Yaa_B Ayn_M Raa_E">
        <lettre idLettre="1" x="263" transcription="ي" LatinTrans="Yaa_B" />
        <lettre idLettre="2" x="246" transcription="ع" LatinTrans="Ayn_M" />
        <lettre idLettre="3" x="237" transcription="ر" LatinTrans="Raa_E" />
      </paw>
      <paw idPaw="2" x="204" transcription="ض" LatinTrans="Daad_I">
        <lettre idLettre="1" x="204" transcription="ض" LatinTrans="Daad_I" />
      </paw>
    </word>
    <word idWord="6" x="200" transcription=" " LatinTrans="SPACE">
      <paw idPaw="1" x="200" transcription=" " LatinTrans="SPACE">
        <lettre idLettre="1" x="200" transcription=" " LatinTrans="SPACE" />
      </paw>
    </word>
    <word idWord="7" x="117" transcription="الاجتماع" LatinTrans="Alif_I Laam_Alif Jiim_B Taaa_M Miim_M Alif_E Ayn_I">
      <paw idPaw="1" x="195" transcription="ا" LatinTrans="Alif_I">
        <lettre idLettre="1" x="195" transcription="ا" LatinTrans="Alif_I" />
      </paw>
      <paw idPaw="2" x="181" transcription="لا" LatinTrans="Laam_Alif">
        <lettre idLettre="1" x="181" transcription="لا" LatinTrans="Laam_Alif" />
      </paw>
      <paw idPaw="3" x="134" transcription="جتما" LatinTrans="Jiim_B Taaa_M Miim_M Alif_E">
        <lettre idLettre="1" x="166" transcription="ج" LatinTrans="Jiim_B" />
        <lettre idLettre="2" x="155" transcription="ت" LatinTrans="Taaa_M" />
        <lettre idLettre="3" x="141" transcription="م" LatinTrans="Miim_M" />
        <lettre idLettre="4" x="134" transcription="ا" LatinTrans="Alif_E" />
      </paw>
      <paw idPaw="4" x="117" transcription="ع" LatinTrans="Ayn_I">
        <lettre idLettre="1" x="117" transcription="ع" LatinTrans="Ayn_I" />
      </paw>
    </word>
    <word idWord="8" x="114" transcription=" " LatinTrans="SPACE">
      <paw idPaw="1" x="114" transcription=" " LatinTrans="SPACE">
        <lettre idLettre="1" x="114" transcription=" " LatinTrans="SPACE" />
      </paw>
    </word>
    <word idWord="9" x="0" transcription="بمعارضين" LatinTrans="Baa_B Miim_M Ayn_M Alif_E Raa_I Daad_B Yaa_M Nuun_E">
      <paw idPaw="1" x="65" transcription="بمعا" LatinTrans="Baa_B Miim_M Ayn_M Alif_E">
        <lettre idLettre="1" x="102" transcription="ب" LatinTrans="Baa_B" />
        <lettre idLettre="2" x="89" transcription="م" LatinTrans="Miim_M" />
        <lettre idLettre="3" x="72" transcription="ع" LatinTrans="Ayn_M" />
        <lettre idLettre="4" x="65" transcription="ا" LatinTrans="Alif_E" />
      </paw>
      <paw idPaw="2" x="56" transcription="ر" LatinTrans="Raa_I">
        <lettre idLettre="1" x="56" transcription="ر" LatinTrans="Raa_I" />
      </paw>
      <paw idPaw="3" x="0" transcription="ضين" LatinTrans="Daad_B Yaa_M Nuun_E">
        <lettre idLettre="1" x="33" transcription="ض" LatinTrans="Daad_B" />
        <lettre idLettre="2" x="19" transcription="ي" LatinTrans="Yaa_M" />
        <lettre idLettre="3" x="0" transcription="ن" LatinTrans="Nuun_E" />
      </paw>
    </word>
  </content>
</textImage>