﻿<?xml version="1.0" encoding="UTF-8" standalone="yes"?>
<textImage id="1" width="359" height="52" transcription="ازدياد شعبية رئيس الوزراء الياباني" image="aljazeera_3212-08-50-30_1">
  <ArabicTranscription>ازدياد شعبية رئيس الوزراء الياباني</ArabicTranscription>
  <LatinTranscription>Alif_I Zaay_I Daal_I Yaa_B Alif_E Daal_I SPACE Shiin_B Ayn_M Baa_M Yaa_M TaaaClosed_E SPACE Raa_I HamzaAboveAlifBroken_B Yaa_M Siin_E SPACE Alif_I Laam_B Waaw_E Zaay_I Raa_I Alif_I Hamza SPACE Alif_I Laam_B Yaa_M Alif_E Baa_B Alif_E Nuun_B Yaa_E</LatinTranscription>
  <content>
    <word idWord="1" x="296" transcription="ازدياد" LatinTrans="Alif_I Zaay_I Daal_I Yaa_B Alif_E Daal_I">
      <paw idPaw="1" x="350" transcription="ا" LatinTrans="Alif_I">
        <lettre idLettre="1" x="350" transcription="ا" LatinTrans="Alif_I" />
      </paw>
      <paw idPaw="2" x="340" transcription="ز" LatinTrans="Zaay_I">
        <lettre idLettre="1" x="340" transcription="ز" LatinTrans="Zaay_I" />
      </paw>
      <paw idPaw="3" x="329" transcription="د" LatinTrans="Daal_I">
        <lettre idLettre="1" x="329" transcription="د" LatinTrans="Daal_I" />
      </paw>
      <paw idPaw="4" x="310" transcription="يا" LatinTrans="Yaa_B Alif_E">
        <lettre idLettre="1" x="317" transcription="ي" LatinTrans="Yaa_B" />
        <lettre idLettre="2" x="310" transcription="ا" LatinTrans="Alif_E" />
      </paw>
      <paw idPaw="5" x="296" transcription="د" LatinTrans="Daal_I">
        <lettre idLettre="1" x="296" transcription="د" LatinTrans="Daal_I" />
      </paw>
    </word>
    <word idWord="2" x="293" transcription=" " LatinTrans="SPACE">
      <paw idPaw="1" x="293" transcription=" " LatinTrans="SPACE">
        <lettre idLettre="1" x="293" transcription=" " LatinTrans="SPACE" />
      </paw>
    </word>
    <word idWord="3" x="220" transcription="شعبية" LatinTrans="Shiin_B Ayn_M Baa_M Yaa_M TaaaClosed_E">
      <paw idPaw="1" x="220" transcription="شعبية" LatinTrans="Shiin_B Ayn_M Baa_M Yaa_M TaaaClosed_E">
        <lettre idLettre="1" x="274" transcription="ش" LatinTrans="Shiin_B" />
        <lettre idLettre="2" x="257" transcription="ع" LatinTrans="Ayn_M" />
        <lettre idLettre="3" x="247" transcription="ب" LatinTrans="Baa_M" />
        <lettre idLettre="4" x="235" transcription="ي" LatinTrans="Yaa_M" />
        <lettre idLettre="5" x="220" transcription="ة" LatinTrans="TaaaClosed_E" />
      </paw>
    </word>
    <word idWord="4" x="216" transcription=" " LatinTrans="SPACE">
      <paw idPaw="1" x="216" transcription=" " LatinTrans="SPACE">
        <lettre idLettre="1" x="216" transcription=" " LatinTrans="SPACE" />
      </paw>
    </word>
    <word idWord="5" x="154" transcription="رئيس" LatinTrans="Raa_I HamzaAboveAlifBroken_B Yaa_M Siin_E">
      <paw idPaw="1" x="205" transcription="ر" LatinTrans="Raa_I">
        <lettre idLettre="1" x="205" transcription="ر" LatinTrans="Raa_I" />
      </paw>
      <paw idPaw="2" x="154" transcription="ئيس" LatinTrans="HamzaAboveAlifBroken_B Yaa_M Siin_E">
        <lettre idLettre="1" x="197" transcription="ئ" LatinTrans="HamzaAboveAlifBroken_B" />
        <lettre idLettre="2" x="184" transcription="ي" LatinTrans="Yaa_M" />
        <lettre idLettre="3" x="154" transcription="س" LatinTrans="Siin_E" />
      </paw>
    </word>
    <word idWord="6" x="150" transcription=" " LatinTrans="SPACE">
      <paw idPaw="1" x="150" transcription=" " LatinTrans="SPACE">
        <lettre idLettre="1" x="150" transcription=" " LatinTrans="SPACE" />
      </paw>
    </word>
    <word idWord="7" x="87" transcription="الوزراء" LatinTrans="Alif_I Laam_B Waaw_E Zaay_I Raa_I Alif_I Hamza">
      <paw idPaw="1" x="144" transcription="ا" LatinTrans="Alif_I">
        <lettre idLettre="1" x="144" transcription="ا" LatinTrans="Alif_I" />
      </paw>
      <paw idPaw="2" x="125" transcription="لو" LatinTrans="Laam_B Waaw_E">
        <lettre idLettre="1" x="137" transcription="ل" LatinTrans="Laam_B" />
        <lettre idLettre="2" x="125" transcription="و" LatinTrans="Waaw_E" />
      </paw>
      <paw idPaw="3" x="114" transcription="ز" LatinTrans="Zaay_I">
        <lettre idLettre="1" x="114" transcription="ز" LatinTrans="Zaay_I" />
      </paw>
      <paw idPaw="4" x="106" transcription="ر" LatinTrans="Raa_I">
        <lettre idLettre="1" x="106" transcription="ر" LatinTrans="Raa_I" />
      </paw>
      <paw idPaw="5" x="99" transcription="ا" LatinTrans="Alif_I">
        <lettre idLettre="1" x="99" transcription="ا" LatinTrans="Alif_I" />
      </paw>
      <paw idPaw="6" x="87" transcription="ء" LatinTrans="Hamza">
        <lettre idLettre="1" x="87" transcription="ء" LatinTrans="Hamza" />
      </paw>
    </word>
    <word idWord="8" x="83" transcription=" " LatinTrans="SPACE">
      <paw idPaw="1" x="83" transcription=" " LatinTrans="SPACE">
        <lettre idLettre="1" x="83" transcription=" " LatinTrans="SPACE" />
      </paw>
    </word>
    <word idWord="9" x="0" transcription="الياباني" LatinTrans="Alif_I Laam_B Yaa_M Alif_E Baa_B Alif_E Nuun_B Yaa_E">
      <paw idPaw="1" x="76" transcription="ا" LatinTrans="Alif_I">
        <lettre idLettre="1" x="76" transcription="ا" LatinTrans="Alif_I" />
      </paw>
      <paw idPaw="2" x="50" transcription="ليا" LatinTrans="Laam_B Yaa_M Alif_E">
        <lettre idLettre="1" x="69" transcription="ل" LatinTrans="Laam_B" />
        <lettre idLettre="2" x="57" transcription="ي" LatinTrans="Yaa_M" />
        <lettre idLettre="3" x="50" transcription="ا" LatinTrans="Alif_E" />
      </paw>
      <paw idPaw="3" x="32" transcription="با" LatinTrans="Baa_B Alif_E">
        <lettre idLettre="1" x="41" transcription="ب" LatinTrans="Baa_B" />
        <lettre idLettre="2" x="32" transcription="ا" LatinTrans="Alif_E" />
      </paw>
      <paw idPaw="4" x="0" transcription="ني" LatinTrans="Nuun_B Yaa_E">
        <lettre idLettre="1" x="22" transcription="ن" LatinTrans="Nuun_B" />
        <lettre idLettre="2" x="0" transcription="ي" LatinTrans="Yaa_E" />
      </paw>
    </word>
  </content>
</textImage>