﻿<?xml version="1.0" encoding="UTF-8" standalone="yes"?>
<textImage id="1" width="146" height="40" transcription="راشد الغنوشي" image="aljazeera_3213-00-00-20_1">
  <ArabicTranscription>راشد الغنوشي</ArabicTranscription>
  <LatinTranscription>Raa_I Alif_I Shiin_B Daal_E SPACE Alif_I Laam_B Ghayn_M Nuun_M Waaw_E Shiin_B Yaa_E</LatinTranscription>
  <content>
    <word idWord="1" x="97" transcription="راشد" LatinTrans="Raa_I Alif_I Shiin_B Daal_E">
      <paw idPaw="1" x="134" transcription="ر" LatinTrans="Raa_I">
        <lettre idLettre="1" x="134" transcription="ر" LatinTrans="Raa_I" />
      </paw>
      <paw idPaw="2" x="129" transcription="ا" LatinTrans="Alif_I">
        <lettre idLettre="1" x="129" transcription="ا" LatinTrans="Alif_I" />
      </paw>
      <paw idPaw="3" x="97" transcription="شد" LatinTrans="Shiin_B Daal_E">
        <lettre idLettre="1" x="110" transcription="ش" LatinTrans="Shiin_B" />
        <lettre idLettre="2" x="97" transcription="د" LatinTrans="Daal_E" />
      </paw>
    </word>
    <word idWord="2" x="92" transcription=" " LatinTrans="SPACE">
      <paw idPaw="1" x="92" transcription=" " LatinTrans="SPACE">
        <lettre idLettre="1" x="92" transcription=" " LatinTrans="SPACE" />
      </paw>
    </word>
    <word idWord="3" x="0" transcription="الغنوشي" LatinTrans="Alif_I Laam_B Ghayn_M Nuun_M Waaw_E Shiin_B Yaa_E">
      <paw idPaw="1" x="86" transcription="ا" LatinTrans="Alif_I">
        <lettre idLettre="1" x="86" transcription="ا" LatinTrans="Alif_I" />
      </paw>
      <paw idPaw="2" x="41" transcription="لغنو" LatinTrans="Laam_B Ghayn_M Nuun_M Waaw_E">
        <lettre idLettre="1" x="78" transcription="ل" LatinTrans="Laam_B" />
        <lettre idLettre="2" x="62" transcription="غ" LatinTrans="Ghayn_M" />
        <lettre idLettre="3" x="52" transcription="ن" LatinTrans="Nuun_M" />
        <lettre idLettre="4" x="41" transcription="و" LatinTrans="Waaw_E" />
      </paw>
      <paw idPaw="3" x="0" transcription="شي" LatinTrans="Shiin_B Yaa_E">
        <lettre idLettre="1" x="23" transcription="ش" LatinTrans="Shiin_B" />
        <lettre idLettre="2" x="0" transcription="ي" LatinTrans="Yaa_E" />
      </paw>
    </word>
  </content>
</textImage>