﻿<?xml version="1.0" encoding="UTF-8" standalone="yes"?>
<textImage id="2" width="401" height="39" transcription="فوضى عارمة ودولة فاشلة" image="aljazeera_3212-08-42-30_2">
  <ArabicTranscription>فوضى عارمة ودولة فاشلة</ArabicTranscription>
  <LatinTranscription>Faa_B Waaw_E Daad_B AlifBroken_E SPACE Ayn_B Alif_E Raa_I Miim_B TaaaClosed_E SPACE Waaw_I Daal_I Waaw_I Laam_B TaaaClosed_E SPACE Faa_B Alif_E Shiin_B Laam_M TaaaClosed_E</LatinTranscription>
  <content>
    <word idWord="1" x="300" transcription="فوضى" LatinTrans="Faa_B Waaw_E Daad_B AlifBroken_E">
      <paw idPaw="1" x="365" transcription="فو" LatinTrans="Faa_B Waaw_E">
        <lettre idLettre="1" x="380" transcription="ف" LatinTrans="Faa_B" />
        <lettre idLettre="2" x="365" transcription="و" LatinTrans="Waaw_E" />
      </paw>
      <paw idPaw="2" x="300" transcription="ضى" LatinTrans="Daad_B AlifBroken_E">
        <lettre idLettre="1" x="335" transcription="ض" LatinTrans="Daad_B" />
        <lettre idLettre="2" x="300" transcription="ى" LatinTrans="AlifBroken_E" />
      </paw>
    </word>
    <word idWord="2" x="292" transcription=" " LatinTrans="SPACE">
      <paw idPaw="1" x="292" transcription=" " LatinTrans="SPACE">
        <lettre idLettre="1" x="292" transcription=" " LatinTrans="SPACE" />
      </paw>
    </word>
    <word idWord="3" x="205" transcription="عارمة" LatinTrans="Ayn_B Alif_E Raa_I Miim_B TaaaClosed_E">
      <paw idPaw="1" x="264" transcription="عا" LatinTrans="Ayn_B Alif_E">
        <lettre idLettre="1" x="276" transcription="ع" LatinTrans="Ayn_B" />
        <lettre idLettre="2" x="264" transcription="ا" LatinTrans="Alif_E" />
      </paw>
      <paw idPaw="2" x="254" transcription="ر" LatinTrans="Raa_I">
        <lettre idLettre="1" x="254" transcription="ر" LatinTrans="Raa_I" />
      </paw>
      <paw idPaw="3" x="205" transcription="مة" LatinTrans="Miim_B TaaaClosed_E">
        <lettre idLettre="1" x="233" transcription="م" LatinTrans="Miim_B" />
        <lettre idLettre="2" x="205" transcription="ة" LatinTrans="TaaaClosed_E" />
      </paw>
    </word>
    <word idWord="4" x="199" transcription=" " LatinTrans="SPACE">
      <paw idPaw="1" x="199" transcription=" " LatinTrans="SPACE">
        <lettre idLettre="1" x="199" transcription=" " LatinTrans="SPACE" />
      </paw>
    </word>
    <word idWord="5" x="107" transcription="ودولة" LatinTrans="Waaw_I Daal_I Waaw_I Laam_B TaaaClosed_E">
      <paw idPaw="1" x="185" transcription="و" LatinTrans="Waaw_I">
        <lettre idLettre="1" x="185" transcription="و" LatinTrans="Waaw_I" />
      </paw>
      <paw idPaw="2" x="169" transcription="د" LatinTrans="Daal_I">
        <lettre idLettre="1" x="169" transcription="د" LatinTrans="Daal_I" />
      </paw>
      <paw idPaw="3" x="158" transcription="و" LatinTrans="Waaw_I">
        <lettre idLettre="1" x="158" transcription="و" LatinTrans="Waaw_I" />
      </paw>
      <paw idPaw="4" x="107" transcription="لة" LatinTrans="Laam_B TaaaClosed_E">
        <lettre idLettre="1" x="145" transcription="ل" LatinTrans="Laam_B" />
        <lettre idLettre="2" x="107" transcription="ة" LatinTrans="TaaaClosed_E" />
      </paw>
    </word>
    <word idWord="6" x="102" transcription=" " LatinTrans="SPACE">
      <paw idPaw="1" x="102" transcription=" " LatinTrans="SPACE">
        <lettre idLettre="1" x="102" transcription=" " LatinTrans="SPACE" />
      </paw>
    </word>
    <word idWord="7" x="77" transcription="فاشلة" LatinTrans="Faa_B Alif_E Shiin_B Laam_M TaaaClosed_E">
      <paw idPaw="1" x="77" transcription="فا" LatinTrans="Faa_B Alif_E">
        <lettre idLettre="1" x="86" transcription="ف" LatinTrans="Faa_B" />
        <lettre idLettre="2" x="77" transcription="ا" LatinTrans="Alif_E" />
      </paw>
      <paw idPaw="2" x="0" transcription="شلة" LatinTrans="Shiin_B Laam_M TaaaClosed_E">
        <lettre idLettre="1" x="54" transcription="ش" LatinTrans="Shiin_B" />
        <lettre idLettre="2" x="40" transcription="ل" LatinTrans="Laam_M" />
        <lettre idLettre="3" x="0" transcription="ة" LatinTrans="TaaaClosed_E" />
      </paw>
    </word>
  </content>
</textImage>