﻿<?xml version="1.0" encoding="UTF-8" standalone="yes"?>
<textImage id="4" width="257" height="34" transcription="خطابه بشأن حالة الاتحاد" image="aljazeera_3213-01-27-50_4">
  <ArabicTranscription>خطابه بشأن حالة الاتحاد</ArabicTranscription>
  <LatinTranscription>Xaa_B Thaaa_M Alif_E Baa_B Haa_E SPACE Baa_B Shiin_M HamzaAboveAlif_E Nuun_I SPACE Haaa_B Alif_E Laam_B TaaaClosed_E SPACE Alif_I Laam_Alif Taaa_B Haaa_M Alif_E Daal_I</LatinTranscription>
  <content>
    <word idWord="1" x="177" transcription="خطابه" LatinTrans="Xaa_B Thaaa_M Alif_E Baa_B Haa_E">
      <paw idPaw="1" x="217" transcription="خطا" LatinTrans="Xaa_B Thaaa_M Alif_E">
        <lettre idLettre="1" x="241" transcription="خ" LatinTrans="Xaa_B" />
        <lettre idLettre="2" x="224" transcription="ط" LatinTrans="Thaaa_M" />
        <lettre idLettre="3" x="217" transcription="ا" LatinTrans="Alif_E" />
      </paw>
      <paw idPaw="2" x="177" transcription="به" LatinTrans="Baa_B Haa_E">
        <lettre idLettre="1" x="201" transcription="ب" LatinTrans="Baa_B" />
        <lettre idLettre="2" x="177" transcription="ه" LatinTrans="Haa_E" />
      </paw>
    </word>
    <word idWord="2" x="174" transcription=" " LatinTrans="SPACE">
      <paw idPaw="1" x="174" transcription=" " LatinTrans="SPACE">
        <lettre idLettre="1" x="174" transcription=" " LatinTrans="SPACE" />
      </paw>
    </word>
    <word idWord="3" x="122" transcription="بشأن" LatinTrans="Baa_B Shiin_M HamzaAboveAlif_E Nuun_I">
      <paw idPaw="1" x="136" transcription="بشأ" LatinTrans="Baa_B Shiin_M HamzaAboveAlif_E">
        <lettre idLettre="1" x="164" transcription="ب" LatinTrans="Baa_B" />
        <lettre idLettre="2" x="146" transcription="ش" LatinTrans="Shiin_M" />
        <lettre idLettre="3" x="136" transcription="أ" LatinTrans="HamzaAboveAlif_E" />
      </paw>
      <paw idPaw="2" x="122" transcription="ن" LatinTrans="Nuun_I">
        <lettre idLettre="1" x="122" transcription="ن" LatinTrans="Nuun_I" />
      </paw>
    </word>
    <word idWord="4" x="118" transcription=" " LatinTrans="SPACE">
      <paw idPaw="1" x="118" transcription=" " LatinTrans="SPACE">
        <lettre idLettre="1" x="118" transcription=" " LatinTrans="SPACE" />
      </paw>
    </word>
    <word idWord="5" x="62" transcription="حالة" LatinTrans="Haaa_B Alif_E Laam_B TaaaClosed_E">
      <paw idPaw="1" x="97" transcription="حا" LatinTrans="Haaa_B Alif_E">
        <lettre idLettre="1" x="104" transcription="ح" LatinTrans="Haaa_B" />
        <lettre idLettre="2" x="97" transcription="ا" LatinTrans="Alif_E" />
      </paw>
      <paw idPaw="2" x="62" transcription="لة" LatinTrans="Laam_B TaaaClosed_E">
        <lettre idLettre="1" x="87" transcription="ل" LatinTrans="Laam_B" />
        <lettre idLettre="2" x="62" transcription="ة" LatinTrans="TaaaClosed_E" />
      </paw>
    </word>
    <word idWord="6" x="57" transcription=" " LatinTrans="SPACE">
      <paw idPaw="1" x="57" transcription=" " LatinTrans="SPACE">
        <lettre idLettre="1" x="57" transcription=" " LatinTrans="SPACE" />
      </paw>
    </word>
    <word idWord="7" x="0" transcription="الاتحاد" LatinTrans="Alif_I Laam_Alif Taaa_B Haaa_M Alif_E Daal_I">
      <paw idPaw="1" x="52" transcription="ا" LatinTrans="Alif_I">
        <lettre idLettre="1" x="52" transcription="ا" LatinTrans="Alif_I" />
      </paw>
      <paw idPaw="2" x="42" transcription="لا" LatinTrans="Laam_Alif">
        <lettre idLettre="1" x="42" transcription="لا" LatinTrans="Laam_Alif" />
      </paw>
      <paw idPaw="3" x="12" transcription="تحا" LatinTrans="Taaa_B Haaa_M Alif_E">
        <lettre idLettre="1" x="31" transcription="ت" LatinTrans="Taaa_B" />
        <lettre idLettre="2" x="17" transcription="ح" LatinTrans="Haaa_M" />
        <lettre idLettre="3" x="12" transcription="ا" LatinTrans="Alif_E" />
      </paw>
      <paw idPaw="4" x="0" transcription="د" LatinTrans="Daal_I">
        <lettre idLettre="1" x="0" transcription="د" LatinTrans="Daal_I" />
      </paw>
    </word>
  </content>
</textImage>