﻿<?xml version="1.0" encoding="UTF-8" standalone="yes"?>
<textImage id="1" width="486" height="104" transcription="ماجزاء القاتل؟" image="aljazeera_19-01-20-00_1">
  <ArabicTranscription>ماجزاء القاتل؟</ArabicTranscription>
  <LatinTranscription>Miim_B Alif_E Jiim_B Zaay_E Alif_I Hamza SPACE Alif_I Laam_B Gaaf_M Alif_E Taaa_B Laam_E INTERPOINT</LatinTranscription>
  <content>
    <word idWord="1" x="259" transcription="ماجزاء" LatinTrans="Miim_B Alif_E Jiim_B Zaay_E Alif_I Hamza">
      <paw idPaw="1" x="420" transcription="ما" LatinTrans="Miim_B Alif_E">
        <lettre idLettre="1" x="441" transcription="م" LatinTrans="Miim_B" />
        <lettre idLettre="2" x="420" transcription="ا" LatinTrans="Alif_E" />
      </paw>
      <paw idPaw="2" x="303" transcription="جز" LatinTrans="Jiim_B Zaay_E">
        <lettre idLettre="1" x="364" transcription="ج" LatinTrans="Jiim_B" />
        <lettre idLettre="2" x="303" transcription="ز" LatinTrans="Zaay_E" />
      </paw>
      <paw idPaw="3" x="284" transcription="ا" LatinTrans="Alif_I">
        <lettre idLettre="1" x="284" transcription="ا" LatinTrans="Alif_I" />
      </paw>
      <paw idPaw="4" x="259" transcription="ء" LatinTrans="Hamza">
        <lettre idLettre="1" x="259" transcription="ء" LatinTrans="Hamza" />
      </paw>
    </word>
    <word idWord="2" x="251" transcription=" " LatinTrans="SPACE">
      <paw idPaw="1" x="251" transcription=" " LatinTrans="SPACE">
        <lettre idLettre="1" x="251" transcription=" " LatinTrans="SPACE" />
      </paw>
    </word>
    <word idWord="3" x="0" transcription="القاتل؟" LatinTrans="Alif_I Laam_B Gaaf_M Alif_E Taaa_B Laam_E INTERPOINT">
      <paw idPaw="1" x="220" transcription="ا" LatinTrans="Alif_I">
        <lettre idLettre="1" x="220" transcription="ا" LatinTrans="Alif_I" />
      </paw>
      <paw idPaw="2" x="137" transcription="لقا" LatinTrans="Laam_B Gaaf_M Alif_E">
        <lettre idLettre="1" x="196" transcription="ل" LatinTrans="Laam_B" />
        <lettre idLettre="2" x="158" transcription="ق" LatinTrans="Gaaf_M" />
        <lettre idLettre="3" x="137" transcription="ا" LatinTrans="Alif_E" />
      </paw>
      <paw idPaw="3" x="48" transcription="تل" LatinTrans="Taaa_B Laam_E">
        <lettre idLettre="1" x="104" transcription="ت" LatinTrans="Taaa_B" />
        <lettre idLettre="2" x="48" transcription="ل" LatinTrans="Laam_E" />
      </paw>
      <paw idPaw="4" x="0" transcription="؟" LatinTrans="INTERPOINT">
        <lettre idLettre="1" x="0" transcription="؟" LatinTrans="INTERPOINT" />
      </paw>
    </word>
  </content>
</textImage>