﻿<?xml version="1.0" encoding="UTF-8" standalone="yes"?>
<textImage id="1" width="170" height="87" transcription="زمام" image="aljazeera_3212-02-04-10_1">
  <ArabicTranscription>زمام</ArabicTranscription>
  <LatinTranscription>Zaay_I Miim_B Alif_E Miim_I</LatinTranscription>
  <content>
    <word idWord="1" x="0" transcription="زمام" LatinTrans="Zaay_I Miim_B Alif_E Miim_I">
      <paw idPaw="1" x="127" transcription="ز" LatinTrans="Zaay_I">
        <lettre idLettre="1" x="127" transcription="ز" LatinTrans="Zaay_I" />
      </paw>
      <paw idPaw="2" x="63" transcription="ما" LatinTrans="Miim_B Alif_E">
        <lettre idLettre="1" x="89" transcription="م" LatinTrans="Miim_B" />
        <lettre idLettre="2" x="63" transcription="ا" LatinTrans="Alif_E" />
      </paw>
      <paw idPaw="3" x="0" transcription="م" LatinTrans="Miim_I">
        <lettre idLettre="1" x="0" transcription="م" LatinTrans="Miim_I" />
      </paw>
    </word>
  </content>
</textImage>