﻿<?xml version="1.0" encoding="UTF-8" standalone="yes"?>
<textImage id="2" width="488" height="55" transcription="وسائل الإعلام بحجب نشر أية" image="aljazeera_3213-05-34-50_2">
  <ArabicTranscription>وسائل الإعلام بحجب نشر أية</ArabicTranscription>
  <LatinTranscription>Waaw_I Siin_B Alif_E HamzaAboveAlifBroken_B Laam_E SPACE Alif_I Laam_HamzaOnederAlif Ayn_B Laam_Alif Miim_I SPACE Baa_B Haaa_M Jiim_M Baa_E SPACE Nuun_B Shiin_M Raa_E SPACE HamzaAboveAlif_I Yaa_B TaaaClosed_E</LatinTranscription>
  <content>
    <word idWord="1" x="359" transcription="وسائل" LatinTrans="Waaw_I Siin_B Alif_E HamzaAboveAlifBroken_B Laam_E">
      <paw idPaw="1" x="471" transcription="و" LatinTrans="Waaw_I">
        <lettre idLettre="1" x="471" transcription="و" LatinTrans="Waaw_I" />
      </paw>
      <paw idPaw="2" x="417" transcription="سا" LatinTrans="Siin_B Alif_E">
        <lettre idLettre="1" x="429" transcription="س" LatinTrans="Siin_B" />
        <lettre idLettre="2" x="417" transcription="ا" LatinTrans="Alif_E" />
      </paw>
      <paw idPaw="3" x="359" transcription="ئل" LatinTrans="HamzaAboveAlifBroken_B Laam_E">
        <lettre idLettre="1" x="397" transcription="ئ" LatinTrans="HamzaAboveAlifBroken_B" />
        <lettre idLettre="2" x="359" transcription="ل" LatinTrans="Laam_E" />
      </paw>
    </word>
    <word idWord="2" x="352" transcription=" " LatinTrans="SPACE">
      <paw idPaw="1" x="352" transcription=" " LatinTrans="SPACE">
        <lettre idLettre="1" x="352" transcription=" " LatinTrans="SPACE" />
      </paw>
    </word>
    <word idWord="3" x="266" transcription="الإعلام" LatinTrans="Alif_I Laam_HamzaOnederAlif Ayn_B Laam_Alif Miim_I">
      <paw idPaw="1" x="344" transcription="ا" LatinTrans="Alif_I">
        <lettre idLettre="1" x="344" transcription="ا" LatinTrans="Alif_I" />
      </paw>
      <paw idPaw="2" x="326" transcription="لإ" LatinTrans="Laam_HamzaOnederAlif">
        <lettre idLettre="1" x="326" transcription="لإ" LatinTrans="Laam_HamzaUnderAlif" />
      </paw>
      <paw idPaw="3" x="285" transcription="علا" LatinTrans="Ayn_B Laam_Alif">
        <lettre idLettre="1" x="308" transcription="ع" LatinTrans="Ayn_B" />
        <lettre idLettre="2" x="285" transcription="لا" LatinTrans="Laam_Alif" />
      </paw>
      <paw idPaw="4" x="266" transcription="م" LatinTrans="Miim_I">
        <lettre idLettre="1" x="266" transcription="م" LatinTrans="Miim_I" />
      </paw>
    </word>
    <word idWord="4" x="259" transcription=" " LatinTrans="SPACE">
      <paw idPaw="1" x="259" transcription=" " LatinTrans="SPACE">
        <lettre idLettre="1" x="259" transcription=" " LatinTrans="SPACE" />
      </paw>
    </word>
    <word idWord="5" x="157" transcription="بحجب" LatinTrans="Baa_B Haaa_M Jiim_M Baa_E">
      <paw idPaw="1" x="157" transcription="بحجب" LatinTrans="Baa_B Haaa_M Jiim_M Baa_E">
        <lettre idLettre="1" x="242" transcription="ب" LatinTrans="Baa_B" />
        <lettre idLettre="2" x="224" transcription="ح" LatinTrans="Haaa_M" />
        <lettre idLettre="3" x="196" transcription="ج" LatinTrans="Jiim_M" />
        <lettre idLettre="4" x="157" transcription="ب" LatinTrans="Baa_E" />
      </paw>
    </word>
    <word idWord="6" x="151" transcription=" " LatinTrans="SPACE">
      <paw idPaw="1" x="151" transcription=" " LatinTrans="SPACE">
        <lettre idLettre="1" x="151" transcription=" " LatinTrans="SPACE" />
      </paw>
    </word>
    <word idWord="7" x="74" transcription="نشر" LatinTrans="Nuun_B Shiin_M Raa_E">
      <paw idPaw="1" x="74" transcription="نشر" LatinTrans="Nuun_B Shiin_M Raa_E">
        <lettre idLettre="1" x="138" transcription="ن" LatinTrans="Nuun_B" />
        <lettre idLettre="2" x="106" transcription="ش" LatinTrans="Shiin_M" />
        <lettre idLettre="3" x="74" transcription="ر" LatinTrans="Raa_E" />
      </paw>
    </word>
    <word idWord="8" x="71" transcription=" " LatinTrans="SPACE">
      <paw idPaw="1" x="71" transcription=" " LatinTrans="SPACE">
        <lettre idLettre="1" x="71" transcription=" " LatinTrans="SPACE" />
      </paw>
    </word>
    <word idWord="9" x="0" transcription="أية" LatinTrans="HamzaAboveAlif_I Yaa_B TaaaClosed_E">
      <paw idPaw="1" x="61" transcription="أ" LatinTrans="HamzaAboveAlif_I">
        <lettre idLettre="1" x="61" transcription="أ" LatinTrans="HamzaAboveAlif_I" />
      </paw>
      <paw idPaw="2" x="0" transcription="ية" LatinTrans="Yaa_B TaaaClosed_E">
        <lettre idLettre="1" x="38" transcription="ي" LatinTrans="Yaa_B" />
        <lettre idLettre="2" x="0" transcription="ة" LatinTrans="TaaaClosed_E" />
      </paw>
    </word>
  </content>
</textImage>