﻿<?xml version="1.0" encoding="UTF-8" standalone="yes"?>
<textImage id="1" width="162" height="52" transcription="مع الإنسان" image="aljazeera_3212-08-28-40_1">
  <ArabicTranscription>مع الإنسان</ArabicTranscription>
  <LatinTranscription>Miim_B Ayn_E SPACE Alif_I Laam_HamzaOnederAlif Nuun_B Siin_M Alif_E Nuun_I</LatinTranscription>
  <content>
    <word idWord="1" x="117" transcription="مع" LatinTrans="Miim_B Ayn_E">
      <paw idPaw="1" x="117" transcription="مع" LatinTrans="Miim_B Ayn_E">
        <lettre idLettre="1" x="137" transcription="م" LatinTrans="Miim_B" />
        <lettre idLettre="2" x="117" transcription="ع" LatinTrans="Ayn_E" />
      </paw>
    </word>
    <word idWord="2" x="108" transcription=" " LatinTrans="SPACE">
      <paw idPaw="1" x="108" transcription=" " LatinTrans="SPACE">
        <lettre idLettre="1" x="108" transcription=" " LatinTrans="SPACE" />
      </paw>
    </word>
    <word idWord="3" x="0" transcription="الإنسان" LatinTrans="Alif_I Laam_HamzaOnederAlif Nuun_B Siin_M Alif_E Nuun_I">
      <paw idPaw="1" x="101" transcription="ا" LatinTrans="Alif_I">
        <lettre idLettre="1" x="101" transcription="ا" LatinTrans="Alif_I" />
      </paw>
      <paw idPaw="2" x="81" transcription="لإ" LatinTrans="Laam_HamzaOnederAlif">
        <lettre idLettre="1" x="81" transcription="لإ" LatinTrans="Laam_HamzaUnderAlif" />
      </paw>
      <paw idPaw="3" x="28" transcription="نسا" LatinTrans="Nuun_B Siin_M Alif_E">
        <lettre idLettre="1" x="67" transcription="ن" LatinTrans="Nuun_B" />
        <lettre idLettre="2" x="38" transcription="س" LatinTrans="Siin_M" />
        <lettre idLettre="3" x="28" transcription="ا" LatinTrans="Alif_E" />
      </paw>
      <paw idPaw="4" x="0" transcription="ن" LatinTrans="Nuun_I">
        <lettre idLettre="1" x="0" transcription="ن" LatinTrans="Nuun_I" />
      </paw>
    </word>
  </content>
</textImage>