﻿<?xml version="1.0" encoding="UTF-8" standalone="yes"?>
<textImage id="1" width="335" height="53" transcription="حضارة وتقدم" image="aljazeera_3212-00-03-40_1">
  <ArabicTranscription>حضارة وتقدم</ArabicTranscription>
  <LatinTranscription>Haaa_B Daad_M Alif_E Raa_I TaaaClosed_I SPACE Waaw_I Taaa_B Gaaf_M Daal_E Miim_I</LatinTranscription>
  <content>
    <word idWord="1" x="158" transcription="حضارة" LatinTrans="Haaa_B Daad_M Alif_E Raa_I TaaaClosed_I">
      <paw idPaw="1" x="199" transcription="حضا" LatinTrans="Haaa_B Daad_M Alif_E">
        <lettre idLettre="1" x="305" transcription="ح" LatinTrans="Haaa_B" />
        <lettre idLettre="2" x="270" transcription="ض" LatinTrans="Daad_M" />
        <lettre idLettre="3" x="199" transcription="ا" LatinTrans="Alif_E" />
      </paw>
      <paw idPaw="2" x="176" transcription="ر" LatinTrans="Raa_I">
        <lettre idLettre="1" x="176" transcription="ر" LatinTrans="Raa_I" />
      </paw>
      <paw idPaw="3" x="158" transcription="ة" LatinTrans="TaaaClosed_I">
        <lettre idLettre="1" x="158" transcription="ة" LatinTrans="TaaaClosed_I" />
      </paw>
    </word>
    <word idWord="2" x="148" transcription=" " LatinTrans="SPACE">
      <paw idPaw="1" x="148" transcription=" " LatinTrans="SPACE">
        <lettre idLettre="1" x="148" transcription=" " LatinTrans="SPACE" />
      </paw>
    </word>
    <word idWord="3" x="0" transcription="وتقدم" LatinTrans="Waaw_I Taaa_B Gaaf_M Daal_E Miim_I">
      <paw idPaw="1" x="125" transcription="و" LatinTrans="Waaw_I">
        <lettre idLettre="1" x="125" transcription="و" LatinTrans="Waaw_I" />
      </paw>
      <paw idPaw="2" x="21" transcription="تقد" LatinTrans="Taaa_B Gaaf_M Daal_E">
        <lettre idLettre="1" x="111" transcription="ت" LatinTrans="Taaa_B" />
        <lettre idLettre="2" x="91" transcription="ق" LatinTrans="Gaaf_M" />
        <lettre idLettre="3" x="21" transcription="د" LatinTrans="Daal_E" />
      </paw>
      <paw idPaw="3" x="0" transcription="م" LatinTrans="Miim_I">
        <lettre idLettre="1" x="0" transcription="م" LatinTrans="Miim_I" />
      </paw>
    </word>
  </content>
</textImage>