﻿<?xml version="1.0" encoding="UTF-8" standalone="yes"?>
<textImage id="1" width="405" height="45" transcription="تقدم حزب العمال المعارض" image="aljazeera_3212-05-35-40_1">
  <ArabicTranscription>تقدم حزب العمال المعارض</ArabicTranscription>
  <LatinTranscription>Taaa_B Gaaf_M Daal_E Miim_I SPACE Haaa_B Zaay_E Baa_I SPACE Alif_I Laam_B Ayn_M Miim_M Alif_E Laam_I SPACE Alif_I Laam_B Miim_M Ayn_M Alif_E Raa_I Daad_I</LatinTranscription>
  <content>
    <word idWord="1" x="301" transcription="تقدم" LatinTrans="Taaa_B Gaaf_M Daal_E Miim_I">
      <paw idPaw="1" x="323" transcription="تقد" LatinTrans="Taaa_B Gaaf_M Daal_E">
        <lettre idLettre="1" x="379" transcription="ت" LatinTrans="Taaa_B" />
        <lettre idLettre="2" x="343" transcription="ق" LatinTrans="Gaaf_M" />
        <lettre idLettre="3" x="323" transcription="د" LatinTrans="Daal_E" />
      </paw>
      <paw idPaw="2" x="301" transcription="م" LatinTrans="Miim_I">
        <lettre idLettre="1" x="301" transcription="م" LatinTrans="Miim_I" />
      </paw>
    </word>
    <word idWord="2" x="294" transcription=" " LatinTrans="SPACE">
      <paw idPaw="1" x="294" transcription=" " LatinTrans="SPACE">
        <lettre idLettre="1" x="294" transcription=" " LatinTrans="SPACE" />
      </paw>
    </word>
    <word idWord="3" x="227" transcription="حزب" LatinTrans="Haaa_B Zaay_E Baa_I">
      <paw idPaw="1" x="254" transcription="حز" LatinTrans="Haaa_B Zaay_E">
        <lettre idLettre="1" x="274" transcription="ح" LatinTrans="Haaa_B" />
        <lettre idLettre="2" x="254" transcription="ز" LatinTrans="Zaay_E" />
      </paw>
      <paw idPaw="2" x="227" transcription="ب" LatinTrans="Baa_I">
        <lettre idLettre="1" x="227" transcription="ب" LatinTrans="Baa_I" />
      </paw>
    </word>
    <word idWord="4" x="222" transcription=" " LatinTrans="SPACE">
      <paw idPaw="1" x="222" transcription=" " LatinTrans="SPACE">
        <lettre idLettre="1" x="222" transcription=" " LatinTrans="SPACE" />
      </paw>
    </word>
    <word idWord="5" x="132" transcription="العمال" LatinTrans="Alif_I Laam_B Ayn_M Miim_M Alif_E Laam_I">
      <paw idPaw="1" x="213" transcription="ا" LatinTrans="Alif_I">
        <lettre idLettre="1" x="213" transcription="ا" LatinTrans="Alif_I" />
      </paw>
      <paw idPaw="2" x="154" transcription="لعما" LatinTrans="Laam_B Ayn_M Miim_M Alif_E">
        <lettre idLettre="1" x="205" transcription="ل" LatinTrans="Laam_B" />
        <lettre idLettre="2" x="185" transcription="ع" LatinTrans="Ayn_M" />
        <lettre idLettre="3" x="163" transcription="م" LatinTrans="Miim_M" />
        <lettre idLettre="4" x="154" transcription="ا" LatinTrans="Alif_E" />
      </paw>
      <paw idPaw="3" x="132" transcription="ل" LatinTrans="Laam_I">
        <lettre idLettre="1" x="132" transcription="ل" LatinTrans="Laam_I" />
      </paw>
    </word>
    <word idWord="6" x="126" transcription=" " LatinTrans="SPACE">
      <paw idPaw="1" x="126" transcription=" " LatinTrans="SPACE">
        <lettre idLettre="1" x="126" transcription=" " LatinTrans="SPACE" />
      </paw>
    </word>
    <word idWord="7" x="0" transcription="المعارض" LatinTrans="Alif_I Laam_B Miim_M Ayn_M Alif_E Raa_I Daad_I">
      <paw idPaw="1" x="118" transcription="ا" LatinTrans="Alif_I">
        <lettre idLettre="1" x="118" transcription="ا" LatinTrans="Alif_I" />
      </paw>
      <paw idPaw="2" x="58" transcription="لمعا" LatinTrans="Laam_B Miim_M Ayn_M Alif_E">
        <lettre idLettre="1" x="109" transcription="ل" LatinTrans="Laam_B" />
        <lettre idLettre="2" x="93" transcription="م" LatinTrans="Miim_M" />
        <lettre idLettre="3" x="67" transcription="ع" LatinTrans="Ayn_M" />
        <lettre idLettre="4" x="58" transcription="ا" LatinTrans="Alif_E" />
      </paw>
      <paw idPaw="3" x="47" transcription="ر" LatinTrans="Raa_I">
        <lettre idLettre="1" x="47" transcription="ر" LatinTrans="Raa_I" />
      </paw>
      <paw idPaw="4" x="0" transcription="ض" LatinTrans="Daad_I">
        <lettre idLettre="1" x="0" transcription="ض" LatinTrans="Daad_I" />
      </paw>
    </word>
  </content>
</textImage>