﻿<?xml version="1.0" encoding="UTF-8" standalone="yes"?>
<textImage id="1" width="160" height="67" transcription="عربين" image="aljazeera_3212-01-01-00_1">
  <ArabicTranscription>عربين</ArabicTranscription>
  <LatinTranscription>Ayn_B Raa_E Baa_B Yaa_M Nuun_E</LatinTranscription>
  <content>
    <word idWord="1" x="0" transcription="عربين" LatinTrans="Ayn_B Raa_E Baa_B Yaa_M Nuun_E">
      <paw idPaw="1" x="108" transcription="عر" LatinTrans="Ayn_B Raa_E">
        <lettre idLettre="1" x="128" transcription="ع" LatinTrans="Ayn_B" />
        <lettre idLettre="2" x="108" transcription="ر" LatinTrans="Raa_E" />
      </paw>
      <paw idPaw="2" x="0" transcription="بين" LatinTrans="Baa_B Yaa_M Nuun_E">
        <lettre idLettre="1" x="87" transcription="ب" LatinTrans="Baa_B" />
        <lettre idLettre="2" x="48" transcription="ي" LatinTrans="Yaa_M" />
        <lettre idLettre="3" x="0" transcription="ن" LatinTrans="Nuun_E" />
      </paw>
    </word>
  </content>
</textImage>