﻿<?xml version="1.0" encoding="UTF-8" standalone="yes"?>
<textImage id="1" width="486" height="54" transcription="ميشيل عون وكل من رئيس الحكومة" image="aljazeera_3213-05-32-00_2">
  <ArabicTranscription>ميشيل عون وكل من رئيس الحكومة</ArabicTranscription>
  <LatinTranscription>Miim_B Yaa_M Shiin_M Yaa_M Laam_E SPACE Ayn_B Waaw_E Nuun_I SPACE Waaw_I Kaaf_B Laam_E SPACE Miim_B Nuun_E SPACE Raa_I HamzaAboveAlifBroken_B Yaa_M Siin_E SPACE Alif_I Laam_B Haaa_M Kaaf_M Waaw_E Miim_B TaaaClosed_E</LatinTranscription>
  <content>
    <word idWord="1" x="385" transcription="ميشيل" LatinTrans="Miim_B Yaa_M Shiin_M Yaa_M Laam_E">
      <paw idPaw="1" x="385" transcription="ميشيل" LatinTrans="Miim_B Yaa_M Shiin_M Yaa_M Laam_E">
        <lettre idLettre="1" x="469" transcription="م" LatinTrans="Miim_B" />
        <lettre idLettre="2" x="450" transcription="ي" LatinTrans="Yaa_M" />
        <lettre idLettre="3" x="427" transcription="ش" LatinTrans="Shiin_M" />
        <lettre idLettre="4" x="408" transcription="ي" LatinTrans="Yaa_M" />
        <lettre idLettre="5" x="385" transcription="ل" LatinTrans="Laam_E" />
      </paw>
    </word>
    <word idWord="2" x="380" transcription=" " LatinTrans="SPACE">
      <paw idPaw="1" x="380" transcription=" " LatinTrans="SPACE">
        <lettre idLettre="1" x="380" transcription=" " LatinTrans="SPACE" />
      </paw>
    </word>
    <word idWord="3" x="317" transcription="عون" LatinTrans="Ayn_B Waaw_E Nuun_I">
      <paw idPaw="1" x="341" transcription="عو" LatinTrans="Ayn_B Waaw_E">
        <lettre idLettre="1" x="358" transcription="ع" LatinTrans="Ayn_B" />
        <lettre idLettre="2" x="341" transcription="و" LatinTrans="Waaw_E" />
      </paw>
      <paw idPaw="2" x="317" transcription="ن" LatinTrans="Nuun_I">
        <lettre idLettre="1" x="317" transcription="ن" LatinTrans="Nuun_I" />
      </paw>
    </word>
    <word idWord="4" x="311" transcription=" " LatinTrans="SPACE">
      <paw idPaw="1" x="311" transcription=" " LatinTrans="SPACE">
        <lettre idLettre="1" x="311" transcription=" " LatinTrans="SPACE" />
      </paw>
    </word>
    <word idWord="5" x="256" transcription="وكل" LatinTrans="Waaw_I Kaaf_B Laam_E">
      <paw idPaw="1" x="296" transcription="و" LatinTrans="Waaw_I">
        <lettre idLettre="1" x="296" transcription="و" LatinTrans="Waaw_I" />
      </paw>
      <paw idPaw="2" x="256" transcription="كل" LatinTrans="Kaaf_B Laam_E">
        <lettre idLettre="1" x="282" transcription="ك" LatinTrans="Kaaf_B" />
        <lettre idLettre="2" x="256" transcription="ل" LatinTrans="Laam_E" />
      </paw>
    </word>
    <word idWord="6" x="249" transcription=" " LatinTrans="SPACE">
      <paw idPaw="1" x="249" transcription=" " LatinTrans="SPACE">
        <lettre idLettre="1" x="249" transcription=" " LatinTrans="SPACE" />
      </paw>
    </word>
    <word idWord="7" x="207" transcription="من" LatinTrans="Miim_B Nuun_E">
      <paw idPaw="1" x="207" transcription="من" LatinTrans="Miim_B Nuun_E">
        <lettre idLettre="1" x="234" transcription="م" LatinTrans="Miim_B" />
        <lettre idLettre="2" x="207" transcription="ن" LatinTrans="Nuun_E" />
      </paw>
    </word>
    <word idWord="8" x="201" transcription=" " LatinTrans="SPACE">
      <paw idPaw="1" x="201" transcription=" " LatinTrans="SPACE">
        <lettre idLettre="1" x="201" transcription=" " LatinTrans="SPACE" />
      </paw>
    </word>
    <word idWord="9" x="119" transcription="رئيس" LatinTrans="Raa_I HamzaAboveAlifBroken_B Yaa_M Siin_E">
      <paw idPaw="1" x="189" transcription="ر" LatinTrans="Raa_I">
        <lettre idLettre="1" x="189" transcription="ر" LatinTrans="Raa_I" />
      </paw>
      <paw idPaw="2" x="119" transcription="ئيس" LatinTrans="HamzaAboveAlifBroken_B Yaa_M Siin_E">
        <lettre idLettre="1" x="176" transcription="ئ" LatinTrans="HamzaAboveAlifBroken_B" />
        <lettre idLettre="2" x="161" transcription="ي" LatinTrans="Yaa_M" />
        <lettre idLettre="3" x="119" transcription="س" LatinTrans="Siin_E" />
      </paw>
    </word>
    <word idWord="10" x="112" transcription=" " LatinTrans="SPACE">
      <paw idPaw="1" x="112" transcription=" " LatinTrans="SPACE">
        <lettre idLettre="1" x="112" transcription=" " LatinTrans="SPACE" />
      </paw>
    </word>
    <word idWord="11" x="0" transcription="الحكومة" LatinTrans="Alif_I Laam_B Haaa_M Kaaf_M Waaw_E Miim_B TaaaClosed_E">
      <paw idPaw="1" x="105" transcription="ا" LatinTrans="Alif_I">
        <lettre idLettre="1" x="105" transcription="ا" LatinTrans="Alif_I" />
      </paw>
      <paw idPaw="2" x="44" transcription="لحكو" LatinTrans="Laam_B Haaa_M Kaaf_M Waaw_E">
        <lettre idLettre="1" x="96" transcription="ل" LatinTrans="Laam_B" />
        <lettre idLettre="2" x="78" transcription="ح" LatinTrans="Haaa_M" />
        <lettre idLettre="3" x="61" transcription="ك" LatinTrans="Kaaf_M" />
        <lettre idLettre="4" x="44" transcription="و" LatinTrans="Waaw_E" />
      </paw>
      <paw idPaw="3" x="0" transcription="مة" LatinTrans="Miim_B TaaaClosed_E">
        <lettre idLettre="1" x="25" transcription="م" LatinTrans="Miim_B" />
        <lettre idLettre="2" x="0" transcription="ة" LatinTrans="TaaaClosed_E" />
      </paw>
    </word>
  </content>
</textImage>