﻿<?xml version="1.0" encoding="UTF-8" standalone="yes"?>
<textImage id="1" width="224" height="29" transcription="المناطق المحررة السورية" image="aljazeera_3212-01-03-40_2">
  <ArabicTranscription>المناطق المحررة السورية</ArabicTranscription>
  <LatinTranscription>Alif_I Laam_B Miim_M Nuun_M Alif_E Thaaa_B Gaaf_E SPACE Alif_I Laam_B Miim_M Haaa_M Raa_E Raa_I TaaaClosed_I SPACE Alif_I Laam_B Siin_M Waaw_E Raa_I Yaa_B TaaaClosed_E</LatinTranscription>
  <content>
    <word idWord="1" x="148" transcription="المناطق" LatinTrans="Alif_I Laam_B Miim_M Nuun_M Alif_E Thaaa_B Gaaf_E">
      <paw idPaw="1" x="215" transcription="ا" LatinTrans="Alif_I">
        <lettre idLettre="1" x="215" transcription="ا" LatinTrans="Alif_I" />
      </paw>
      <paw idPaw="2" x="181" transcription="لمنا" LatinTrans="Laam_B Miim_M Nuun_M Alif_E">
        <lettre idLettre="1" x="209" transcription="ل" LatinTrans="Laam_B" />
        <lettre idLettre="2" x="198" transcription="م" LatinTrans="Miim_M" />
        <lettre idLettre="3" x="187" transcription="ن" LatinTrans="Nuun_M" />
        <lettre idLettre="4" x="181" transcription="ا" LatinTrans="Alif_E" />
      </paw>
      <paw idPaw="3" x="148" transcription="طق" LatinTrans="Thaaa_B Gaaf_E">
        <lettre idLettre="1" x="164" transcription="ط" LatinTrans="Thaaa_B" />
        <lettre idLettre="2" x="148" transcription="ق" LatinTrans="Gaaf_E" />
      </paw>
    </word>
    <word idWord="2" x="145" transcription=" " LatinTrans="SPACE">
      <paw idPaw="1" x="145" transcription=" " LatinTrans="SPACE">
        <lettre idLettre="1" x="145" transcription=" " LatinTrans="SPACE" />
      </paw>
    </word>
    <word idWord="3" x="79" transcription="المحررة" LatinTrans="Alif_I Laam_B Miim_M Haaa_M Raa_E Raa_I TaaaClosed_I">
      <paw idPaw="1" x="140" transcription="ا" LatinTrans="Alif_I">
        <lettre idLettre="1" x="140" transcription="ا" LatinTrans="Alif_I" />
      </paw>
      <paw idPaw="2" x="98" transcription="لمحر" LatinTrans="Laam_B Miim_M Haaa_M Raa_E">
        <lettre idLettre="1" x="134" transcription="ل" LatinTrans="Laam_B" />
        <lettre idLettre="2" x="120" transcription="م" LatinTrans="Miim_M" />
        <lettre idLettre="3" x="108" transcription="ح" LatinTrans="Haaa_M" />
        <lettre idLettre="4" x="98" transcription="ر" LatinTrans="Raa_E" />
      </paw>
      <paw idPaw="3" x="90" transcription="ر" LatinTrans="Raa_I">
        <lettre idLettre="1" x="90" transcription="ر" LatinTrans="Raa_I" />
      </paw>
      <paw idPaw="4" x="79" transcription="ة" LatinTrans="TaaaClosed_I">
        <lettre idLettre="1" x="79" transcription="ة" LatinTrans="TaaaClosed_I" />
      </paw>
    </word>
    <word idWord="4" x="75" transcription=" " LatinTrans="SPACE">
      <paw idPaw="1" x="75" transcription=" " LatinTrans="SPACE">
        <lettre idLettre="1" x="75" transcription=" " LatinTrans="SPACE" />
      </paw>
    </word>
    <word idWord="5" x="0" transcription="السورية" LatinTrans="Alif_I Laam_B Siin_M Waaw_E Raa_I Yaa_B TaaaClosed_E">
      <paw idPaw="1" x="70" transcription="ا" LatinTrans="Alif_I">
        <lettre idLettre="1" x="70" transcription="ا" LatinTrans="Alif_I" />
      </paw>
      <paw idPaw="2" x="34" transcription="لسو" LatinTrans="Laam_B Siin_M Waaw_E">
        <lettre idLettre="1" x="64" transcription="ل" LatinTrans="Laam_B" />
        <lettre idLettre="2" x="47" transcription="س" LatinTrans="Siin_M" />
        <lettre idLettre="3" x="34" transcription="و" LatinTrans="Waaw_E" />
      </paw>
      <paw idPaw="3" x="27" transcription="ر" LatinTrans="Raa_I">
        <lettre idLettre="1" x="27" transcription="ر" LatinTrans="Raa_I" />
      </paw>
      <paw idPaw="4" x="0" transcription="ية" LatinTrans="Yaa_B TaaaClosed_E">
        <lettre idLettre="1" x="17" transcription="ي" LatinTrans="Yaa_B" />
        <lettre idLettre="2" x="0" transcription="ة" LatinTrans="TaaaClosed_E" />
      </paw>
    </word>
  </content>
</textImage>