﻿<?xml version="1.0" encoding="UTF-8" standalone="yes"?>
<textImage id="2" width="487" height="50" transcription="لتعديل قانون الإجراءات الجنائية" image="aljazeera_3213-05-32-10_2">
  <ArabicTranscription>لتعديل قانون الإجراءات الجنائية</ArabicTranscription>
  <LatinTranscription>Laam_B Taaa_M Ayn_M Daal_E Yaa_B Laam_E SPACE Gaaf_B Alif_E Nuun_B Waaw_E Nuun_I SPACE Alif_I Laam_HamzaOnederAlif Jiim_B Raa_E Alif_I Hamza Alif_I Taaa_I SPACE Alif_I Laam_B Jiim_M Nuun_M Alif_E HamzaAboveAlifBroken_B Yaa_M TaaaClosed_E</LatinTranscription>
  <content>
    <word idWord="1" x="357" transcription="لتعديل" LatinTrans="Laam_B Taaa_M Ayn_M Daal_E Yaa_B Laam_E">
      <paw idPaw="1" x="419" transcription="لتعد" LatinTrans="Laam_B Taaa_M Ayn_M Daal_E">
        <lettre idLettre="1" x="474" transcription="ل" LatinTrans="Laam_B" />
        <lettre idLettre="2" x="456" transcription="ت" LatinTrans="Taaa_M" />
        <lettre idLettre="3" x="437" transcription="ع" LatinTrans="Ayn_M" />
        <lettre idLettre="4" x="419" transcription="د" LatinTrans="Daal_E" />
      </paw>
      <paw idPaw="2" x="357" transcription="يل" LatinTrans="Yaa_B Laam_E">
        <lettre idLettre="1" x="401" transcription="ي" LatinTrans="Yaa_B" />
        <lettre idLettre="2" x="357" transcription="ل" LatinTrans="Laam_E" />
      </paw>
    </word>
    <word idWord="2" x="351" transcription=" " LatinTrans="SPACE">
      <paw idPaw="1" x="351" transcription=" " LatinTrans="SPACE">
        <lettre idLettre="1" x="351" transcription=" " LatinTrans="SPACE" />
      </paw>
    </word>
    <word idWord="3" x="265" transcription="قانون" LatinTrans="Gaaf_B Alif_E Nuun_B Waaw_E Nuun_I">
      <paw idPaw="1" x="320" transcription="قا" LatinTrans="Gaaf_B Alif_E">
        <lettre idLettre="1" x="328" transcription="ق" LatinTrans="Gaaf_B" />
        <lettre idLettre="2" x="320" transcription="ا" LatinTrans="Alif_E" />
      </paw>
      <paw idPaw="2" x="288" transcription="نو" LatinTrans="Nuun_B Waaw_E">
        <lettre idLettre="1" x="307" transcription="ن" LatinTrans="Nuun_B" />
        <lettre idLettre="2" x="288" transcription="و" LatinTrans="Waaw_E" />
      </paw>
      <paw idPaw="3" x="265" transcription="ن" LatinTrans="Nuun_I">
        <lettre idLettre="1" x="265" transcription="ن" LatinTrans="Nuun_I" />
      </paw>
    </word>
    <word idWord="4" x="259" transcription=" " LatinTrans="SPACE">
      <paw idPaw="1" x="259" transcription=" " LatinTrans="SPACE">
        <lettre idLettre="1" x="259" transcription=" " LatinTrans="SPACE" />
      </paw>
    </word>
    <word idWord="5" x="142" transcription="الإجراءات" LatinTrans="Alif_I Laam_HamzaOnederAlif Jiim_B Raa_E Alif_I Hamza Alif_I Taaa_I">
      <paw idPaw="1" x="252" transcription="ا" LatinTrans="Alif_I">
        <lettre idLettre="1" x="252" transcription="ا" LatinTrans="Alif_I" />
      </paw>
      <paw idPaw="2" x="232" transcription="لإ" LatinTrans="Laam_HamzaOnederAlif">
        <lettre idLettre="1" x="232" transcription="لإ" LatinTrans="Laam_HamzaUnderAlif" />
      </paw>
      <paw idPaw="3" x="199" transcription="جر" LatinTrans="Jiim_B Raa_E">
        <lettre idLettre="1" x="214" transcription="ج" LatinTrans="Jiim_B" />
        <lettre idLettre="2" x="199" transcription="ر" LatinTrans="Raa_E" />
      </paw>
      <paw idPaw="4" x="191" transcription="ا" LatinTrans="Alif_I">
        <lettre idLettre="1" x="191" transcription="ا" LatinTrans="Alif_I" />
      </paw>
      <paw idPaw="5" x="176" transcription="ء" LatinTrans="Hamza">
        <lettre idLettre="1" x="176" transcription="ء" LatinTrans="Hamza" />
      </paw>
      <paw idPaw="6" x="169" transcription="ا" LatinTrans="Alif_I">
        <lettre idLettre="1" x="169" transcription="ا" LatinTrans="Alif_I" />
      </paw>
      <paw idPaw="7" x="142" transcription="ت" LatinTrans="Taaa_I">
        <lettre idLettre="1" x="142" transcription="ت" LatinTrans="Taaa_I" />
      </paw>
    </word>
    <word idWord="6" x="134" transcription=" " LatinTrans="SPACE">
      <paw idPaw="1" x="134" transcription=" " LatinTrans="SPACE">
        <lettre idLettre="1" x="134" transcription=" " LatinTrans="SPACE" />
      </paw>
    </word>
    <word idWord="7" x="0" transcription="الجنائية" LatinTrans="Alif_I Laam_B Jiim_M Nuun_M Alif_E HamzaAboveAlifBroken_B Yaa_M TaaaClosed_E">
      <paw idPaw="1" x="128" transcription="ا" LatinTrans="Alif_I">
        <lettre idLettre="1" x="128" transcription="ا" LatinTrans="Alif_I" />
      </paw>
      <paw idPaw="2" x="76" transcription="لجنا" LatinTrans="Laam_B Jiim_M Nuun_M Alif_E">
        <lettre idLettre="1" x="118" transcription="ل" LatinTrans="Laam_B" />
        <lettre idLettre="2" x="97" transcription="ج" LatinTrans="Jiim_M" />
        <lettre idLettre="3" x="84" transcription="ن" LatinTrans="Nuun_M" />
        <lettre idLettre="4" x="76" transcription="ا" LatinTrans="Alif_E" />
      </paw>
      <paw idPaw="3" x="0" transcription="ئية" LatinTrans="HamzaAboveAlifBroken_B Yaa_M TaaaClosed_E">
        <lettre idLettre="1" x="63" transcription="ئ" LatinTrans="HamzaAboveAlifBroken_B" />
        <lettre idLettre="2" x="38" transcription="ي" LatinTrans="Yaa_M" />
        <lettre idLettre="3" x="0" transcription="ة" LatinTrans="TaaaClosed_E" />
      </paw>
    </word>
  </content>
</textImage>