﻿<?xml version="1.0" encoding="UTF-8" standalone="yes"?>
<textImage id="1" width="610" height="45" transcription="الدولار واليورو مقابل العملات الخليجية" image="aljazeera_3212-10-47-30_1">
  <ArabicTranscription>الدولار واليورو مقابل العملات الخليجية</ArabicTranscription>
  <LatinTranscription>Alif_I Laam_B Daal_E Waaw_I Laam_Alif Raa_I SPACE Waaw_I Alif_I Laam_B Yaa_M Waaw_E Raa_I Waaw_I SPACE Miim_B Gaaf_M Alif_E Baa_B Laam_E SPACE Alif_I Laam_B Ayn_M Miim_M Laam_Alif Taaa_I SPACE Alif_I Laam_B Xaa_M Laam_M Yaa_M Jiim_M Yaa_M TaaaClosed_E</LatinTranscription>
  <content>
    <word idWord="1" x="526" transcription="الدولار" LatinTrans="Alif_I Laam_B Daal_E Waaw_I Laam_Alif Raa_I">
      <paw idPaw="1" x="597" transcription="ا" LatinTrans="Alif_I">
        <lettre idLettre="1" x="597" transcription="ا" LatinTrans="Alif_I" />
      </paw>
      <paw idPaw="2" x="571" transcription="لد" LatinTrans="Laam_B Daal_E">
        <lettre idLettre="1" x="590" transcription="ل" LatinTrans="Laam_B" />
        <lettre idLettre="2" x="571" transcription="د" LatinTrans="Daal_E" />
      </paw>
      <paw idPaw="3" x="557" transcription="و" LatinTrans="Waaw_I">
        <lettre idLettre="1" x="557" transcription="و" LatinTrans="Waaw_I" />
      </paw>
      <paw idPaw="4" x="539" transcription="لا" LatinTrans="Laam_Alif">
        <lettre idLettre="1" x="539" transcription="لا" LatinTrans="Laam_Alif" />
      </paw>
      <paw idPaw="5" x="526" transcription="ر" LatinTrans="Raa_I">
        <lettre idLettre="1" x="526" transcription="ر" LatinTrans="Raa_I" />
      </paw>
    </word>
    <word idWord="2" x="519" transcription=" " LatinTrans="SPACE">
      <paw idPaw="1" x="519" transcription=" " LatinTrans="SPACE">
        <lettre idLettre="1" x="519" transcription=" " LatinTrans="SPACE" />
      </paw>
    </word>
    <word idWord="3" x="408" transcription="واليورو" LatinTrans="Waaw_I Alif_I Laam_B Yaa_M Waaw_E Raa_I Waaw_I">
      <paw idPaw="1" x="505" transcription="و" LatinTrans="Waaw_I">
        <lettre idLettre="1" x="505" transcription="و" LatinTrans="Waaw_I" />
      </paw>
      <paw idPaw="2" x="497" transcription="ا" LatinTrans="Alif_I">
        <lettre idLettre="1" x="497" transcription="ا" LatinTrans="Alif_I" />
      </paw>
      <paw idPaw="3" x="436" transcription="ليو" LatinTrans="Laam_B Yaa_M Waaw_E">
        <lettre idLettre="1" x="489" transcription="ل" LatinTrans="Laam_B" />
        <lettre idLettre="2" x="473" transcription="ي" LatinTrans="Yaa_M" />
        <lettre idLettre="3" x="436" transcription="و" LatinTrans="Waaw_E" />
      </paw>
      <paw idPaw="4" x="424" transcription="ر" LatinTrans="Raa_I">
        <lettre idLettre="1" x="424" transcription="ر" LatinTrans="Raa_I" />
      </paw>
      <paw idPaw="5" x="408" transcription="و" LatinTrans="Waaw_I">
        <lettre idLettre="1" x="408" transcription="و" LatinTrans="Waaw_I" />
      </paw>
    </word>
    <word idWord="4" x="401" transcription=" " LatinTrans="SPACE">
      <paw idPaw="1" x="401" transcription=" " LatinTrans="SPACE">
        <lettre idLettre="1" x="401" transcription=" " LatinTrans="SPACE" />
      </paw>
    </word>
    <word idWord="5" x="298" transcription="مقابل" LatinTrans="Miim_B Gaaf_M Alif_E Baa_B Laam_E">
      <paw idPaw="1" x="355" transcription="مقا" LatinTrans="Miim_B Gaaf_M Alif_E">
        <lettre idLettre="1" x="385" transcription="م" LatinTrans="Miim_B" />
        <lettre idLettre="2" x="365" transcription="ق" LatinTrans="Gaaf_M" />
        <lettre idLettre="3" x="355" transcription="ا" LatinTrans="Alif_E" />
      </paw>
      <paw idPaw="2" x="298" transcription="بل" LatinTrans="Baa_B Laam_E">
        <lettre idLettre="1" x="337" transcription="ب" LatinTrans="Baa_B" />
        <lettre idLettre="2" x="298" transcription="ل" LatinTrans="Laam_E" />
      </paw>
    </word>
    <word idWord="6" x="290" transcription=" " LatinTrans="SPACE">
      <paw idPaw="1" x="290" transcription=" " LatinTrans="SPACE">
        <lettre idLettre="1" x="290" transcription=" " LatinTrans="SPACE" />
      </paw>
    </word>
    <word idWord="7" x="168" transcription="العملات" LatinTrans="Alif_I Laam_B Ayn_M Miim_M Laam_Alif Taaa_I">
      <paw idPaw="1" x="282" transcription="ا" LatinTrans="Alif_I">
        <lettre idLettre="1" x="282" transcription="ا" LatinTrans="Alif_I" />
      </paw>
      <paw idPaw="2" x="193" transcription="لعملا" LatinTrans="Laam_B Ayn_M Miim_M Laam_Alif">
        <lettre idLettre="1" x="272" transcription="ل" LatinTrans="Laam_B" />
        <lettre idLettre="2" x="251" transcription="ع" LatinTrans="Ayn_M" />
        <lettre idLettre="3" x="228" transcription="م" LatinTrans="Miim_M" />
        <lettre idLettre="4" x="193" transcription="لا" LatinTrans="Laam_Alif" />
      </paw>
      <paw idPaw="3" x="168" transcription="ت" LatinTrans="Taaa_I">
        <lettre idLettre="1" x="168" transcription="ت" LatinTrans="Taaa_I" />
      </paw>
    </word>
    <word idWord="8" x="161" transcription=" " LatinTrans="SPACE">
      <paw idPaw="1" x="161" transcription=" " LatinTrans="SPACE">
        <lettre idLettre="1" x="161" transcription=" " LatinTrans="SPACE" />
      </paw>
    </word>
    <word idWord="9" x="0" transcription="الخليجية" LatinTrans="Alif_I Laam_B Xaa_M Laam_M Yaa_M Jiim_M Yaa_M TaaaClosed_E">
      <paw idPaw="1" x="153" transcription="ا" LatinTrans="Alif_I">
        <lettre idLettre="1" x="153" transcription="ا" LatinTrans="Alif_I" />
      </paw>
      <paw idPaw="2" x="0" transcription="لخليجية" LatinTrans="Laam_B Xaa_M Laam_M Yaa_M Jiim_M Yaa_M TaaaClosed_E">
        <lettre idLettre="1" x="144" transcription="ل" LatinTrans="Laam_B" />
        <lettre idLettre="2" x="125" transcription="خ" LatinTrans="Xaa_M" />
        <lettre idLettre="3" x="115" transcription="ل" LatinTrans="Laam_M" />
        <lettre idLettre="4" x="97" transcription="ي" LatinTrans="Yaa_M" />
        <lettre idLettre="5" x="69" transcription="ج" LatinTrans="Jiim_M" />
        <lettre idLettre="6" x="39" transcription="ي" LatinTrans="Yaa_M" />
        <lettre idLettre="7" x="0" transcription="ة" LatinTrans="TaaaClosed_E" />
      </paw>
    </word>
  </content>
</textImage>