﻿<?xml version="1.0" encoding="UTF-8" standalone="yes"?>
<textImage id="1" width="230" height="52" transcription="نفتالي بينيت" image="aljazeera_3213-05-00-00_1">
  <ArabicTranscription>نفتالي بينيت</ArabicTranscription>
  <LatinTranscription>Nuun_B Faa_M Taaa_M Alif_E Laam_B Yaa_E SPACE Baa_B Yaa_M Nuun_M Yaa_M Taaa_E</LatinTranscription>
  <content>
    <word idWord="1" x="113" transcription="نفتالي" LatinTrans="Nuun_B Faa_M Taaa_M Alif_E Laam_B Yaa_E">
      <paw idPaw="1" x="165" transcription="نفتا" LatinTrans="Nuun_B Faa_M Taaa_M Alif_E">
        <lettre idLettre="1" x="210" transcription="ن" LatinTrans="Nuun_B" />
        <lettre idLettre="2" x="192" transcription="ف" LatinTrans="Faa_M" />
        <lettre idLettre="3" x="175" transcription="ت" LatinTrans="Taaa_M" />
        <lettre idLettre="4" x="165" transcription="ا" LatinTrans="Alif_E" />
      </paw>
      <paw idPaw="2" x="113" transcription="لي" LatinTrans="Laam_B Yaa_E">
        <lettre idLettre="1" x="154" transcription="ل" LatinTrans="Laam_B" />
        <lettre idLettre="2" x="113" transcription="ي" LatinTrans="Yaa_E" />
      </paw>
    </word>
    <word idWord="2" x="108" transcription=" " LatinTrans="SPACE">
      <paw idPaw="1" x="108" transcription=" " LatinTrans="SPACE">
        <lettre idLettre="1" x="108" transcription=" " LatinTrans="SPACE" />
      </paw>
    </word>
    <word idWord="3" x="0" transcription="بينيت" LatinTrans="Baa_B Yaa_M Nuun_M Yaa_M Taaa_E">
      <paw idPaw="1" x="0" transcription="بينيت" LatinTrans="Baa_B Yaa_M Nuun_M Yaa_M Taaa_E">
        <lettre idLettre="1" x="92" transcription="ب" LatinTrans="Baa_B" />
        <lettre idLettre="2" x="80" transcription="ي" LatinTrans="Yaa_M" />
        <lettre idLettre="3" x="65" transcription="ن" LatinTrans="Nuun_M" />
        <lettre idLettre="4" x="40" transcription="ي" LatinTrans="Yaa_M" />
        <lettre idLettre="5" x="0" transcription="ت" LatinTrans="Taaa_E" />
      </paw>
    </word>
  </content>
</textImage>