﻿<?xml version="1.0" encoding="UTF-8" standalone="yes"?>
<textImage id="1" width="342" height="48" transcription="تراجع الديمقراطيون الأحرار" image="aljazeera_3212-08-50-00_1">
  <ArabicTranscription>تراجع الديمقراطيون الأحرار</ArabicTranscription>
  <LatinTranscription>Taaa_B Raa_E Alif_I Jiim_B Ayn_E SPACE Alif_I Laam_B Daal_E Yaa_B Miim_M Gaaf_M Raa_E Alif_I Thaaa_B Yaa_M Waaw_E Nuun_I SPACE Alif_I Laam_HamzaAboveAlif Haaa_B Raa_E Alif_I Raa_I</LatinTranscription>
  <content>
    <word idWord="1" x="259" transcription="تراجع" LatinTrans="Taaa_B Raa_E Alif_I Jiim_B Ayn_E">
      <paw idPaw="1" x="312" transcription="تر" LatinTrans="Taaa_B Raa_E">
        <lettre idLettre="1" x="323" transcription="ت" LatinTrans="Taaa_B" />
        <lettre idLettre="2" x="312" transcription="ر" LatinTrans="Raa_E" />
      </paw>
      <paw idPaw="2" x="305" transcription="ا" LatinTrans="Alif_I">
        <lettre idLettre="1" x="305" transcription="ا" LatinTrans="Alif_I" />
      </paw>
      <paw idPaw="3" x="259" transcription="جع" LatinTrans="Jiim_B Ayn_E">
        <lettre idLettre="1" x="284" transcription="ج" LatinTrans="Jiim_B" />
        <lettre idLettre="2" x="259" transcription="ع" LatinTrans="Ayn_E" />
      </paw>
    </word>
    <word idWord="2" x="252" transcription=" " LatinTrans="SPACE">
      <paw idPaw="1" x="252" transcription=" " LatinTrans="SPACE">
        <lettre idLettre="1" x="252" transcription=" " LatinTrans="SPACE" />
      </paw>
    </word>
    <word idWord="3" x="81" transcription="الديمقراطيون" LatinTrans="Alif_I Laam_B Daal_E Yaa_B Miim_M Gaaf_M Raa_E Alif_I Thaaa_B Yaa_M Waaw_E Nuun_I">
      <paw idPaw="1" x="246" transcription="ا" LatinTrans="Alif_I">
        <lettre idLettre="1" x="246" transcription="ا" LatinTrans="Alif_I" />
      </paw>
      <paw idPaw="2" x="222" transcription="لد" LatinTrans="Laam_B Daal_E">
        <lettre idLettre="1" x="238" transcription="ل" LatinTrans="Laam_B" />
        <lettre idLettre="2" x="222" transcription="د" LatinTrans="Daal_E" />
      </paw>
      <paw idPaw="3" x="161" transcription="يمقر" LatinTrans="Yaa_B Miim_M Gaaf_M Raa_E">
        <lettre idLettre="1" x="209" transcription="ي" LatinTrans="Yaa_B" />
        <lettre idLettre="2" x="192" transcription="م" LatinTrans="Miim_M" />
        <lettre idLettre="3" x="176" transcription="ق" LatinTrans="Gaaf_M" />
        <lettre idLettre="4" x="161" transcription="ر" LatinTrans="Raa_E" />
      </paw>
      <paw idPaw="4" x="155" transcription="ا" LatinTrans="Alif_I">
        <lettre idLettre="1" x="155" transcription="ا" LatinTrans="Alif_I" />
      </paw>
      <paw idPaw="5" x="103" transcription="طيو" LatinTrans="Thaaa_B Yaa_M Waaw_E">
        <lettre idLettre="1" x="132" transcription="ط" LatinTrans="Thaaa_B" />
        <lettre idLettre="2" x="116" transcription="ي" LatinTrans="Yaa_M" />
        <lettre idLettre="3" x="103" transcription="و" LatinTrans="Waaw_E" />
      </paw>
      <paw idPaw="6" x="81" transcription="ن" LatinTrans="Nuun_I">
        <lettre idLettre="1" x="81" transcription="ن" LatinTrans="Nuun_I" />
      </paw>
    </word>
    <word idWord="4" x="76" transcription=" " LatinTrans="SPACE">
      <paw idPaw="1" x="76" transcription=" " LatinTrans="SPACE">
        <lettre idLettre="1" x="76" transcription=" " LatinTrans="SPACE" />
      </paw>
    </word>
    <word idWord="5" x="0" transcription="الأحرار" LatinTrans="Alif_I Laam_HamzaAboveAlif Haaa_B Raa_E Alif_I Raa_I">
      <paw idPaw="1" x="69" transcription="ا" LatinTrans="Alif_I">
        <lettre idLettre="1" x="69" transcription="ا" LatinTrans="Alif_I" />
      </paw>
      <paw idPaw="2" x="54" transcription="لأ" LatinTrans="Laam_HamzaAboveAlif">
        <lettre idLettre="1" x="54" transcription="لأ" LatinTrans="Laam_HamzaAboveAlif" />
      </paw>
      <paw idPaw="3" x="24" transcription="حر" LatinTrans="Haaa_B Raa_E">
        <lettre idLettre="1" x="37" transcription="ح" LatinTrans="Haaa_B" />
        <lettre idLettre="2" x="24" transcription="ر" LatinTrans="Raa_E" />
      </paw>
      <paw idPaw="4" x="16" transcription="ا" LatinTrans="Alif_I">
        <lettre idLettre="1" x="16" transcription="ا" LatinTrans="Alif_I" />
      </paw>
      <paw idPaw="5" x="0" transcription="ر" LatinTrans="Raa_I">
        <lettre idLettre="1" x="0" transcription="ر" LatinTrans="Raa_I" />
      </paw>
    </word>
  </content>
</textImage>