﻿<?xml version="1.0" encoding="UTF-8" standalone="yes"?>
<textImage id="4" width="208" height="38" transcription="الشمالية أجرت" image="aljazeera_3212-03-52-40_4">
  <ArabicTranscription>الشمالية أجرت</ArabicTranscription>
  <LatinTranscription>Alif_I Laam_B Shiin_M Miim_M Alif_E Laam_B Yaa_M TaaaClosed_E SPACE HamzaAboveAlif_I Jiim_B Raa_E Taaa_I</LatinTranscription>
  <content>
    <word idWord="1" x="57" transcription="الشمالية" LatinTrans="Alif_I Laam_B Shiin_M Miim_M Alif_E Laam_B Yaa_M TaaaClosed_E">
      <paw idPaw="1" x="198" transcription="ا" LatinTrans="Alif_I">
        <lettre idLettre="1" x="198" transcription="ا" LatinTrans="Alif_I" />
      </paw>
      <paw idPaw="2" x="105" transcription="لشما" LatinTrans="Laam_B Shiin_M Miim_M Alif_E">
        <lettre idLettre="1" x="186" transcription="ل" LatinTrans="Laam_B" />
        <lettre idLettre="2" x="149" transcription="ش" LatinTrans="Shiin_M" />
        <lettre idLettre="3" x="123" transcription="م" LatinTrans="Miim_M" />
        <lettre idLettre="4" x="105" transcription="ا" LatinTrans="Alif_E" />
      </paw>
      <paw idPaw="3" x="57" transcription="لية" LatinTrans="Laam_B Yaa_M TaaaClosed_E">
        <lettre idLettre="1" x="95" transcription="ل" LatinTrans="Laam_B" />
        <lettre idLettre="2" x="80" transcription="ي" LatinTrans="Yaa_M" />
        <lettre idLettre="3" x="57" transcription="ة" LatinTrans="TaaaClosed_E" />
      </paw>
    </word>
    <word idWord="2" x="52" transcription=" " LatinTrans="SPACE">
      <paw idPaw="1" x="52" transcription=" " LatinTrans="SPACE">
        <lettre idLettre="1" x="52" transcription=" " LatinTrans="SPACE" />
      </paw>
    </word>
    <word idWord="3" x="0" transcription="أجرت" LatinTrans="HamzaAboveAlif_I Jiim_B Raa_E Taaa_I">
      <paw idPaw="1" x="42" transcription="أ" LatinTrans="HamzaAboveAlif_I">
        <lettre idLettre="1" x="42" transcription="أ" LatinTrans="HamzaAboveAlif_I" />
      </paw>
      <paw idPaw="2" x="18" transcription="جر" LatinTrans="Jiim_B Raa_E">
        <lettre idLettre="1" x="30" transcription="ج" LatinTrans="Jiim_B" />
        <lettre idLettre="2" x="18" transcription="ر" LatinTrans="Raa_E" />
      </paw>
      <paw idPaw="3" x="0" transcription="ت" LatinTrans="Taaa_I">
        <lettre idLettre="1" x="0" transcription="ت" LatinTrans="Taaa_I" />
      </paw>
    </word>
  </content>
</textImage>