﻿<?xml version="1.0" encoding="UTF-8" standalone="yes"?>
<textImage id="2" width="239" height="36" transcription="لن تتنازل عن ثوابتها" image="aljazeera_3212-05-16-40_2">
  <ArabicTranscription>لن تتنازل عن ثوابتها</ArabicTranscription>
  <LatinTranscription>Laam_B Nuun_E SPACE Taaa_B Taaa_M Nuun_M Alif_E Zaay_I Laam_I SPACE Ayn_B Nuun_E SPACE Thaa_B Waaw_E Alif_I Baa_B Taaa_M Haa_M Alif_E</LatinTranscription>
  <content>
    <word idWord="1" x="197" transcription="لن" LatinTrans="Laam_B Nuun_E">
      <paw idPaw="1" x="197" transcription="لن" LatinTrans="Laam_B Nuun_E">
        <lettre idLettre="1" x="230" transcription="ل" LatinTrans="Laam_B" />
        <lettre idLettre="2" x="197" transcription="ن" LatinTrans="Nuun_E" />
      </paw>
    </word>
    <word idWord="2" x="195" transcription=" " LatinTrans="SPACE">
      <paw idPaw="1" x="195" transcription=" " LatinTrans="SPACE">
        <lettre idLettre="1" x="195" transcription=" " LatinTrans="SPACE" />
      </paw>
    </word>
    <word idWord="3" x="137" transcription="تتنازل" LatinTrans="Taaa_B Taaa_M Nuun_M Alif_E Zaay_I Laam_I">
      <paw idPaw="1" x="159" transcription="تتنا" LatinTrans="Taaa_B Taaa_M Nuun_M Alif_E">
        <lettre idLettre="1" x="185" transcription="ت" LatinTrans="Taaa_B" />
        <lettre idLettre="2" x="173" transcription="ت" LatinTrans="Taaa_M" />
        <lettre idLettre="3" x="166" transcription="ن" LatinTrans="Nuun_M" />
        <lettre idLettre="4" x="159" transcription="ا" LatinTrans="Alif_E" />
      </paw>
      <paw idPaw="2" x="150" transcription="ز" LatinTrans="Zaay_I">
        <lettre idLettre="1" x="150" transcription="ز" LatinTrans="Zaay_I" />
      </paw>
      <paw idPaw="3" x="137" transcription="ل" LatinTrans="Laam_I">
        <lettre idLettre="1" x="137" transcription="ل" LatinTrans="Laam_I" />
      </paw>
    </word>
    <word idWord="4" x="131" transcription=" " LatinTrans="SPACE">
      <paw idPaw="1" x="131" transcription=" " LatinTrans="SPACE">
        <lettre idLettre="1" x="131" transcription=" " LatinTrans="SPACE" />
      </paw>
    </word>
    <word idWord="5" x="87" transcription="عن" LatinTrans="Ayn_B Nuun_E">
      <paw idPaw="1" x="87" transcription="عن" LatinTrans="Ayn_B Nuun_E">
        <lettre idLettre="1" x="116" transcription="ع" LatinTrans="Ayn_B" />
        <lettre idLettre="2" x="87" transcription="ن" LatinTrans="Nuun_E" />
      </paw>
    </word>
    <word idWord="6" x="85" transcription=" " LatinTrans="SPACE">
      <paw idPaw="1" x="85" transcription=" " LatinTrans="SPACE">
        <lettre idLettre="1" x="85" transcription=" " LatinTrans="SPACE" />
      </paw>
    </word>
    <word idWord="7" x="0" transcription="ثوابتها" LatinTrans="Thaa_B Waaw_E Alif_I Baa_B Taaa_M Haa_M Alif_E">
      <paw idPaw="1" x="62" transcription="ثو" LatinTrans="Thaa_B Waaw_E">
        <lettre idLettre="1" x="74" transcription="ث" LatinTrans="Thaa_B" />
        <lettre idLettre="2" x="62" transcription="و" LatinTrans="Waaw_E" />
      </paw>
      <paw idPaw="2" x="57" transcription="ا" LatinTrans="Alif_I">
        <lettre idLettre="1" x="57" transcription="ا" LatinTrans="Alif_I" />
      </paw>
      <paw idPaw="3" x="0" transcription="بتها" LatinTrans="Baa_B Taaa_M Haa_M Alif_E">
        <lettre idLettre="1" x="50" transcription="ب" LatinTrans="Baa_B" />
        <lettre idLettre="2" x="39" transcription="ت" LatinTrans="Taaa_M" />
        <lettre idLettre="3" x="21" transcription="ه" LatinTrans="Haa_M" />
        <lettre idLettre="4" x="0" transcription="ا" LatinTrans="Alif_E" />
      </paw>
    </word>
  </content>
</textImage>