﻿<?xml version="1.0" encoding="UTF-8" standalone="yes"?>
<textImage id="1" width="294" height="29" transcription="الجيش الحر يسيطر " image="aljazeera_3212-05-05-00_1">
  <ArabicTranscription>الجيش الحر يسيطر </ArabicTranscription>
  <LatinTranscription>Alif_I Laam_B Jiim_M Yaa_M Shiin_E SPACE Alif_I Laam_B Haaa_M Raa_E SPACE Yaa_B Siin_M Yaa_M Thaaa_M Raa_E</LatinTranscription>
  <content>
    <word idWord="1" x="191" transcription="الجيش" LatinTrans="Alif_I Laam_B Jiim_M Yaa_M Shiin_E">
      <paw idPaw="1" x="286" transcription="ا" LatinTrans="Alif_I">
        <lettre idLettre="1" x="286" transcription="ا" LatinTrans="Alif_I" />
      </paw>
      <paw idPaw="2" x="191" transcription="لجيش" LatinTrans="Laam_B Jiim_M Yaa_M Shiin_E">
        <lettre idLettre="1" x="275" transcription="ل" LatinTrans="Laam_B" />
        <lettre idLettre="2" x="247" transcription="ج" LatinTrans="Jiim_M" />
        <lettre idLettre="3" x="225" transcription="ي" LatinTrans="Yaa_M" />
        <lettre idLettre="4" x="191" transcription="ش" LatinTrans="Shiin_E" />
      </paw>
    </word>
    <word idWord="2" x="188" transcription=" " LatinTrans="SPACE">
      <paw idPaw="1" x="188" transcription=" " LatinTrans="SPACE">
        <lettre idLettre="1" x="188" transcription=" " LatinTrans="SPACE" />
      </paw>
    </word>
    <word idWord="3" x="126" transcription="الحر" LatinTrans="Alif_I Laam_B Haaa_M Raa_E">
      <paw idPaw="1" x="182" transcription="ا" LatinTrans="Alif_I">
        <lettre idLettre="1" x="182" transcription="ا" LatinTrans="Alif_I" />
      </paw>
      <paw idPaw="2" x="126" transcription="لحر" LatinTrans="Laam_B Haaa_M Raa_E">
        <lettre idLettre="1" x="171" transcription="ل" LatinTrans="Laam_B" />
        <lettre idLettre="2" x="143" transcription="ح" LatinTrans="Haaa_M" />
        <lettre idLettre="3" x="126" transcription="ر" LatinTrans="Raa_E" />
      </paw>
    </word>
    <word idWord="4" x="122" transcription=" " LatinTrans="SPACE">
      <paw idPaw="1" x="122" transcription=" " LatinTrans="SPACE">
        <lettre idLettre="1" x="122" transcription=" " LatinTrans="SPACE" />
      </paw>
    </word>
    <word idWord="5" x="0" transcription="يسيطر" LatinTrans="Yaa_B Siin_M Yaa_M Thaaa_M Raa_E">
      <paw idPaw="1" x="0" transcription="يسيطر" LatinTrans="Yaa_B Siin_M Yaa_M Thaaa_M Raa_E">
        <lettre idLettre="1" x="104" transcription="ي" LatinTrans="Yaa_B" />
        <lettre idLettre="2" x="79" transcription="س" LatinTrans="Siin_M" />
        <lettre idLettre="3" x="54" transcription="ي" LatinTrans="Yaa_M" />
        <lettre idLettre="4" x="23" transcription="ط" LatinTrans="Thaaa_M" />
        <lettre idLettre="5" x="0" transcription="ر" LatinTrans="Raa_E" />
      </paw>
    </word>
  </content>
</textImage>