﻿<?xml version="1.0" encoding="UTF-8" standalone="yes"?>
<textImage id="2" width="338" height="43" transcription="مهاجمة إيران قد حسمت" image="aljazeera_3212-08-34-50_2">
  <ArabicTranscription>مهاجمة إيران قد حسمت</ArabicTranscription>
  <LatinTranscription>Miim_B Haa_M Alif_E Jiim_B Miim_M TaaaClosed_E SPACE HamzaOnederAlif_I Yaa_B Raa_E Alif_I Nuun_I SPACE Gaaf_B Daal_E SPACE Haaa_B Siin_M Miim_M Taaa_E</LatinTranscription>
  <content>
    <word idWord="1" x="243" transcription="مهاجمة" LatinTrans="Miim_B Haa_M Alif_E Jiim_B Miim_M TaaaClosed_E">
      <paw idPaw="1" x="293" transcription="مها" LatinTrans="Miim_B Haa_M Alif_E">
        <lettre idLettre="1" x="319" transcription="م" LatinTrans="Miim_B" />
        <lettre idLettre="2" x="302" transcription="ه" LatinTrans="Haa_M" />
        <lettre idLettre="3" x="293" transcription="ا" LatinTrans="Alif_E" />
      </paw>
      <paw idPaw="2" x="243" transcription="جمة" LatinTrans="Jiim_B Miim_M TaaaClosed_E">
        <lettre idLettre="1" x="276" transcription="ج" LatinTrans="Jiim_B" />
        <lettre idLettre="2" x="259" transcription="م" LatinTrans="Miim_M" />
        <lettre idLettre="3" x="243" transcription="ة" LatinTrans="TaaaClosed_E" />
      </paw>
    </word>
    <word idWord="2" x="239" transcription=" " LatinTrans="SPACE">
      <paw idPaw="1" x="239" transcription=" " LatinTrans="SPACE">
        <lettre idLettre="1" x="239" transcription=" " LatinTrans="SPACE" />
      </paw>
    </word>
    <word idWord="3" x="174" transcription="إيران" LatinTrans="HamzaOnederAlif_I Yaa_B Raa_E Alif_I Nuun_I">
      <paw idPaw="1" x="228" transcription="إ" LatinTrans="HamzaOnederAlif_I">
        <lettre idLettre="1" x="228" transcription="إ" LatinTrans="HamzaUnderAlif_I" />
      </paw>
      <paw idPaw="2" x="203" transcription="ير" LatinTrans="Yaa_B Raa_E">
        <lettre idLettre="1" x="213" transcription="ي" LatinTrans="Yaa_B" />
        <lettre idLettre="2" x="203" transcription="ر" LatinTrans="Raa_E" />
      </paw>
      <paw idPaw="3" x="196" transcription="ا" LatinTrans="Alif_I">
        <lettre idLettre="1" x="196" transcription="ا" LatinTrans="Alif_I" />
      </paw>
      <paw idPaw="4" x="174" transcription="ن" LatinTrans="Nuun_I">
        <lettre idLettre="1" x="174" transcription="ن" LatinTrans="Nuun_I" />
      </paw>
    </word>
    <word idWord="4" x="169" transcription=" " LatinTrans="SPACE">
      <paw idPaw="1" x="169" transcription=" " LatinTrans="SPACE">
        <lettre idLettre="1" x="169" transcription=" " LatinTrans="SPACE" />
      </paw>
    </word>
    <word idWord="5" x="117" transcription="قد" LatinTrans="Gaaf_B Daal_E">
      <paw idPaw="1" x="117" transcription="قد" LatinTrans="Gaaf_B Daal_E">
        <lettre idLettre="1" x="146" transcription="ق" LatinTrans="Gaaf_B" />
        <lettre idLettre="2" x="117" transcription="د" LatinTrans="Daal_E" />
      </paw>
    </word>
    <word idWord="6" x="109" transcription=" " LatinTrans="SPACE">
      <paw idPaw="1" x="109" transcription=" " LatinTrans="SPACE">
        <lettre idLettre="1" x="109" transcription=" " LatinTrans="SPACE" />
      </paw>
    </word>
    <word idWord="7" x="0" transcription="حسمت" LatinTrans="Haaa_B Siin_M Miim_M Taaa_E">
      <paw idPaw="1" x="0" transcription="حسمت" LatinTrans="Haaa_B Siin_M Miim_M Taaa_E">
        <lettre idLettre="1" x="93" transcription="ح" LatinTrans="Haaa_B" />
        <lettre idLettre="2" x="65" transcription="س" LatinTrans="Siin_M" />
        <lettre idLettre="3" x="49" transcription="م" LatinTrans="Miim_M" />
        <lettre idLettre="4" x="0" transcription="ت" LatinTrans="Taaa_E" />
      </paw>
    </word>
  </content>
</textImage>