﻿<?xml version="1.0" encoding="UTF-8" standalone="yes"?>
<textImage id="1" width="494" height="44" transcription="وثقت الشبكة مقتل ما لا يقل عن 1215 مواطنا" image="aljazeera_3212-17-38-50_1">
  <ArabicTranscription>وثقت الشبكة مقتل ما لا يقل عن 1215 مواطنا</ArabicTranscription>
  <LatinTranscription>Waaw_I Thaa_B Gaaf_M Taaa_E SPACE Alif_I Laam_B Shiin_M Baa_M Kaaf_M TaaaClosed_E SPACE Miim_B Gaaf_M Taaa_M Laam_E SPACE Miim_B Alif_E SPACE Laam_Alif SPACE Yaa_B Gaaf_M Laam_E SPACE Ayn_B Nuun_E SPACE Five One Two One SPACE Miim_B Waaw_E Alif_I Thaaa_B Nuun_M Alif_E</LatinTranscription>
  <content>
    <word idWord="1" x="433" transcription="وثقت" LatinTrans="Waaw_I Thaa_B Gaaf_M Taaa_E">
      <paw idPaw="1" x="479" transcription="و" LatinTrans="Waaw_I">
        <lettre idLettre="1" x="479" transcription="و" LatinTrans="Waaw_I" />
      </paw>
      <paw idPaw="2" x="433" transcription="ثقت" LatinTrans="Thaa_B Gaaf_M Taaa_E">
        <lettre idLettre="1" x="467" transcription="ث" LatinTrans="Thaa_B" />
        <lettre idLettre="2" x="455" transcription="ق" LatinTrans="Gaaf_M" />
        <lettre idLettre="3" x="433" transcription="ت" LatinTrans="Taaa_E" />
      </paw>
    </word>
    <word idWord="2" x="430" transcription=" " LatinTrans="SPACE">
      <paw idPaw="1" x="430" transcription=" " LatinTrans="SPACE">
        <lettre idLettre="1" x="430" transcription=" " LatinTrans="SPACE" />
      </paw>
    </word>
    <word idWord="3" x="364" transcription="الشبكة" LatinTrans="Alif_I Laam_B Shiin_M Baa_M Kaaf_M TaaaClosed_E">
      <paw idPaw="1" x="423" transcription="ا" LatinTrans="Alif_I">
        <lettre idLettre="1" x="423" transcription="ا" LatinTrans="Alif_I" />
      </paw>
      <paw idPaw="2" x="364" transcription="لشبكة" LatinTrans="Laam_B Shiin_M Baa_M Kaaf_M TaaaClosed_E">
        <lettre idLettre="1" x="418" transcription="ل" LatinTrans="Laam_B" />
        <lettre idLettre="2" x="400" transcription="ش" LatinTrans="Shiin_M" />
        <lettre idLettre="3" x="389" transcription="ب" LatinTrans="Baa_M" />
        <lettre idLettre="4" x="379" transcription="ك" LatinTrans="Kaaf_M" />
        <lettre idLettre="5" x="364" transcription="ة" LatinTrans="TaaaClosed_E" />
      </paw>
    </word>
    <word idWord="4" x="361" transcription=" " LatinTrans="SPACE">
      <paw idPaw="1" x="361" transcription=" " LatinTrans="SPACE">
        <lettre idLettre="1" x="361" transcription=" " LatinTrans="SPACE" />
      </paw>
    </word>
    <word idWord="5" x="305" transcription="مقتل" LatinTrans="Miim_B Gaaf_M Taaa_M Laam_E">
      <paw idPaw="1" x="305" transcription="مقتل" LatinTrans="Miim_B Gaaf_M Taaa_M Laam_E">
        <lettre idLettre="1" x="347" transcription="م" LatinTrans="Miim_B" />
        <lettre idLettre="2" x="335" transcription="ق" LatinTrans="Gaaf_M" />
        <lettre idLettre="3" x="322" transcription="ت" LatinTrans="Taaa_M" />
        <lettre idLettre="4" x="305" transcription="ل" LatinTrans="Laam_E" />
      </paw>
    </word>
    <word idWord="6" x="303" transcription=" " LatinTrans="SPACE">
      <paw idPaw="1" x="303" transcription=" " LatinTrans="SPACE">
        <lettre idLettre="1" x="303" transcription=" " LatinTrans="SPACE" />
      </paw>
    </word>
    <word idWord="7" x="282" transcription="ما" LatinTrans="Miim_B Alif_E">
      <paw idPaw="1" x="282" transcription="ما" LatinTrans="Miim_B Alif_E">
        <lettre idLettre="1" x="290" transcription="م" LatinTrans="Miim_B" />
        <lettre idLettre="2" x="282" transcription="ا" LatinTrans="Alif_E" />
      </paw>
    </word>
    <word idWord="8" x="278" transcription=" " LatinTrans="SPACE">
      <paw idPaw="1" x="278" transcription=" " LatinTrans="SPACE">
        <lettre idLettre="1" x="278" transcription=" " LatinTrans="SPACE" />
      </paw>
    </word>
    <word idWord="9" x="264" transcription="لا" LatinTrans="Laam_Alif">
      <paw idPaw="1" x="264" transcription="لا" LatinTrans="Laam_Alif">
        <lettre idLettre="1" x="264" transcription="لا" LatinTrans="Laam_Alif" />
      </paw>
    </word>
    <word idWord="10" x="262" transcription=" " LatinTrans="SPACE">
      <paw idPaw="1" x="262" transcription=" " LatinTrans="SPACE">
        <lettre idLettre="1" x="262" transcription=" " LatinTrans="SPACE" />
      </paw>
    </word>
    <word idWord="11" x="220" transcription="يقل" LatinTrans="Yaa_B Gaaf_M Laam_E">
      <paw idPaw="1" x="220" transcription="يقل" LatinTrans="Yaa_B Gaaf_M Laam_E">
        <lettre idLettre="1" x="250" transcription="ي" LatinTrans="Yaa_B" />
        <lettre idLettre="2" x="238" transcription="ق" LatinTrans="Gaaf_M" />
        <lettre idLettre="3" x="220" transcription="ل" LatinTrans="Laam_E" />
      </paw>
    </word>
    <word idWord="12" x="215" transcription=" " LatinTrans="SPACE">
      <paw idPaw="1" x="215" transcription=" " LatinTrans="SPACE">
        <lettre idLettre="1" x="215" transcription=" " LatinTrans="SPACE" />
      </paw>
    </word>
    <word idWord="13" x="181" transcription="عن" LatinTrans="Ayn_B Nuun_E">
      <paw idPaw="1" x="181" transcription="عن" LatinTrans="Ayn_B Nuun_E">
        <lettre idLettre="1" x="201" transcription="ع" LatinTrans="Ayn_B" />
        <lettre idLettre="2" x="181" transcription="ن" LatinTrans="Nuun_E" />
      </paw>
    </word>
    <word idWord="14" x="170" transcription=" " LatinTrans="SPACE">
      <paw idPaw="1" x="170" transcription=" " LatinTrans="SPACE">
        <lettre idLettre="1" x="170" transcription=" " LatinTrans="SPACE" />
      </paw>
    </word>
    <word idWord="15" x="87" transcription="1215" LatinTrans="Five One Two One">
      <paw idPaw="1" x="150" transcription="5" LatinTrans="Five">
        <lettre idLettre="1" x="150" transcription="5" LatinTrans="Five" />
      </paw>
      <paw idPaw="2" x="128" transcription="1" LatinTrans="One">
        <lettre idLettre="1" x="128" transcription="1" LatinTrans="One" />
      </paw>
      <paw idPaw="3" x="105" transcription="2" LatinTrans="Two">
        <lettre idLettre="1" x="105" transcription="2" LatinTrans="Two" />
      </paw>
      <paw idPaw="4" x="87" transcription="1" LatinTrans="One">
        <lettre idLettre="1" x="87" transcription="1" LatinTrans="One" />
      </paw>
    </word>
    <word idWord="16" x="83" transcription=" " LatinTrans="SPACE">
      <paw idPaw="1" x="83" transcription=" " LatinTrans="SPACE">
        <lettre idLettre="1" x="83" transcription=" " LatinTrans="SPACE" />
      </paw>
    </word>
    <word idWord="17" x="0" transcription="مواطنا" LatinTrans="Miim_B Waaw_E Alif_I Thaaa_B Nuun_M Alif_E">
      <paw idPaw="1" x="59" transcription="مو" LatinTrans="Miim_B Waaw_E">
        <lettre idLettre="1" x="69" transcription="م" LatinTrans="Miim_B" />
        <lettre idLettre="2" x="59" transcription="و" LatinTrans="Waaw_E" />
      </paw>
      <paw idPaw="2" x="53" transcription="ا" LatinTrans="Alif_I">
        <lettre idLettre="1" x="53" transcription="ا" LatinTrans="Alif_I" />
      </paw>
      <paw idPaw="3" x="0" transcription="طنا" LatinTrans="Thaaa_B Nuun_M Alif_E">
        <lettre idLettre="1" x="35" transcription="ط" LatinTrans="Thaaa_B" />
        <lettre idLettre="2" x="24" transcription="ن" LatinTrans="Nuun_M" />
        <lettre idLettre="3" x="0" transcription="ا" LatinTrans="Alif_E" />
      </paw>
    </word>
  </content>
</textImage>