﻿<?xml version="1.0" encoding="UTF-8" standalone="yes"?>
<textImage id="1" width="363" height="50" transcription="قاتل بن لادن: أطلقت 3 رصاصات على رأسه" image="aljazeera_3212-08-48-50_1">
  <ArabicTranscription>قاتل بن لادن: أطلقت 3 رصاصات على رأسه</ArabicTranscription>
  <LatinTranscription>Gaaf_B Alif_E Taaa_B Laam_E SPACE Baa_B Nuun_E SPACE Laam_Alif Daal_I Nuun_I TWOPOINTS SPACE HamzaAboveAlif_I Thaaa_B Laam_M Gaaf_M Taaa_E SPACE Three SPACE Raa_I Saad_B Alif_E Saad_B Alif_E Taaa_I SPACE Ayn_B Laam_M AlifBroken_E SPACE Raa_I HamzaAboveAlif_I Siin_B Haa_E</LatinTranscription>
  <content>
    <word idWord="1" x="315" transcription="قاتل" LatinTrans="Gaaf_B Alif_E Taaa_B Laam_E">
      <paw idPaw="1" x="339" transcription="قا" LatinTrans="Gaaf_B Alif_E">
        <lettre idLettre="1" x="344" transcription="ق" LatinTrans="Gaaf_B" />
        <lettre idLettre="2" x="339" transcription="ا" LatinTrans="Alif_E" />
      </paw>
      <paw idPaw="2" x="315" transcription="تل" LatinTrans="Taaa_B Laam_E">
        <lettre idLettre="1" x="330" transcription="ت" LatinTrans="Taaa_B" />
        <lettre idLettre="2" x="315" transcription="ل" LatinTrans="Laam_E" />
      </paw>
    </word>
    <word idWord="2" x="313" transcription=" " LatinTrans="SPACE">
      <paw idPaw="1" x="313" transcription=" " LatinTrans="SPACE">
        <lettre idLettre="1" x="313" transcription=" " LatinTrans="SPACE" />
      </paw>
    </word>
    <word idWord="3" x="286" transcription="بن" LatinTrans="Baa_B Nuun_E">
      <paw idPaw="1" x="286" transcription="بن" LatinTrans="Baa_B Nuun_E">
        <lettre idLettre="1" x="302" transcription="ب" LatinTrans="Baa_B" />
        <lettre idLettre="2" x="286" transcription="ن" LatinTrans="Nuun_E" />
      </paw>
    </word>
    <word idWord="4" x="285" transcription=" " LatinTrans="SPACE">
      <paw idPaw="1" x="285" transcription=" " LatinTrans="SPACE">
        <lettre idLettre="1" x="285" transcription=" " LatinTrans="SPACE" />
      </paw>
    </word>
    <word idWord="5" x="244" transcription="لادن:" LatinTrans="Laam_Alif Daal_I Nuun_I TWOPOINTS">
      <paw idPaw="1" x="272" transcription="لا" LatinTrans="Laam_Alif">
        <lettre idLettre="1" x="272" transcription="لا" LatinTrans="Laam_Alif" />
      </paw>
      <paw idPaw="2" x="264" transcription="د" LatinTrans="Daal_I">
        <lettre idLettre="1" x="264" transcription="د" LatinTrans="Daal_I" />
      </paw>
      <paw idPaw="3" x="250" transcription="ن" LatinTrans="Nuun_I">
        <lettre idLettre="1" x="250" transcription="ن" LatinTrans="Nuun_I" />
      </paw>
      <paw idPaw="4" x="244" transcription=":" LatinTrans="TWOPOINTS">
        <lettre idLettre="1" x="244" transcription=":" LatinTrans="TWOPOINTS" />
      </paw>
    </word>
    <word idWord="6" x="241" transcription=" " LatinTrans="SPACE">
      <paw idPaw="1" x="241" transcription=" " LatinTrans="SPACE">
        <lettre idLettre="1" x="241" transcription=" " LatinTrans="SPACE" />
      </paw>
    </word>
    <word idWord="7" x="180" transcription="أطلقت" LatinTrans="HamzaAboveAlif_I Thaaa_B Laam_M Gaaf_M Taaa_E">
      <paw idPaw="1" x="232" transcription="أ" LatinTrans="HamzaAboveAlif_I">
        <lettre idLettre="1" x="232" transcription="أ" LatinTrans="HamzaAboveAlif_I" />
      </paw>
      <paw idPaw="2" x="180" transcription="طلقت" LatinTrans="Thaaa_B Laam_M Gaaf_M Taaa_E">
        <lettre idLettre="1" x="218" transcription="ط" LatinTrans="Thaaa_B" />
        <lettre idLettre="2" x="211" transcription="ل" LatinTrans="Laam_M" />
        <lettre idLettre="3" x="199" transcription="ق" LatinTrans="Gaaf_M" />
        <lettre idLettre="4" x="180" transcription="ت" LatinTrans="Taaa_E" />
      </paw>
    </word>
    <word idWord="8" x="178" transcription=" " LatinTrans="SPACE">
      <paw idPaw="1" x="178" transcription=" " LatinTrans="SPACE">
        <lettre idLettre="1" x="178" transcription=" " LatinTrans="SPACE" />
      </paw>
    </word>
    <word idWord="9" x="165" transcription="3" LatinTrans="Three">
      <paw idPaw="1" x="165" transcription="3" LatinTrans="Three">
        <lettre idLettre="1" x="165" transcription="3" LatinTrans="Three" />
      </paw>
    </word>
    <word idWord="10" x="162" transcription=" " LatinTrans="SPACE">
      <paw idPaw="1" x="162" transcription=" " LatinTrans="SPACE">
        <lettre idLettre="1" x="162" transcription=" " LatinTrans="SPACE" />
      </paw>
    </word>
    <word idWord="11" x="89" transcription="رصاصات" LatinTrans="Raa_I Saad_B Alif_E Saad_B Alif_E Taaa_I">
      <paw idPaw="1" x="153" transcription="ر" LatinTrans="Raa_I">
        <lettre idLettre="1" x="153" transcription="ر" LatinTrans="Raa_I" />
      </paw>
      <paw idPaw="2" x="130" transcription="صا" LatinTrans="Saad_B Alif_E">
        <lettre idLettre="1" x="137" transcription="ص" LatinTrans="Saad_B" />
        <lettre idLettre="2" x="130" transcription="ا" LatinTrans="Alif_E" />
      </paw>
      <paw idPaw="3" x="106" transcription="صا" LatinTrans="Saad_B Alif_E">
        <lettre idLettre="1" x="113" transcription="ص" LatinTrans="Saad_B" />
        <lettre idLettre="2" x="106" transcription="ا" LatinTrans="Alif_E" />
      </paw>
      <paw idPaw="4" x="89" transcription="ت" LatinTrans="Taaa_I">
        <lettre idLettre="1" x="89" transcription="ت" LatinTrans="Taaa_I" />
      </paw>
    </word>
    <word idWord="12" x="86" transcription=" " LatinTrans="SPACE">
      <paw idPaw="1" x="86" transcription=" " LatinTrans="SPACE">
        <lettre idLettre="1" x="86" transcription=" " LatinTrans="SPACE" />
      </paw>
    </word>
    <word idWord="13" x="50" transcription="على" LatinTrans="Ayn_B Laam_M AlifBroken_E">
      <paw idPaw="1" x="50" transcription="على" LatinTrans="Ayn_B Laam_M AlifBroken_E">
        <lettre idLettre="1" x="72" transcription="ع" LatinTrans="Ayn_B" />
        <lettre idLettre="2" x="64" transcription="ل" LatinTrans="Laam_M" />
        <lettre idLettre="3" x="50" transcription="ى" LatinTrans="AlifBroken_E" />
      </paw>
    </word>
    <word idWord="14" x="46" transcription=" " LatinTrans="SPACE">
      <paw idPaw="1" x="46" transcription=" " LatinTrans="SPACE">
        <lettre idLettre="1" x="46" transcription=" " LatinTrans="SPACE" />
      </paw>
    </word>
    <word idWord="15" x="0" transcription="رأسه" LatinTrans="Raa_I HamzaAboveAlif_I Siin_B Haa_E">
      <paw idPaw="1" x="40" transcription="ر" LatinTrans="Raa_I">
        <lettre idLettre="1" x="40" transcription="ر" LatinTrans="Raa_I" />
      </paw>
      <paw idPaw="2" x="35" transcription="أ" LatinTrans="HamzaAboveAlif_I">
        <lettre idLettre="1" x="35" transcription="أ" LatinTrans="HamzaAboveAlif_I" />
      </paw>
      <paw idPaw="3" x="0" transcription="سه" LatinTrans="Siin_B Haa_E">
        <lettre idLettre="1" x="19" transcription="س" LatinTrans="Siin_B" />
        <lettre idLettre="2" x="0" transcription="ه" LatinTrans="Haa_E" />
      </paw>
    </word>
  </content>
</textImage>