﻿<?xml version="1.0" encoding="UTF-8" standalone="yes"?>
<textImage id="1" width="195" height="36" transcription="أحمد معاذ الخطيب" image="aljazeera_3211-10-00-10_1">
  <ArabicTranscription>أحمد معاذ الخطيب</ArabicTranscription>
  <LatinTranscription>HamzaAboveAlif_I Haaa_B Miim_M Daal_E SPACE Miim_B Ayn_M Alif_E Thaal_I SPACE Alif_I Laam_B Xaa_M Thaaa_M Yaa_M Baa_E</LatinTranscription>
  <content>
    <word idWord="1" x="140" transcription="أحمد" LatinTrans="HamzaAboveAlif_I Haaa_B Miim_M Daal_E">
      <paw idPaw="1" x="182" transcription="أ" LatinTrans="HamzaAboveAlif_I">
        <lettre idLettre="1" x="182" transcription="أ" LatinTrans="HamzaAboveAlif_I" />
      </paw>
      <paw idPaw="2" x="140" transcription="حمد" LatinTrans="Haaa_B Miim_M Daal_E">
        <lettre idLettre="1" x="168" transcription="ح" LatinTrans="Haaa_B" />
        <lettre idLettre="2" x="155" transcription="م" LatinTrans="Miim_M" />
        <lettre idLettre="3" x="140" transcription="د" LatinTrans="Daal_E" />
      </paw>
    </word>
    <word idWord="2" x="135" transcription=" " LatinTrans="SPACE">
      <paw idPaw="1" x="135" transcription=" " LatinTrans="SPACE">
        <lettre idLettre="1" x="135" transcription=" " LatinTrans="SPACE" />
      </paw>
    </word>
    <word idWord="3" x="86" transcription="معاذ" LatinTrans="Miim_B Ayn_M Alif_E Thaal_I">
      <paw idPaw="1" x="99" transcription="معا" LatinTrans="Miim_B Ayn_M Alif_E">
        <lettre idLettre="1" x="123" transcription="م" LatinTrans="Miim_B" />
        <lettre idLettre="2" x="108" transcription="ع" LatinTrans="Ayn_M" />
        <lettre idLettre="3" x="99" transcription="ا" LatinTrans="Alif_E" />
      </paw>
      <paw idPaw="2" x="86" transcription="ذ" LatinTrans="Thaal_I">
        <lettre idLettre="1" x="86" transcription="ذ" LatinTrans="Thaal_I" />
      </paw>
    </word>
    <word idWord="4" x="82" transcription=" " LatinTrans="SPACE">
      <paw idPaw="1" x="82" transcription=" " LatinTrans="SPACE">
        <lettre idLettre="1" x="82" transcription=" " LatinTrans="SPACE" />
      </paw>
    </word>
    <word idWord="5" x="0" transcription="الخطيب" LatinTrans="Alif_I Laam_B Xaa_M Thaaa_M Yaa_M Baa_E">
      <paw idPaw="1" x="76" transcription="ا" LatinTrans="Alif_I">
        <lettre idLettre="1" x="76" transcription="ا" LatinTrans="Alif_I" />
      </paw>
      <paw idPaw="2" x="0" transcription="لخطيب" LatinTrans="Laam_B Xaa_M Thaaa_M Yaa_M Baa_E">
        <lettre idLettre="1" x="71" transcription="ل" LatinTrans="Laam_B" />
        <lettre idLettre="2" x="53" transcription="خ" LatinTrans="Xaa_M" />
        <lettre idLettre="3" x="34" transcription="ط" LatinTrans="Thaaa_M" />
        <lettre idLettre="4" x="25" transcription="ي" LatinTrans="Yaa_M" />
        <lettre idLettre="5" x="0" transcription="ب" LatinTrans="Baa_E" />
      </paw>
    </word>
  </content>
</textImage>