﻿<?xml version="1.0" encoding="UTF-8" standalone="yes"?>
<textImage id="1" width="474" height="38" transcription="مسيرات في مدينة تعز احتفالا بالذكرى" image="aljazeera_3211-10-31-00_1">
  <ArabicTranscription>مسيرات في مدينة تعز احتفالا بالذكرى</ArabicTranscription>
  <LatinTranscription>Miim_B Siin_M Yaa_M Raa_E Alif_I Taaa_I SPACE Faa_B Yaa_E SPACE Miim_B Daal_E Yaa_B Nuun_M TaaaClosed_E SPACE Taaa_B Ayn_M Zaay_E SPACE Alif_I Haaa_B Taaa_M Faa_M Alif_E Laam_Alif SPACE Baa_B Alif_E Laam_B Thaal_E Kaaf_B Raa_E AlifBroken_I</LatinTranscription>
  <content>
    <word idWord="1" x="359" transcription="مسيرات" LatinTrans="Miim_B Siin_M Yaa_M Raa_E Alif_I Taaa_I">
      <paw idPaw="1" x="382" transcription="مسير" LatinTrans="Miim_B Siin_M Yaa_M Raa_E">
        <lettre idLettre="1" x="453" transcription="م" LatinTrans="Miim_B" />
        <lettre idLettre="2" x="422" transcription="س" LatinTrans="Siin_M" />
        <lettre idLettre="3" x="400" transcription="ي" LatinTrans="Yaa_M" />
        <lettre idLettre="4" x="382" transcription="ر" LatinTrans="Raa_E" />
      </paw>
      <paw idPaw="2" x="377" transcription="ا" LatinTrans="Alif_I">
        <lettre idLettre="1" x="377" transcription="ا" LatinTrans="Alif_I" />
      </paw>
      <paw idPaw="3" x="359" transcription="ت" LatinTrans="Taaa_I">
        <lettre idLettre="1" x="359" transcription="ت" LatinTrans="Taaa_I" />
      </paw>
    </word>
    <word idWord="2" x="356" transcription=" " LatinTrans="SPACE">
      <paw idPaw="1" x="356" transcription=" " LatinTrans="SPACE">
        <lettre idLettre="1" x="356" transcription=" " LatinTrans="SPACE" />
      </paw>
    </word>
    <word idWord="3" x="315" transcription="في" LatinTrans="Faa_B Yaa_E">
      <paw idPaw="1" x="315" transcription="في" LatinTrans="Faa_B Yaa_E">
        <lettre idLettre="1" x="337" transcription="ف" LatinTrans="Faa_B" />
        <lettre idLettre="2" x="315" transcription="ي" LatinTrans="Yaa_E" />
      </paw>
    </word>
    <word idWord="4" x="311" transcription=" " LatinTrans="SPACE">
      <paw idPaw="1" x="311" transcription=" " LatinTrans="SPACE">
        <lettre idLettre="1" x="311" transcription=" " LatinTrans="SPACE" />
      </paw>
    </word>
    <word idWord="5" x="218" transcription="مدينة" LatinTrans="Miim_B Daal_E Yaa_B Nuun_M TaaaClosed_E">
      <paw idPaw="1" x="275" transcription="مد" LatinTrans="Miim_B Daal_E">
        <lettre idLettre="1" x="296" transcription="م" LatinTrans="Miim_B" />
        <lettre idLettre="2" x="275" transcription="د" LatinTrans="Daal_E" />
      </paw>
      <paw idPaw="2" x="218" transcription="ينة" LatinTrans="Yaa_B Nuun_M TaaaClosed_E">
        <lettre idLettre="1" x="262" transcription="ي" LatinTrans="Yaa_B" />
        <lettre idLettre="2" x="243" transcription="ن" LatinTrans="Nuun_M" />
        <lettre idLettre="3" x="218" transcription="ة" LatinTrans="TaaaClosed_E" />
      </paw>
    </word>
    <word idWord="6" x="215" transcription=" " LatinTrans="SPACE">
      <paw idPaw="1" x="215" transcription=" " LatinTrans="SPACE">
        <lettre idLettre="1" x="215" transcription=" " LatinTrans="SPACE" />
      </paw>
    </word>
    <word idWord="7" x="153" transcription="تعز" LatinTrans="Taaa_B Ayn_M Zaay_E">
      <paw idPaw="1" x="153" transcription="تعز" LatinTrans="Taaa_B Ayn_M Zaay_E">
        <lettre idLettre="1" x="200" transcription="ت" LatinTrans="Taaa_B" />
        <lettre idLettre="2" x="171" transcription="ع" LatinTrans="Ayn_M" />
        <lettre idLettre="3" x="153" transcription="ز" LatinTrans="Zaay_E" />
      </paw>
    </word>
    <word idWord="8" x="149" transcription=" " LatinTrans="SPACE">
      <paw idPaw="1" x="149" transcription=" " LatinTrans="SPACE">
        <lettre idLettre="1" x="149" transcription=" " LatinTrans="SPACE" />
      </paw>
    </word>
    <word idWord="9" x="72" transcription="احتفالا" LatinTrans="Alif_I Haaa_B Taaa_M Faa_M Alif_E Laam_Alif">
      <paw idPaw="1" x="143" transcription="ا" LatinTrans="Alif_I">
        <lettre idLettre="1" x="143" transcription="ا" LatinTrans="Alif_I" />
      </paw>
      <paw idPaw="2" x="86" transcription="حتفا" LatinTrans="Haaa_B Taaa_M Faa_M Alif_E">
        <lettre idLettre="1" x="123" transcription="ح" LatinTrans="Haaa_B" />
        <lettre idLettre="2" x="105" transcription="ت" LatinTrans="Taaa_M" />
        <lettre idLettre="3" x="93" transcription="ف" LatinTrans="Faa_M" />
        <lettre idLettre="4" x="86" transcription="ا" LatinTrans="Alif_E" />
      </paw>
      <paw idPaw="3" x="72" transcription="لا" LatinTrans="Laam_Alif">
        <lettre idLettre="1" x="72" transcription="لا" LatinTrans="Laam_Alif" />
      </paw>
    </word>
    <word idWord="10" x="69" transcription=" " LatinTrans="SPACE">
      <paw idPaw="1" x="69" transcription=" " LatinTrans="SPACE">
        <lettre idLettre="1" x="69" transcription=" " LatinTrans="SPACE" />
      </paw>
    </word>
    <word idWord="11" x="0" transcription="بالذكرى" LatinTrans="Baa_B Alif_E Laam_B Thaal_E Kaaf_B Raa_E AlifBroken_I">
      <paw idPaw="1" x="53" transcription="با" LatinTrans="Baa_B Alif_E">
        <lettre idLettre="1" x="60" transcription="ب" LatinTrans="Baa_B" />
        <lettre idLettre="2" x="53" transcription="ا" LatinTrans="Alif_E" />
      </paw>
      <paw idPaw="2" x="35" transcription="لذ" LatinTrans="Laam_B Thaal_E">
        <lettre idLettre="1" x="47" transcription="ل" LatinTrans="Laam_B" />
        <lettre idLettre="2" x="35" transcription="ذ" LatinTrans="Thaal_E" />
      </paw>
      <paw idPaw="3" x="17" transcription="كر" LatinTrans="Kaaf_B Raa_E">
        <lettre idLettre="1" x="24" transcription="ك" LatinTrans="Kaaf_B" />
        <lettre idLettre="2" x="17" transcription="ر" LatinTrans="Raa_E" />
      </paw>
      <paw idPaw="4" x="0" transcription="ى" LatinTrans="AlifBroken_I">
        <lettre idLettre="1" x="0" transcription="ى" LatinTrans="AlifBroken_I" />
      </paw>
    </word>
  </content>
</textImage>