﻿<?xml version="1.0" encoding="UTF-8" standalone="yes"?>
<textImage id="1" width="339" height="45" transcription="تحول مالي إلى معقل إرهابي" image="aljazeera_3212-08-46-00_1">
  <ArabicTranscription>تحول مالي إلى معقل إرهابي</ArabicTranscription>
  <LatinTranscription>Taaa_B Haaa_M Waaw_E Laam_I SPACE Miim_B Alif_E Laam_B Yaa_E SPACE HamzaOnederAlif_I Laam_B AlifBroken_E SPACE Miim_B Ayn_M Gaaf_M Laam_E SPACE HamzaOnederAlif_I Raa_I Haa_B Alif_E Baa_B Yaa_E</LatinTranscription>
  <content>
    <word idWord="1" x="270" transcription="تحول" LatinTrans="Taaa_B Haaa_M Waaw_E Laam_I">
      <paw idPaw="1" x="290" transcription="تحو" LatinTrans="Taaa_B Haaa_M Waaw_E">
        <lettre idLettre="1" x="321" transcription="ت" LatinTrans="Taaa_B" />
        <lettre idLettre="2" x="304" transcription="ح" LatinTrans="Haaa_M" />
        <lettre idLettre="3" x="290" transcription="و" LatinTrans="Waaw_E" />
      </paw>
      <paw idPaw="2" x="270" transcription="ل" LatinTrans="Laam_I">
        <lettre idLettre="1" x="270" transcription="ل" LatinTrans="Laam_I" />
      </paw>
    </word>
    <word idWord="2" x="264" transcription=" " LatinTrans="SPACE">
      <paw idPaw="1" x="264" transcription=" " LatinTrans="SPACE">
        <lettre idLettre="1" x="264" transcription=" " LatinTrans="SPACE" />
      </paw>
    </word>
    <word idWord="3" x="214" transcription="مالي" LatinTrans="Miim_B Alif_E Laam_B Yaa_E">
      <paw idPaw="1" x="240" transcription="ما" LatinTrans="Miim_B Alif_E">
        <lettre idLettre="1" x="249" transcription="م" LatinTrans="Miim_B" />
        <lettre idLettre="2" x="240" transcription="ا" LatinTrans="Alif_E" />
      </paw>
      <paw idPaw="2" x="214" transcription="لي" LatinTrans="Laam_B Yaa_E">
        <lettre idLettre="1" x="232" transcription="ل" LatinTrans="Laam_B" />
        <lettre idLettre="2" x="214" transcription="ي" LatinTrans="Yaa_E" />
      </paw>
    </word>
    <word idWord="4" x="209" transcription=" " LatinTrans="SPACE">
      <paw idPaw="1" x="209" transcription=" " LatinTrans="SPACE">
        <lettre idLettre="1" x="209" transcription=" " LatinTrans="SPACE" />
      </paw>
    </word>
    <word idWord="5" x="171" transcription="إلى" LatinTrans="HamzaOnederAlif_I Laam_B AlifBroken_E">
      <paw idPaw="1" x="199" transcription="إ" LatinTrans="HamzaOnederAlif_I">
        <lettre idLettre="1" x="199" transcription="إ" LatinTrans="HamzaUnderAlif_I" />
      </paw>
      <paw idPaw="2" x="171" transcription="لى" LatinTrans="Laam_B AlifBroken_E">
        <lettre idLettre="1" x="189" transcription="ل" LatinTrans="Laam_B" />
        <lettre idLettre="2" x="171" transcription="ى" LatinTrans="AlifBroken_E" />
      </paw>
    </word>
    <word idWord="6" x="164" transcription=" " LatinTrans="SPACE">
      <paw idPaw="1" x="164" transcription=" " LatinTrans="SPACE">
        <lettre idLettre="1" x="164" transcription=" " LatinTrans="SPACE" />
      </paw>
    </word>
    <word idWord="7" x="89" transcription="معقل" LatinTrans="Miim_B Ayn_M Gaaf_M Laam_E">
      <paw idPaw="1" x="89" transcription="معقل" LatinTrans="Miim_B Ayn_M Gaaf_M Laam_E">
        <lettre idLettre="1" x="152" transcription="م" LatinTrans="Miim_B" />
        <lettre idLettre="2" x="129" transcription="ع" LatinTrans="Ayn_M" />
        <lettre idLettre="3" x="112" transcription="ق" LatinTrans="Gaaf_M" />
        <lettre idLettre="4" x="89" transcription="ل" LatinTrans="Laam_E" />
      </paw>
    </word>
    <word idWord="8" x="86" transcription=" " LatinTrans="SPACE">
      <paw idPaw="1" x="86" transcription=" " LatinTrans="SPACE">
        <lettre idLettre="1" x="86" transcription=" " LatinTrans="SPACE" />
      </paw>
    </word>
    <word idWord="9" x="0" transcription="إرهابي" LatinTrans="HamzaOnederAlif_I Raa_I Haa_B Alif_E Baa_B Yaa_E">
      <paw idPaw="1" x="75" transcription="إ" LatinTrans="HamzaOnederAlif_I">
        <lettre idLettre="1" x="75" transcription="إ" LatinTrans="HamzaUnderAlif_I" />
      </paw>
      <paw idPaw="2" x="65" transcription="ر" LatinTrans="Raa_I">
        <lettre idLettre="1" x="65" transcription="ر" LatinTrans="Raa_I" />
      </paw>
      <paw idPaw="3" x="33" transcription="ها" LatinTrans="Haa_B Alif_E">
        <lettre idLettre="1" x="42" transcription="ه" LatinTrans="Haa_B" />
        <lettre idLettre="2" x="33" transcription="ا" LatinTrans="Alif_E" />
      </paw>
      <paw idPaw="4" x="0" transcription="بي" LatinTrans="Baa_B Yaa_E">
        <lettre idLettre="1" x="21" transcription="ب" LatinTrans="Baa_B" />
        <lettre idLettre="2" x="0" transcription="ي" LatinTrans="Yaa_E" />
      </paw>
    </word>
  </content>
</textImage>