﻿<?xml version="1.0" encoding="UTF-8" standalone="yes"?>
<textImage id="1" width="336" height="38" transcription="سعي  فرنسي لاحتواء التوتر مع تونس" image="aljazeera_3212-19-06-40_1">
  <ArabicTranscription>سعي  فرنسي لاحتواء التوتر مع تونس</ArabicTranscription>
  <LatinTranscription>Siin_B Ayn_M Yaa_E SPACE Faa_B Raa_E Nuun_B Siin_M Yaa_E SPACE Laam_Alif Haaa_B Taaa_M Waaw_E Alif_I Hamza SPACE Alif_I Laam_B Taaa_M Waaw_E Taaa_B Raa_E SPACE Miim_B Ayn_E SPACE Taaa_B Waaw_E Nuun_B Siin_E</LatinTranscription>
  <content>
    <word idWord="1" x="285" transcription="سعي" LatinTrans="Siin_B Ayn_M Yaa_E">
      <paw idPaw="1" x="285" transcription="سعي" LatinTrans="Siin_B Ayn_M Yaa_E">
        <lettre idLettre="1" x="314" transcription="س" LatinTrans="Siin_B" />
        <lettre idLettre="2" x="300" transcription="ع" LatinTrans="Ayn_M" />
        <lettre idLettre="3" x="285" transcription="ي" LatinTrans="Yaa_E" />
      </paw>
    </word>
    <word idWord="2" x="282" transcription=" " LatinTrans="SPACE">
      <paw idPaw="1" x="282" transcription=" " LatinTrans="SPACE">
        <lettre idLettre="1" x="282" transcription=" " LatinTrans="SPACE" />
      </paw>
    </word>
    <word idWord="3" x="218" transcription="فرنسي" LatinTrans="Faa_B Raa_E Nuun_B Siin_M Yaa_E">
      <paw idPaw="1" x="260" transcription="فر" LatinTrans="Faa_B Raa_E">
        <lettre idLettre="1" x="270" transcription="ف" LatinTrans="Faa_B" />
        <lettre idLettre="2" x="260" transcription="ر" LatinTrans="Raa_E" />
      </paw>
      <paw idPaw="2" x="218" transcription="نسي" LatinTrans="Nuun_B Siin_M Yaa_E">
        <lettre idLettre="1" x="249" transcription="ن" LatinTrans="Nuun_B" />
        <lettre idLettre="2" x="233" transcription="س" LatinTrans="Siin_M" />
        <lettre idLettre="3" x="218" transcription="ي" LatinTrans="Yaa_E" />
      </paw>
    </word>
    <word idWord="4" x="214" transcription=" " LatinTrans="SPACE">
      <paw idPaw="1" x="214" transcription=" " LatinTrans="SPACE">
        <lettre idLettre="1" x="214" transcription=" " LatinTrans="SPACE" />
      </paw>
    </word>
    <word idWord="5" x="150" transcription="لاحتواء" LatinTrans="Laam_Alif Haaa_B Taaa_M Waaw_E Alif_I Hamza">
      <paw idPaw="1" x="201" transcription="لا" LatinTrans="Laam_Alif">
        <lettre idLettre="1" x="201" transcription="لا" LatinTrans="Laam_Alif" />
      </paw>
      <paw idPaw="2" x="166" transcription="حتو" LatinTrans="Haaa_B Taaa_M Waaw_E">
        <lettre idLettre="1" x="188" transcription="ح" LatinTrans="Haaa_B" />
        <lettre idLettre="2" x="177" transcription="ت" LatinTrans="Taaa_M" />
        <lettre idLettre="3" x="166" transcription="و" LatinTrans="Waaw_E" />
      </paw>
      <paw idPaw="3" x="161" transcription="ا" LatinTrans="Alif_I">
        <lettre idLettre="1" x="161" transcription="ا" LatinTrans="Alif_I" />
      </paw>
      <paw idPaw="4" x="150" transcription="ء" LatinTrans="Hamza">
        <lettre idLettre="1" x="150" transcription="ء" LatinTrans="Hamza" />
      </paw>
    </word>
    <word idWord="6" x="147" transcription=" " LatinTrans="SPACE">
      <paw idPaw="1" x="147" transcription=" " LatinTrans="SPACE">
        <lettre idLettre="1" x="147" transcription=" " LatinTrans="SPACE" />
      </paw>
    </word>
    <word idWord="7" x="94" transcription="التوتر" LatinTrans="Alif_I Laam_B Taaa_M Waaw_E Taaa_B Raa_E">
      <paw idPaw="1" x="141" transcription="ا" LatinTrans="Alif_I">
        <lettre idLettre="1" x="141" transcription="ا" LatinTrans="Alif_I" />
      </paw>
      <paw idPaw="2" x="115" transcription="لتو" LatinTrans="Laam_B Taaa_M Waaw_E">
        <lettre idLettre="1" x="135" transcription="ل" LatinTrans="Laam_B" />
        <lettre idLettre="2" x="126" transcription="ت" LatinTrans="Taaa_M" />
        <lettre idLettre="3" x="115" transcription="و" LatinTrans="Waaw_E" />
      </paw>
      <paw idPaw="3" x="94" transcription="تر" LatinTrans="Taaa_B Raa_E">
        <lettre idLettre="1" x="104" transcription="ت" LatinTrans="Taaa_B" />
        <lettre idLettre="2" x="94" transcription="ر" LatinTrans="Raa_E" />
      </paw>
    </word>
    <word idWord="8" x="91" transcription=" " LatinTrans="SPACE">
      <paw idPaw="1" x="91" transcription=" " LatinTrans="SPACE">
        <lettre idLettre="1" x="91" transcription=" " LatinTrans="SPACE" />
      </paw>
    </word>
    <word idWord="9" x="65" transcription="مع" LatinTrans="Miim_B Ayn_E">
      <paw idPaw="1" x="65" transcription="مع" LatinTrans="Miim_B Ayn_E">
        <lettre idLettre="1" x="78" transcription="م" LatinTrans="Miim_B" />
        <lettre idLettre="2" x="65" transcription="ع" LatinTrans="Ayn_E" />
      </paw>
    </word>
    <word idWord="10" x="60" transcription=" " LatinTrans="SPACE">
      <paw idPaw="1" x="60" transcription=" " LatinTrans="SPACE">
        <lettre idLettre="1" x="60" transcription=" " LatinTrans="SPACE" />
      </paw>
    </word>
    <word idWord="11" x="0" transcription="تونس" LatinTrans="Taaa_B Waaw_E Nuun_B Siin_E">
      <paw idPaw="1" x="39" transcription="تو" LatinTrans="Taaa_B Waaw_E">
        <lettre idLettre="1" x="49" transcription="ت" LatinTrans="Taaa_B" />
        <lettre idLettre="2" x="39" transcription="و" LatinTrans="Waaw_E" />
      </paw>
      <paw idPaw="2" x="0" transcription="نس" LatinTrans="Nuun_B Siin_E">
        <lettre idLettre="1" x="28" transcription="ن" LatinTrans="Nuun_B" />
        <lettre idLettre="2" x="0" transcription="س" LatinTrans="Siin_E" />
      </paw>
    </word>
  </content>
</textImage>