﻿<?xml version="1.0" encoding="UTF-8" standalone="yes"?>
<textImage id="2" width="177" height="35" transcription="على مطار الجراح" image="aljazeera_3212-05-05-00_2">
  <ArabicTranscription>على مطار الجراح</ArabicTranscription>
  <LatinTranscription>Ayn_B Laam_M AlifBroken_E SPACE Miim_B Thaaa_M Alif_E Raa_I SPACE Alif_I Laam_B Jiim_M Raa_E Alif_I Haaa_I</LatinTranscription>
  <content>
    <word idWord="1" x="108" transcription="على" LatinTrans="Ayn_B Laam_M AlifBroken_E">
      <paw idPaw="1" x="108" transcription="على" LatinTrans="Ayn_B Laam_M AlifBroken_E">
        <lettre idLettre="1" x="159" transcription="ع" LatinTrans="Ayn_B" />
        <lettre idLettre="2" x="138" transcription="ل" LatinTrans="Laam_M" />
        <lettre idLettre="3" x="108" transcription="ى" LatinTrans="AlifBroken_E" />
      </paw>
    </word>
    <word idWord="2" x="104" transcription=" " LatinTrans="SPACE">
      <paw idPaw="1" x="104" transcription=" " LatinTrans="SPACE">
        <lettre idLettre="1" x="104" transcription=" " LatinTrans="SPACE" />
      </paw>
    </word>
    <word idWord="3" x="58" transcription="مطار" LatinTrans="Miim_B Thaaa_M Alif_E Raa_I">
      <paw idPaw="1" x="69" transcription="مطا" LatinTrans="Miim_B Thaaa_M Alif_E">
        <lettre idLettre="1" x="92" transcription="م" LatinTrans="Miim_B" />
        <lettre idLettre="2" x="74" transcription="ط" LatinTrans="Thaaa_M" />
        <lettre idLettre="3" x="69" transcription="ا" LatinTrans="Alif_E" />
      </paw>
      <paw idPaw="2" x="58" transcription="ر" LatinTrans="Raa_I">
        <lettre idLettre="1" x="58" transcription="ر" LatinTrans="Raa_I" />
      </paw>
    </word>
    <word idWord="4" x="56" transcription=" " LatinTrans="SPACE">
      <paw idPaw="1" x="56" transcription=" " LatinTrans="SPACE">
        <lettre idLettre="1" x="56" transcription=" " LatinTrans="SPACE" />
      </paw>
    </word>
    <word idWord="5" x="0" transcription="الجراح" LatinTrans="Alif_I Laam_B Jiim_M Raa_E Alif_I Haaa_I">
      <paw idPaw="1" x="50" transcription="ا" LatinTrans="Alif_I">
        <lettre idLettre="1" x="50" transcription="ا" LatinTrans="Alif_I" />
      </paw>
      <paw idPaw="2" x="21" transcription="لجر" LatinTrans="Laam_B Jiim_M Raa_E">
        <lettre idLettre="1" x="43" transcription="ل" LatinTrans="Laam_B" />
        <lettre idLettre="2" x="32" transcription="ج" LatinTrans="Jiim_M" />
        <lettre idLettre="3" x="21" transcription="ر" LatinTrans="Raa_E" />
      </paw>
      <paw idPaw="3" x="16" transcription="ا" LatinTrans="Alif_I">
        <lettre idLettre="1" x="16" transcription="ا" LatinTrans="Alif_I" />
      </paw>
      <paw idPaw="4" x="0" transcription="ح" LatinTrans="Haaa_I">
        <lettre idLettre="1" x="0" transcription="ح" LatinTrans="Haaa_I" />
      </paw>
    </word>
  </content>
</textImage>