﻿<?xml version="1.0" encoding="UTF-8" standalone="yes"?>
<textImage id="1" width="427" height="37" transcription="اشتباكات بين الجيش السوري الحر وقوات النظام" image="aljazeera_3212-15-00-30_1">
  <ArabicTranscription>اشتباكات بين الجيش السوري الحر وقوات النظام</ArabicTranscription>
  <LatinTranscription>Alif_I Shiin_B Taaa_M Baa_M Alif_E Kaaf_B Alif_E Taaa_I SPACE Baa_B Yaa_M Nuun_E SPACE Alif_I Laam_B Jiim_M Yaa_M Shiin_E SPACE Alif_I Laam_B Siin_M Waaw_E Raa_I Yaa_I SPACE Alif_I Laam_B Haaa_M Raa_E SPACE Waaw_I Gaaf_B Waaw_E Alif_I Taaa_I SPACE Alif_I Laam_B Nuun_M Taa_M Alif_E Miim_I</LatinTranscription>
  <content>
    <word idWord="1" x="342" transcription="اشتباكات" LatinTrans="Alif_I Shiin_B Taaa_M Baa_M Alif_E Kaaf_B Alif_E Taaa_I">
      <paw idPaw="1" x="419" transcription="ا" LatinTrans="Alif_I">
        <lettre idLettre="1" x="419" transcription="ا" LatinTrans="Alif_I" />
      </paw>
      <paw idPaw="2" x="376" transcription="شتبا" LatinTrans="Shiin_B Taaa_M Baa_M Alif_E">
        <lettre idLettre="1" x="402" transcription="ش" LatinTrans="Shiin_B" />
        <lettre idLettre="2" x="391" transcription="ت" LatinTrans="Taaa_M" />
        <lettre idLettre="3" x="382" transcription="ب" LatinTrans="Baa_M" />
        <lettre idLettre="4" x="376" transcription="ا" LatinTrans="Alif_E" />
      </paw>
      <paw idPaw="3" x="359" transcription="كا" LatinTrans="Kaaf_B Alif_E">
        <lettre idLettre="1" x="367" transcription="ك" LatinTrans="Kaaf_B" />
        <lettre idLettre="2" x="359" transcription="ا" LatinTrans="Alif_E" />
      </paw>
      <paw idPaw="4" x="342" transcription="ت" LatinTrans="Taaa_I">
        <lettre idLettre="1" x="342" transcription="ت" LatinTrans="Taaa_I" />
      </paw>
    </word>
    <word idWord="2" x="338" transcription=" " LatinTrans="SPACE">
      <paw idPaw="1" x="338" transcription=" " LatinTrans="SPACE">
        <lettre idLettre="1" x="338" transcription=" " LatinTrans="SPACE" />
      </paw>
    </word>
    <word idWord="3" x="299" transcription="بين" LatinTrans="Baa_B Yaa_M Nuun_E">
      <paw idPaw="1" x="299" transcription="بين" LatinTrans="Baa_B Yaa_M Nuun_E">
        <lettre idLettre="1" x="327" transcription="ب" LatinTrans="Baa_B" />
        <lettre idLettre="2" x="317" transcription="ي" LatinTrans="Yaa_M" />
        <lettre idLettre="3" x="299" transcription="ن" LatinTrans="Nuun_E" />
      </paw>
    </word>
    <word idWord="4" x="296" transcription=" " LatinTrans="SPACE">
      <paw idPaw="1" x="296" transcription=" " LatinTrans="SPACE">
        <lettre idLettre="1" x="296" transcription=" " LatinTrans="SPACE" />
      </paw>
    </word>
    <word idWord="5" x="234" transcription="الجيش" LatinTrans="Alif_I Laam_B Jiim_M Yaa_M Shiin_E">
      <paw idPaw="1" x="291" transcription="ا" LatinTrans="Alif_I">
        <lettre idLettre="1" x="291" transcription="ا" LatinTrans="Alif_I" />
      </paw>
      <paw idPaw="2" x="234" transcription="لجيش" LatinTrans="Laam_B Jiim_M Yaa_M Shiin_E">
        <lettre idLettre="1" x="284" transcription="ل" LatinTrans="Laam_B" />
        <lettre idLettre="2" x="273" transcription="ج" LatinTrans="Jiim_M" />
        <lettre idLettre="3" x="262" transcription="ي" LatinTrans="Yaa_M" />
        <lettre idLettre="4" x="234" transcription="ش" LatinTrans="Shiin_E" />
      </paw>
    </word>
    <word idWord="6" x="231" transcription=" " LatinTrans="SPACE">
      <paw idPaw="1" x="231" transcription=" " LatinTrans="SPACE">
        <lettre idLettre="1" x="231" transcription=" " LatinTrans="SPACE" />
      </paw>
    </word>
    <word idWord="7" x="167" transcription="السوري" LatinTrans="Alif_I Laam_B Siin_M Waaw_E Raa_I Yaa_I">
      <paw idPaw="1" x="226" transcription="ا" LatinTrans="Alif_I">
        <lettre idLettre="1" x="226" transcription="ا" LatinTrans="Alif_I" />
      </paw>
      <paw idPaw="2" x="190" transcription="لسو" LatinTrans="Laam_B Siin_M Waaw_E">
        <lettre idLettre="1" x="221" transcription="ل" LatinTrans="Laam_B" />
        <lettre idLettre="2" x="201" transcription="س" LatinTrans="Siin_M" />
        <lettre idLettre="3" x="190" transcription="و" LatinTrans="Waaw_E" />
      </paw>
      <paw idPaw="3" x="183" transcription="ر" LatinTrans="Raa_I">
        <lettre idLettre="1" x="183" transcription="ر" LatinTrans="Raa_I" />
      </paw>
      <paw idPaw="4" x="167" transcription="ي" LatinTrans="Yaa_I">
        <lettre idLettre="1" x="167" transcription="ي" LatinTrans="Yaa_I" />
      </paw>
    </word>
    <word idWord="8" x="163" transcription=" " LatinTrans="SPACE">
      <paw idPaw="1" x="163" transcription=" " LatinTrans="SPACE">
        <lettre idLettre="1" x="163" transcription=" " LatinTrans="SPACE" />
      </paw>
    </word>
    <word idWord="9" x="125" transcription="الحر" LatinTrans="Alif_I Laam_B Haaa_M Raa_E">
      <paw idPaw="1" x="158" transcription="ا" LatinTrans="Alif_I">
        <lettre idLettre="1" x="158" transcription="ا" LatinTrans="Alif_I" />
      </paw>
      <paw idPaw="2" x="125" transcription="لحر" LatinTrans="Laam_B Haaa_M Raa_E">
        <lettre idLettre="1" x="151" transcription="ل" LatinTrans="Laam_B" />
        <lettre idLettre="2" x="138" transcription="ح" LatinTrans="Haaa_M" />
        <lettre idLettre="3" x="125" transcription="ر" LatinTrans="Raa_E" />
      </paw>
    </word>
    <word idWord="10" x="121" transcription=" " LatinTrans="SPACE">
      <paw idPaw="1" x="121" transcription=" " LatinTrans="SPACE">
        <lettre idLettre="1" x="121" transcription=" " LatinTrans="SPACE" />
      </paw>
    </word>
    <word idWord="11" x="64" transcription="وقوات" LatinTrans="Waaw_I Gaaf_B Waaw_E Alif_I Taaa_I">
      <paw idPaw="1" x="111" transcription="و" LatinTrans="Waaw_I">
        <lettre idLettre="1" x="111" transcription="و" LatinTrans="Waaw_I" />
      </paw>
      <paw idPaw="2" x="87" transcription="قو" LatinTrans="Gaaf_B Waaw_E">
        <lettre idLettre="1" x="97" transcription="ق" LatinTrans="Gaaf_B" />
        <lettre idLettre="2" x="87" transcription="و" LatinTrans="Waaw_E" />
      </paw>
      <paw idPaw="3" x="81" transcription="ا" LatinTrans="Alif_I">
        <lettre idLettre="1" x="81" transcription="ا" LatinTrans="Alif_I" />
      </paw>
      <paw idPaw="4" x="64" transcription="ت" LatinTrans="Taaa_I">
        <lettre idLettre="1" x="64" transcription="ت" LatinTrans="Taaa_I" />
      </paw>
    </word>
    <word idWord="12" x="60" transcription=" " LatinTrans="SPACE">
      <paw idPaw="1" x="60" transcription=" " LatinTrans="SPACE">
        <lettre idLettre="1" x="60" transcription=" " LatinTrans="SPACE" />
      </paw>
    </word>
    <word idWord="13" x="0" transcription="النظام" LatinTrans="Alif_I Laam_B Nuun_M Taa_M Alif_E Miim_I">
      <paw idPaw="1" x="54" transcription="ا" LatinTrans="Alif_I">
        <lettre idLettre="1" x="54" transcription="ا" LatinTrans="Alif_I" />
      </paw>
      <paw idPaw="2" x="16" transcription="لنظا" LatinTrans="Laam_B Nuun_M Taa_M Alif_E">
        <lettre idLettre="1" x="48" transcription="ل" LatinTrans="Laam_B" />
        <lettre idLettre="2" x="38" transcription="ن" LatinTrans="Nuun_M" />
        <lettre idLettre="3" x="21" transcription="ظ" LatinTrans="Taa_M" />
        <lettre idLettre="4" x="16" transcription="ا" LatinTrans="Alif_E" />
      </paw>
      <paw idPaw="3" x="0" transcription="م" LatinTrans="Miim_I">
        <lettre idLettre="1" x="0" transcription="م" LatinTrans="Miim_I" />
      </paw>
    </word>
  </content>
</textImage>