﻿<?xml version="1.0" encoding="UTF-8" standalone="yes"?>
<textImage id="3" width="161" height="46" transcription="والمؤسسات" image="aljazeera_3213-05-31-30_3">
  <ArabicTranscription>والمؤسسات</ArabicTranscription>
  <LatinTranscription>Waaw_I Alif_I Laam_B Miim_M HamzaAboveWaaw_E Siin_B Siin_M Alif_E Taaa_I</LatinTranscription>
  <content>
    <word idWord="1" x="0" transcription="والمؤسسات" LatinTrans="Waaw_I Alif_I Laam_B Miim_M HamzaAboveWaaw_E Siin_B Siin_M Alif_E Taaa_I">
      <paw idPaw="1" x="142" transcription="و" LatinTrans="Waaw_I">
        <lettre idLettre="1" x="142" transcription="و" LatinTrans="Waaw_I" />
      </paw>
      <paw idPaw="2" x="135" transcription="ا" LatinTrans="Alif_I">
        <lettre idLettre="1" x="135" transcription="ا" LatinTrans="Alif_I" />
      </paw>
      <paw idPaw="3" x="92" transcription="لمؤ" LatinTrans="Laam_B Miim_M HamzaAboveWaaw_E">
        <lettre idLettre="1" x="125" transcription="ل" LatinTrans="Laam_B" />
        <lettre idLettre="2" x="108" transcription="م" LatinTrans="Miim_M" />
        <lettre idLettre="3" x="92" transcription="ؤ" LatinTrans="HamzaAboveWaaw_E" />
      </paw>
      <paw idPaw="4" x="29" transcription="سسا" LatinTrans="Siin_B Siin_M Alif_E">
        <lettre idLettre="1" x="67" transcription="س" LatinTrans="Siin_B" />
        <lettre idLettre="2" x="40" transcription="س" LatinTrans="Siin_M" />
        <lettre idLettre="3" x="29" transcription="ا" LatinTrans="Alif_E" />
      </paw>
      <paw idPaw="5" x="0" transcription="ت" LatinTrans="Taaa_I">
        <lettre idLettre="1" x="0" transcription="ت" LatinTrans="Taaa_I" />
      </paw>
    </word>
  </content>
</textImage>