﻿<?xml version="1.0" encoding="UTF-8" standalone="yes"?>
<textImage id="1" width="288" height="54" transcription="ذكرى الثورة اليمنية" image="aljazeera_3211-12-54-40_1">
  <ArabicTranscription>ذكرى الثورة اليمنية</ArabicTranscription>
  <LatinTranscription>Thaal_I Kaaf_B Raa_E AlifBroken_I SPACE Alif_I Laam_B Thaa_M Waaw_E Raa_I TaaaClosed_I SPACE Alif_I Laam_B Yaa_M Miim_M Nuun_M Yaa_M TaaaClosed_E</LatinTranscription>
  <content>
    <word idWord="1" x="210" transcription="ذكرى" LatinTrans="Thaal_I Kaaf_B Raa_E AlifBroken_I">
      <paw idPaw="1" x="266" transcription="ذ" LatinTrans="Thaal_I">
        <lettre idLettre="1" x="266" transcription="ذ" LatinTrans="Thaal_I" />
      </paw>
      <paw idPaw="2" x="235" transcription="كر" LatinTrans="Kaaf_B Raa_E">
        <lettre idLettre="1" x="248" transcription="ك" LatinTrans="Kaaf_B" />
        <lettre idLettre="2" x="235" transcription="ر" LatinTrans="Raa_E" />
      </paw>
      <paw idPaw="3" x="210" transcription="ى" LatinTrans="AlifBroken_I">
        <lettre idLettre="1" x="210" transcription="ى" LatinTrans="AlifBroken_I" />
      </paw>
    </word>
    <word idWord="2" x="202" transcription=" " LatinTrans="SPACE">
      <paw idPaw="1" x="202" transcription=" " LatinTrans="SPACE">
        <lettre idLettre="1" x="202" transcription=" " LatinTrans="SPACE" />
      </paw>
    </word>
    <word idWord="3" x="117" transcription="الثورة" LatinTrans="Alif_I Laam_B Thaa_M Waaw_E Raa_I TaaaClosed_I">
      <paw idPaw="1" x="193" transcription="ا" LatinTrans="Alif_I">
        <lettre idLettre="1" x="193" transcription="ا" LatinTrans="Alif_I" />
      </paw>
      <paw idPaw="2" x="148" transcription="لثو" LatinTrans="Laam_B Thaa_M Waaw_E">
        <lettre idLettre="1" x="184" transcription="ل" LatinTrans="Laam_B" />
        <lettre idLettre="2" x="166" transcription="ث" LatinTrans="Thaa_M" />
        <lettre idLettre="3" x="148" transcription="و" LatinTrans="Waaw_E" />
      </paw>
      <paw idPaw="3" x="134" transcription="ر" LatinTrans="Raa_I">
        <lettre idLettre="1" x="134" transcription="ر" LatinTrans="Raa_I" />
      </paw>
      <paw idPaw="4" x="117" transcription="ة" LatinTrans="TaaaClosed_I">
        <lettre idLettre="1" x="117" transcription="ة" LatinTrans="TaaaClosed_I" />
      </paw>
    </word>
    <word idWord="4" x="108" transcription=" " LatinTrans="SPACE">
      <paw idPaw="1" x="108" transcription=" " LatinTrans="SPACE">
        <lettre idLettre="1" x="108" transcription=" " LatinTrans="SPACE" />
      </paw>
    </word>
    <word idWord="5" x="0" transcription="اليمنية" LatinTrans="Alif_I Laam_B Yaa_M Miim_M Nuun_M Yaa_M TaaaClosed_E">
      <paw idPaw="1" x="101" transcription="ا" LatinTrans="Alif_I">
        <lettre idLettre="1" x="101" transcription="ا" LatinTrans="Alif_I" />
      </paw>
      <paw idPaw="2" x="0" transcription="ليمنية" LatinTrans="Laam_B Yaa_M Miim_M Nuun_M Yaa_M TaaaClosed_E">
        <lettre idLettre="1" x="92" transcription="ل" LatinTrans="Laam_B" />
        <lettre idLettre="2" x="74" transcription="ي" LatinTrans="Yaa_M" />
        <lettre idLettre="3" x="56" transcription="م" LatinTrans="Miim_M" />
        <lettre idLettre="4" x="38" transcription="ن" LatinTrans="Nuun_M" />
        <lettre idLettre="5" x="21" transcription="ي" LatinTrans="Yaa_M" />
        <lettre idLettre="6" x="0" transcription="ة" LatinTrans="TaaaClosed_E" />
      </paw>
    </word>
  </content>
</textImage>