﻿<?xml version="1.0" encoding="UTF-8" standalone="yes"?>
<textImage id="3" width="243" height="48" transcription="جرائم كنيسته" image="aljazeera_3212-05-35-00_3">
  <ArabicTranscription>جرائم كنيسته</ArabicTranscription>
  <LatinTranscription>Jiim_B Raa_E Alif_I HamzaAboveAlifBroken_B Miim_E SPACE Kaaf_B Nuun_M Yaa_M Siin_M Taaa_M Haa_E</LatinTranscription>
  <content>
    <word idWord="1" x="140" transcription="جرائم" LatinTrans="Jiim_B Raa_E Alif_I HamzaAboveAlifBroken_B Miim_E">
      <paw idPaw="1" x="208" transcription="جر" LatinTrans="Jiim_B Raa_E">
        <lettre idLettre="1" x="220" transcription="ج" LatinTrans="Jiim_B" />
        <lettre idLettre="2" x="208" transcription="ر" LatinTrans="Raa_E" />
      </paw>
      <paw idPaw="2" x="200" transcription="ا" LatinTrans="Alif_I">
        <lettre idLettre="1" x="200" transcription="ا" LatinTrans="Alif_I" />
      </paw>
      <paw idPaw="3" x="140" transcription="ئم" LatinTrans="HamzaAboveAlifBroken_B Miim_E">
        <lettre idLettre="1" x="178" transcription="ئ" LatinTrans="HamzaAboveAlifBroken_B" />
        <lettre idLettre="2" x="140" transcription="م" LatinTrans="Miim_E" />
      </paw>
    </word>
    <word idWord="2" x="132" transcription=" " LatinTrans="SPACE">
      <paw idPaw="1" x="132" transcription=" " LatinTrans="SPACE">
        <lettre idLettre="1" x="132" transcription=" " LatinTrans="SPACE" />
      </paw>
    </word>
    <word idWord="3" x="0" transcription="كنيسته" LatinTrans="Kaaf_B Nuun_M Yaa_M Siin_M Taaa_M Haa_E">
      <paw idPaw="1" x="0" transcription="كنيسته" LatinTrans="Kaaf_B Nuun_M Yaa_M Siin_M Taaa_M Haa_E">
        <lettre idLettre="1" x="119" transcription="ك" LatinTrans="Kaaf_B" />
        <lettre idLettre="2" x="103" transcription="ن" LatinTrans="Nuun_M" />
        <lettre idLettre="3" x="89" transcription="ي" LatinTrans="Yaa_M" />
        <lettre idLettre="4" x="64" transcription="س" LatinTrans="Siin_M" />
        <lettre idLettre="5" x="33" transcription="ت" LatinTrans="Taaa_M" />
        <lettre idLettre="6" x="0" transcription="ه" LatinTrans="Haa_E" />
      </paw>
    </word>
  </content>
</textImage>