﻿<?xml version="1.0" encoding="UTF-8" standalone="yes"?>
<textImage id="3" width="153" height="42" transcription="درهم إماراتي" image="aljazeera_3212-10-47-30_3">
  <ArabicTranscription>درهم إماراتي</ArabicTranscription>
  <LatinTranscription>Daal_I Raa_I Haa_B Miim_E SPACE HamzaOnederAlif_I Miim_B Alif_E Raa_I Alif_I Taaa_B Yaa_E</LatinTranscription>
  <content>
    <word idWord="1" x="85" transcription="درهم" LatinTrans="Daal_I Raa_I Haa_B Miim_E">
      <paw idPaw="1" x="134" transcription="د" LatinTrans="Daal_I">
        <lettre idLettre="1" x="134" transcription="د" LatinTrans="Daal_I" />
      </paw>
      <paw idPaw="2" x="127" transcription="ر" LatinTrans="Raa_I">
        <lettre idLettre="1" x="127" transcription="ر" LatinTrans="Raa_I" />
      </paw>
      <paw idPaw="3" x="85" transcription="هم" LatinTrans="Haa_B Miim_E">
        <lettre idLettre="1" x="104" transcription="ه" LatinTrans="Haa_B" />
        <lettre idLettre="2" x="85" transcription="م" LatinTrans="Miim_E" />
      </paw>
    </word>
    <word idWord="2" x="82" transcription=" " LatinTrans="SPACE">
      <paw idPaw="1" x="82" transcription=" " LatinTrans="SPACE">
        <lettre idLettre="1" x="82" transcription=" " LatinTrans="SPACE" />
      </paw>
    </word>
    <word idWord="3" x="0" transcription="إماراتي" LatinTrans="HamzaOnederAlif_I Miim_B Alif_E Raa_I Alif_I Taaa_B Yaa_E">
      <paw idPaw="1" x="73" transcription="إ" LatinTrans="HamzaOnederAlif_I">
        <lettre idLettre="1" x="73" transcription="إ" LatinTrans="HamzaUnderAlif_I" />
      </paw>
      <paw idPaw="2" x="48" transcription="ما" LatinTrans="Miim_B Alif_E">
        <lettre idLettre="1" x="61" transcription="م" LatinTrans="Miim_B" />
        <lettre idLettre="2" x="48" transcription="ا" LatinTrans="Alif_E" />
      </paw>
      <paw idPaw="3" x="39" transcription="ر" LatinTrans="Raa_I">
        <lettre idLettre="1" x="39" transcription="ر" LatinTrans="Raa_I" />
      </paw>
      <paw idPaw="4" x="33" transcription="ا" LatinTrans="Alif_I">
        <lettre idLettre="1" x="33" transcription="ا" LatinTrans="Alif_I" />
      </paw>
      <paw idPaw="5" x="0" transcription="تي" LatinTrans="Taaa_B Yaa_E">
        <lettre idLettre="1" x="19" transcription="ت" LatinTrans="Taaa_B" />
        <lettre idLettre="2" x="0" transcription="ي" LatinTrans="Yaa_E" />
      </paw>
    </word>
  </content>
</textImage>