﻿<?xml version="1.0" encoding="UTF-8" standalone="yes"?>
<textImage id="2" width="88" height="46" transcription="اليوم" image="aljazeera_3213-00-27-20_2">
  <ArabicTranscription>اليوم</ArabicTranscription>
  <LatinTranscription>Alif_I Laam_B Yaa_M Waaw_E Miim_I</LatinTranscription>
  <content>
    <word idWord="1" x="0" transcription="اليوم" LatinTrans="Alif_I Laam_B Yaa_M Waaw_E Miim_I">
      <paw idPaw="1" x="75" transcription="ا" LatinTrans="Alif_I">
        <lettre idLettre="1" x="75" transcription="ا" LatinTrans="Alif_I" />
      </paw>
      <paw idPaw="2" x="27" transcription="ليو" LatinTrans="Laam_B Yaa_M Waaw_E">
        <lettre idLettre="1" x="63" transcription="ل" LatinTrans="Laam_B" />
        <lettre idLettre="2" x="47" transcription="ي" LatinTrans="Yaa_M" />
        <lettre idLettre="3" x="27" transcription="و" LatinTrans="Waaw_E" />
      </paw>
      <paw idPaw="3" x="0" transcription="م" LatinTrans="Miim_I">
        <lettre idLettre="1" x="0" transcription="م" LatinTrans="Miim_I" />
      </paw>
    </word>
  </content>
</textImage>