﻿<?xml version="1.0" encoding="UTF-8" standalone="yes"?>
<textImage id="1" width="270" height="62" transcription="الدوري الإيطالي" image="aljazeera_3211-09-38-10_1">
  <ArabicTranscription>الدوري الإيطالي</ArabicTranscription>
  <LatinTranscription>Alif_I Laam_B Daal_E Waaw_I Raa_I Yaa_I SPACE Alif_I Laam_HamzaOnederAlif Yaa_B Thaaa_M Alif_E Laam_B Yaa_E</LatinTranscription>
  <content>
    <word idWord="1" x="153" transcription="الدوري" LatinTrans="Alif_I Laam_B Daal_E Waaw_I Raa_I Yaa_I">
      <paw idPaw="1" x="256" transcription="ا" LatinTrans="Alif_I">
        <lettre idLettre="1" x="256" transcription="ا" LatinTrans="Alif_I" />
      </paw>
      <paw idPaw="2" x="218" transcription="لد" LatinTrans="Laam_B Daal_E">
        <lettre idLettre="1" x="243" transcription="ل" LatinTrans="Laam_B" />
        <lettre idLettre="2" x="218" transcription="د" LatinTrans="Daal_E" />
      </paw>
      <paw idPaw="3" x="198" transcription="و" LatinTrans="Waaw_I">
        <lettre idLettre="1" x="198" transcription="و" LatinTrans="Waaw_I" />
      </paw>
      <paw idPaw="4" x="183" transcription="ر" LatinTrans="Raa_I">
        <lettre idLettre="1" x="183" transcription="ر" LatinTrans="Raa_I" />
      </paw>
      <paw idPaw="5" x="153" transcription="ي" LatinTrans="Yaa_I">
        <lettre idLettre="1" x="153" transcription="ي" LatinTrans="Yaa_I" />
      </paw>
    </word>
    <word idWord="2" x="147" transcription=" " LatinTrans="SPACE">
      <paw idPaw="1" x="147" transcription=" " LatinTrans="SPACE">
        <lettre idLettre="1" x="147" transcription=" " LatinTrans="SPACE" />
      </paw>
    </word>
    <word idWord="3" x="0" transcription="الإيطالي" LatinTrans="Alif_I Laam_HamzaOnederAlif Yaa_B Thaaa_M Alif_E Laam_B Yaa_E">
      <paw idPaw="1" x="135" transcription="ا" LatinTrans="Alif_I">
        <lettre idLettre="1" x="135" transcription="ا" LatinTrans="Alif_I" />
      </paw>
      <paw idPaw="2" x="109" transcription="لإ" LatinTrans="Laam_HamzaOnederAlif">
        <lettre idLettre="1" x="109" transcription="لإ" LatinTrans="Laam_HamzaUnderAlif" />
      </paw>
      <paw idPaw="3" x="48" transcription="يطا" LatinTrans="Yaa_B Thaaa_M Alif_E">
        <lettre idLettre="1" x="92" transcription="ي" LatinTrans="Yaa_B" />
        <lettre idLettre="2" x="61" transcription="ط" LatinTrans="Thaaa_M" />
        <lettre idLettre="3" x="48" transcription="ا" LatinTrans="Alif_E" />
      </paw>
      <paw idPaw="4" x="0" transcription="لي" LatinTrans="Laam_B Yaa_E">
        <lettre idLettre="1" x="36" transcription="ل" LatinTrans="Laam_B" />
        <lettre idLettre="2" x="0" transcription="ي" LatinTrans="Yaa_E" />
      </paw>
    </word>
  </content>
</textImage>