﻿<?xml version="1.0" encoding="UTF-8" standalone="yes"?>
<textImage id="1" width="419" height="44" transcription="استراتيجية حزب الله الجديدة" image="aljazeera_3212-05-37-10_1">
  <ArabicTranscription>استراتيجية حزب الله الجديدة</ArabicTranscription>
  <LatinTranscription>Alif_I Siin_B Taaa_M Raa_E Alif_I Taaa_B Yaa_M Jiim_M Yaa_M TaaaClosed_E SPACE Haaa_B Zaay_E Baa_I SPACE Alif_I Laam_B Laam_M Haa_E SPACE Alif_I Laam_B Jiim_M Daal_E Yaa_B Daal_E TaaaClosed_I</LatinTranscription>
  <content>
    <word idWord="1" x="232" transcription="استراتيجية" LatinTrans="Alif_I Siin_B Taaa_M Raa_E Alif_I Taaa_B Yaa_M Jiim_M Yaa_M TaaaClosed_E">
      <paw idPaw="1" x="406" transcription="ا" LatinTrans="Alif_I">
        <lettre idLettre="1" x="406" transcription="ا" LatinTrans="Alif_I" />
      </paw>
      <paw idPaw="2" x="348" transcription="ستر" LatinTrans="Siin_B Taaa_M Raa_E">
        <lettre idLettre="1" x="379" transcription="س" LatinTrans="Siin_B" />
        <lettre idLettre="2" x="360" transcription="ت" LatinTrans="Taaa_M" />
        <lettre idLettre="3" x="348" transcription="ر" LatinTrans="Raa_E" />
      </paw>
      <paw idPaw="3" x="340" transcription="ا" LatinTrans="Alif_I">
        <lettre idLettre="1" x="340" transcription="ا" LatinTrans="Alif_I" />
      </paw>
      <paw idPaw="4" x="232" transcription="تيجية" LatinTrans="Taaa_B Yaa_M Jiim_M Yaa_M TaaaClosed_E">
        <lettre idLettre="1" x="325" transcription="ت" LatinTrans="Taaa_B" />
        <lettre idLettre="2" x="309" transcription="ي" LatinTrans="Yaa_M" />
        <lettre idLettre="3" x="292" transcription="ج" LatinTrans="Jiim_M" />
        <lettre idLettre="4" x="271" transcription="ي" LatinTrans="Yaa_M" />
        <lettre idLettre="5" x="232" transcription="ة" LatinTrans="TaaaClosed_E" />
      </paw>
    </word>
    <word idWord="2" x="226" transcription=" " LatinTrans="SPACE">
      <paw idPaw="1" x="226" transcription=" " LatinTrans="SPACE">
        <lettre idLettre="1" x="226" transcription=" " LatinTrans="SPACE" />
      </paw>
    </word>
    <word idWord="3" x="162" transcription="حزب" LatinTrans="Haaa_B Zaay_E Baa_I">
      <paw idPaw="1" x="191" transcription="حز" LatinTrans="Haaa_B Zaay_E">
        <lettre idLettre="1" x="204" transcription="ح" LatinTrans="Haaa_B" />
        <lettre idLettre="2" x="191" transcription="ز" LatinTrans="Zaay_E" />
      </paw>
      <paw idPaw="2" x="162" transcription="ب" LatinTrans="Baa_I">
        <lettre idLettre="1" x="162" transcription="ب" LatinTrans="Baa_I" />
      </paw>
    </word>
    <word idWord="4" x="155" transcription=" " LatinTrans="SPACE">
      <paw idPaw="1" x="155" transcription=" " LatinTrans="SPACE">
        <lettre idLettre="1" x="155" transcription=" " LatinTrans="SPACE" />
      </paw>
    </word>
    <word idWord="5" x="114" transcription="الله" LatinTrans="Alif_I Laam_B Laam_M Haa_E">
      <paw idPaw="1" x="150" transcription="ا" LatinTrans="Alif_I">
        <lettre idLettre="1" x="150" transcription="ا" LatinTrans="Alif_I" />
      </paw>
      <paw idPaw="2" x="114" transcription="لله" LatinTrans="Laam_B Laam_M Haa_E">
        <lettre idLettre="1" x="141" transcription="ل" LatinTrans="Laam_B" />
        <lettre idLettre="2" x="129" transcription="ل" LatinTrans="Laam_M" />
        <lettre idLettre="3" x="114" transcription="ه" LatinTrans="Haa_E" />
      </paw>
    </word>
    <word idWord="6" x="109" transcription=" " LatinTrans="SPACE">
      <paw idPaw="1" x="109" transcription=" " LatinTrans="SPACE">
        <lettre idLettre="1" x="109" transcription=" " LatinTrans="SPACE" />
      </paw>
    </word>
    <word idWord="7" x="0" transcription="الجديدة" LatinTrans="Alif_I Laam_B Jiim_M Daal_E Yaa_B Daal_E TaaaClosed_I">
      <paw idPaw="1" x="98" transcription="ا" LatinTrans="Alif_I">
        <lettre idLettre="1" x="98" transcription="ا" LatinTrans="Alif_I" />
      </paw>
      <paw idPaw="2" x="52" transcription="لجد" LatinTrans="Laam_B Jiim_M Daal_E">
        <lettre idLettre="1" x="90" transcription="ل" LatinTrans="Laam_B" />
        <lettre idLettre="2" x="69" transcription="ج" LatinTrans="Jiim_M" />
        <lettre idLettre="3" x="52" transcription="د" LatinTrans="Daal_E" />
      </paw>
      <paw idPaw="3" x="19" transcription="يد" LatinTrans="Yaa_B Daal_E">
        <lettre idLettre="1" x="39" transcription="ي" LatinTrans="Yaa_B" />
        <lettre idLettre="2" x="19" transcription="د" LatinTrans="Daal_E" />
      </paw>
      <paw idPaw="4" x="0" transcription="ة" LatinTrans="TaaaClosed_I">
        <lettre idLettre="1" x="0" transcription="ة" LatinTrans="TaaaClosed_I" />
      </paw>
    </word>
  </content>
</textImage>