﻿<?xml version="1.0" encoding="UTF-8" standalone="yes"?>
<textImage id="1" width="244" height="30" transcription="تجربة نووية جديدة" image="aljazeera_3212-05-24-00_1">
  <ArabicTranscription>تجربة نووية جديدة</ArabicTranscription>
  <LatinTranscription>Taaa_B Jiim_M Raa_E Baa_B TaaaClosed_E SPACE Nuun_B Waaw_E Waaw_I Yaa_B TaaaClosed_E SPACE Jiim_B Daal_E Yaa_B Daal_E TaaaClosed_I</LatinTranscription>
  <content>
    <word idWord="1" x="147" transcription="تجربة" LatinTrans="Taaa_B Jiim_M Raa_E Baa_B TaaaClosed_E">
      <paw idPaw="1" x="183" transcription="تجر" LatinTrans="Taaa_B Jiim_M Raa_E">
        <lettre idLettre="1" x="224" transcription="ت" LatinTrans="Taaa_B" />
        <lettre idLettre="2" x="200" transcription="ج" LatinTrans="Jiim_M" />
        <lettre idLettre="3" x="183" transcription="ر" LatinTrans="Raa_E" />
      </paw>
      <paw idPaw="2" x="147" transcription="بة" LatinTrans="Baa_B TaaaClosed_E">
        <lettre idLettre="1" x="167" transcription="ب" LatinTrans="Baa_B" />
        <lettre idLettre="2" x="147" transcription="ة" LatinTrans="TaaaClosed_E" />
      </paw>
    </word>
    <word idWord="2" x="143" transcription=" " LatinTrans="SPACE">
      <paw idPaw="1" x="143" transcription=" " LatinTrans="SPACE">
        <lettre idLettre="1" x="143" transcription=" " LatinTrans="SPACE" />
      </paw>
    </word>
    <word idWord="3" x="65" transcription="نووية" LatinTrans="Nuun_B Waaw_E Waaw_I Yaa_B TaaaClosed_E">
      <paw idPaw="1" x="109" transcription="نو" LatinTrans="Nuun_B Waaw_E">
        <lettre idLettre="1" x="125" transcription="ن" LatinTrans="Nuun_B" />
        <lettre idLettre="2" x="109" transcription="و" LatinTrans="Waaw_E" />
      </paw>
      <paw idPaw="2" x="100" transcription="و" LatinTrans="Waaw_I">
        <lettre idLettre="1" x="100" transcription="و" LatinTrans="Waaw_I" />
      </paw>
      <paw idPaw="3" x="65" transcription="ية" LatinTrans="Yaa_B TaaaClosed_E">
        <lettre idLettre="1" x="85" transcription="ي" LatinTrans="Yaa_B" />
        <lettre idLettre="2" x="65" transcription="ة" LatinTrans="TaaaClosed_E" />
      </paw>
    </word>
    <word idWord="4" x="60" transcription=" " LatinTrans="SPACE">
      <paw idPaw="1" x="60" transcription=" " LatinTrans="SPACE">
        <lettre idLettre="1" x="60" transcription=" " LatinTrans="SPACE" />
      </paw>
    </word>
    <word idWord="5" x="0" transcription="جديدة" LatinTrans="Jiim_B Daal_E Yaa_B Daal_E TaaaClosed_I">
      <paw idPaw="1" x="34" transcription="جد" LatinTrans="Jiim_B Daal_E">
        <lettre idLettre="1" x="45" transcription="ج" LatinTrans="Jiim_B" />
        <lettre idLettre="2" x="34" transcription="د" LatinTrans="Daal_E" />
      </paw>
      <paw idPaw="2" x="13" transcription="يد" LatinTrans="Yaa_B Daal_E">
        <lettre idLettre="1" x="24" transcription="ي" LatinTrans="Yaa_B" />
        <lettre idLettre="2" x="13" transcription="د" LatinTrans="Daal_E" />
      </paw>
      <paw idPaw="3" x="0" transcription="ة" LatinTrans="TaaaClosed_I">
        <lettre idLettre="1" x="0" transcription="ة" LatinTrans="TaaaClosed_I" />
      </paw>
    </word>
  </content>
</textImage>