﻿<?xml version="1.0" encoding="UTF-8" standalone="yes"?>
<textImage id="2" width="240" height="54" transcription=".. مخاضات" image="aljazeera_3211-09-22-00_2">
  <ArabicTranscription>.. مخاضات</ArabicTranscription>
  <LatinTranscription>Miim_B Xaa_M Alif_E Daad_B Alif_E Taaa_I SPACE POINT POINT</LatinTranscription>
  <content>
    <word idWord="1" x="47" transcription="مخاضات" LatinTrans="Miim_B Xaa_M Alif_E Daad_B Alif_E Taaa_I">
      <paw idPaw="1" x="156" transcription="مخا" LatinTrans="Miim_B Xaa_M Alif_E">
        <lettre idLettre="1" x="204" transcription="م" LatinTrans="Miim_B" />
        <lettre idLettre="2" x="171" transcription="خ" LatinTrans="Xaa_M" />
        <lettre idLettre="3" x="156" transcription="ا" LatinTrans="Alif_E" />
      </paw>
      <paw idPaw="2" x="89" transcription="ضا" LatinTrans="Daad_B Alif_E">
        <lettre idLettre="1" x="106" transcription="ض" LatinTrans="Daad_B" />
        <lettre idLettre="2" x="89" transcription="ا" LatinTrans="Alif_E" />
      </paw>
      <paw idPaw="3" x="47" transcription="ت" LatinTrans="Taaa_I">
        <lettre idLettre="1" x="47" transcription="ت" LatinTrans="Taaa_I" />
      </paw>
    </word>
    <word idWord="2" x="36" transcription=" " LatinTrans="SPACE">
      <paw idPaw="1" x="36" transcription=" " LatinTrans="SPACE">
        <lettre idLettre="1" x="36" transcription=" " LatinTrans="SPACE" />
      </paw>
    </word>
    <word idWord="3" x="0" transcription=".." LatinTrans="POINT POINT">
      <paw idPaw="1" x="18" transcription="." LatinTrans="POINT">
        <lettre idLettre="1" x="18" transcription="." LatinTrans="POINT" />
      </paw>
      <paw idPaw="2" x="0" transcription="." LatinTrans="POINT">
        <lettre idLettre="1" x="0" transcription="." LatinTrans="POINT" />
      </paw>
    </word>
  </content>
</textImage>