﻿<?xml version="1.0" encoding="UTF-8" standalone="yes"?>
<textImage id="1" width="387" height="35" transcription="الجيش الحر يعلن تفجير مبنى الأمن" image="aljazeera_3211-15-04-10_1">
  <ArabicTranscription>الجيش الحر يعلن تفجير مبنى الأمن</ArabicTranscription>
  <LatinTranscription>Alif_I Laam_B Jiim_M Yaa_M Shiin_E SPACE Alif_I Laam_B Haaa_M Raa_E SPACE Yaa_B Ayn_M Laam_M Nuun_E SPACE Taaa_B Faa_M Jiim_M Yaa_M Raa_E SPACE Miim_B Baa_M Nuun_M AlifBroken_E SPACE Alif_I Laam_HamzaAboveAlif Miim_B Nuun_E</LatinTranscription>
  <content>
    <word idWord="1" x="323" transcription="الجيش" LatinTrans="Alif_I Laam_B Jiim_M Yaa_M Shiin_E">
      <paw idPaw="1" x="379" transcription="ا" LatinTrans="Alif_I">
        <lettre idLettre="1" x="379" transcription="ا" LatinTrans="Alif_I" />
      </paw>
      <paw idPaw="2" x="323" transcription="لجيش" LatinTrans="Laam_B Jiim_M Yaa_M Shiin_E">
        <lettre idLettre="1" x="373" transcription="ل" LatinTrans="Laam_B" />
        <lettre idLettre="2" x="360" transcription="ج" LatinTrans="Jiim_M" />
        <lettre idLettre="3" x="350" transcription="ي" LatinTrans="Yaa_M" />
        <lettre idLettre="4" x="323" transcription="ش" LatinTrans="Shiin_E" />
      </paw>
    </word>
    <word idWord="2" x="319" transcription=" " LatinTrans="SPACE">
      <paw idPaw="1" x="319" transcription=" " LatinTrans="SPACE">
        <lettre idLettre="1" x="319" transcription=" " LatinTrans="SPACE" />
      </paw>
    </word>
    <word idWord="3" x="271" transcription="الحر" LatinTrans="Alif_I Laam_B Haaa_M Raa_E">
      <paw idPaw="1" x="313" transcription="ا" LatinTrans="Alif_I">
        <lettre idLettre="1" x="313" transcription="ا" LatinTrans="Alif_I" />
      </paw>
      <paw idPaw="2" x="271" transcription="لحر" LatinTrans="Laam_B Haaa_M Raa_E">
        <lettre idLettre="1" x="307" transcription="ل" LatinTrans="Laam_B" />
        <lettre idLettre="2" x="290" transcription="ح" LatinTrans="Haaa_M" />
        <lettre idLettre="3" x="271" transcription="ر" LatinTrans="Raa_E" />
      </paw>
    </word>
    <word idWord="4" x="268" transcription=" " LatinTrans="SPACE">
      <paw idPaw="1" x="268" transcription=" " LatinTrans="SPACE">
        <lettre idLettre="1" x="268" transcription=" " LatinTrans="SPACE" />
      </paw>
    </word>
    <word idWord="5" x="205" transcription="يعلن" LatinTrans="Yaa_B Ayn_M Laam_M Nuun_E">
      <paw idPaw="1" x="205" transcription="يعلن" LatinTrans="Yaa_B Ayn_M Laam_M Nuun_E">
        <lettre idLettre="1" x="258" transcription="ي" LatinTrans="Yaa_B" />
        <lettre idLettre="2" x="242" transcription="ع" LatinTrans="Ayn_M" />
        <lettre idLettre="3" x="229" transcription="ل" LatinTrans="Laam_M" />
        <lettre idLettre="4" x="205" transcription="ن" LatinTrans="Nuun_E" />
      </paw>
    </word>
    <word idWord="6" x="203" transcription=" " LatinTrans="SPACE">
      <paw idPaw="1" x="203" transcription=" " LatinTrans="SPACE">
        <lettre idLettre="1" x="203" transcription=" " LatinTrans="SPACE" />
      </paw>
    </word>
    <word idWord="7" x="131" transcription="تفجير" LatinTrans="Taaa_B Faa_M Jiim_M Yaa_M Raa_E">
      <paw idPaw="1" x="131" transcription="تفجير" LatinTrans="Taaa_B Faa_M Jiim_M Yaa_M Raa_E">
        <lettre idLettre="1" x="191" transcription="ت" LatinTrans="Taaa_B" />
        <lettre idLettre="2" x="178" transcription="ف" LatinTrans="Faa_M" />
        <lettre idLettre="3" x="164" transcription="ج" LatinTrans="Jiim_M" />
        <lettre idLettre="4" x="147" transcription="ي" LatinTrans="Yaa_M" />
        <lettre idLettre="5" x="131" transcription="ر" LatinTrans="Raa_E" />
      </paw>
    </word>
    <word idWord="8" x="127" transcription=" " LatinTrans="SPACE">
      <paw idPaw="1" x="127" transcription=" " LatinTrans="SPACE">
        <lettre idLettre="1" x="127" transcription=" " LatinTrans="SPACE" />
      </paw>
    </word>
    <word idWord="9" x="68" transcription="مبنى" LatinTrans="Miim_B Baa_M Nuun_M AlifBroken_E">
      <paw idPaw="1" x="68" transcription="مبنى" LatinTrans="Miim_B Baa_M Nuun_M AlifBroken_E">
        <lettre idLettre="1" x="120" transcription="م" LatinTrans="Miim_B" />
        <lettre idLettre="2" x="108" transcription="ب" LatinTrans="Baa_M" />
        <lettre idLettre="3" x="98" transcription="ن" LatinTrans="Nuun_M" />
        <lettre idLettre="4" x="68" transcription="ى" LatinTrans="AlifBroken_E" />
      </paw>
    </word>
    <word idWord="10" x="64" transcription=" " LatinTrans="SPACE">
      <paw idPaw="1" x="64" transcription=" " LatinTrans="SPACE">
        <lettre idLettre="1" x="64" transcription=" " LatinTrans="SPACE" />
      </paw>
    </word>
    <word idWord="11" x="0" transcription="الأمن" LatinTrans="Alif_I Laam_HamzaAboveAlif Miim_B Nuun_E">
      <paw idPaw="1" x="58" transcription="ا" LatinTrans="Alif_I">
        <lettre idLettre="1" x="58" transcription="ا" LatinTrans="Alif_I" />
      </paw>
      <paw idPaw="2" x="47" transcription="لأ" LatinTrans="Laam_HamzaAboveAlif">
        <lettre idLettre="1" x="47" transcription="لأ" LatinTrans="Laam_HamzaAboveAlif" />
      </paw>
      <paw idPaw="3" x="0" transcription="من" LatinTrans="Miim_B Nuun_E">
        <lettre idLettre="1" x="35" transcription="م" LatinTrans="Miim_B" />
        <lettre idLettre="2" x="0" transcription="ن" LatinTrans="Nuun_E" />
      </paw>
    </word>
  </content>
</textImage>