﻿<?xml version="1.0" encoding="UTF-8" standalone="yes"?>
<textImage id="1" width="337" height="38" transcription="البنتاغون يفضل التخفيض" image="aljazeera_3212-08-48-00_1">
  <ArabicTranscription>البنتاغون يفضل التخفيض</ArabicTranscription>
  <LatinTranscription>Alif_I Laam_B Baa_M Nuun_M Taaa_M Alif_E Ghayn_B Waaw_E Nuun_I SPACE Yaa_B Faa_M Daad_M Laam_E SPACE Alif_I Laam_B Taaa_M Xaa_M Faa_M Yaa_M Daad_E</LatinTranscription>
  <content>
    <word idWord="1" x="217" transcription="البنتاغون" LatinTrans="Alif_I Laam_B Baa_M Nuun_M Taaa_M Alif_E Ghayn_B Waaw_E Nuun_I">
      <paw idPaw="1" x="329" transcription="ا" LatinTrans="Alif_I">
        <lettre idLettre="1" x="329" transcription="ا" LatinTrans="Alif_I" />
      </paw>
      <paw idPaw="2" x="273" transcription="لبنتا" LatinTrans="Laam_B Baa_M Nuun_M Taaa_M Alif_E">
        <lettre idLettre="1" x="320" transcription="ل" LatinTrans="Laam_B" />
        <lettre idLettre="2" x="307" transcription="ب" LatinTrans="Baa_M" />
        <lettre idLettre="3" x="296" transcription="ن" LatinTrans="Nuun_M" />
        <lettre idLettre="4" x="281" transcription="ت" LatinTrans="Taaa_M" />
        <lettre idLettre="5" x="273" transcription="ا" LatinTrans="Alif_E" />
      </paw>
      <paw idPaw="3" x="237" transcription="غو" LatinTrans="Ghayn_B Waaw_E">
        <lettre idLettre="1" x="254" transcription="غ" LatinTrans="Ghayn_B" />
        <lettre idLettre="2" x="237" transcription="و" LatinTrans="Waaw_E" />
      </paw>
      <paw idPaw="4" x="217" transcription="ن" LatinTrans="Nuun_I">
        <lettre idLettre="1" x="217" transcription="ن" LatinTrans="Nuun_I" />
      </paw>
    </word>
    <word idWord="2" x="212" transcription=" " LatinTrans="SPACE">
      <paw idPaw="1" x="212" transcription=" " LatinTrans="SPACE">
        <lettre idLettre="1" x="212" transcription=" " LatinTrans="SPACE" />
      </paw>
    </word>
    <word idWord="3" x="131" transcription="يفضل" LatinTrans="Yaa_B Faa_M Daad_M Laam_E">
      <paw idPaw="1" x="131" transcription="يفضل" LatinTrans="Yaa_B Faa_M Daad_M Laam_E">
        <lettre idLettre="1" x="197" transcription="ي" LatinTrans="Yaa_B" />
        <lettre idLettre="2" x="180" transcription="ف" LatinTrans="Faa_M" />
        <lettre idLettre="3" x="154" transcription="ض" LatinTrans="Daad_M" />
        <lettre idLettre="4" x="131" transcription="ل" LatinTrans="Laam_E" />
      </paw>
    </word>
    <word idWord="4" x="125" transcription=" " LatinTrans="SPACE">
      <paw idPaw="1" x="125" transcription=" " LatinTrans="SPACE">
        <lettre idLettre="1" x="125" transcription=" " LatinTrans="SPACE" />
      </paw>
    </word>
    <word idWord="5" x="0" transcription="التخفيض" LatinTrans="Alif_I Laam_B Taaa_M Xaa_M Faa_M Yaa_M Daad_E">
      <paw idPaw="1" x="118" transcription="ا" LatinTrans="Alif_I">
        <lettre idLettre="1" x="118" transcription="ا" LatinTrans="Alif_I" />
      </paw>
      <paw idPaw="2" x="0" transcription="لتخفيض" LatinTrans="Laam_B Taaa_M Xaa_M Faa_M Yaa_M Daad_E">
        <lettre idLettre="1" x="111" transcription="ل" LatinTrans="Laam_B" />
        <lettre idLettre="2" x="95" transcription="ت" LatinTrans="Taaa_M" />
        <lettre idLettre="3" x="78" transcription="خ" LatinTrans="Xaa_M" />
        <lettre idLettre="4" x="61" transcription="ف" LatinTrans="Faa_M" />
        <lettre idLettre="5" x="41" transcription="ي" LatinTrans="Yaa_M" />
        <lettre idLettre="6" x="0" transcription="ض" LatinTrans="Daad_E" />
      </paw>
    </word>
  </content>
</textImage>