﻿<?xml version="1.0" encoding="UTF-8" standalone="yes"?>
<textImage id="3" width="116" height="30" transcription="تقرير احمد" image="aljazeera_3211-10-24-40_3">
  <ArabicTranscription>تقرير احمد</ArabicTranscription>
  <LatinTranscription>Taaa_B Gaaf_M Raa_E Yaa_B Raa_E SPACE Alif_I Haaa_B Miim_M Daal_E</LatinTranscription>
  <content>
    <word idWord="1" x="53" transcription="تقرير" LatinTrans="Taaa_B Gaaf_M Raa_E Yaa_B Raa_E">
      <paw idPaw="1" x="78" transcription="تقر" LatinTrans="Taaa_B Gaaf_M Raa_E">
        <lettre idLettre="1" x="102" transcription="ت" LatinTrans="Taaa_B" />
        <lettre idLettre="2" x="88" transcription="ق" LatinTrans="Gaaf_M" />
        <lettre idLettre="3" x="78" transcription="ر" LatinTrans="Raa_E" />
      </paw>
      <paw idPaw="2" x="53" transcription="ير" LatinTrans="Yaa_B Raa_E">
        <lettre idLettre="1" x="66" transcription="ي" LatinTrans="Yaa_B" />
        <lettre idLettre="2" x="53" transcription="ر" LatinTrans="Raa_E" />
      </paw>
    </word>
    <word idWord="2" x="51" transcription=" " LatinTrans="SPACE">
      <paw idPaw="1" x="51" transcription=" " LatinTrans="SPACE">
        <lettre idLettre="1" x="51" transcription=" " LatinTrans="SPACE" />
      </paw>
    </word>
    <word idWord="3" x="0" transcription="احمد" LatinTrans="Alif_I Haaa_B Miim_M Daal_E">
      <paw idPaw="1" x="45" transcription="ا" LatinTrans="Alif_I">
        <lettre idLettre="1" x="45" transcription="ا" LatinTrans="Alif_I" />
      </paw>
      <paw idPaw="2" x="0" transcription="حمد" LatinTrans="Haaa_B Miim_M Daal_E">
        <lettre idLettre="1" x="32" transcription="ح" LatinTrans="Haaa_B" />
        <lettre idLettre="2" x="17" transcription="م" LatinTrans="Miim_M" />
        <lettre idLettre="3" x="0" transcription="د" LatinTrans="Daal_E" />
      </paw>
    </word>
  </content>
</textImage>