﻿<?xml version="1.0" encoding="UTF-8" standalone="yes"?>
<textImage id="1" width="291" height="49" transcription="مسمار في جمجمة البابا" image="aljazeera_3212-08-51-30_1">
  <ArabicTranscription>مسمار في جمجمة البابا</ArabicTranscription>
  <LatinTranscription>Miim_B Siin_M Miim_M Alif_E Raa_I SPACE Faa_B Yaa_E SPACE Jiim_B Miim_M Jiim_M TaaaClosed_E SPACE Alif_I Laam_B Baa_M Alif_E Baa_B Alif_E</LatinTranscription>
  <content>
    <word idWord="1" x="202" transcription="مسمار" LatinTrans="Miim_B Siin_M Miim_M Alif_E Raa_I">
      <paw idPaw="1" x="218" transcription="مسما" LatinTrans="Miim_B Siin_M Miim_M Alif_E">
        <lettre idLettre="1" x="270" transcription="م" LatinTrans="Miim_B" />
        <lettre idLettre="2" x="247" transcription="س" LatinTrans="Siin_M" />
        <lettre idLettre="3" x="227" transcription="م" LatinTrans="Miim_M" />
        <lettre idLettre="4" x="218" transcription="ا" LatinTrans="Alif_E" />
      </paw>
      <paw idPaw="2" x="202" transcription="ر" LatinTrans="Raa_I">
        <lettre idLettre="1" x="202" transcription="ر" LatinTrans="Raa_I" />
      </paw>
    </word>
    <word idWord="2" x="198" transcription=" " LatinTrans="SPACE">
      <paw idPaw="1" x="198" transcription=" " LatinTrans="SPACE">
        <lettre idLettre="1" x="198" transcription=" " LatinTrans="SPACE" />
      </paw>
    </word>
    <word idWord="3" x="158" transcription="في" LatinTrans="Faa_B Yaa_E">
      <paw idPaw="1" x="158" transcription="في" LatinTrans="Faa_B Yaa_E">
        <lettre idLettre="1" x="179" transcription="ف" LatinTrans="Faa_B" />
        <lettre idLettre="2" x="158" transcription="ي" LatinTrans="Yaa_E" />
      </paw>
    </word>
    <word idWord="4" x="151" transcription=" " LatinTrans="SPACE">
      <paw idPaw="1" x="151" transcription=" " LatinTrans="SPACE">
        <lettre idLettre="1" x="151" transcription=" " LatinTrans="SPACE" />
      </paw>
    </word>
    <word idWord="5" x="72" transcription="جمجة" LatinTrans="Jiim_B Miim_M Jiim_M TaaaClosed_E">
      <paw idPaw="1" x="72" transcription="جمجة" LatinTrans="Jiim_B Miim_M Jiim_M TaaaClosed_E">
        <lettre idLettre="1" x="130" transcription="ج" LatinTrans="Jiim_B" />
        <lettre idLettre="2" x="113" transcription="م" LatinTrans="Miim_M" />
        <lettre idLettre="3" x="93" transcription="ج" LatinTrans="Jiim_M" />
        <lettre idLettre="4" x="72" transcription="ة" LatinTrans="TaaaClosed_E" />
      </paw>
    </word>
    <word idWord="6" x="68" transcription=" " LatinTrans="SPACE">
      <paw idPaw="1" x="68" transcription=" " LatinTrans="SPACE">
        <lettre idLettre="1" x="68" transcription=" " LatinTrans="SPACE" />
      </paw>
    </word>
    <word idWord="7" x="0" transcription="البابا" LatinTrans="Alif_I Laam_B Baa_M Alif_E Baa_B Alif_E">
      <paw idPaw="1" x="60" transcription="ا" LatinTrans="Alif_I">
        <lettre idLettre="1" x="60" transcription="ا" LatinTrans="Alif_I" />
      </paw>
      <paw idPaw="2" x="28" transcription="لبا" LatinTrans="Laam_B Baa_M Alif_E">
        <lettre idLettre="1" x="50" transcription="ل" LatinTrans="Laam_B" />
        <lettre idLettre="2" x="37" transcription="ب" LatinTrans="Baa_M" />
        <lettre idLettre="3" x="28" transcription="ا" LatinTrans="Alif_E" />
      </paw>
      <paw idPaw="3" x="0" transcription="با" LatinTrans="Baa_B Alif_E">
        <lettre idLettre="1" x="12" transcription="ب" LatinTrans="Baa_B" />
        <lettre idLettre="2" x="0" transcription="ا" LatinTrans="Alif_E" />
      </paw>
    </word>
  </content>
</textImage>