﻿<?xml version="1.0" encoding="UTF-8" standalone="yes"?>
<textImage id="1" width="124" height="75" transcription="الحرية" image="aljazeera_3212-01-56-20_1">
  <ArabicTranscription>الحرية</ArabicTranscription>
  <LatinTranscription>Alif_I Laam_B Haaa_M Raa_E Yaa_B TaaaClosed_E</LatinTranscription>
  <content>
    <word idWord="1" x="0" transcription="الحرية" LatinTrans="Alif_I Laam_B Haaa_M Raa_E Yaa_B TaaaClosed_E">
      <paw idPaw="1" x="109" transcription="ا" LatinTrans="Alif_I">
        <lettre idLettre="1" x="109" transcription="ا" LatinTrans="Alif_I" />
      </paw>
      <paw idPaw="2" x="49" transcription="لحر" LatinTrans="Laam_B Haaa_M Raa_E">
        <lettre idLettre="1" x="96" transcription="ل" LatinTrans="Laam_B" />
        <lettre idLettre="2" x="68" transcription="ح" LatinTrans="Haaa_M" />
        <lettre idLettre="3" x="49" transcription="ر" LatinTrans="Raa_E" />
      </paw>
      <paw idPaw="3" x="0" transcription="ية" LatinTrans="Yaa_B TaaaClosed_E">
        <lettre idLettre="1" x="29" transcription="ي" LatinTrans="Yaa_B" />
        <lettre idLettre="2" x="0" transcription="ة" LatinTrans="TaaaClosed_E" />
      </paw>
    </word>
  </content>
</textImage>