﻿<?xml version="1.0" encoding="UTF-8" standalone="yes"?>
<textImage id="1" width="164" height="47" transcription="عرب سات" image="aljazeera_3212-03-57-10_1">
  <ArabicTranscription>عرب سات</ArabicTranscription>
  <LatinTranscription>Ayn_B Raa_E Baa_I SPACE Siin_B Alif_E Taaa_I</LatinTranscription>
  <content>
    <word idWord="1" x="86" transcription="عرب" LatinTrans="Ayn_B Raa_E Baa_I">
      <paw idPaw="1" x="118" transcription="عر" LatinTrans="Ayn_B Raa_E">
        <lettre idLettre="1" x="137" transcription="ع" LatinTrans="Ayn_B" />
        <lettre idLettre="2" x="118" transcription="ر" LatinTrans="Raa_E" />
      </paw>
      <paw idPaw="2" x="86" transcription="ب" LatinTrans="Baa_I">
        <lettre idLettre="1" x="86" transcription="ب" LatinTrans="Baa_I" />
      </paw>
    </word>
    <word idWord="2" x="79" transcription=" " LatinTrans="SPACE">
      <paw idPaw="1" x="79" transcription=" " LatinTrans="SPACE">
        <lettre idLettre="1" x="79" transcription=" " LatinTrans="SPACE" />
      </paw>
    </word>
    <word idWord="3" x="0" transcription="سات" LatinTrans="Siin_B Alif_E Taaa_I">
      <paw idPaw="1" x="36" transcription="سا" LatinTrans="Siin_B Alif_E">
        <lettre idLettre="1" x="48" transcription="س" LatinTrans="Siin_B" />
        <lettre idLettre="2" x="36" transcription="ا" LatinTrans="Alif_E" />
      </paw>
      <paw idPaw="2" x="0" transcription="ت" LatinTrans="Taaa_I">
        <lettre idLettre="1" x="0" transcription="ت" LatinTrans="Taaa_I" />
      </paw>
    </word>
  </content>
</textImage>