﻿<?xml version="1.0" encoding="UTF-8" standalone="yes"?>
<textImage id="1" width="111" height="34" transcription="نافي بيلاي" image="aljazeera_3213-01-00-20_1">
  <ArabicTranscription>نافي بيلاي</ArabicTranscription>
  <LatinTranscription>Nuun_B Alif_E Faa_B Yaa_E SPACE Baa_B Yaa_M Laam_Alif Yaa_I</LatinTranscription>
  <content>
    <word idWord="1" x="59" transcription="نافي" LatinTrans="Nuun_B Alif_E Faa_B Yaa_E">
      <paw idPaw="1" x="90" transcription="نا" LatinTrans="Nuun_B Alif_E">
        <lettre idLettre="1" x="99" transcription="ن" LatinTrans="Nuun_B" />
        <lettre idLettre="2" x="90" transcription="ا" LatinTrans="Alif_E" />
      </paw>
      <paw idPaw="2" x="59" transcription="في" LatinTrans="Faa_B Yaa_E">
        <lettre idLettre="1" x="77" transcription="ف" LatinTrans="Faa_B" />
        <lettre idLettre="2" x="59" transcription="ي" LatinTrans="Yaa_E" />
      </paw>
    </word>
    <word idWord="2" x="56" transcription=" " LatinTrans="SPACE">
      <paw idPaw="1" x="56" transcription=" " LatinTrans="SPACE">
        <lettre idLettre="1" x="56" transcription=" " LatinTrans="SPACE" />
      </paw>
    </word>
    <word idWord="3" x="0" transcription="بيلاي" LatinTrans="Baa_B Yaa_M Laam_Alif Yaa_I">
      <paw idPaw="1" x="19" transcription="بيلا" LatinTrans="Baa_B Yaa_M Laam_Alif">
        <lettre idLettre="1" x="45" transcription="ب" LatinTrans="Baa_B" />
        <lettre idLettre="2" x="31" transcription="ي" LatinTrans="Yaa_M" />
        <lettre idLettre="3" x="19" transcription="لا" LatinTrans="Laam_Alif" />
      </paw>
      <paw idPaw="2" x="0" transcription="ي" LatinTrans="Yaa_I">
        <lettre idLettre="1" x="0" transcription="ي" LatinTrans="Yaa_I" />
      </paw>
    </word>
  </content>
</textImage>