﻿<?xml version="1.0" encoding="UTF-8" standalone="yes"?>
<textImage id="1" width="543" height="42" transcription="المعارضة البحرينية: مطالبنا ستتحقق في المدى المنظور" image="aljazeera_3212-13-12-30_1">
  <ArabicTranscription>المعارضة البحرينية: مطالبنا ستتحقق في المدى المنظور</ArabicTranscription>
  <LatinTranscription>Alif_I Laam_B Miim_M Ayn_M Alif_E Raa_I Daad_B TaaaClosed_E SPACE Alif_I Laam_B Baa_M Haaa_M Raa_E Yaa_B Nuun_M Yaa_M TaaaClosed_E TWOPOINTS SPACE Miim_B Thaaa_M Alif_E Laam_B Baa_M Nuun_M Alif_E SPACE Siin_B Taaa_M Taaa_M Haaa_M Gaaf_E SPACE Faa_B Yaa_E SPACE Alif_I Laam_B Miim_M Daal_E AlifBroken_I SPACE Alif_I Laam_B Miim_M Nuun_M Taa_M Waaw_E Raa_I</LatinTranscription>
  <content>
    <word idWord="1" x="445" transcription="المعارضة" LatinTrans="Alif_I Laam_B Miim_M Ayn_M Alif_E Raa_I Daad_B TaaaClosed_E">
      <paw idPaw="1" x="534" transcription="ا" LatinTrans="Alif_I">
        <lettre idLettre="1" x="534" transcription="ا" LatinTrans="Alif_I" />
      </paw>
      <paw idPaw="2" x="490" transcription="لمعا" LatinTrans="Laam_B Miim_M Ayn_M Alif_E">
        <lettre idLettre="1" x="528" transcription="ل" LatinTrans="Laam_B" />
        <lettre idLettre="2" x="514" transcription="م" LatinTrans="Miim_M" />
        <lettre idLettre="3" x="496" transcription="ع" LatinTrans="Ayn_M" />
        <lettre idLettre="4" x="490" transcription="ا" LatinTrans="Alif_E" />
      </paw>
      <paw idPaw="3" x="480" transcription="ر" LatinTrans="Raa_I">
        <lettre idLettre="1" x="480" transcription="ر" LatinTrans="Raa_I" />
      </paw>
      <paw idPaw="4" x="445" transcription="ضة" LatinTrans="Daad_B TaaaClosed_E">
        <lettre idLettre="1" x="459" transcription="ض" LatinTrans="Daad_B" />
        <lettre idLettre="2" x="445" transcription="ة" LatinTrans="TaaaClosed_E" />
      </paw>
    </word>
    <word idWord="2" x="439" transcription=" " LatinTrans="SPACE">
      <paw idPaw="1" x="439" transcription=" " LatinTrans="SPACE">
        <lettre idLettre="1" x="439" transcription=" " LatinTrans="SPACE" />
      </paw>
    </word>
    <word idWord="3" x="339" transcription="البحرينية:" LatinTrans="Alif_I Laam_B Baa_M Haaa_M Raa_E Yaa_B Nuun_M Yaa_M TaaaClosed_E TWOPOINTS">
      <paw idPaw="1" x="434" transcription="ا" LatinTrans="Alif_I">
        <lettre idLettre="1" x="434" transcription="ا" LatinTrans="Alif_I" />
      </paw>
      <paw idPaw="2" x="393" transcription="لبحر" LatinTrans="Laam_B Baa_M Haaa_M Raa_E">
        <lettre idLettre="1" x="426" transcription="ل" LatinTrans="Laam_B" />
        <lettre idLettre="2" x="416" transcription="ب" LatinTrans="Baa_M" />
        <lettre idLettre="3" x="403" transcription="ح" LatinTrans="Haaa_M" />
        <lettre idLettre="4" x="393" transcription="ر" LatinTrans="Raa_E" />
      </paw>
      <paw idPaw="3" x="346" transcription="ينية" LatinTrans="Yaa_B Nuun_M Yaa_M TaaaClosed_E">
        <lettre idLettre="1" x="381" transcription="ي" LatinTrans="Yaa_B" />
        <lettre idLettre="2" x="370" transcription="ن" LatinTrans="Nuun_M" />
        <lettre idLettre="3" x="359" transcription="ي" LatinTrans="Yaa_M" />
        <lettre idLettre="4" x="346" transcription="ة" LatinTrans="TaaaClosed_E" />
      </paw>
      <paw idPaw="4" x="339" transcription=":" LatinTrans="TWOPOINTS">
        <lettre idLettre="1" x="339" transcription=":" LatinTrans="TWOPOINTS" />
      </paw>
    </word>
    <word idWord="4" x="335" transcription=" " LatinTrans="SPACE">
      <paw idPaw="1" x="335" transcription=" " LatinTrans="SPACE">
        <lettre idLettre="1" x="335" transcription=" " LatinTrans="SPACE" />
      </paw>
    </word>
    <word idWord="5" x="260" transcription="مطالبنا" LatinTrans="Miim_B Thaaa_M Alif_E Laam_B Baa_M Nuun_M Alif_E">
      <paw idPaw="1" x="295" transcription="مطا" LatinTrans="Miim_B Thaaa_M Alif_E">
        <lettre idLettre="1" x="321" transcription="م" LatinTrans="Miim_B" />
        <lettre idLettre="2" x="300" transcription="ط" LatinTrans="Thaaa_M" />
        <lettre idLettre="3" x="295" transcription="ا" LatinTrans="Alif_E" />
      </paw>
      <paw idPaw="2" x="260" transcription="لبنا" LatinTrans="Laam_B Baa_M Nuun_M Alif_E">
        <lettre idLettre="1" x="287" transcription="ل" LatinTrans="Laam_B" />
        <lettre idLettre="2" x="279" transcription="ب" LatinTrans="Baa_M" />
        <lettre idLettre="3" x="269" transcription="ن" LatinTrans="Nuun_M" />
        <lettre idLettre="4" x="260" transcription="ا" LatinTrans="Alif_E" />
      </paw>
    </word>
    <word idWord="6" x="256" transcription=" " LatinTrans="SPACE">
      <paw idPaw="1" x="256" transcription=" " LatinTrans="SPACE">
        <lettre idLettre="1" x="256" transcription=" " LatinTrans="SPACE" />
      </paw>
    </word>
    <word idWord="7" x="180" transcription="ستتحق" LatinTrans="Siin_B Taaa_M Taaa_M Haaa_M Gaaf_E">
      <paw idPaw="1" x="180" transcription="ستتحق" LatinTrans="Siin_B Taaa_M Taaa_M Haaa_M Gaaf_E">
        <lettre idLettre="1" x="238" transcription="س" LatinTrans="Siin_B" />
        <lettre idLettre="2" x="225" transcription="ت" LatinTrans="Taaa_M" />
        <lettre idLettre="3" x="214" transcription="ت" LatinTrans="Taaa_M" />
        <lettre idLettre="4" x="199" transcription="ح" LatinTrans="Haaa_M" />
        <lettre idLettre="5" x="180" transcription="ق" LatinTrans="Gaaf_E" />
      </paw>
    </word>
    <word idWord="8" x="176" transcription=" " LatinTrans="SPACE">
      <paw idPaw="1" x="176" transcription=" " LatinTrans="SPACE">
        <lettre idLettre="1" x="176" transcription=" " LatinTrans="SPACE" />
      </paw>
    </word>
    <word idWord="9" x="144" transcription="في" LatinTrans="Faa_B Yaa_E">
      <paw idPaw="1" x="144" transcription="في" LatinTrans="Faa_B Yaa_E">
        <lettre idLettre="1" x="163" transcription="ف" LatinTrans="Faa_B" />
        <lettre idLettre="2" x="144" transcription="ي" LatinTrans="Yaa_E" />
      </paw>
    </word>
    <word idWord="10" x="142" transcription=" " LatinTrans="SPACE">
      <paw idPaw="1" x="142" transcription=" " LatinTrans="SPACE">
        <lettre idLettre="1" x="142" transcription=" " LatinTrans="SPACE" />
      </paw>
    </word>
    <word idWord="11" x="86" transcription="المدى" LatinTrans="Alif_I Laam_B Miim_M Daal_E AlifBroken_I">
      <paw idPaw="1" x="135" transcription="ا" LatinTrans="Alif_I">
        <lettre idLettre="1" x="135" transcription="ا" LatinTrans="Alif_I" />
      </paw>
      <paw idPaw="2" x="101" transcription="لمد" LatinTrans="Laam_B Miim_M Daal_E">
        <lettre idLettre="1" x="129" transcription="ل" LatinTrans="Laam_B" />
        <lettre idLettre="2" x="117" transcription="م" LatinTrans="Miim_M" />
        <lettre idLettre="3" x="101" transcription="د" LatinTrans="Daal_E" />
      </paw>
      <paw idPaw="3" x="86" transcription="ى" LatinTrans="AlifBroken_I">
        <lettre idLettre="1" x="86" transcription="ى" LatinTrans="AlifBroken_I" />
      </paw>
    </word>
    <word idWord="12" x="82" transcription=" " LatinTrans="SPACE">
      <paw idPaw="1" x="82" transcription=" " LatinTrans="SPACE">
        <lettre idLettre="1" x="82" transcription=" " LatinTrans="SPACE" />
      </paw>
    </word>
    <word idWord="13" x="0" transcription="المنظور" LatinTrans="Alif_I Laam_B Miim_M Nuun_M Taa_M Waaw_E Raa_I">
      <paw idPaw="1" x="76" transcription="ا" LatinTrans="Alif_I">
        <lettre idLettre="1" x="76" transcription="ا" LatinTrans="Alif_I" />
      </paw>
      <paw idPaw="2" x="15" transcription="لمنظو" LatinTrans="Laam_B Miim_M Nuun_M Taa_M Waaw_E">
        <lettre idLettre="1" x="70" transcription="ل" LatinTrans="Laam_B" />
        <lettre idLettre="2" x="59" transcription="م" LatinTrans="Miim_M" />
        <lettre idLettre="3" x="46" transcription="ن" LatinTrans="Nuun_M" />
        <lettre idLettre="4" x="27" transcription="ظ" LatinTrans="Taa_M" />
        <lettre idLettre="5" x="15" transcription="و" LatinTrans="Waaw_E" />
      </paw>
      <paw idPaw="3" x="0" transcription="ر" LatinTrans="Raa_I">
        <lettre idLettre="1" x="0" transcription="ر" LatinTrans="Raa_I" />
      </paw>
    </word>
  </content>
</textImage>