﻿<?xml version="1.0" encoding="UTF-8" standalone="yes"?>
<textImage id="1" width="243" height="51" transcription="أزمة ما بعد الثورة" image="aljazeera_3212-08-41-00_1">
  <ArabicTranscription>أزمة ما بعد الثورة</ArabicTranscription>
  <LatinTranscription>HamzaAboveAlif_I Zaay_I Miim_B TaaaClosed_E SPACE Miim_B Alif_E SPACE Baa_B Ayn_M Daal_E SPACE Alif_I Laam_B Thaa_M Waaw_E Raa_I TaaaClosed_I</LatinTranscription>
  <content>
    <word idWord="1" x="184" transcription="أزمة" LatinTrans="HamzaAboveAlif_I Zaay_I Miim_B TaaaClosed_E">
      <paw idPaw="1" x="230" transcription="أ" LatinTrans="HamzaAboveAlif_I">
        <lettre idLettre="1" x="230" transcription="أ" LatinTrans="HamzaAboveAlif_I" />
      </paw>
      <paw idPaw="2" x="218" transcription="ز" LatinTrans="Zaay_I">
        <lettre idLettre="1" x="218" transcription="ز" LatinTrans="Zaay_I" />
      </paw>
      <paw idPaw="3" x="184" transcription="مة" LatinTrans="Miim_B TaaaClosed_E">
        <lettre idLettre="1" x="203" transcription="م" LatinTrans="Miim_B" />
        <lettre idLettre="2" x="184" transcription="ة" LatinTrans="TaaaClosed_E" />
      </paw>
    </word>
    <word idWord="2" x="177" transcription=" " LatinTrans="SPACE">
      <paw idPaw="1" x="177" transcription=" " LatinTrans="SPACE">
        <lettre idLettre="1" x="177" transcription=" " LatinTrans="SPACE" />
      </paw>
    </word>
    <word idWord="3" x="149" transcription="ما" LatinTrans="Miim_B Alif_E">
      <paw idPaw="1" x="149" transcription="ما" LatinTrans="Miim_B Alif_E">
        <lettre idLettre="1" x="161" transcription="م" LatinTrans="Miim_B" />
        <lettre idLettre="2" x="149" transcription="ا" LatinTrans="Alif_E" />
      </paw>
    </word>
    <word idWord="4" x="143" transcription=" " LatinTrans="SPACE">
      <paw idPaw="1" x="143" transcription=" " LatinTrans="SPACE">
        <lettre idLettre="1" x="143" transcription=" " LatinTrans="SPACE" />
      </paw>
    </word>
    <word idWord="5" x="87" transcription="بعد" LatinTrans="Baa_B Ayn_M Daal_E">
      <paw idPaw="1" x="87" transcription="بعد" LatinTrans="Baa_B Ayn_M Daal_E">
        <lettre idLettre="1" x="128" transcription="ب" LatinTrans="Baa_B" />
        <lettre idLettre="2" x="106" transcription="ع" LatinTrans="Ayn_M" />
        <lettre idLettre="3" x="87" transcription="د" LatinTrans="Daal_E" />
      </paw>
    </word>
    <word idWord="6" x="81" transcription=" " LatinTrans="SPACE">
      <paw idPaw="1" x="81" transcription=" " LatinTrans="SPACE">
        <lettre idLettre="1" x="81" transcription=" " LatinTrans="SPACE" />
      </paw>
    </word>
    <word idWord="7" x="0" transcription="الثورة" LatinTrans="Alif_I Laam_B Thaa_M Waaw_E Raa_I TaaaClosed_I">
      <paw idPaw="1" x="74" transcription="ا" LatinTrans="Alif_I">
        <lettre idLettre="1" x="74" transcription="ا" LatinTrans="Alif_I" />
      </paw>
      <paw idPaw="2" x="32" transcription="لثو" LatinTrans="Laam_B Thaa_M Waaw_E">
        <lettre idLettre="1" x="66" transcription="ل" LatinTrans="Laam_B" />
        <lettre idLettre="2" x="49" transcription="ث" LatinTrans="Thaa_M" />
        <lettre idLettre="3" x="32" transcription="و" LatinTrans="Waaw_E" />
      </paw>
      <paw idPaw="3" x="21" transcription="ر" LatinTrans="Raa_I">
        <lettre idLettre="1" x="21" transcription="ر" LatinTrans="Raa_I" />
      </paw>
      <paw idPaw="4" x="0" transcription="ة" LatinTrans="TaaaClosed_I">
        <lettre idLettre="1" x="0" transcription="ة" LatinTrans="TaaaClosed_I" />
      </paw>
    </word>
  </content>
</textImage>