﻿<?xml version="1.0" encoding="UTF-8" standalone="yes"?>
<textImage id="1" width="141" height="46" transcription="عثمان آي فرح" image="aljazeera_3212-02-03-50_1">
  <ArabicTranscription>عثمان آي فرح</ArabicTranscription>
  <LatinTranscription>Ayn_B Thaa_M Miim_M Alif_E Nuun_I SPACE TildAboveAlif_I Yaa_I SPACE Faa_B Raa_E Haaa_I</LatinTranscription>
  <content>
    <word idWord="1" x="72" transcription="عثمان" LatinTrans="Ayn_B Thaa_M Miim_M Alif_E Nuun_I">
      <paw idPaw="1" x="88" transcription="عثما" LatinTrans="Ayn_B Thaa_M Miim_M Alif_E">
        <lettre idLettre="1" x="123" transcription="ع" LatinTrans="Ayn_B" />
        <lettre idLettre="2" x="110" transcription="ث" LatinTrans="Thaa_M" />
        <lettre idLettre="3" x="97" transcription="م" LatinTrans="Miim_M" />
        <lettre idLettre="4" x="88" transcription="ا" LatinTrans="Alif_E" />
      </paw>
      <paw idPaw="2" x="72" transcription="ن" LatinTrans="Nuun_I">
        <lettre idLettre="1" x="72" transcription="ن" LatinTrans="Nuun_I" />
      </paw>
    </word>
    <word idWord="2" x="68" transcription=" " LatinTrans="SPACE">
      <paw idPaw="1" x="68" transcription=" " LatinTrans="SPACE">
        <lettre idLettre="1" x="68" transcription=" " LatinTrans="SPACE" />
      </paw>
    </word>
    <word idWord="3" x="45" transcription="آي" LatinTrans="TildAboveAlif_I Yaa_I">
      <paw idPaw="1" x="63" transcription="آ" LatinTrans="TildAboveAlif_I">
        <lettre idLettre="1" x="63" transcription="آ" LatinTrans="TildAboveAlif_I" />
      </paw>
      <paw idPaw="2" x="45" transcription="ي" LatinTrans="Yaa_I">
        <lettre idLettre="1" x="45" transcription="ي" LatinTrans="Yaa_I" />
      </paw>
    </word>
    <word idWord="4" x="41" transcription=" " LatinTrans="SPACE">
      <paw idPaw="1" x="41" transcription=" " LatinTrans="SPACE">
        <lettre idLettre="1" x="41" transcription=" " LatinTrans="SPACE" />
      </paw>
    </word>
    <word idWord="5" x="0" transcription="فرح" LatinTrans="Faa_B Raa_E Haaa_I">
      <paw idPaw="1" x="20" transcription="فر" LatinTrans="Faa_B Raa_E">
        <lettre idLettre="1" x="29" transcription="ف" LatinTrans="Faa_B" />
        <lettre idLettre="2" x="20" transcription="ر" LatinTrans="Raa_E" />
      </paw>
      <paw idPaw="2" x="0" transcription="ح" LatinTrans="Haaa_I">
        <lettre idLettre="1" x="0" transcription="ح" LatinTrans="Haaa_I" />
      </paw>
    </word>
  </content>
</textImage>