﻿<?xml version="1.0" encoding="UTF-8" standalone="yes"?>
<textImage id="1" width="488" height="46" transcription="محتجو الأنبار يرجئون قرار التظاهر" image="aljazeera_3213-05-33-30_1">
  <ArabicTranscription>محتجو الأنبار يرجئون قرار التظاهر</ArabicTranscription>
  <LatinTranscription>Miim_B Haaa_M Taaa_M Jiim_M Waaw_E SPACE Alif_I Laam_HamzaAboveAlif Nuun_B Baa_M Alif_E Raa_I SPACE Yaa_B Raa_E Jiim_B HamzaAboveAlifBroken_M Waaw_E Nuun_I SPACE Gaaf_B Raa_E Alif_I Raa_I SPACE Alif_I Laam_B Taaa_M Taa_M Alif_E Haa_B Raa_E</LatinTranscription>
  <content>
    <word idWord="1" x="394" transcription="محتجو" LatinTrans="Miim_B Haaa_M Taaa_M Jiim_M Waaw_E">
      <paw idPaw="1" x="394" transcription="محتجو" LatinTrans="Miim_B Haaa_M Taaa_M Jiim_M Waaw_E">
        <lettre idLettre="1" x="470" transcription="م" LatinTrans="Miim_B" />
        <lettre idLettre="2" x="450" transcription="ح" LatinTrans="Haaa_M" />
        <lettre idLettre="3" x="433" transcription="ت" LatinTrans="Taaa_M" />
        <lettre idLettre="4" x="413" transcription="ج" LatinTrans="Jiim_M" />
        <lettre idLettre="5" x="394" transcription="و" LatinTrans="Waaw_E" />
      </paw>
    </word>
    <word idWord="2" x="387" transcription=" " LatinTrans="SPACE">
      <paw idPaw="1" x="387" transcription=" " LatinTrans="SPACE">
        <lettre idLettre="1" x="387" transcription=" " LatinTrans="SPACE" />
      </paw>
    </word>
    <word idWord="3" x="311" transcription="الأنبار" LatinTrans="Alif_I Laam_HamzaAboveAlif Nuun_B Baa_M Alif_E Raa_I">
      <paw idPaw="1" x="379" transcription="ا" LatinTrans="Alif_I">
        <lettre idLettre="1" x="379" transcription="ا" LatinTrans="Alif_I" />
      </paw>
      <paw idPaw="2" x="362" transcription="لأ" LatinTrans="Laam_HamzaAboveAlif">
        <lettre idLettre="1" x="362" transcription="لأ" LatinTrans="Laam_HamzaAboveAlif" />
      </paw>
      <paw idPaw="3" x="325" transcription="نبا" LatinTrans="Nuun_B Baa_M Alif_E">
        <lettre idLettre="1" x="350" transcription="ن" LatinTrans="Nuun_B" />
        <lettre idLettre="2" x="333" transcription="ب" LatinTrans="Baa_M" />
        <lettre idLettre="3" x="325" transcription="ا" LatinTrans="Alif_E" />
      </paw>
      <paw idPaw="4" x="311" transcription="ر" LatinTrans="Raa_I">
        <lettre idLettre="1" x="311" transcription="ر" LatinTrans="Raa_I" />
      </paw>
    </word>
    <word idWord="4" x="306" transcription=" " LatinTrans="SPACE">
      <paw idPaw="1" x="306" transcription=" " LatinTrans="SPACE">
        <lettre idLettre="1" x="306" transcription=" " LatinTrans="SPACE" />
      </paw>
    </word>
    <word idWord="5" x="202" transcription="يرجئون" LatinTrans="Yaa_B Raa_E Jiim_B HamzaAboveAlifBroken_M Waaw_E Nuun_I">
      <paw idPaw="1" x="276" transcription="ير" LatinTrans="Yaa_B Raa_E">
        <lettre idLettre="1" x="292" transcription="ي" LatinTrans="Yaa_B" />
        <lettre idLettre="2" x="276" transcription="ر" LatinTrans="Raa_E" />
      </paw>
      <paw idPaw="2" x="226" transcription="جئو" LatinTrans="Jiim_B HamzaAboveAlifBroken_M Waaw_E">
        <lettre idLettre="1" x="257" transcription="ج" LatinTrans="Jiim_B" />
        <lettre idLettre="2" x="242" transcription="ئ" LatinTrans="HamzaAboveAlifBroken_M" />
        <lettre idLettre="3" x="226" transcription="و" LatinTrans="Waaw_E" />
      </paw>
      <paw idPaw="3" x="202" transcription="ن" LatinTrans="Nuun_I">
        <lettre idLettre="1" x="202" transcription="ن" LatinTrans="Nuun_I" />
      </paw>
    </word>
    <word idWord="6" x="195" transcription=" " LatinTrans="SPACE">
      <paw idPaw="1" x="195" transcription=" " LatinTrans="SPACE">
        <lettre idLettre="1" x="195" transcription=" " LatinTrans="SPACE" />
      </paw>
    </word>
    <word idWord="7" x="141" transcription="قرار" LatinTrans="Gaaf_B Raa_E Alif_I Raa_I">
      <paw idPaw="1" x="162" transcription="قر" LatinTrans="Gaaf_B Raa_E">
        <lettre idLettre="1" x="175" transcription="ق" LatinTrans="Gaaf_B" />
        <lettre idLettre="2" x="162" transcription="ر" LatinTrans="Raa_E" />
      </paw>
      <paw idPaw="2" x="154" transcription="ا" LatinTrans="Alif_I">
        <lettre idLettre="1" x="154" transcription="ا" LatinTrans="Alif_I" />
      </paw>
      <paw idPaw="3" x="141" transcription="ر" LatinTrans="Raa_I">
        <lettre idLettre="1" x="141" transcription="ر" LatinTrans="Raa_I" />
      </paw>
    </word>
    <word idWord="8" x="135" transcription=" " LatinTrans="SPACE">
      <paw idPaw="1" x="135" transcription=" " LatinTrans="SPACE">
        <lettre idLettre="1" x="135" transcription=" " LatinTrans="SPACE" />
      </paw>
    </word>
    <word idWord="9" x="0" transcription="التظاهر" LatinTrans="Alif_I Laam_B Taaa_M Taa_M Alif_E Haa_B Raa_E">
      <paw idPaw="1" x="126" transcription="ا" LatinTrans="Alif_I">
        <lettre idLettre="1" x="126" transcription="ا" LatinTrans="Alif_I" />
      </paw>
      <paw idPaw="2" x="66" transcription="لتظا" LatinTrans="Laam_B Taaa_M Taa_M Alif_E">
        <lettre idLettre="1" x="117" transcription="ل" LatinTrans="Laam_B" />
        <lettre idLettre="2" x="102" transcription="ت" LatinTrans="Taaa_M" />
        <lettre idLettre="3" x="77" transcription="ظ" LatinTrans="Taa_M" />
        <lettre idLettre="4" x="66" transcription="ا" LatinTrans="Alif_E" />
      </paw>
      <paw idPaw="3" x="0" transcription="هر" LatinTrans="Haa_B Raa_E">
        <lettre idLettre="1" x="40" transcription="ه" LatinTrans="Haa_B" />
        <lettre idLettre="2" x="0" transcription="ر" LatinTrans="Raa_E" />
      </paw>
    </word>
  </content>
</textImage>