﻿<?xml version="1.0" encoding="UTF-8" standalone="yes"?>
<textImage id="1" width="72" height="35" transcription="عمان" image="aljazeera_3211-09-56-40_1">
  <ArabicTranscription>عمان</ArabicTranscription>
  <LatinTranscription>Ayn_B Miim_M Alif_E Nuun_I</LatinTranscription>
  <content>
    <word idWord="1" x="0" transcription="عمان" LatinTrans="Ayn_B Miim_M Alif_E Nuun_I">
      <paw idPaw="1" x="24" transcription="عما" LatinTrans="Ayn_B Miim_M Alif_E">
        <lettre idLettre="1" x="52" transcription="ع" LatinTrans="Ayn_B" />
        <lettre idLettre="2" x="31" transcription="م" LatinTrans="Miim_M" />
        <lettre idLettre="3" x="24" transcription="ا" LatinTrans="Alif_E" />
      </paw>
      <paw idPaw="2" x="0" transcription="ن" LatinTrans="Nuun_I">
        <lettre idLettre="1" x="0" transcription="ن" LatinTrans="Nuun_I" />
      </paw>
    </word>
  </content>
</textImage>