﻿<?xml version="1.0" encoding="UTF-8" standalone="yes"?>
<textImage id="1" width="237" height="63" transcription="من أعماق الأرض" image="aljazeera_20-11-53-10_1">
  <ArabicTranscription>من أعماق الأرض</ArabicTranscription>
  <LatinTranscription>Miim_B Nuun_E SPACE HamzaAboveAlif_I Ayn_B Miim_M Alif_E Gaaf_I SPACE Alif_I Laam_HamzaAboveAlif Raa_I Daad_I</LatinTranscription>
  <content>
    <word idWord="1" x="193" transcription="من" LatinTrans="Miim_B Nuun_E">
      <paw idPaw="1" x="193" transcription="من" LatinTrans="Miim_B Nuun_E">
        <lettre idLettre="1" x="219" transcription="م" LatinTrans="Miim_B" />
        <lettre idLettre="2" x="193" transcription="ن" LatinTrans="Nuun_E" />
      </paw>
    </word>
    <word idWord="2" x="187" transcription=" " LatinTrans="SPACE">
      <paw idPaw="1" x="187" transcription=" " LatinTrans="SPACE">
        <lettre idLettre="1" x="187" transcription=" " LatinTrans="SPACE" />
      </paw>
    </word>
    <word idWord="3" x="99" transcription="أعماق" LatinTrans="HamzaAboveAlif_I Ayn_B Miim_M Alif_E Gaaf_I">
      <paw idPaw="1" x="175" transcription="أ" LatinTrans="HamzaAboveAlif_I">
        <lettre idLettre="1" x="175" transcription="أ" LatinTrans="HamzaAboveAlif_I" />
      </paw>
      <paw idPaw="2" x="127" transcription="عما" LatinTrans="Ayn_B Miim_M Alif_E">
        <lettre idLettre="1" x="156" transcription="ع" LatinTrans="Ayn_B" />
        <lettre idLettre="2" x="136" transcription="م" LatinTrans="Miim_M" />
        <lettre idLettre="3" x="127" transcription="ا" LatinTrans="Alif_E" />
      </paw>
      <paw idPaw="3" x="99" transcription="ق" LatinTrans="Gaaf_I">
        <lettre idLettre="1" x="99" transcription="ق" LatinTrans="Gaaf_I" />
      </paw>
    </word>
    <word idWord="4" x="92" transcription=" " LatinTrans="SPACE">
      <paw idPaw="1" x="92" transcription=" " LatinTrans="SPACE">
        <lettre idLettre="1" x="92" transcription=" " LatinTrans="SPACE" />
      </paw>
    </word>
    <word idWord="5" x="0" transcription="الأرض" LatinTrans="Alif_I Laam_HamzaAboveAlif Raa_I Daad_I">
      <paw idPaw="1" x="80" transcription="ا" LatinTrans="Alif_I">
        <lettre idLettre="1" x="80" transcription="ا" LatinTrans="Alif_I" />
      </paw>
      <paw idPaw="2" x="59" transcription="لأ" LatinTrans="Laam_HamzaAboveAlif">
        <lettre idLettre="1" x="59" transcription="لأ" LatinTrans="Laam_HamzaAboveAlif" />
      </paw>
      <paw idPaw="3" x="43" transcription="ر" LatinTrans="Raa_I">
        <lettre idLettre="1" x="43" transcription="ر" LatinTrans="Raa_I" />
      </paw>
      <paw idPaw="4" x="0" transcription="ض" LatinTrans="Daad_I">
        <lettre idLettre="1" x="0" transcription="ض" LatinTrans="Daad_I" />
      </paw>
    </word>
  </content>
</textImage>