﻿<?xml version="1.0" encoding="UTF-8" standalone="yes"?>
<textImage id="1" width="436" height="40" transcription="إيران تؤكد أن برنامجها النووي هو لأغراض سلمية" image="aljazeera_3212-18-38-50_1">
  <ArabicTranscription>إيران تؤكد أن برنامجها النووي هو لأغراض سلمية</ArabicTranscription>
  <LatinTranscription>HamzaOnederAlif_I Yaa_B Raa_E Alif_I Nuun_I SPACE Taaa_B HamzaAboveWaaw_E Kaaf_B Daal_E SPACE HamzaAboveAlif_I Nuun_I SPACE Baa_B Raa_E Nuun_B Alif_E Miim_B Jiim_M Haa_M Alif_E SPACE Alif_I Laam_B Nuun_M Waaw_E Waaw_I Yaa_I SPACE Haa_B Waaw_E SPACE Laam_HamzaAboveAlif Ghayn_B Raa_E Alif_I Daad_I SPACE Siin_B Laam_M Miim_M Yaa_M TaaaClosed_E</LatinTranscription>
  <content>
    <word idWord="1" x="388" transcription="إيران" LatinTrans="HamzaOnederAlif_I Yaa_B Raa_E Alif_I Nuun_I">
      <paw idPaw="1" x="426" transcription="إ" LatinTrans="HamzaOnederAlif_I">
        <lettre idLettre="1" x="426" transcription="إ" LatinTrans="HamzaUnderAlif_I" />
      </paw>
      <paw idPaw="2" x="407" transcription="ير" LatinTrans="Yaa_B Raa_E">
        <lettre idLettre="1" x="416" transcription="ي" LatinTrans="Yaa_B" />
        <lettre idLettre="2" x="407" transcription="ر" LatinTrans="Raa_E" />
      </paw>
      <paw idPaw="3" x="402" transcription="ا" LatinTrans="Alif_I">
        <lettre idLettre="1" x="402" transcription="ا" LatinTrans="Alif_I" />
      </paw>
      <paw idPaw="4" x="388" transcription="ن" LatinTrans="Nuun_I">
        <lettre idLettre="1" x="388" transcription="ن" LatinTrans="Nuun_I" />
      </paw>
    </word>
    <word idWord="2" x="383" transcription=" " LatinTrans="SPACE">
      <paw idPaw="1" x="383" transcription=" " LatinTrans="SPACE">
        <lettre idLettre="1" x="383" transcription=" " LatinTrans="SPACE" />
      </paw>
    </word>
    <word idWord="3" x="339" transcription="تؤكد" LatinTrans="Taaa_B HamzaAboveWaaw_E Kaaf_B Daal_E">
      <paw idPaw="1" x="363" transcription="تؤ" LatinTrans="Taaa_B HamzaAboveWaaw_E">
        <lettre idLettre="1" x="374" transcription="ت" LatinTrans="Taaa_B" />
        <lettre idLettre="2" x="363" transcription="ؤ" LatinTrans="HamzaAboveWaaw_E" />
      </paw>
      <paw idPaw="2" x="339" transcription="كد" LatinTrans="Kaaf_B Daal_E">
        <lettre idLettre="1" x="350" transcription="ك" LatinTrans="Kaaf_B" />
        <lettre idLettre="2" x="339" transcription="د" LatinTrans="Daal_E" />
      </paw>
    </word>
    <word idWord="4" x="336" transcription=" " LatinTrans="SPACE">
      <paw idPaw="1" x="336" transcription=" " LatinTrans="SPACE">
        <lettre idLettre="1" x="336" transcription=" " LatinTrans="SPACE" />
      </paw>
    </word>
    <word idWord="5" x="315" transcription="أن" LatinTrans="HamzaAboveAlif_I Nuun_I">
      <paw idPaw="1" x="330" transcription="أ" LatinTrans="HamzaAboveAlif_I">
        <lettre idLettre="1" x="330" transcription="أ" LatinTrans="HamzaAboveAlif_I" />
      </paw>
      <paw idPaw="2" x="315" transcription="ن" LatinTrans="Nuun_I">
        <lettre idLettre="1" x="315" transcription="ن" LatinTrans="Nuun_I" />
      </paw>
    </word>
    <word idWord="6" x="312" transcription=" " LatinTrans="SPACE">
      <paw idPaw="1" x="312" transcription=" " LatinTrans="SPACE">
        <lettre idLettre="1" x="312" transcription=" " LatinTrans="SPACE" />
      </paw>
    </word>
    <word idWord="7" x="233" transcription="برنامجها" LatinTrans="Baa_B Raa_E Nuun_B Alif_E Miim_B Jiim_M Haa_M Alif_E">
      <paw idPaw="1" x="293" transcription="بر" LatinTrans="Baa_B Raa_E">
        <lettre idLettre="1" x="301" transcription="ب" LatinTrans="Baa_B" />
        <lettre idLettre="2" x="293" transcription="ر" LatinTrans="Raa_E" />
      </paw>
      <paw idPaw="2" x="277" transcription="نا" LatinTrans="Nuun_B Alif_E">
        <lettre idLettre="1" x="282" transcription="ن" LatinTrans="Nuun_B" />
        <lettre idLettre="2" x="277" transcription="ا" LatinTrans="Alif_E" />
      </paw>
      <paw idPaw="3" x="233" transcription="مجها" LatinTrans="Miim_B Jiim_M Haa_M Alif_E">
        <lettre idLettre="1" x="265" transcription="م" LatinTrans="Miim_B" />
        <lettre idLettre="2" x="251" transcription="ج" LatinTrans="Jiim_M" />
        <lettre idLettre="3" x="242" transcription="ه" LatinTrans="Haa_M" />
        <lettre idLettre="4" x="233" transcription="ا" LatinTrans="Alif_E" />
      </paw>
    </word>
    <word idWord="8" x="229" transcription=" " LatinTrans="SPACE">
      <paw idPaw="1" x="229" transcription=" " LatinTrans="SPACE">
        <lettre idLettre="1" x="229" transcription=" " LatinTrans="SPACE" />
      </paw>
    </word>
    <word idWord="9" x="173" transcription="النووي" LatinTrans="Alif_I Laam_B Nuun_M Waaw_E Waaw_I Yaa_I">
      <paw idPaw="1" x="223" transcription="ا" LatinTrans="Alif_I">
        <lettre idLettre="1" x="223" transcription="ا" LatinTrans="Alif_I" />
      </paw>
      <paw idPaw="2" x="198" transcription="لنو" LatinTrans="Laam_B Nuun_M Waaw_E">
        <lettre idLettre="1" x="217" transcription="ل" LatinTrans="Laam_B" />
        <lettre idLettre="2" x="208" transcription="ن" LatinTrans="Nuun_M" />
        <lettre idLettre="3" x="198" transcription="و" LatinTrans="Waaw_E" />
      </paw>
      <paw idPaw="3" x="188" transcription="و" LatinTrans="Waaw_I">
        <lettre idLettre="1" x="188" transcription="و" LatinTrans="Waaw_I" />
      </paw>
      <paw idPaw="4" x="173" transcription="ي" LatinTrans="Yaa_I">
        <lettre idLettre="1" x="173" transcription="ي" LatinTrans="Yaa_I" />
      </paw>
    </word>
    <word idWord="10" x="169" transcription=" " LatinTrans="SPACE">
      <paw idPaw="1" x="169" transcription=" " LatinTrans="SPACE">
        <lettre idLettre="1" x="169" transcription=" " LatinTrans="SPACE" />
      </paw>
    </word>
    <word idWord="11" x="140" transcription="هو" LatinTrans="Haa_B Waaw_E">
      <paw idPaw="1" x="140" transcription="هو" LatinTrans="Haa_B Waaw_E">
        <lettre idLettre="1" x="152" transcription="ه" LatinTrans="Haa_B" />
        <lettre idLettre="2" x="140" transcription="و" LatinTrans="Waaw_E" />
      </paw>
    </word>
    <word idWord="12" x="137" transcription=" " LatinTrans="SPACE">
      <paw idPaw="1" x="137" transcription=" " LatinTrans="SPACE">
        <lettre idLettre="1" x="137" transcription=" " LatinTrans="SPACE" />
      </paw>
    </word>
    <word idWord="13" x="68" transcription="لأغراض" LatinTrans="Laam_HamzaAboveAlif Ghayn_B Raa_E Alif_I Daad_I">
      <paw idPaw="1" x="125" transcription="لأ" LatinTrans="Laam_HamzaAboveAlif">
        <lettre idLettre="1" x="125" transcription="لأ" LatinTrans="Laam_HamzaAboveAlif" />
      </paw>
      <paw idPaw="2" x="102" transcription="غر" LatinTrans="Ghayn_B Raa_E">
        <lettre idLettre="1" x="110" transcription="غ" LatinTrans="Ghayn_B" />
        <lettre idLettre="2" x="102" transcription="ر" LatinTrans="Raa_E" />
      </paw>
      <paw idPaw="3" x="97" transcription="ا" LatinTrans="Alif_I">
        <lettre idLettre="1" x="97" transcription="ا" LatinTrans="Alif_I" />
      </paw>
      <paw idPaw="4" x="68" transcription="ض" LatinTrans="Daad_I">
        <lettre idLettre="1" x="68" transcription="ض" LatinTrans="Daad_I" />
      </paw>
    </word>
    <word idWord="14" x="64" transcription=" " LatinTrans="SPACE">
      <paw idPaw="1" x="64" transcription=" " LatinTrans="SPACE">
        <lettre idLettre="1" x="64" transcription=" " LatinTrans="SPACE" />
      </paw>
    </word>
    <word idWord="15" x="0" transcription="سلمية" LatinTrans="Siin_B Laam_M Miim_M Yaa_M TaaaClosed_E">
      <paw idPaw="1" x="0" transcription="سلمية" LatinTrans="Siin_B Laam_M Miim_M Yaa_M TaaaClosed_E">
        <lettre idLettre="1" x="48" transcription="س" LatinTrans="Siin_B" />
        <lettre idLettre="2" x="40" transcription="ل" LatinTrans="Laam_M" />
        <lettre idLettre="3" x="28" transcription="م" LatinTrans="Miim_M" />
        <lettre idLettre="4" x="18" transcription="ي" LatinTrans="Yaa_M" />
        <lettre idLettre="5" x="0" transcription="ة" LatinTrans="TaaaClosed_E" />
      </paw>
    </word>
  </content>
</textImage>