﻿<?xml version="1.0" encoding="UTF-8" standalone="yes"?>
<textImage id="1" width="496" height="59" transcription="أهالي منطقة البداوي في الشمال" image="aljazeera_3213-05-31-20_1">
  <ArabicTranscription>أهالي منطقة البداوي في الشمال</ArabicTranscription>
  <LatinTranscription>HamzaAboveAlif_I Haa_B Alif_E Laam_B Yaa_E SPACE Miim_B Nuun_M Thaaa_M Gaaf_M TaaaClosed_E SPACE Alif_I Laam_B Baa_M Daal_E Alif_I Waaw_I Yaa_I SPACE Faa_B Yaa_E SPACE Alif_I Laam_B Shiin_M Miim_M Alif_E Laam_I</LatinTranscription>
  <content>
    <word idWord="1" x="395" transcription="أهالي" LatinTrans="HamzaAboveAlif_I Haa_B Alif_E Laam_B Yaa_E">
      <paw idPaw="1" x="479" transcription="أ" LatinTrans="HamzaAboveAlif_I">
        <lettre idLettre="1" x="479" transcription="أ" LatinTrans="HamzaAboveAlif_I" />
      </paw>
      <paw idPaw="2" x="446" transcription="ها" LatinTrans="Haa_B Alif_E">
        <lettre idLettre="1" x="459" transcription="ه" LatinTrans="Haa_B" />
        <lettre idLettre="2" x="446" transcription="ا" LatinTrans="Alif_E" />
      </paw>
      <paw idPaw="3" x="395" transcription="لي" LatinTrans="Laam_B Yaa_E">
        <lettre idLettre="1" x="436" transcription="ل" LatinTrans="Laam_B" />
        <lettre idLettre="2" x="395" transcription="ي" LatinTrans="Yaa_E" />
      </paw>
    </word>
    <word idWord="2" x="389" transcription=" " LatinTrans="SPACE">
      <paw idPaw="1" x="389" transcription=" " LatinTrans="SPACE">
        <lettre idLettre="1" x="389" transcription=" " LatinTrans="SPACE" />
      </paw>
    </word>
    <word idWord="3" x="274" transcription="منطقة" LatinTrans="Miim_B Nuun_M Thaaa_M Gaaf_M TaaaClosed_E">
      <paw idPaw="1" x="274" transcription="منطقة" LatinTrans="Miim_B Nuun_M Thaaa_M Gaaf_M TaaaClosed_E">
        <lettre idLettre="1" x="374" transcription="م" LatinTrans="Miim_B" />
        <lettre idLettre="2" x="359" transcription="ن" LatinTrans="Nuun_M" />
        <lettre idLettre="3" x="334" transcription="ط" LatinTrans="Thaaa_M" />
        <lettre idLettre="4" x="313" transcription="ق" LatinTrans="Gaaf_M" />
        <lettre idLettre="5" x="274" transcription="ة" LatinTrans="TaaaClosed_E" />
      </paw>
    </word>
    <word idWord="4" x="268" transcription=" " LatinTrans="SPACE">
      <paw idPaw="1" x="268" transcription=" " LatinTrans="SPACE">
        <lettre idLettre="1" x="268" transcription=" " LatinTrans="SPACE" />
      </paw>
    </word>
    <word idWord="5" x="176" transcription="البداوي" LatinTrans="Alif_I Laam_B Baa_M Daal_E Alif_I Waaw_I Yaa_I">
      <paw idPaw="1" x="260" transcription="ا" LatinTrans="Alif_I">
        <lettre idLettre="1" x="260" transcription="ا" LatinTrans="Alif_I" />
      </paw>
      <paw idPaw="2" x="220" transcription="لبد" LatinTrans="Laam_B Baa_M Daal_E">
        <lettre idLettre="1" x="251" transcription="ل" LatinTrans="Laam_B" />
        <lettre idLettre="2" x="236" transcription="ب" LatinTrans="Baa_M" />
        <lettre idLettre="3" x="220" transcription="د" LatinTrans="Daal_E" />
      </paw>
      <paw idPaw="3" x="213" transcription="ا" LatinTrans="Alif_I">
        <lettre idLettre="1" x="213" transcription="ا" LatinTrans="Alif_I" />
      </paw>
      <paw idPaw="4" x="198" transcription="و" LatinTrans="Waaw_I">
        <lettre idLettre="1" x="198" transcription="و" LatinTrans="Waaw_I" />
      </paw>
      <paw idPaw="5" x="176" transcription="ي" LatinTrans="Yaa_I">
        <lettre idLettre="1" x="176" transcription="ي" LatinTrans="Yaa_I" />
      </paw>
    </word>
    <word idWord="6" x="171" transcription=" " LatinTrans="SPACE">
      <paw idPaw="1" x="171" transcription=" " LatinTrans="SPACE">
        <lettre idLettre="1" x="171" transcription=" " LatinTrans="SPACE" />
      </paw>
    </word>
    <word idWord="7" x="101" transcription="في" LatinTrans="Faa_B Yaa_E">
      <paw idPaw="1" x="101" transcription="في" LatinTrans="Faa_B Yaa_E">
        <lettre idLettre="1" x="148" transcription="ف" LatinTrans="Faa_B" />
        <lettre idLettre="2" x="101" transcription="ي" LatinTrans="Yaa_E" />
      </paw>
    </word>
    <word idWord="8" x="97" transcription=" " LatinTrans="SPACE">
      <paw idPaw="1" x="97" transcription=" " LatinTrans="SPACE">
        <lettre idLettre="1" x="97" transcription=" " LatinTrans="SPACE" />
      </paw>
    </word>
    <word idWord="9" x="0" transcription="الشمال" LatinTrans="Alif_I Laam_B Shiin_M Miim_M Alif_E Laam_I">
      <paw idPaw="1" x="90" transcription="ا" LatinTrans="Alif_I">
        <lettre idLettre="1" x="90" transcription="ا" LatinTrans="Alif_I" />
      </paw>
      <paw idPaw="2" x="25" transcription="لشما" LatinTrans="Laam_B Shiin_M Miim_M Alif_E">
        <lettre idLettre="1" x="81" transcription="ل" LatinTrans="Laam_B" />
        <lettre idLettre="2" x="54" transcription="ش" LatinTrans="Shiin_M" />
        <lettre idLettre="3" x="36" transcription="م" LatinTrans="Miim_M" />
        <lettre idLettre="4" x="25" transcription="ا" LatinTrans="Alif_E" />
      </paw>
      <paw idPaw="3" x="0" transcription="ل" LatinTrans="Laam_I">
        <lettre idLettre="1" x="0" transcription="ل" LatinTrans="Laam_I" />
      </paw>
    </word>
  </content>
</textImage>