﻿<?xml version="1.0" encoding="UTF-8" standalone="yes"?>
<textImage id="1" width="249" height="40" transcription="شاهد على العصر" image="aljazeera_3211-11-57-40_1">
  <ArabicTranscription>شاهد على العصر</ArabicTranscription>
  <LatinTranscription>Shiin_B Alif_E Haa_B Daal_E SPACE Ayn_B Laam_M AlifBroken_E SPACE Alif_I Laam_B Ayn_M Saad_M Raa_E</LatinTranscription>
  <content>
    <word idWord="1" x="164" transcription="شاهد" LatinTrans="Shiin_B Alif_E Haa_B Daal_E">
      <paw idPaw="1" x="208" transcription="شا" LatinTrans="Shiin_B Alif_E">
        <lettre idLettre="1" x="217" transcription="ش" LatinTrans="Shiin_B" />
        <lettre idLettre="2" x="208" transcription="ا" LatinTrans="Alif_E" />
      </paw>
      <paw idPaw="2" x="164" transcription="هد" LatinTrans="Haa_B Daal_E">
        <lettre idLettre="1" x="186" transcription="ه" LatinTrans="Haa_B" />
        <lettre idLettre="2" x="164" transcription="د" LatinTrans="Daal_E" />
      </paw>
    </word>
    <word idWord="2" x="158" transcription=" " LatinTrans="SPACE">
      <paw idPaw="1" x="158" transcription=" " LatinTrans="SPACE">
        <lettre idLettre="1" x="158" transcription=" " LatinTrans="SPACE" />
      </paw>
    </word>
    <word idWord="3" x="98" transcription="على" LatinTrans="Ayn_B Laam_M AlifBroken_E">
      <paw idPaw="1" x="98" transcription="على" LatinTrans="Ayn_B Laam_M AlifBroken_E">
        <lettre idLettre="1" x="134" transcription="ع" LatinTrans="Ayn_B" />
        <lettre idLettre="2" x="122" transcription="ل" LatinTrans="Laam_M" />
        <lettre idLettre="3" x="98" transcription="ى" LatinTrans="AlifBroken_E" />
      </paw>
    </word>
    <word idWord="4" x="93" transcription=" " LatinTrans="SPACE">
      <paw idPaw="1" x="93" transcription=" " LatinTrans="SPACE">
        <lettre idLettre="1" x="93" transcription=" " LatinTrans="SPACE" />
      </paw>
    </word>
    <word idWord="5" x="0" transcription="العصر" LatinTrans="Alif_I Laam_B Ayn_M Saad_M Raa_E">
      <paw idPaw="1" x="85" transcription="ا" LatinTrans="Alif_I">
        <lettre idLettre="1" x="85" transcription="ا" LatinTrans="Alif_I" />
      </paw>
      <paw idPaw="2" x="0" transcription="لعصر" LatinTrans="Laam_B Ayn_M Saad_M Raa_E">
        <lettre idLettre="1" x="77" transcription="ل" LatinTrans="Laam_B" />
        <lettre idLettre="2" x="52" transcription="ع" LatinTrans="Ayn_M" />
        <lettre idLettre="3" x="23" transcription="ص" LatinTrans="Saad_M" />
        <lettre idLettre="4" x="0" transcription="ر" LatinTrans="Raa_E" />
      </paw>
    </word>
  </content>
</textImage>