﻿<?xml version="1.0" encoding="UTF-8" standalone="yes"?>
<textImage id="1" width="278" height="69" transcription="الدوري الفرنسي" image="aljazeera_3211-09-41-40_1">
  <ArabicTranscription>الدوري الفرنسي</ArabicTranscription>
  <LatinTranscription>Alif_I Laam_B Daal_E Waaw_I Raa_I Yaa_I SPACE Alif_I Laam_B Faa_M Raa_E Nuun_B Siin_M Yaa_E</LatinTranscription>
  <content>
    <word idWord="1" x="159" transcription="الدوري" LatinTrans="Alif_I Laam_B Daal_E Waaw_I Raa_I Yaa_I">
      <paw idPaw="1" x="261" transcription="ا" LatinTrans="Alif_I">
        <lettre idLettre="1" x="261" transcription="ا" LatinTrans="Alif_I" />
      </paw>
      <paw idPaw="2" x="225" transcription="لد" LatinTrans="Laam_B Daal_E">
        <lettre idLettre="1" x="247" transcription="ل" LatinTrans="Laam_B" />
        <lettre idLettre="2" x="225" transcription="د" LatinTrans="Daal_E" />
      </paw>
      <paw idPaw="3" x="204" transcription="و" LatinTrans="Waaw_I">
        <lettre idLettre="1" x="204" transcription="و" LatinTrans="Waaw_I" />
      </paw>
      <paw idPaw="4" x="187" transcription="ر" LatinTrans="Raa_I">
        <lettre idLettre="1" x="187" transcription="ر" LatinTrans="Raa_I" />
      </paw>
      <paw idPaw="5" x="159" transcription="ي" LatinTrans="Yaa_I">
        <lettre idLettre="1" x="159" transcription="ي" LatinTrans="Yaa_I" />
      </paw>
    </word>
    <word idWord="2" x="152" transcription=" " LatinTrans="SPACE">
      <paw idPaw="1" x="152" transcription=" " LatinTrans="SPACE">
        <lettre idLettre="1" x="152" transcription=" " LatinTrans="SPACE" />
      </paw>
    </word>
    <word idWord="3" x="0" transcription="الفرنسي" LatinTrans="Alif_I Laam_B Faa_M Raa_E Nuun_B Siin_M Yaa_E">
      <paw idPaw="1" x="139" transcription="ا" LatinTrans="Alif_I">
        <lettre idLettre="1" x="139" transcription="ا" LatinTrans="Alif_I" />
      </paw>
      <paw idPaw="2" x="86" transcription="لفر" LatinTrans="Laam_B Faa_M Raa_E">
        <lettre idLettre="1" x="123" transcription="ل" LatinTrans="Laam_B" />
        <lettre idLettre="2" x="103" transcription="ف" LatinTrans="Faa_M" />
        <lettre idLettre="3" x="86" transcription="ر" LatinTrans="Raa_E" />
      </paw>
      <paw idPaw="3" x="0" transcription="نسي" LatinTrans="Nuun_B Siin_M Yaa_E">
        <lettre idLettre="1" x="71" transcription="ن" LatinTrans="Nuun_B" />
        <lettre idLettre="2" x="34" transcription="س" LatinTrans="Siin_M" />
        <lettre idLettre="3" x="0" transcription="ي" LatinTrans="Yaa_E" />
      </paw>
    </word>
  </content>
</textImage>