﻿<?xml version="1.0" encoding="UTF-8" standalone="yes"?>
<textImage id="1" width="184" height="30" transcription="جوزيف سيب بلاتر" image="aljazeera_3211-09-33-00_1">
  <ArabicTranscription>جوزيف سيب بلاتر</ArabicTranscription>
  <LatinTranscription>Jiim_B Waaw_E Zaay_I Yaa_B Faa_E SPACE Siin_B Yaa_M Baa_E SPACE Baa_B Laam_Alif Taaa_B Raa_E</LatinTranscription>
  <content>
    <word idWord="1" x="109" transcription="جوزيف" LatinTrans="Jiim_B Waaw_E Zaay_I Yaa_B Faa_E">
      <paw idPaw="1" x="152" transcription="جو" LatinTrans="Jiim_B Waaw_E">
        <lettre idLettre="1" x="165" transcription="ج" LatinTrans="Jiim_B" />
        <lettre idLettre="2" x="152" transcription="و" LatinTrans="Waaw_E" />
      </paw>
      <paw idPaw="2" x="142" transcription="ز" LatinTrans="Zaay_I">
        <lettre idLettre="1" x="142" transcription="ز" LatinTrans="Zaay_I" />
      </paw>
      <paw idPaw="3" x="109" transcription="يف" LatinTrans="Yaa_B Faa_E">
        <lettre idLettre="1" x="133" transcription="ي" LatinTrans="Yaa_B" />
        <lettre idLettre="2" x="109" transcription="ف" LatinTrans="Faa_E" />
      </paw>
    </word>
    <word idWord="2" x="105" transcription=" " LatinTrans="SPACE">
      <paw idPaw="1" x="105" transcription=" " LatinTrans="SPACE">
        <lettre idLettre="1" x="105" transcription=" " LatinTrans="SPACE" />
      </paw>
    </word>
    <word idWord="3" x="55" transcription="سيب" LatinTrans="Siin_B Yaa_M Baa_E">
      <paw idPaw="1" x="55" transcription="سيب" LatinTrans="Siin_B Yaa_M Baa_E">
        <lettre idLettre="1" x="87" transcription="س" LatinTrans="Siin_B" />
        <lettre idLettre="2" x="75" transcription="ي" LatinTrans="Yaa_M" />
        <lettre idLettre="3" x="55" transcription="ب" LatinTrans="Baa_E" />
      </paw>
    </word>
    <word idWord="4" x="50" transcription=" " LatinTrans="SPACE">
      <paw idPaw="1" x="50" transcription=" " LatinTrans="SPACE">
        <lettre idLettre="1" x="50" transcription=" " LatinTrans="SPACE" />
      </paw>
    </word>
    <word idWord="5" x="0" transcription="بلاتر" LatinTrans="Baa_B Laam_Alif Taaa_B Raa_E">
      <paw idPaw="1" x="24" transcription="بلا" LatinTrans="Baa_B Laam_Alif">
        <lettre idLettre="1" x="41" transcription="ب" LatinTrans="Baa_B" />
        <lettre idLettre="2" x="24" transcription="لا" LatinTrans="Laam_Alif" />
      </paw>
      <paw idPaw="2" x="0" transcription="تر" LatinTrans="Taaa_B Raa_E">
        <lettre idLettre="1" x="14" transcription="ت" LatinTrans="Taaa_B" />
        <lettre idLettre="2" x="0" transcription="ر" LatinTrans="Raa_E" />
      </paw>
    </word>
  </content>
</textImage>