﻿<?xml version="1.0" encoding="UTF-8" standalone="yes"?>
<textImage id="1" width="139" height="29" transcription="ديفيد مويس" image="aljazeera_3211-09-44-40_1">
  <ArabicTranscription>ديفيد مويس</ArabicTranscription>
  <LatinTranscription>Daal_I Yaa_B Faa_M Yaa_M Daal_E SPACE Miim_B Waaw_E Yaa_B Siin_E</LatinTranscription>
  <content>
    <word idWord="1" x="72" transcription="ديفيد" LatinTrans="Daal_I Yaa_B Faa_M Yaa_M Daal_E">
      <paw idPaw="1" x="123" transcription="د" LatinTrans="Daal_I">
        <lettre idLettre="1" x="123" transcription="د" LatinTrans="Daal_I" />
      </paw>
      <paw idPaw="2" x="72" transcription="يفيد" LatinTrans="Yaa_B Faa_M Yaa_M Daal_E">
        <lettre idLettre="1" x="111" transcription="ي" LatinTrans="Yaa_B" />
        <lettre idLettre="2" x="100" transcription="ف" LatinTrans="Faa_M" />
        <lettre idLettre="3" x="85" transcription="ي" LatinTrans="Yaa_M" />
        <lettre idLettre="4" x="72" transcription="د" LatinTrans="Daal_E" />
      </paw>
    </word>
    <word idWord="2" x="67" transcription=" " LatinTrans="SPACE">
      <paw idPaw="1" x="67" transcription=" " LatinTrans="SPACE">
        <lettre idLettre="1" x="67" transcription=" " LatinTrans="SPACE" />
      </paw>
    </word>
    <word idWord="3" x="0" transcription="مويس" LatinTrans="Miim_B Waaw_E Yaa_B Siin_E">
      <paw idPaw="1" x="42" transcription="مو" LatinTrans="Miim_B Waaw_E">
        <lettre idLettre="1" x="55" transcription="م" LatinTrans="Miim_B" />
        <lettre idLettre="2" x="42" transcription="و" LatinTrans="Waaw_E" />
      </paw>
      <paw idPaw="2" x="0" transcription="يس" LatinTrans="Yaa_B Siin_E">
        <lettre idLettre="1" x="32" transcription="ي" LatinTrans="Yaa_B" />
        <lettre idLettre="2" x="0" transcription="س" LatinTrans="Siin_E" />
      </paw>
    </word>
  </content>
</textImage>