﻿<?xml version="1.0" encoding="UTF-8" standalone="yes"?>
<textImage id="3" width="472" height="49" transcription="التحدي الاول هو التدخل الخارجي" image="aljazeera_3212-08-41-00_3">
  <ArabicTranscription>التحدي الاول هو التدخل الخارجي</ArabicTranscription>
  <LatinTranscription>Alif_I Laam_B Taaa_M Haaa_M Daal_E Yaa_I SPACE Alif_I Laam_HamzaAboveAlif Waaw_I Laam_I SPACE Haa_B Waaw_E SPACE Alif_I Laam_B Taaa_M Daal_E Xaa_B Laam_E SPACE Alif_I Laam_B Xaa_M Alif_E Raa_I Jiim_B Yaa_E</LatinTranscription>
  <content>
    <word idWord="1" x="350" transcription="التحدي" LatinTrans="Alif_I Laam_B Taaa_M Haaa_M Daal_E Yaa_I">
      <paw idPaw="1" x="461" transcription="ا" LatinTrans="Alif_I">
        <lettre idLettre="1" x="461" transcription="ا" LatinTrans="Alif_I" />
      </paw>
      <paw idPaw="2" x="369" transcription="لتحد" LatinTrans="Laam_B Taaa_M Haaa_M Daal_E">
        <lettre idLettre="1" x="454" transcription="ل" LatinTrans="Laam_B" />
        <lettre idLettre="2" x="421" transcription="ت" LatinTrans="Taaa_M" />
        <lettre idLettre="3" x="385" transcription="ح" LatinTrans="Haaa_M" />
        <lettre idLettre="4" x="369" transcription="د" LatinTrans="Daal_E" />
      </paw>
      <paw idPaw="3" x="350" transcription="ي" LatinTrans="Yaa_I">
        <lettre idLettre="1" x="350" transcription="ي" LatinTrans="Yaa_I" />
      </paw>
    </word>
    <word idWord="2" x="345" transcription=" " LatinTrans="SPACE">
      <paw idPaw="1" x="345" transcription=" " LatinTrans="SPACE">
        <lettre idLettre="1" x="345" transcription=" " LatinTrans="SPACE" />
      </paw>
    </word>
    <word idWord="3" x="289" transcription="الأول" LatinTrans="Alif_I Laam_HamzaAboveAlif Waaw_I Laam_I">
      <paw idPaw="1" x="337" transcription="ا" LatinTrans="Alif_I">
        <lettre idLettre="1" x="337" transcription="ا" LatinTrans="Alif_I" />
      </paw>
      <paw idPaw="2" x="323" transcription="لأ" LatinTrans="Laam_HamzaAboveAlif">
        <lettre idLettre="1" x="323" transcription="لأ" LatinTrans="Laam_HamzaAboveAlif" />
      </paw>
      <paw idPaw="3" x="308" transcription="و" LatinTrans="Waaw_I">
        <lettre idLettre="1" x="308" transcription="و" LatinTrans="Waaw_I" />
      </paw>
      <paw idPaw="4" x="289" transcription="ل" LatinTrans="Laam_I">
        <lettre idLettre="1" x="289" transcription="ل" LatinTrans="Laam_I" />
      </paw>
    </word>
    <word idWord="4" x="282" transcription=" " LatinTrans="SPACE">
      <paw idPaw="1" x="282" transcription=" " LatinTrans="SPACE">
        <lettre idLettre="1" x="282" transcription=" " LatinTrans="SPACE" />
      </paw>
    </word>
    <word idWord="5" x="226" transcription="هو" LatinTrans="Haa_B Waaw_E">
      <paw idPaw="1" x="226" transcription="هو" LatinTrans="Haa_B Waaw_E">
        <lettre idLettre="1" x="254" transcription="ه" LatinTrans="Haa_B" />
        <lettre idLettre="2" x="226" transcription="و" LatinTrans="Waaw_E" />
      </paw>
    </word>
    <word idWord="6" x="222" transcription=" " LatinTrans="SPACE">
      <paw idPaw="1" x="222" transcription=" " LatinTrans="SPACE">
        <lettre idLettre="1" x="222" transcription=" " LatinTrans="SPACE" />
      </paw>
    </word>
    <word idWord="7" x="119" transcription="التدخل" LatinTrans="Alif_I Laam_B Taaa_M Daal_E Xaa_B Laam_E">
      <paw idPaw="1" x="214" transcription="ا" LatinTrans="Alif_I">
        <lettre idLettre="1" x="214" transcription="ا" LatinTrans="Alif_I" />
      </paw>
      <paw idPaw="2" x="177" transcription="لتد" LatinTrans="Laam_B Taaa_M Daal_E">
        <lettre idLettre="1" x="206" transcription="ل" LatinTrans="Laam_B" />
        <lettre idLettre="2" x="193" transcription="ت" LatinTrans="Taaa_M" />
        <lettre idLettre="3" x="177" transcription="د" LatinTrans="Daal_E" />
      </paw>
      <paw idPaw="3" x="119" transcription="خل" LatinTrans="Xaa_B Laam_E">
        <lettre idLettre="1" x="156" transcription="خ" LatinTrans="Xaa_B" />
        <lettre idLettre="2" x="119" transcription="ل" LatinTrans="Laam_E" />
      </paw>
    </word>
    <word idWord="8" x="111" transcription=" " LatinTrans="SPACE">
      <paw idPaw="1" x="111" transcription=" " LatinTrans="SPACE">
        <lettre idLettre="1" x="111" transcription=" " LatinTrans="SPACE" />
      </paw>
    </word>
    <word idWord="9" x="0" transcription="الخارجي" LatinTrans="Alif_I Laam_B Xaa_M Alif_E Raa_I Jiim_B Yaa_E">
      <paw idPaw="1" x="104" transcription="ا" LatinTrans="Alif_I">
        <lettre idLettre="1" x="104" transcription="ا" LatinTrans="Alif_I" />
      </paw>
      <paw idPaw="2" x="70" transcription="لخا" LatinTrans="Laam_B Xaa_M Alif_E">
        <lettre idLettre="1" x="94" transcription="ل" LatinTrans="Laam_B" />
        <lettre idLettre="2" x="77" transcription="خ" LatinTrans="Xaa_M" />
        <lettre idLettre="3" x="70" transcription="ا" LatinTrans="Alif_E" />
      </paw>
      <paw idPaw="3" x="57" transcription="ر" LatinTrans="Raa_I">
        <lettre idLettre="1" x="57" transcription="ر" LatinTrans="Raa_I" />
      </paw>
      <paw idPaw="4" x="0" transcription="جي" LatinTrans="Jiim_B Yaa_E">
        <lettre idLettre="1" x="33" transcription="ج" LatinTrans="Jiim_B" />
        <lettre idLettre="2" x="0" transcription="ي" LatinTrans="Yaa_E" />
      </paw>
    </word>
  </content>
</textImage>