﻿<?xml version="1.0" encoding="UTF-8" standalone="yes"?>
<textImage id="1" width="477" height="39" transcription="ترقب في تونس مع استمرار أزمة تشكيل الحكومة" image="aljazeera_3211-10-10-00_1">
  <ArabicTranscription>ترقب في تونس مع استمرار أزمة تشكيل الحكومة</ArabicTranscription>
  <LatinTranscription>Taaa_B Raa_E Gaaf_B Baa_E SPACE Faa_B Yaa_E SPACE Taaa_B Waaw_E Nuun_B Siin_E SPACE Miim_B Ayn_E SPACE Alif_I Siin_B Taaa_M Miim_M Raa_E Alif_I Raa_I SPACE HamzaAboveAlif_I Zaay_I Miim_B TaaaClosed_E SPACE Taaa_B Shiin_M Kaaf_M Yaa_M Laam_E SPACE Alif_I Laam_B Haaa_M Kaaf_M Waaw_E Miim_B TaaaClosed_E</LatinTranscription>
  <content>
    <word idWord="1" x="422" transcription="ترقب" LatinTrans="Taaa_B Raa_E Gaaf_B Baa_E">
      <paw idPaw="1" x="455" transcription="تر" LatinTrans="Taaa_B Raa_E">
        <lettre idLettre="1" x="462" transcription="ت" LatinTrans="Taaa_B" />
        <lettre idLettre="2" x="455" transcription="ر" LatinTrans="Raa_E" />
      </paw>
      <paw idPaw="2" x="422" transcription="قب" LatinTrans="Gaaf_B Baa_E">
        <lettre idLettre="1" x="441" transcription="ق" LatinTrans="Gaaf_B" />
        <lettre idLettre="2" x="422" transcription="ب" LatinTrans="Baa_E" />
      </paw>
    </word>
    <word idWord="2" x="419" transcription=" " LatinTrans="SPACE">
      <paw idPaw="1" x="419" transcription=" " LatinTrans="SPACE">
        <lettre idLettre="1" x="419" transcription=" " LatinTrans="SPACE" />
      </paw>
    </word>
    <word idWord="3" x="392" transcription="في" LatinTrans="Faa_B Yaa_E">
      <paw idPaw="1" x="392" transcription="في" LatinTrans="Faa_B Yaa_E">
        <lettre idLettre="1" x="406" transcription="ف" LatinTrans="Faa_B" />
        <lettre idLettre="2" x="392" transcription="ي" LatinTrans="Yaa_E" />
      </paw>
    </word>
    <word idWord="4" x="388" transcription=" " LatinTrans="SPACE">
      <paw idPaw="1" x="388" transcription=" " LatinTrans="SPACE">
        <lettre idLettre="1" x="388" transcription=" " LatinTrans="SPACE" />
      </paw>
    </word>
    <word idWord="5" x="329" transcription="تونس" LatinTrans="Taaa_B Waaw_E Nuun_B Siin_E">
      <paw idPaw="1" x="367" transcription="تو" LatinTrans="Taaa_B Waaw_E">
        <lettre idLettre="1" x="376" transcription="ت" LatinTrans="Taaa_B" />
        <lettre idLettre="2" x="367" transcription="و" LatinTrans="Waaw_E" />
      </paw>
      <paw idPaw="2" x="329" transcription="نس" LatinTrans="Nuun_B Siin_E">
        <lettre idLettre="1" x="356" transcription="ن" LatinTrans="Nuun_B" />
        <lettre idLettre="2" x="329" transcription="س" LatinTrans="Siin_E" />
      </paw>
    </word>
    <word idWord="6" x="327" transcription=" " LatinTrans="SPACE">
      <paw idPaw="1" x="327" transcription=" " LatinTrans="SPACE">
        <lettre idLettre="1" x="327" transcription=" " LatinTrans="SPACE" />
      </paw>
    </word>
    <word idWord="7" x="300" transcription="مع" LatinTrans="Miim_B Ayn_E">
      <paw idPaw="1" x="300" transcription="مع" LatinTrans="Miim_B Ayn_E">
        <lettre idLettre="1" x="316" transcription="م" LatinTrans="Miim_B" />
        <lettre idLettre="2" x="300" transcription="ع" LatinTrans="Ayn_E" />
      </paw>
    </word>
    <word idWord="8" x="296" transcription=" " LatinTrans="SPACE">
      <paw idPaw="1" x="296" transcription=" " LatinTrans="SPACE">
        <lettre idLettre="1" x="296" transcription=" " LatinTrans="SPACE" />
      </paw>
    </word>
    <word idWord="9" x="229" transcription="استمرار" LatinTrans="Alif_I Siin_B Taaa_M Miim_M Raa_E Alif_I Raa_I">
      <paw idPaw="1" x="289" transcription="ا" LatinTrans="Alif_I">
        <lettre idLettre="1" x="289" transcription="ا" LatinTrans="Alif_I" />
      </paw>
      <paw idPaw="2" x="242" transcription="ستمر" LatinTrans="Siin_B Taaa_M Miim_M Raa_E">
        <lettre idLettre="1" x="273" transcription="س" LatinTrans="Siin_B" />
        <lettre idLettre="2" x="262" transcription="ت" LatinTrans="Taaa_M" />
        <lettre idLettre="3" x="252" transcription="م" LatinTrans="Miim_M" />
        <lettre idLettre="4" x="242" transcription="ر" LatinTrans="Raa_E" />
      </paw>
      <paw idPaw="3" x="237" transcription="ا" LatinTrans="Alif_I">
        <lettre idLettre="1" x="237" transcription="ا" LatinTrans="Alif_I" />
      </paw>
      <paw idPaw="4" x="229" transcription="ر" LatinTrans="Raa_I">
        <lettre idLettre="1" x="229" transcription="ر" LatinTrans="Raa_I" />
      </paw>
    </word>
    <word idWord="10" x="226" transcription=" " LatinTrans="SPACE">
      <paw idPaw="1" x="226" transcription=" " LatinTrans="SPACE">
        <lettre idLettre="1" x="226" transcription=" " LatinTrans="SPACE" />
      </paw>
    </word>
    <word idWord="11" x="174" transcription="أزمة" LatinTrans="HamzaAboveAlif_I Zaay_I Miim_B TaaaClosed_E">
      <paw idPaw="1" x="218" transcription="أ" LatinTrans="HamzaAboveAlif_I">
        <lettre idLettre="1" x="218" transcription="أ" LatinTrans="HamzaAboveAlif_I" />
      </paw>
      <paw idPaw="2" x="210" transcription="ز" LatinTrans="Zaay_I">
        <lettre idLettre="1" x="210" transcription="ز" LatinTrans="Zaay_I" />
      </paw>
      <paw idPaw="3" x="174" transcription="مة" LatinTrans="Miim_B TaaaClosed_E">
        <lettre idLettre="1" x="193" transcription="م" LatinTrans="Miim_B" />
        <lettre idLettre="2" x="174" transcription="ة" LatinTrans="TaaaClosed_E" />
      </paw>
    </word>
    <word idWord="12" x="170" transcription=" " LatinTrans="SPACE">
      <paw idPaw="1" x="170" transcription=" " LatinTrans="SPACE">
        <lettre idLettre="1" x="170" transcription=" " LatinTrans="SPACE" />
      </paw>
    </word>
    <word idWord="13" x="91" transcription="تشكيل" LatinTrans="Taaa_B Shiin_M Kaaf_M Yaa_M Laam_E">
      <paw idPaw="1" x="91" transcription="تشكيل" LatinTrans="Taaa_B Shiin_M Kaaf_M Yaa_M Laam_E">
        <lettre idLettre="1" x="160" transcription="ت" LatinTrans="Taaa_B" />
        <lettre idLettre="2" x="142" transcription="ش" LatinTrans="Shiin_M" />
        <lettre idLettre="3" x="132" transcription="ك" LatinTrans="Kaaf_M" />
        <lettre idLettre="4" x="111" transcription="ي" LatinTrans="Yaa_M" />
        <lettre idLettre="5" x="91" transcription="ل" LatinTrans="Laam_E" />
      </paw>
    </word>
    <word idWord="14" x="88" transcription=" " LatinTrans="SPACE">
      <paw idPaw="1" x="88" transcription=" " LatinTrans="SPACE">
        <lettre idLettre="1" x="88" transcription=" " LatinTrans="SPACE" />
      </paw>
    </word>
    <word idWord="15" x="0" transcription="الحكومة" LatinTrans="Alif_I Laam_B Haaa_M Kaaf_M Waaw_E Miim_B TaaaClosed_E">
      <paw idPaw="1" x="82" transcription="ا" LatinTrans="Alif_I">
        <lettre idLettre="1" x="82" transcription="ا" LatinTrans="Alif_I" />
      </paw>
      <paw idPaw="2" x="39" transcription="لحكو" LatinTrans="Laam_B Haaa_M Kaaf_M Waaw_E">
        <lettre idLettre="1" x="77" transcription="ل" LatinTrans="Laam_B" />
        <lettre idLettre="2" x="63" transcription="ح" LatinTrans="Haaa_M" />
        <lettre idLettre="3" x="52" transcription="ك" LatinTrans="Kaaf_M" />
        <lettre idLettre="4" x="39" transcription="و" LatinTrans="Waaw_E" />
      </paw>
      <paw idPaw="3" x="0" transcription="مة" LatinTrans="Miim_B TaaaClosed_E">
        <lettre idLettre="1" x="28" transcription="م" LatinTrans="Miim_B" />
        <lettre idLettre="2" x="0" transcription="ة" LatinTrans="TaaaClosed_E" />
      </paw>
    </word>
  </content>
</textImage>