﻿<?xml version="1.0" encoding="UTF-8" standalone="yes"?>
<textImage id="1" width="492" height="49" transcription="بإمكان البابا الاستقالة ولكن ذلك لن " image="aljazeera_3212-05-35-00_1">
  <ArabicTranscription>بإمكان البابا الاستقالة ولكن ذلك لن </ArabicTranscription>
  <LatinTranscription>Baa_B HamzaOnederAlif_E Miim_B Kaaf_M Alif_E Nuun_I SPACE Alif_I Laam_B Baa_M Alif_E Baa_B Alif_E SPACE Alif_I Laam_Alif Siin_B Taaa_M Gaaf_M Alif_E Laam_B TaaaClosed_E SPACE Waaw_I Laam_B Kaaf_M Nuun_E SPACE Thaal_I Laam_B Kaaf_E SPACE Laam_B Nuun_E</LatinTranscription>
  <content>
    <word idWord="1" x="397" transcription="بإمكان" LatinTrans="Baa_B HamzaOnederAlif_E Miim_B Kaaf_M Alif_E Nuun_I">
      <paw idPaw="1" x="462" transcription="بإ" LatinTrans="Baa_B HamzaOnederAlif_E">
        <lettre idLettre="1" x="474" transcription="ب" LatinTrans="Baa_B" />
        <lettre idLettre="2" x="462" transcription="إ" LatinTrans="HamzaUnderAlif_E" />
      </paw>
      <paw idPaw="2" x="420" transcription="مكا" LatinTrans="Miim_B Kaaf_M Alif_E">
        <lettre idLettre="1" x="448" transcription="م" LatinTrans="Miim_B" />
        <lettre idLettre="2" x="430" transcription="ك" LatinTrans="Kaaf_M" />
        <lettre idLettre="3" x="420" transcription="ا" LatinTrans="Alif_E" />
      </paw>
      <paw idPaw="3" x="397" transcription="ن" LatinTrans="Nuun_I">
        <lettre idLettre="1" x="397" transcription="ن" LatinTrans="Nuun_I" />
      </paw>
    </word>
    <word idWord="2" x="391" transcription=" " LatinTrans="SPACE">
      <paw idPaw="1" x="391" transcription=" " LatinTrans="SPACE">
        <lettre idLettre="1" x="391" transcription=" " LatinTrans="SPACE" />
      </paw>
    </word>
    <word idWord="3" x="326" transcription="البابا" LatinTrans="Alif_I Laam_B Baa_M Alif_E Baa_B Alif_E">
      <paw idPaw="1" x="383" transcription="ا" LatinTrans="Alif_I">
        <lettre idLettre="1" x="383" transcription="ا" LatinTrans="Alif_I" />
      </paw>
      <paw idPaw="2" x="350" transcription="لبا" LatinTrans="Laam_B Baa_M Alif_E">
        <lettre idLettre="1" x="377" transcription="ل" LatinTrans="Laam_B" />
        <lettre idLettre="2" x="361" transcription="ب" LatinTrans="Baa_M" />
        <lettre idLettre="3" x="350" transcription="ا" LatinTrans="Alif_E" />
      </paw>
      <paw idPaw="3" x="326" transcription="با" LatinTrans="Baa_B Alif_E">
        <lettre idLettre="1" x="338" transcription="ب" LatinTrans="Baa_B" />
        <lettre idLettre="2" x="326" transcription="ا" LatinTrans="Alif_E" />
      </paw>
    </word>
    <word idWord="4" x="319" transcription=" " LatinTrans="SPACE">
      <paw idPaw="1" x="319" transcription=" " LatinTrans="SPACE">
        <lettre idLettre="1" x="319" transcription=" " LatinTrans="SPACE" />
      </paw>
    </word>
    <word idWord="5" x="196" transcription="الاستقالة" LatinTrans="Alif_I Laam_Alif Siin_B Taaa_M Gaaf_M Alif_E Laam_B TaaaClosed_E">
      <paw idPaw="1" x="311" transcription="ا" LatinTrans="Alif_I">
        <lettre idLettre="1" x="311" transcription="ا" LatinTrans="Alif_I" />
      </paw>
      <paw idPaw="2" x="294" transcription="لا" LatinTrans="Laam_Alif">
        <lettre idLettre="1" x="294" transcription="لا" LatinTrans="Laam_Alif" />
      </paw>
      <paw idPaw="3" x="224" transcription="ستقا" LatinTrans="Siin_B Taaa_M Gaaf_M Alif_E">
        <lettre idLettre="1" x="271" transcription="س" LatinTrans="Siin_B" />
        <lettre idLettre="2" x="251" transcription="ت" LatinTrans="Taaa_M" />
        <lettre idLettre="3" x="233" transcription="ق" LatinTrans="Gaaf_M" />
        <lettre idLettre="4" x="224" transcription="ا" LatinTrans="Alif_E" />
      </paw>
      <paw idPaw="4" x="196" transcription="لة" LatinTrans="Laam_B TaaaClosed_E">
        <lettre idLettre="1" x="213" transcription="ل" LatinTrans="Laam_B" />
        <lettre idLettre="2" x="196" transcription="ة" LatinTrans="TaaaClosed_E" />
      </paw>
    </word>
    <word idWord="6" x="189" transcription=" " LatinTrans="SPACE">
      <paw idPaw="1" x="189" transcription=" " LatinTrans="SPACE">
        <lettre idLettre="1" x="189" transcription=" " LatinTrans="SPACE" />
      </paw>
    </word>
    <word idWord="7" x="118" transcription="ولكن" LatinTrans="Waaw_I Laam_B Kaaf_M Nuun_E">
      <paw idPaw="1" x="173" transcription="و" LatinTrans="Waaw_I">
        <lettre idLettre="1" x="173" transcription="و" LatinTrans="Waaw_I" />
      </paw>
      <paw idPaw="2" x="118" transcription="لكن" LatinTrans="Laam_B Kaaf_M Nuun_E">
        <lettre idLettre="1" x="165" transcription="ل" LatinTrans="Laam_B" />
        <lettre idLettre="2" x="142" transcription="ك" LatinTrans="Kaaf_M" />
        <lettre idLettre="3" x="118" transcription="ن" LatinTrans="Nuun_E" />
      </paw>
    </word>
    <word idWord="8" x="109" transcription=" " LatinTrans="SPACE">
      <paw idPaw="1" x="109" transcription=" " LatinTrans="SPACE">
        <lettre idLettre="1" x="109" transcription=" " LatinTrans="SPACE" />
      </paw>
    </word>
    <word idWord="9" x="51" transcription="ذلك" LatinTrans="Thaal_I Laam_B Kaaf_E">
      <paw idPaw="1" x="95" transcription="ذ" LatinTrans="Thaal_I">
        <lettre idLettre="1" x="95" transcription="ذ" LatinTrans="Thaal_I" />
      </paw>
      <paw idPaw="2" x="51" transcription="لك" LatinTrans="Laam_B Kaaf_E">
        <lettre idLettre="1" x="80" transcription="ل" LatinTrans="Laam_B" />
        <lettre idLettre="2" x="51" transcription="ك" LatinTrans="Kaaf_E" />
      </paw>
    </word>
    <word idWord="10" x="43" transcription=" " LatinTrans="SPACE">
      <paw idPaw="1" x="43" transcription=" " LatinTrans="SPACE">
        <lettre idLettre="1" x="43" transcription=" " LatinTrans="SPACE" />
      </paw>
    </word>
    <word idWord="11" x="0" transcription="لن" LatinTrans="Laam_B Nuun_E">
      <paw idPaw="1" x="0" transcription="لن" LatinTrans="Laam_B Nuun_E">
        <lettre idLettre="1" x="29" transcription="ل" LatinTrans="Laam_B" />
        <lettre idLettre="2" x="0" transcription="ن" LatinTrans="Nuun_E" />
      </paw>
    </word>
  </content>
</textImage>