﻿<?xml version="1.0" encoding="UTF-8" standalone="yes"?>
<textImage id="1" width="128" height="34" transcription="قيصر حبيب" image="aljazeera_3212-08-06-50_1">
  <ArabicTranscription>قيصر حبيب</ArabicTranscription>
  <LatinTranscription>Gaaf_B Yaa_M Saad_M Raa_E SPACE Haaa_B Baa_M Yaa_M Baa_E</LatinTranscription>
  <content>
    <word idWord="1" x="64" transcription="قيصر" LatinTrans="Gaaf_B Yaa_M Saad_M Raa_E">
      <paw idPaw="1" x="64" transcription="قيصر" LatinTrans="Gaaf_B Yaa_M Saad_M Raa_E">
        <lettre idLettre="1" x="108" transcription="ق" LatinTrans="Gaaf_B" />
        <lettre idLettre="2" x="98" transcription="ي" LatinTrans="Yaa_M" />
        <lettre idLettre="3" x="77" transcription="ص" LatinTrans="Saad_M" />
        <lettre idLettre="4" x="64" transcription="ر" LatinTrans="Raa_E" />
      </paw>
    </word>
    <word idWord="2" x="60" transcription=" " LatinTrans="SPACE">
      <paw idPaw="1" x="60" transcription=" " LatinTrans="SPACE">
        <lettre idLettre="1" x="60" transcription=" " LatinTrans="SPACE" />
      </paw>
    </word>
    <word idWord="3" x="0" transcription="حبيب" LatinTrans="Haaa_B Baa_M Yaa_M Baa_E">
      <paw idPaw="1" x="0" transcription="حبيب" LatinTrans="Haaa_B Baa_M Yaa_M Baa_E">
        <lettre idLettre="1" x="44" transcription="ح" LatinTrans="Haaa_B" />
        <lettre idLettre="2" x="33" transcription="ب" LatinTrans="Baa_M" />
        <lettre idLettre="3" x="23" transcription="ي" LatinTrans="Yaa_M" />
        <lettre idLettre="4" x="0" transcription="ب" LatinTrans="Baa_E" />
      </paw>
    </word>
  </content>
</textImage>