﻿<?xml version="1.0" encoding="UTF-8" standalone="yes"?>
<textImage id="1" width="492" height="52" transcription="مباحثات أميريكية جزائرية لكشف" image="aljazeera_3213-05-33-00_1">
  <ArabicTranscription>مباحثات أميريكية جزائرية لكشف</ArabicTranscription>
  <LatinTranscription>Miim_B Baa_M Alif_E Haaa_B Thaa_M Alif_E Taaa_I SPACE HamzaAboveAlif_I Miim_B Yaa_M Raa_E Kaaf_B Yaa_M TaaaClosed_E SPACE Jiim_B Zaay_E Alif_I HamzaAboveAlifBroken_B Raa_E Yaa_B TaaaClosed_E SPACE Laam_B Kaaf_M Shiin_M Faa_E</LatinTranscription>
  <content>
    <word idWord="1" x="375" transcription="مباحثات" LatinTrans="Miim_B Baa_M Alif_E Haaa_B Thaa_M Alif_E Taaa_I">
      <paw idPaw="1" x="448" transcription="مبا" LatinTrans="Miim_B Baa_M Alif_E">
        <lettre idLettre="1" x="473" transcription="م" LatinTrans="Miim_B" />
        <lettre idLettre="2" x="457" transcription="ب" LatinTrans="Baa_M" />
        <lettre idLettre="3" x="448" transcription="ا" LatinTrans="Alif_E" />
      </paw>
      <paw idPaw="2" x="402" transcription="حثا" LatinTrans="Haaa_B Thaa_M Alif_E">
        <lettre idLettre="1" x="428" transcription="ح" LatinTrans="Haaa_B" />
        <lettre idLettre="2" x="411" transcription="ث" LatinTrans="Thaa_M" />
        <lettre idLettre="3" x="402" transcription="ا" LatinTrans="Alif_E" />
      </paw>
      <paw idPaw="3" x="375" transcription="ت" LatinTrans="Taaa_I">
        <lettre idLettre="1" x="375" transcription="ت" LatinTrans="Taaa_I" />
      </paw>
    </word>
    <word idWord="2" x="371" transcription=" " LatinTrans="SPACE">
      <paw idPaw="1" x="371" transcription=" " LatinTrans="SPACE">
        <lettre idLettre="1" x="371" transcription=" " LatinTrans="SPACE" />
      </paw>
    </word>
    <word idWord="3" x="245" transcription="أميريكية" LatinTrans="HamzaAboveAlif_I Miim_B Yaa_M Raa_E Kaaf_B Yaa_M TaaaClosed_E">
      <paw idPaw="1" x="359" transcription="أ" LatinTrans="HamzaAboveAlif_I">
        <lettre idLettre="1" x="359" transcription="أ" LatinTrans="HamzaAboveAlif_I" />
      </paw>
      <paw idPaw="2" x="315" transcription="مير" LatinTrans="Miim_B Yaa_M Raa_E">
        <lettre idLettre="1" x="343" transcription="م" LatinTrans="Miim_B" />
        <lettre idLettre="2" x="329" transcription="ي" LatinTrans="Yaa_M" />
        <lettre idLettre="3" x="315" transcription="ر" LatinTrans="Raa_E" />
      </paw>
      <paw idPaw="3" x="245" transcription="كية" LatinTrans="Kaaf_B Yaa_M TaaaClosed_E">
        <lettre idLettre="1" x="298" transcription="ك" LatinTrans="Kaaf_B" />
        <lettre idLettre="2" x="278" transcription="ي" LatinTrans="Yaa_M" />
        <lettre idLettre="3" x="245" transcription="ة" LatinTrans="TaaaClosed_E" />
      </paw>
    </word>
    <word idWord="4" x="239" transcription=" " LatinTrans="SPACE">
      <paw idPaw="1" x="239" transcription=" " LatinTrans="SPACE">
        <lettre idLettre="1" x="239" transcription=" " LatinTrans="SPACE" />
      </paw>
    </word>
    <word idWord="5" x="114" transcription="جزائرية" LatinTrans="Jiim_B Zaay_E Alif_I HamzaAboveAlifBroken_B Raa_E Yaa_B TaaaClosed_E">
      <paw idPaw="1" x="202" transcription="جز" LatinTrans="Jiim_B Zaay_E">
        <lettre idLettre="1" x="216" transcription="ج" LatinTrans="Jiim_B" />
        <lettre idLettre="2" x="202" transcription="ز" LatinTrans="Zaay_E" />
      </paw>
      <paw idPaw="2" x="195" transcription="ا" LatinTrans="Alif_I">
        <lettre idLettre="1" x="195" transcription="ا" LatinTrans="Alif_I" />
      </paw>
      <paw idPaw="3" x="167" transcription="ئر" LatinTrans="HamzaAboveAlifBroken_B Raa_E">
        <lettre idLettre="1" x="181" transcription="ئ" LatinTrans="HamzaAboveAlifBroken_B" />
        <lettre idLettre="2" x="167" transcription="ر" LatinTrans="Raa_E" />
      </paw>
      <paw idPaw="4" x="114" transcription="ية" LatinTrans="Yaa_B TaaaClosed_E">
        <lettre idLettre="1" x="151" transcription="ي" LatinTrans="Yaa_B" />
        <lettre idLettre="2" x="114" transcription="ة" LatinTrans="TaaaClosed_E" />
      </paw>
    </word>
    <word idWord="6" x="108" transcription=" " LatinTrans="SPACE">
      <paw idPaw="1" x="108" transcription=" " LatinTrans="SPACE">
        <lettre idLettre="1" x="108" transcription=" " LatinTrans="SPACE" />
      </paw>
    </word>
    <word idWord="7" x="0" transcription="لكشف" LatinTrans="Laam_B Kaaf_M Shiin_M Faa_E">
      <paw idPaw="1" x="0" transcription="لكشف" LatinTrans="Laam_B Kaaf_M Shiin_M Faa_E">
        <lettre idLettre="1" x="99" transcription="ل" LatinTrans="Laam_B" />
        <lettre idLettre="2" x="81" transcription="ك" LatinTrans="Kaaf_M" />
        <lettre idLettre="3" x="52" transcription="ش" LatinTrans="Shiin_M" />
        <lettre idLettre="4" x="0" transcription="ف" LatinTrans="Faa_E" />
      </paw>
    </word>
  </content>
</textImage>