﻿<?xml version="1.0" encoding="UTF-8" standalone="yes"?>
<textImage id="1" width="488" height="39" transcription="الشبكة السورية تكشف في تقرير لها عن أعمال تعذيب" image="aljazeera_3212-20-04-00_1">
  <ArabicTranscription>الشبكة السورية تكشف في تقرير لها عن أعمال تعذيب</ArabicTranscription>
  <LatinTranscription>Alif_I Laam_B Shiin_M Baa_M Kaaf_M TaaaClosed_E SPACE Alif_I Laam_B Siin_M Waaw_E Raa_I Yaa_B TaaaClosed_E SPACE Taaa_B Kaaf_M Shiin_M Faa_E SPACE Faa_B Yaa_E SPACE Taaa_B Gaaf_M Raa_E Yaa_B Raa_E SPACE Laam_B Haa_M Alif_E SPACE Ayn_B Nuun_E SPACE HamzaAboveAlif_I Ayn_B Miim_M Alif_E Laam_I SPACE Taaa_B Ayn_M Thaal_E Yaa_B Baa_E</LatinTranscription>
  <content>
    <word idWord="1" x="424" transcription="الشبكة" LatinTrans="Alif_I Laam_B Shiin_M Baa_M Kaaf_M TaaaClosed_E">
      <paw idPaw="1" x="479" transcription="ا" LatinTrans="Alif_I">
        <lettre idLettre="1" x="479" transcription="ا" LatinTrans="Alif_I" />
      </paw>
      <paw idPaw="2" x="424" transcription="لشبكة" LatinTrans="Laam_B Shiin_M Baa_M Kaaf_M TaaaClosed_E">
        <lettre idLettre="1" x="475" transcription="ل" LatinTrans="Laam_B" />
        <lettre idLettre="2" x="453" transcription="ش" LatinTrans="Shiin_M" />
        <lettre idLettre="3" x="446" transcription="ب" LatinTrans="Baa_M" />
        <lettre idLettre="4" x="436" transcription="ك" LatinTrans="Kaaf_M" />
        <lettre idLettre="5" x="424" transcription="ة" LatinTrans="TaaaClosed_E" />
      </paw>
    </word>
    <word idWord="2" x="420" transcription=" " LatinTrans="SPACE">
      <paw idPaw="1" x="420" transcription=" " LatinTrans="SPACE">
        <lettre idLettre="1" x="420" transcription=" " LatinTrans="SPACE" />
      </paw>
    </word>
    <word idWord="3" x="348" transcription="السورية" LatinTrans="Alif_I Laam_B Siin_M Waaw_E Raa_I Yaa_B TaaaClosed_E">
      <paw idPaw="1" x="413" transcription="ا" LatinTrans="Alif_I">
        <lettre idLettre="1" x="413" transcription="ا" LatinTrans="Alif_I" />
      </paw>
      <paw idPaw="2" x="377" transcription="لسو" LatinTrans="Laam_B Siin_M Waaw_E">
        <lettre idLettre="1" x="406" transcription="ل" LatinTrans="Laam_B" />
        <lettre idLettre="2" x="389" transcription="س" LatinTrans="Siin_M" />
        <lettre idLettre="3" x="377" transcription="و" LatinTrans="Waaw_E" />
      </paw>
      <paw idPaw="3" x="369" transcription="ر" LatinTrans="Raa_I">
        <lettre idLettre="1" x="369" transcription="ر" LatinTrans="Raa_I" />
      </paw>
      <paw idPaw="4" x="348" transcription="ية" LatinTrans="Yaa_B TaaaClosed_E">
        <lettre idLettre="1" x="359" transcription="ي" LatinTrans="Yaa_B" />
        <lettre idLettre="2" x="348" transcription="ة" LatinTrans="TaaaClosed_E" />
      </paw>
    </word>
    <word idWord="4" x="344" transcription=" " LatinTrans="SPACE">
      <paw idPaw="1" x="344" transcription=" " LatinTrans="SPACE">
        <lettre idLettre="1" x="344" transcription=" " LatinTrans="SPACE" />
      </paw>
    </word>
    <word idWord="5" x="284" transcription="تكشف" LatinTrans="Taaa_B Kaaf_M Shiin_M Faa_E">
      <paw idPaw="1" x="284" transcription="تكشف" LatinTrans="Taaa_B Kaaf_M Shiin_M Faa_E">
        <lettre idLettre="1" x="333" transcription="ت" LatinTrans="Taaa_B" />
        <lettre idLettre="2" x="323" transcription="ك" LatinTrans="Kaaf_M" />
        <lettre idLettre="3" x="305" transcription="ش" LatinTrans="Shiin_M" />
        <lettre idLettre="4" x="284" transcription="ف" LatinTrans="Faa_E" />
      </paw>
    </word>
    <word idWord="6" x="279" transcription=" " LatinTrans="SPACE">
      <paw idPaw="1" x="279" transcription=" " LatinTrans="SPACE">
        <lettre idLettre="1" x="279" transcription=" " LatinTrans="SPACE" />
      </paw>
    </word>
    <word idWord="7" x="251" transcription="في" LatinTrans="Faa_B Yaa_E">
      <paw idPaw="1" x="251" transcription="في" LatinTrans="Faa_B Yaa_E">
        <lettre idLettre="1" x="268" transcription="ف" LatinTrans="Faa_B" />
        <lettre idLettre="2" x="251" transcription="ي" LatinTrans="Yaa_E" />
      </paw>
    </word>
    <word idWord="8" x="248" transcription=" " LatinTrans="SPACE">
      <paw idPaw="1" x="248" transcription=" " LatinTrans="SPACE">
        <lettre idLettre="1" x="248" transcription=" " LatinTrans="SPACE" />
      </paw>
    </word>
    <word idWord="9" x="198" transcription="تقرير" LatinTrans="Taaa_B Gaaf_M Raa_E Yaa_B Raa_E">
      <paw idPaw="1" x="216" transcription="تقر" LatinTrans="Taaa_B Gaaf_M Raa_E">
        <lettre idLettre="1" x="237" transcription="ت" LatinTrans="Taaa_B" />
        <lettre idLettre="2" x="227" transcription="ق" LatinTrans="Gaaf_M" />
        <lettre idLettre="3" x="216" transcription="ر" LatinTrans="Raa_E" />
      </paw>
      <paw idPaw="2" x="198" transcription="ير" LatinTrans="Yaa_B Raa_E">
        <lettre idLettre="1" x="207" transcription="ي" LatinTrans="Yaa_B" />
        <lettre idLettre="2" x="198" transcription="ر" LatinTrans="Raa_E" />
      </paw>
    </word>
    <word idWord="10" x="195" transcription=" " LatinTrans="SPACE">
      <paw idPaw="1" x="195" transcription=" " LatinTrans="SPACE">
        <lettre idLettre="1" x="195" transcription=" " LatinTrans="SPACE" />
      </paw>
    </word>
    <word idWord="11" x="167" transcription="لها" LatinTrans="Laam_B Haa_M Alif_E">
      <paw idPaw="1" x="167" transcription="لها" LatinTrans="Laam_B Haa_M Alif_E">
        <lettre idLettre="1" x="186" transcription="ل" LatinTrans="Laam_B" />
        <lettre idLettre="2" x="175" transcription="ه" LatinTrans="Haa_M" />
        <lettre idLettre="3" x="167" transcription="ا" LatinTrans="Alif_E" />
      </paw>
    </word>
    <word idWord="12" x="162" transcription=" " LatinTrans="SPACE">
      <paw idPaw="1" x="162" transcription=" " LatinTrans="SPACE">
        <lettre idLettre="1" x="162" transcription=" " LatinTrans="SPACE" />
      </paw>
    </word>
    <word idWord="13" x="132" transcription="عن" LatinTrans="Ayn_B Nuun_E">
      <paw idPaw="1" x="132" transcription="عن" LatinTrans="Ayn_B Nuun_E">
        <lettre idLettre="1" x="148" transcription="ع" LatinTrans="Ayn_B" />
        <lettre idLettre="2" x="132" transcription="ن" LatinTrans="Nuun_E" />
      </paw>
    </word>
    <word idWord="14" x="129" transcription=" " LatinTrans="SPACE">
      <paw idPaw="1" x="129" transcription=" " LatinTrans="SPACE">
        <lettre idLettre="1" x="129" transcription=" " LatinTrans="SPACE" />
      </paw>
    </word>
    <word idWord="15" x="76" transcription="أعمال" LatinTrans="HamzaAboveAlif_I Ayn_B Miim_M Alif_E Laam_I">
      <paw idPaw="1" x="123" transcription="أ" LatinTrans="HamzaAboveAlif_I">
        <lettre idLettre="1" x="123" transcription="أ" LatinTrans="HamzaAboveAlif_I" />
      </paw>
      <paw idPaw="2" x="90" transcription="عما" LatinTrans="Ayn_B Miim_M Alif_E">
        <lettre idLettre="1" x="109" transcription="ع" LatinTrans="Ayn_B" />
        <lettre idLettre="2" x="96" transcription="م" LatinTrans="Miim_M" />
        <lettre idLettre="3" x="90" transcription="ا" LatinTrans="Alif_E" />
      </paw>
      <paw idPaw="3" x="76" transcription="ل" LatinTrans="Laam_I">
        <lettre idLettre="1" x="76" transcription="ل" LatinTrans="Laam_I" />
      </paw>
    </word>
    <word idWord="16" x="72" transcription=" " LatinTrans="SPACE">
      <paw idPaw="1" x="72" transcription=" " LatinTrans="SPACE">
        <lettre idLettre="1" x="72" transcription=" " LatinTrans="SPACE" />
      </paw>
    </word>
    <word idWord="17" x="0" transcription="تعذيب" LatinTrans="Taaa_B Ayn_M Thaal_E Yaa_B Baa_E">
      <paw idPaw="1" x="35" transcription="تعذ" LatinTrans="Taaa_B Ayn_M Thaal_E">
        <lettre idLettre="1" x="61" transcription="ت" LatinTrans="Taaa_B" />
        <lettre idLettre="2" x="48" transcription="ع" LatinTrans="Ayn_M" />
        <lettre idLettre="3" x="35" transcription="ذ" LatinTrans="Thaal_E" />
      </paw>
      <paw idPaw="2" x="0" transcription="يب" LatinTrans="Yaa_B Baa_E">
        <lettre idLettre="1" x="25" transcription="ي" LatinTrans="Yaa_B" />
        <lettre idLettre="2" x="0" transcription="ب" LatinTrans="Baa_E" />
      </paw>
    </word>
  </content>
</textImage>