﻿<?xml version="1.0" encoding="UTF-8" standalone="yes"?>
<textImage id="1" width="387" height="41" transcription="اعادة التحقيق في مجزرة جمعة الكرامة" image="aljazeera_3212-12-32-00_1">
  <ArabicTranscription>اعادة التحقيق في مجزرة جمعة الكرامة</ArabicTranscription>
  <LatinTranscription>Alif_I Ayn_B Alif_E Daal_I TaaaClosed_I SPACE Alif_I Laam_B Taaa_M Haaa_M Gaaf_M Yaa_M Gaaf_E SPACE Faa_B Yaa_E SPACE Miim_B Jiim_M Zaay_E Raa_I TaaaClosed_I SPACE Jiim_B Miim_M Ayn_M TaaaClosed_E SPACE Alif_I Laam_B Kaaf_M Raa_E Alif_I Miim_B TaaaClosed_E</LatinTranscription>
  <content>
    <word idWord="1" x="330" transcription="اعادة" LatinTrans="Alif_I Ayn_B Alif_E Daal_I TaaaClosed_I">
      <paw idPaw="1" x="378" transcription="ا" LatinTrans="Alif_I">
        <lettre idLettre="1" x="378" transcription="ا" LatinTrans="Alif_I" />
      </paw>
      <paw idPaw="2" x="355" transcription="عا" LatinTrans="Ayn_B Alif_E">
        <lettre idLettre="1" x="363" transcription="ع" LatinTrans="Ayn_B" />
        <lettre idLettre="2" x="355" transcription="ا" LatinTrans="Alif_E" />
      </paw>
      <paw idPaw="3" x="343" transcription="د" LatinTrans="Daal_I">
        <lettre idLettre="1" x="343" transcription="د" LatinTrans="Daal_I" />
      </paw>
      <paw idPaw="4" x="330" transcription="ة" LatinTrans="TaaaClosed_I">
        <lettre idLettre="1" x="330" transcription="ة" LatinTrans="TaaaClosed_I" />
      </paw>
    </word>
    <word idWord="2" x="326" transcription=" " LatinTrans="SPACE">
      <paw idPaw="1" x="326" transcription=" " LatinTrans="SPACE">
        <lettre idLettre="1" x="326" transcription=" " LatinTrans="SPACE" />
      </paw>
    </word>
    <word idWord="3" x="240" transcription="التحقيق" LatinTrans="Alif_I Laam_B Taaa_M Haaa_M Gaaf_M Yaa_M Gaaf_E">
      <paw idPaw="1" x="320" transcription="ا" LatinTrans="Alif_I">
        <lettre idLettre="1" x="320" transcription="ا" LatinTrans="Alif_I" />
      </paw>
      <paw idPaw="2" x="240" transcription="لتحقيق" LatinTrans="Laam_B Taaa_M Haaa_M Gaaf_M Yaa_M Gaaf_E">
        <lettre idLettre="1" x="314" transcription="ل" LatinTrans="Laam_B" />
        <lettre idLettre="2" x="300" transcription="ت" LatinTrans="Taaa_M" />
        <lettre idLettre="3" x="286" transcription="ح" LatinTrans="Haaa_M" />
        <lettre idLettre="4" x="272" transcription="ق" LatinTrans="Gaaf_M" />
        <lettre idLettre="5" x="259" transcription="ي" LatinTrans="Yaa_M" />
        <lettre idLettre="6" x="240" transcription="ق" LatinTrans="Gaaf_E" />
      </paw>
    </word>
    <word idWord="4" x="238" transcription=" " LatinTrans="SPACE">
      <paw idPaw="1" x="238" transcription=" " LatinTrans="SPACE">
        <lettre idLettre="1" x="238" transcription=" " LatinTrans="SPACE" />
      </paw>
    </word>
    <word idWord="5" x="206" transcription="في" LatinTrans="Faa_B Yaa_E">
      <paw idPaw="1" x="206" transcription="في" LatinTrans="Faa_B Yaa_E">
        <lettre idLettre="1" x="223" transcription="ف" LatinTrans="Faa_B" />
        <lettre idLettre="2" x="206" transcription="ي" LatinTrans="Yaa_E" />
      </paw>
    </word>
    <word idWord="6" x="202" transcription=" " LatinTrans="SPACE">
      <paw idPaw="1" x="202" transcription=" " LatinTrans="SPACE">
        <lettre idLettre="1" x="202" transcription=" " LatinTrans="SPACE" />
      </paw>
    </word>
    <word idWord="7" x="142" transcription="مجزرة" LatinTrans="Miim_B Jiim_M Zaay_E Raa_I TaaaClosed_I">
      <paw idPaw="1" x="164" transcription="مجز" LatinTrans="Miim_B Jiim_M Zaay_E">
        <lettre idLettre="1" x="190" transcription="م" LatinTrans="Miim_B" />
        <lettre idLettre="2" x="174" transcription="ج" LatinTrans="Jiim_M" />
        <lettre idLettre="3" x="164" transcription="ز" LatinTrans="Zaay_E" />
      </paw>
      <paw idPaw="2" x="156" transcription="ر" LatinTrans="Raa_I">
        <lettre idLettre="1" x="156" transcription="ر" LatinTrans="Raa_I" />
      </paw>
      <paw idPaw="3" x="142" transcription="ة" LatinTrans="TaaaClosed_I">
        <lettre idLettre="1" x="142" transcription="ة" LatinTrans="TaaaClosed_I" />
      </paw>
    </word>
    <word idWord="8" x="138" transcription=" " LatinTrans="SPACE">
      <paw idPaw="1" x="138" transcription=" " LatinTrans="SPACE">
        <lettre idLettre="1" x="138" transcription=" " LatinTrans="SPACE" />
      </paw>
    </word>
    <word idWord="9" x="77" transcription="جمعة" LatinTrans="Jiim_B Miim_M Ayn_M TaaaClosed_E">
      <paw idPaw="1" x="77" transcription="جمعة" LatinTrans="Jiim_B Miim_M Ayn_M TaaaClosed_E">
        <lettre idLettre="1" x="122" transcription="ج" LatinTrans="Jiim_B" />
        <lettre idLettre="2" x="107" transcription="م" LatinTrans="Miim_M" />
        <lettre idLettre="3" x="94" transcription="ع" LatinTrans="Ayn_M" />
        <lettre idLettre="4" x="77" transcription="ة" LatinTrans="TaaaClosed_E" />
      </paw>
    </word>
    <word idWord="10" x="73" transcription=" " LatinTrans="SPACE">
      <paw idPaw="1" x="73" transcription=" " LatinTrans="SPACE">
        <lettre idLettre="1" x="73" transcription=" " LatinTrans="SPACE" />
      </paw>
    </word>
    <word idWord="11" x="0" transcription="الكرامة" LatinTrans="Alif_I Laam_B Kaaf_M Raa_E Alif_I Miim_B TaaaClosed_E">
      <paw idPaw="1" x="66" transcription="ا" LatinTrans="Alif_I">
        <lettre idLettre="1" x="66" transcription="ا" LatinTrans="Alif_I" />
      </paw>
      <paw idPaw="2" x="37" transcription="لكر" LatinTrans="Laam_B Kaaf_M Raa_E">
        <lettre idLettre="1" x="60" transcription="ل" LatinTrans="Laam_B" />
        <lettre idLettre="2" x="46" transcription="ك" LatinTrans="Kaaf_M" />
        <lettre idLettre="3" x="37" transcription="ر" LatinTrans="Raa_E" />
      </paw>
      <paw idPaw="3" x="32" transcription="ا" LatinTrans="Alif_I">
        <lettre idLettre="1" x="32" transcription="ا" LatinTrans="Alif_I" />
      </paw>
      <paw idPaw="4" x="0" transcription="مة" LatinTrans="Miim_B TaaaClosed_E">
        <lettre idLettre="1" x="20" transcription="م" LatinTrans="Miim_B" />
        <lettre idLettre="2" x="0" transcription="ة" LatinTrans="TaaaClosed_E" />
      </paw>
    </word>
  </content>
</textImage>