﻿<?xml version="1.0" encoding="UTF-8" standalone="yes"?>
<textImage id="3" width="271" height="40" transcription="العسكري في ريف حلب" image="aljazeera_3212-05-05-00_3">
  <ArabicTranscription>العسكري في ريف حلب</ArabicTranscription>
  <LatinTranscription>Alif_I Laam_B Ayn_M Siin_M Kaaf_M Raa_E Yaa_I SPACE Faa_B Yaa_E SPACE Raa_I Yaa_B Faa_E SPACE Haaa_B Laam_M Baa_E</LatinTranscription>
  <content>
    <word idWord="1" x="163" transcription="العسكري" LatinTrans="Alif_I Laam_B Ayn_M Siin_M Kaaf_M Raa_E Yaa_I">
      <paw idPaw="1" x="262" transcription="ا" LatinTrans="Alif_I">
        <lettre idLettre="1" x="262" transcription="ا" LatinTrans="Alif_I" />
      </paw>
      <paw idPaw="2" x="179" transcription="لعسكر" LatinTrans="Laam_B Ayn_M Siin_M Kaaf_M Raa_E">
        <lettre idLettre="1" x="250" transcription="ل" LatinTrans="Laam_B" />
        <lettre idLettre="2" x="222" transcription="ع" LatinTrans="Ayn_M" />
        <lettre idLettre="3" x="197" transcription="س" LatinTrans="Siin_M" />
        <lettre idLettre="4" x="184" transcription="ك" LatinTrans="Kaaf_M" />
        <lettre idLettre="5" x="179" transcription="ر" LatinTrans="Raa_E" />
      </paw>
      <paw idPaw="3" x="163" transcription="ي" LatinTrans="Yaa_I">
        <lettre idLettre="1" x="163" transcription="ي" LatinTrans="Yaa_I" />
      </paw>
    </word>
    <word idWord="2" x="158" transcription=" " LatinTrans="SPACE">
      <paw idPaw="1" x="158" transcription=" " LatinTrans="SPACE">
        <lettre idLettre="1" x="158" transcription=" " LatinTrans="SPACE" />
      </paw>
    </word>
    <word idWord="3" x="118" transcription="في" LatinTrans="Faa_B Yaa_E">
      <paw idPaw="1" x="118" transcription="في" LatinTrans="Faa_B Yaa_E">
        <lettre idLettre="1" x="141" transcription="ف" LatinTrans="Faa_B" />
        <lettre idLettre="2" x="118" transcription="ي" LatinTrans="Yaa_E" />
      </paw>
    </word>
    <word idWord="4" x="114" transcription=" " LatinTrans="SPACE">
      <paw idPaw="1" x="114" transcription=" " LatinTrans="SPACE">
        <lettre idLettre="1" x="114" transcription=" " LatinTrans="SPACE" />
      </paw>
    </word>
    <word idWord="5" x="62" transcription="ريف" LatinTrans="Raa_I Yaa_B Faa_E">
      <paw idPaw="1" x="105" transcription="ر" LatinTrans="Raa_I">
        <lettre idLettre="1" x="105" transcription="ر" LatinTrans="Raa_I" />
      </paw>
      <paw idPaw="2" x="62" transcription="يف" LatinTrans="Yaa_B Faa_E">
        <lettre idLettre="1" x="89" transcription="ي" LatinTrans="Yaa_B" />
        <lettre idLettre="2" x="62" transcription="ف" LatinTrans="Faa_E" />
      </paw>
    </word>
    <word idWord="6" x="57" transcription=" " LatinTrans="SPACE">
      <paw idPaw="1" x="57" transcription=" " LatinTrans="SPACE">
        <lettre idLettre="1" x="57" transcription=" " LatinTrans="SPACE" />
      </paw>
    </word>
    <word idWord="7" x="0" transcription="حلب" LatinTrans="Haaa_B Laam_M Baa_E">
      <paw idPaw="1" x="0" transcription="حلب" LatinTrans="Haaa_B Laam_M Baa_E">
        <lettre idLettre="1" x="45" transcription="ح" LatinTrans="Haaa_B" />
        <lettre idLettre="2" x="33" transcription="ل" LatinTrans="Laam_M" />
        <lettre idLettre="3" x="0" transcription="ب" LatinTrans="Baa_E" />
      </paw>
    </word>
  </content>
</textImage>