﻿<?xml version="1.0" encoding="UTF-8" standalone="yes"?>
<textImage id="1" width="118" height="40" transcription="فوزي خليل" image="aljazeera_19-03-51-20_1">
  <ArabicTranscription>فوزي خليل</ArabicTranscription>
  <LatinTranscription>Faa_B Waaw_E Zaay_I Yaa_I SPACE Xaa_B Laam_M Yaa_M Laam_E</LatinTranscription>
  <content>
    <word idWord="1" x="60" transcription="فوزي" LatinTrans="Faa_B Waaw_E Zaay_I Yaa_I">
      <paw idPaw="1" x="86" transcription="فو" LatinTrans="Faa_B Waaw_E">
        <lettre idLettre="1" x="100" transcription="ف" LatinTrans="Faa_B" />
        <lettre idLettre="2" x="86" transcription="و" LatinTrans="Waaw_E" />
      </paw>
      <paw idPaw="2" x="76" transcription="ز" LatinTrans="Zaay_I">
        <lettre idLettre="1" x="76" transcription="ز" LatinTrans="Zaay_I" />
      </paw>
      <paw idPaw="3" x="60" transcription="ي" LatinTrans="Yaa_I">
        <lettre idLettre="1" x="60" transcription="ي" LatinTrans="Yaa_I" />
      </paw>
    </word>
    <word idWord="2" x="58" transcription=" " LatinTrans="SPACE">
      <paw idPaw="1" x="58" transcription=" " LatinTrans="SPACE">
        <lettre idLettre="1" x="58" transcription=" " LatinTrans="SPACE" />
      </paw>
    </word>
    <word idWord="3" x="0" transcription="خليل" LatinTrans="Xaa_B Laam_M Yaa_M Laam_E">
      <paw idPaw="1" x="0" transcription="خليل" LatinTrans="Xaa_B Laam_M Yaa_M Laam_E">
        <lettre idLettre="1" x="40" transcription="خ" LatinTrans="Xaa_B" />
        <lettre idLettre="2" x="32" transcription="ل" LatinTrans="Laam_M" />
        <lettre idLettre="3" x="20" transcription="ي" LatinTrans="Yaa_M" />
        <lettre idLettre="4" x="0" transcription="ل" LatinTrans="Laam_E" />
      </paw>
    </word>
  </content>
</textImage>