﻿<?xml version="1.0" encoding="UTF-8" standalone="yes"?>
<textImage id="3" width="488" height="44" transcription="بهدف الإسراع بالتصالح مع رجال" image="aljazeera_3213-05-32-10_3">
  <ArabicTranscription>بهدف الإسراع بالتصالح مع رجال</ArabicTranscription>
  <LatinTranscription>Baa_B Haa_M Daal_E Faa_I SPACE Alif_I Laam_HamzaOnederAlif Siin_B Raa_E Alif_I Ayn_I SPACE Baa_B Alif_E Laam_B Taaa_M Saad_M Alif_E Laam_B Haaa_E SPACE Miim_B Ayn_E SPACE Raa_I Jiim_B Alif_E Laam_I</LatinTranscription>
  <content>
    <word idWord="1" x="400" transcription="بهدف" LatinTrans="Baa_B Haa_M Daal_E Faa_I">
      <paw idPaw="1" x="430" transcription="بهد" LatinTrans="Baa_B Haa_M Daal_E">
        <lettre idLettre="1" x="469" transcription="ب" LatinTrans="Baa_B" />
        <lettre idLettre="2" x="445" transcription="ه" LatinTrans="Haa_M" />
        <lettre idLettre="3" x="430" transcription="د" LatinTrans="Daal_E" />
      </paw>
      <paw idPaw="2" x="400" transcription="ف" LatinTrans="Faa_I">
        <lettre idLettre="1" x="400" transcription="ف" LatinTrans="Faa_I" />
      </paw>
    </word>
    <word idWord="2" x="395" transcription=" " LatinTrans="SPACE">
      <paw idPaw="1" x="395" transcription=" " LatinTrans="SPACE">
        <lettre idLettre="1" x="395" transcription=" " LatinTrans="SPACE" />
      </paw>
    </word>
    <word idWord="3" x="304" transcription="الإسراع" LatinTrans="Alif_I Laam_HamzaOnederAlif Siin_B Raa_E Alif_I Ayn_I">
      <paw idPaw="1" x="387" transcription="ا" LatinTrans="Alif_I">
        <lettre idLettre="1" x="387" transcription="ا" LatinTrans="Alif_I" />
      </paw>
      <paw idPaw="2" x="369" transcription="لإ" LatinTrans="Laam_HamzaOnederAlif">
        <lettre idLettre="1" x="369" transcription="لإ" LatinTrans="Laam_HamzaUnderAlif" />
      </paw>
      <paw idPaw="3" x="332" transcription="سر" LatinTrans="Siin_B Raa_E">
        <lettre idLettre="1" x="346" transcription="س" LatinTrans="Siin_B" />
        <lettre idLettre="2" x="332" transcription="ر" LatinTrans="Raa_E" />
      </paw>
      <paw idPaw="4" x="323" transcription="ا" LatinTrans="Alif_I">
        <lettre idLettre="1" x="323" transcription="ا" LatinTrans="Alif_I" />
      </paw>
      <paw idPaw="5" x="304" transcription="ع" LatinTrans="Ayn_I">
        <lettre idLettre="1" x="304" transcription="ع" LatinTrans="Ayn_I" />
      </paw>
    </word>
    <word idWord="4" x="297" transcription=" " LatinTrans="SPACE">
      <paw idPaw="1" x="297" transcription=" " LatinTrans="SPACE">
        <lettre idLettre="1" x="297" transcription=" " LatinTrans="SPACE" />
      </paw>
    </word>
    <word idWord="5" x="147" transcription="بالتصالح" LatinTrans="Baa_B Alif_E Laam_B Taaa_M Saad_M Alif_E Laam_B Haaa_E">
      <paw idPaw="1" x="272" transcription="با" LatinTrans="Baa_B Alif_E">
        <lettre idLettre="1" x="284" transcription="ب" LatinTrans="Baa_B" />
        <lettre idLettre="2" x="272" transcription="ا" LatinTrans="Alif_E" />
      </paw>
      <paw idPaw="2" x="207" transcription="لتصا" LatinTrans="Laam_B Taaa_M Saad_M Alif_E">
        <lettre idLettre="1" x="261" transcription="ل" LatinTrans="Laam_B" />
        <lettre idLettre="2" x="246" transcription="ت" LatinTrans="Taaa_M" />
        <lettre idLettre="3" x="218" transcription="ص" LatinTrans="Saad_M" />
        <lettre idLettre="4" x="207" transcription="ا" LatinTrans="Alif_E" />
      </paw>
      <paw idPaw="3" x="147" transcription="لح" LatinTrans="Laam_B Haaa_E">
        <lettre idLettre="1" x="193" transcription="ل" LatinTrans="Laam_B" />
        <lettre idLettre="2" x="147" transcription="ح" LatinTrans="Haaa_E" />
      </paw>
    </word>
    <word idWord="6" x="140" transcription=" " LatinTrans="SPACE">
      <paw idPaw="1" x="140" transcription=" " LatinTrans="SPACE">
        <lettre idLettre="1" x="140" transcription=" " LatinTrans="SPACE" />
      </paw>
    </word>
    <word idWord="7" x="74" transcription="مع" LatinTrans="Miim_B Ayn_E">
      <paw idPaw="1" x="74" transcription="مع" LatinTrans="Miim_B Ayn_E">
        <lettre idLettre="1" x="120" transcription="م" LatinTrans="Miim_B" />
        <lettre idLettre="2" x="74" transcription="ع" LatinTrans="Ayn_E" />
      </paw>
    </word>
    <word idWord="8" x="70" transcription=" " LatinTrans="SPACE">
      <paw idPaw="1" x="70" transcription=" " LatinTrans="SPACE">
        <lettre idLettre="1" x="70" transcription=" " LatinTrans="SPACE" />
      </paw>
    </word>
    <word idWord="9" x="0" transcription="رجال" LatinTrans="Raa_I Jiim_B Alif_E Laam_I">
      <paw idPaw="1" x="55" transcription="ر" LatinTrans="Raa_I">
        <lettre idLettre="1" x="55" transcription="ر" LatinTrans="Raa_I" />
      </paw>
      <paw idPaw="2" x="23" transcription="جا" LatinTrans="Jiim_B Alif_E">
        <lettre idLettre="1" x="32" transcription="ج" LatinTrans="Jiim_B" />
        <lettre idLettre="2" x="23" transcription="ا" LatinTrans="Alif_E" />
      </paw>
      <paw idPaw="3" x="0" transcription="ل" LatinTrans="Laam_I">
        <lettre idLettre="1" x="0" transcription="ل" LatinTrans="Laam_I" />
      </paw>
    </word>
  </content>
</textImage>