﻿<?xml version="1.0" encoding="UTF-8" standalone="yes"?>
<textImage id="1" width="113" height="30" transcription="جهاد محمد" image="aljazeera_3212-01-30-10_1">
  <ArabicTranscription>جهاد محمد</ArabicTranscription>
  <LatinTranscription>Jiim_B Haa_M Alif_E Daal_I SPACE Miim_B Haaa_M Miim_M Daal_E</LatinTranscription>
  <content>
    <word idWord="1" x="61" transcription="جهاد" LatinTrans="Jiim_B Haa_M Alif_E Daal_I">
      <paw idPaw="1" x="73" transcription="جها" LatinTrans="Jiim_B Haa_M Alif_E">
        <lettre idLettre="1" x="94" transcription="ج" LatinTrans="Jiim_B" />
        <lettre idLettre="2" x="81" transcription="ه" LatinTrans="Haa_M" />
        <lettre idLettre="3" x="73" transcription="ا" LatinTrans="Alif_E" />
      </paw>
      <paw idPaw="2" x="61" transcription="د" LatinTrans="Daal_I">
        <lettre idLettre="1" x="61" transcription="د" LatinTrans="Daal_I" />
      </paw>
    </word>
    <word idWord="2" x="57" transcription=" " LatinTrans="SPACE">
      <paw idPaw="1" x="57" transcription=" " LatinTrans="SPACE">
        <lettre idLettre="1" x="57" transcription=" " LatinTrans="SPACE" />
      </paw>
    </word>
    <word idWord="3" x="0" transcription="محمد" LatinTrans="Miim_B Haaa_M Miim_M Daal_E">
      <paw idPaw="1" x="0" transcription="محمد" LatinTrans="Miim_B Haaa_M Miim_M Daal_E">
        <lettre idLettre="1" x="44" transcription="م" LatinTrans="Miim_B" />
        <lettre idLettre="2" x="28" transcription="ح" LatinTrans="Haaa_M" />
        <lettre idLettre="3" x="17" transcription="م" LatinTrans="Miim_M" />
        <lettre idLettre="4" x="0" transcription="د" LatinTrans="Daal_E" />
      </paw>
    </word>
  </content>
</textImage>