﻿<?xml version="1.0" encoding="UTF-8" standalone="yes"?>
<textImage id="2" width="254" height="40" transcription="تقدم حزب الاستقلال" image="aljazeera_3212-08-50-00_2">
  <ArabicTranscription>تقدم حزب الاستقلال</ArabicTranscription>
  <LatinTranscription>Taaa_B Gaaf_M Daal_E Miim_I SPACE Haaa_B Zaay_E Baa_I SPACE Alif_I Laam_Alif Siin_B Taaa_M Gaaf_M Laam_Alif Laam_I</LatinTranscription>
  <content>
    <word idWord="1" x="184" transcription="تقدم" LatinTrans="Taaa_B Gaaf_M Daal_E Miim_I">
      <paw idPaw="1" x="204" transcription="تقد" LatinTrans="Taaa_B Gaaf_M Daal_E">
        <lettre idLettre="1" x="238" transcription="ت" LatinTrans="Taaa_B" />
        <lettre idLettre="2" x="220" transcription="ق" LatinTrans="Gaaf_M" />
        <lettre idLettre="3" x="204" transcription="د" LatinTrans="Daal_E" />
      </paw>
      <paw idPaw="2" x="184" transcription="م" LatinTrans="Miim_I">
        <lettre idLettre="1" x="184" transcription="م" LatinTrans="Miim_I" />
      </paw>
    </word>
    <word idWord="2" x="180" transcription=" " LatinTrans="SPACE">
      <paw idPaw="1" x="180" transcription=" " LatinTrans="SPACE">
        <lettre idLettre="1" x="180" transcription=" " LatinTrans="SPACE" />
      </paw>
    </word>
    <word idWord="3" x="124" transcription="حزب" LatinTrans="Haaa_B Zaay_E Baa_I">
      <paw idPaw="1" x="148" transcription="حز" LatinTrans="Haaa_B Zaay_E">
        <lettre idLettre="1" x="160" transcription="ح" LatinTrans="Haaa_B" />
        <lettre idLettre="2" x="148" transcription="ز" LatinTrans="Zaay_E" />
      </paw>
      <paw idPaw="2" x="124" transcription="ب" LatinTrans="Baa_I">
        <lettre idLettre="1" x="124" transcription="ب" LatinTrans="Baa_I" />
      </paw>
    </word>
    <word idWord="4" x="118" transcription=" " LatinTrans="SPACE">
      <paw idPaw="1" x="118" transcription=" " LatinTrans="SPACE">
        <lettre idLettre="1" x="118" transcription=" " LatinTrans="SPACE" />
      </paw>
    </word>
    <word idWord="5" x="0" transcription="الاستقلال" LatinTrans="Alif_I Laam_Alif Siin_B Taaa_M Gaaf_M Laam_Alif Laam_I">
      <paw idPaw="1" x="111" transcription="ا" LatinTrans="Alif_I">
        <lettre idLettre="1" x="111" transcription="ا" LatinTrans="Alif_I" />
      </paw>
      <paw idPaw="2" x="96" transcription="لا" LatinTrans="Laam_Alif">
        <lettre idLettre="1" x="96" transcription="لا" LatinTrans="Laam_Alif" />
      </paw>
      <paw idPaw="3" x="23" transcription="ستقلا" LatinTrans="Siin_B Taaa_M Gaaf_M Laam_Alif">
        <lettre idLettre="1" x="75" transcription="س" LatinTrans="Siin_B" />
        <lettre idLettre="2" x="58" transcription="ت" LatinTrans="Taaa_M" />
        <lettre idLettre="3" x="42" transcription="ق" LatinTrans="Gaaf_M" />
        <lettre idLettre="4" x="23" transcription="لا" LatinTrans="Laam_Alif" />
      </paw>
      <paw idPaw="4" x="0" transcription="ل" LatinTrans="Laam_I">
        <lettre idLettre="1" x="0" transcription="ل" LatinTrans="Laam_I" />
      </paw>
    </word>
  </content>
</textImage>