﻿<?xml version="1.0" encoding="UTF-8" standalone="yes"?>
<textImage id="1" width="107" height="31" transcription="السعودية" image="aljazeera_3213-04-56-50_1">
  <ArabicTranscription>السعودية</ArabicTranscription>
  <LatinTranscription>Alif_I Laam_B Siin_M Ayn_M Waaw_E Daal_I Yaa_B TaaaClosed_E</LatinTranscription>
  <content>
    <word idWord="1" x="0" transcription="السعودية" LatinTrans="Alif_I Laam_B Siin_M Ayn_M Waaw_E Daal_I Yaa_B TaaaClosed_E">
      <paw idPaw="1" x="98" transcription="ا" LatinTrans="Alif_I">
        <lettre idLettre="1" x="98" transcription="ا" LatinTrans="Alif_I" />
      </paw>
      <paw idPaw="2" x="40" transcription="لسعو" LatinTrans="Laam_B Siin_M Ayn_M Waaw_E">
        <lettre idLettre="1" x="92" transcription="ل" LatinTrans="Laam_B" />
        <lettre idLettre="2" x="71" transcription="س" LatinTrans="Siin_M" />
        <lettre idLettre="3" x="53" transcription="ع" LatinTrans="Ayn_M" />
        <lettre idLettre="4" x="40" transcription="و" LatinTrans="Waaw_E" />
      </paw>
      <paw idPaw="3" x="29" transcription="د" LatinTrans="Daal_I">
        <lettre idLettre="1" x="29" transcription="د" LatinTrans="Daal_I" />
      </paw>
      <paw idPaw="4" x="0" transcription="ية" LatinTrans="Yaa_B TaaaClosed_E">
        <lettre idLettre="1" x="18" transcription="ي" LatinTrans="Yaa_B" />
        <lettre idLettre="2" x="0" transcription="ة" LatinTrans="TaaaClosed_E" />
      </paw>
    </word>
  </content>
</textImage>