﻿<?xml version="1.0" encoding="UTF-8" standalone="yes"?>
<textImage id="2" width="259" height="53" transcription="يرفض أي احتمال" image="aljazeera_3213-05-00-00_2">
  <ArabicTranscription>يرفض أي احتمال</ArabicTranscription>
  <LatinTranscription>Yaa_B Raa_E Faa_B Daad_E SPACE HamzaAboveAlif_I Yaa_I SPACE Alif_I Haaa_B Taaa_M Miim_M Alif_E Laam_I</LatinTranscription>
  <content>
    <word idWord="1" x="139" transcription="يرفض" LatinTrans="Yaa_B Raa_E Faa_B Daad_E">
      <paw idPaw="1" x="226" transcription="ير" LatinTrans="Yaa_B Raa_E">
        <lettre idLettre="1" x="237" transcription="ي" LatinTrans="Yaa_B" />
        <lettre idLettre="2" x="226" transcription="ر" LatinTrans="Raa_E" />
      </paw>
      <paw idPaw="2" x="139" transcription="فض" LatinTrans="Faa_B Daad_E">
        <lettre idLettre="1" x="201" transcription="ف" LatinTrans="Faa_B" />
        <lettre idLettre="2" x="139" transcription="ض" LatinTrans="Daad_E" />
      </paw>
    </word>
    <word idWord="2" x="135" transcription=" " LatinTrans="SPACE">
      <paw idPaw="1" x="135" transcription=" " LatinTrans="SPACE">
        <lettre idLettre="1" x="135" transcription=" " LatinTrans="SPACE" />
      </paw>
    </word>
    <word idWord="3" x="104" transcription="أي" LatinTrans="HamzaAboveAlif_I Yaa_I">
      <paw idPaw="1" x="124" transcription="أ" LatinTrans="HamzaAboveAlif_I">
        <lettre idLettre="1" x="124" transcription="أ" LatinTrans="HamzaAboveAlif_I" />
      </paw>
      <paw idPaw="2" x="104" transcription="ي" LatinTrans="Yaa_I">
        <lettre idLettre="1" x="104" transcription="ي" LatinTrans="Yaa_I" />
      </paw>
    </word>
    <word idWord="4" x="97" transcription=" " LatinTrans="SPACE">
      <paw idPaw="1" x="97" transcription=" " LatinTrans="SPACE">
        <lettre idLettre="1" x="97" transcription=" " LatinTrans="SPACE" />
      </paw>
    </word>
    <word idWord="5" x="0" transcription="احتمال" LatinTrans="Alif_I Haaa_B Taaa_M Miim_M Alif_E Laam_I">
      <paw idPaw="1" x="87" transcription="ا" LatinTrans="Alif_I">
        <lettre idLettre="1" x="87" transcription="ا" LatinTrans="Alif_I" />
      </paw>
      <paw idPaw="2" x="24" transcription="حتما" LatinTrans="Haaa_B Taaa_M Miim_M Alif_E">
        <lettre idLettre="1" x="70" transcription="ح" LatinTrans="Haaa_B" />
        <lettre idLettre="2" x="52" transcription="ت" LatinTrans="Taaa_M" />
        <lettre idLettre="3" x="35" transcription="م" LatinTrans="Miim_M" />
        <lettre idLettre="4" x="24" transcription="ا" LatinTrans="Alif_E" />
      </paw>
      <paw idPaw="3" x="0" transcription="ل" LatinTrans="Laam_I">
        <lettre idLettre="1" x="0" transcription="ل" LatinTrans="Laam_I" />
      </paw>
    </word>
  </content>
</textImage>