﻿<?xml version="1.0" encoding="UTF-8" standalone="yes"?>
<textImage id="2" width="91" height="36" transcription="برعاية" image="aljazeera_3211-09-26-50_2">
  <ArabicTranscription>برعاية</ArabicTranscription>
  <LatinTranscription>Baa_B Raa_E Ayn_B Alif_E Yaa_B TaaaClosed_E</LatinTranscription>
  <content>
    <word idWord="1" x="0" transcription="برعاية" LatinTrans="Baa_B Raa_E Ayn_B Alif_E Yaa_B TaaaClosed_E">
      <paw idPaw="1" x="59" transcription="بر" LatinTrans="Baa_B Raa_E">
        <lettre idLettre="1" x="74" transcription="ب" LatinTrans="Baa_B" />
        <lettre idLettre="2" x="59" transcription="ر" LatinTrans="Raa_E" />
      </paw>
      <paw idPaw="2" x="31" transcription="عا" LatinTrans="Ayn_B Alif_E">
        <lettre idLettre="1" x="40" transcription="ع" LatinTrans="Ayn_B" />
        <lettre idLettre="2" x="31" transcription="ا" LatinTrans="Alif_E" />
      </paw>
      <paw idPaw="3" x="0" transcription="ية" LatinTrans="Yaa_B TaaaClosed_E">
        <lettre idLettre="1" x="19" transcription="ي" LatinTrans="Yaa_B" />
        <lettre idLettre="2" x="0" transcription="ة" LatinTrans="TaaaClosed_E" />
      </paw>
    </word>
  </content>
</textImage>