﻿<?xml version="1.0" encoding="UTF-8" standalone="yes"?>
<textImage id="1" width="196" height="40" transcription="تقرير أحمد الشلفي" image="aljazeera_3211-09-22-10_1">
  <ArabicTranscription>تقرير أحمد الشلفي</ArabicTranscription>
  <LatinTranscription>Taaa_B Gaaf_M Raa_E Yaa_B Raa_E SPACE HamzaAboveAlif_I Haaa_B Miim_M Daal_E SPACE Alif_I Laam_B Shiin_M Laam_M Faa_M Yaa_E</LatinTranscription>
  <content>
    <word idWord="1" x="136" transcription="تقرير" LatinTrans="Taaa_B Gaaf_M Raa_E Yaa_B Raa_E">
      <paw idPaw="1" x="157" transcription="تقر" LatinTrans="Taaa_B Gaaf_M Raa_E">
        <lettre idLettre="1" x="182" transcription="ت" LatinTrans="Taaa_B" />
        <lettre idLettre="2" x="167" transcription="ق" LatinTrans="Gaaf_M" />
        <lettre idLettre="3" x="157" transcription="ر" LatinTrans="Raa_E" />
      </paw>
      <paw idPaw="2" x="136" transcription="ير" LatinTrans="Yaa_B Raa_E">
        <lettre idLettre="1" x="146" transcription="ي" LatinTrans="Yaa_B" />
        <lettre idLettre="2" x="136" transcription="ر" LatinTrans="Raa_E" />
      </paw>
    </word>
    <word idWord="2" x="131" transcription=" " LatinTrans="SPACE">
      <paw idPaw="1" x="131" transcription=" " LatinTrans="SPACE">
        <lettre idLettre="1" x="131" transcription=" " LatinTrans="SPACE" />
      </paw>
    </word>
    <word idWord="3" x="83" transcription="أحمد" LatinTrans="HamzaAboveAlif_I Haaa_B Miim_M Daal_E">
      <paw idPaw="1" x="124" transcription="أ" LatinTrans="HamzaAboveAlif_I">
        <lettre idLettre="1" x="124" transcription="أ" LatinTrans="HamzaAboveAlif_I" />
      </paw>
      <paw idPaw="2" x="83" transcription="حمد" LatinTrans="Haaa_B Miim_M Daal_E">
        <lettre idLettre="1" x="109" transcription="ح" LatinTrans="Haaa_B" />
        <lettre idLettre="2" x="96" transcription="م" LatinTrans="Miim_M" />
        <lettre idLettre="3" x="83" transcription="د" LatinTrans="Daal_E" />
      </paw>
    </word>
    <word idWord="4" x="78" transcription=" " LatinTrans="SPACE">
      <paw idPaw="1" x="78" transcription=" " LatinTrans="SPACE">
        <lettre idLettre="1" x="78" transcription=" " LatinTrans="SPACE" />
      </paw>
    </word>
    <word idWord="5" x="0" transcription="الشلفي" LatinTrans="Alif_I Laam_B Shiin_M Laam_M Faa_M Yaa_E">
      <paw idPaw="1" x="72" transcription="ا" LatinTrans="Alif_I">
        <lettre idLettre="1" x="72" transcription="ا" LatinTrans="Alif_I" />
      </paw>
      <paw idPaw="2" x="0" transcription="لشلفي" LatinTrans="Laam_B Shiin_M Laam_M Faa_M Yaa_E">
        <lettre idLettre="1" x="65" transcription="ل" LatinTrans="Laam_B" />
        <lettre idLettre="2" x="46" transcription="ش" LatinTrans="Shiin_M" />
        <lettre idLettre="3" x="36" transcription="ل" LatinTrans="Laam_M" />
        <lettre idLettre="4" x="22" transcription="ف" LatinTrans="Faa_M" />
        <lettre idLettre="5" x="0" transcription="ي" LatinTrans="Yaa_E" />
      </paw>
    </word>
  </content>
</textImage>