﻿<?xml version="1.0" encoding="UTF-8" standalone="yes"?>
<textImage id="1" width="311" height="41" transcription="التعويض العادل لأسر القتلى" image="aljazeera_3211-10-27-50_1">
  <ArabicTranscription>التعويض العادل لأسر القتلى</ArabicTranscription>
  <LatinTranscription>Alif_I Laam_B Taaa_M Ayn_M Waaw_E Yaa_B Daad_E SPACE Alif_I Laam_B Ayn_M Alif_E Daal_I Laam_I SPACE Laam_HamzaAboveAlif Siin_B Raa_E SPACE Alif_I Laam_B Gaaf_M Taaa_M Laam_M AlifBroken_E</LatinTranscription>
  <content>
    <word idWord="1" x="204" transcription="التعويض" LatinTrans="Alif_I Laam_B Taaa_M Ayn_M Waaw_E Yaa_B Daad_E">
      <paw idPaw="1" x="302" transcription="ا" LatinTrans="Alif_I">
        <lettre idLettre="1" x="302" transcription="ا" LatinTrans="Alif_I" />
      </paw>
      <paw idPaw="2" x="258" transcription="لتعو" LatinTrans="Laam_B Taaa_M Ayn_M Waaw_E">
        <lettre idLettre="1" x="295" transcription="ل" LatinTrans="Laam_B" />
        <lettre idLettre="2" x="282" transcription="ت" LatinTrans="Taaa_M" />
        <lettre idLettre="3" x="269" transcription="ع" LatinTrans="Ayn_M" />
        <lettre idLettre="4" x="258" transcription="و" LatinTrans="Waaw_E" />
      </paw>
      <paw idPaw="3" x="204" transcription="يض" LatinTrans="Yaa_B Daad_E">
        <lettre idLettre="1" x="242" transcription="ي" LatinTrans="Yaa_B" />
        <lettre idLettre="2" x="204" transcription="ض" LatinTrans="Daad_E" />
      </paw>
    </word>
    <word idWord="2" x="200" transcription=" " LatinTrans="SPACE">
      <paw idPaw="1" x="200" transcription=" " LatinTrans="SPACE">
        <lettre idLettre="1" x="200" transcription=" " LatinTrans="SPACE" />
      </paw>
    </word>
    <word idWord="3" x="141" transcription="العادل" LatinTrans="Alif_I Laam_B Ayn_M Alif_E Daal_I Laam_I">
      <paw idPaw="1" x="194" transcription="ا" LatinTrans="Alif_I">
        <lettre idLettre="1" x="194" transcription="ا" LatinTrans="Alif_I" />
      </paw>
      <paw idPaw="2" x="166" transcription="لعا" LatinTrans="Laam_B Ayn_M Alif_E">
        <lettre idLettre="1" x="188" transcription="ل" LatinTrans="Laam_B" />
        <lettre idLettre="2" x="172" transcription="ع" LatinTrans="Ayn_M" />
        <lettre idLettre="3" x="166" transcription="ا" LatinTrans="Alif_E" />
      </paw>
      <paw idPaw="3" x="156" transcription="د" LatinTrans="Daal_I">
        <lettre idLettre="1" x="156" transcription="د" LatinTrans="Daal_I" />
      </paw>
      <paw idPaw="4" x="141" transcription="ل" LatinTrans="Laam_I">
        <lettre idLettre="1" x="141" transcription="ل" LatinTrans="Laam_I" />
      </paw>
    </word>
    <word idWord="4" x="138" transcription=" " LatinTrans="SPACE">
      <paw idPaw="1" x="138" transcription=" " LatinTrans="SPACE">
        <lettre idLettre="1" x="138" transcription=" " LatinTrans="SPACE" />
      </paw>
    </word>
    <word idWord="5" x="82" transcription="لأسر" LatinTrans="Laam_HamzaAboveAlif Siin_B Raa_E">
      <paw idPaw="1" x="127" transcription="لأ" LatinTrans="Laam_HamzaAboveAlif">
        <lettre idLettre="1" x="127" transcription="لأ" LatinTrans="Laam_HamzaAboveAlif" />
      </paw>
      <paw idPaw="2" x="82" transcription="سر" LatinTrans="Siin_B Raa_E">
        <lettre idLettre="1" x="106" transcription="س" LatinTrans="Siin_B" />
        <lettre idLettre="2" x="82" transcription="ر" LatinTrans="Raa_E" />
      </paw>
    </word>
    <word idWord="6" x="78" transcription=" " LatinTrans="SPACE">
      <paw idPaw="1" x="78" transcription=" " LatinTrans="SPACE">
        <lettre idLettre="1" x="78" transcription=" " LatinTrans="SPACE" />
      </paw>
    </word>
    <word idWord="7" x="0" transcription="القتلى" LatinTrans="Alif_I Laam_B Gaaf_M Taaa_M Laam_M AlifBroken_E">
      <paw idPaw="1" x="74" transcription="ا" LatinTrans="Alif_I">
        <lettre idLettre="1" x="74" transcription="ا" LatinTrans="Alif_I" />
      </paw>
      <paw idPaw="2" x="0" transcription="لقتلى" LatinTrans="Laam_B Gaaf_M Taaa_M Laam_M AlifBroken_E">
        <lettre idLettre="1" x="68" transcription="ل" LatinTrans="Laam_B" />
        <lettre idLettre="2" x="55" transcription="ق" LatinTrans="Gaaf_M" />
        <lettre idLettre="3" x="44" transcription="ت" LatinTrans="Taaa_M" />
        <lettre idLettre="4" x="36" transcription="ل" LatinTrans="Laam_M" />
        <lettre idLettre="5" x="0" transcription="ى" LatinTrans="AlifBroken_E" />
      </paw>
    </word>
  </content>
</textImage>