﻿<?xml version="1.0" encoding="UTF-8" standalone="yes"?>
<textImage id="2" width="379" height="35" transcription="إجراء تجربة نووية ناجحة تحت الأرض" image="aljazeera_3212-15-06-40_2">
  <ArabicTranscription>إجراء تجربة نووية ناجحة تحت الأرض</ArabicTranscription>
  <LatinTranscription>HamzaOnederAlif_I Jiim_B Raa_E Alif_I Hamza SPACE Taaa_B Jiim_M Raa_E Baa_B TaaaClosed_E SPACE Nuun_B Waaw_E Waaw_I Yaa_B TaaaClosed_E SPACE Nuun_B Alif_E Jiim_B Haaa_M TaaaClosed_E SPACE Taaa_B Haaa_M Taaa_E SPACE Alif_I Laam_HamzaAboveAlif Raa_I Daad_I</LatinTranscription>
  <content>
    <word idWord="1" x="330" transcription="إجراء" LatinTrans="HamzaOnederAlif_I Jiim_B Raa_E Alif_I Hamza">
      <paw idPaw="1" x="369" transcription="إ" LatinTrans="HamzaOnederAlif_I">
        <lettre idLettre="1" x="369" transcription="إ" LatinTrans="HamzaUnderAlif_I" />
      </paw>
      <paw idPaw="2" x="346" transcription="جر" LatinTrans="Jiim_B Raa_E">
        <lettre idLettre="1" x="355" transcription="ج" LatinTrans="Jiim_B" />
        <lettre idLettre="2" x="346" transcription="ر" LatinTrans="Raa_E" />
      </paw>
      <paw idPaw="3" x="342" transcription="ا" LatinTrans="Alif_I">
        <lettre idLettre="1" x="342" transcription="ا" LatinTrans="Alif_I" />
      </paw>
      <paw idPaw="4" x="330" transcription="ء" LatinTrans="Hamza">
        <lettre idLettre="1" x="330" transcription="ء" LatinTrans="Hamza" />
      </paw>
    </word>
    <word idWord="2" x="326" transcription=" " LatinTrans="SPACE">
      <paw idPaw="1" x="326" transcription=" " LatinTrans="SPACE">
        <lettre idLettre="1" x="326" transcription=" " LatinTrans="SPACE" />
      </paw>
    </word>
    <word idWord="3" x="260" transcription="تجربة" LatinTrans="Taaa_B Jiim_M Raa_E Baa_B TaaaClosed_E">
      <paw idPaw="1" x="295" transcription="تجر" LatinTrans="Taaa_B Jiim_M Raa_E">
        <lettre idLettre="1" x="315" transcription="ت" LatinTrans="Taaa_B" />
        <lettre idLettre="2" x="304" transcription="ج" LatinTrans="Jiim_M" />
        <lettre idLettre="3" x="295" transcription="ر" LatinTrans="Raa_E" />
      </paw>
      <paw idPaw="2" x="260" transcription="بة" LatinTrans="Baa_B TaaaClosed_E">
        <lettre idLettre="1" x="281" transcription="ب" LatinTrans="Baa_B" />
        <lettre idLettre="2" x="260" transcription="ة" LatinTrans="TaaaClosed_E" />
      </paw>
    </word>
    <word idWord="4" x="256" transcription=" " LatinTrans="SPACE">
      <paw idPaw="1" x="256" transcription=" " LatinTrans="SPACE">
        <lettre idLettre="1" x="256" transcription=" " LatinTrans="SPACE" />
      </paw>
    </word>
    <word idWord="5" x="189" transcription="نووية" LatinTrans="Nuun_B Waaw_E Waaw_I Yaa_B TaaaClosed_E">
      <paw idPaw="1" x="234" transcription="نو" LatinTrans="Nuun_B Waaw_E">
        <lettre idLettre="1" x="245" transcription="ن" LatinTrans="Nuun_B" />
        <lettre idLettre="2" x="234" transcription="و" LatinTrans="Waaw_E" />
      </paw>
      <paw idPaw="2" x="225" transcription="و" LatinTrans="Waaw_I">
        <lettre idLettre="1" x="225" transcription="و" LatinTrans="Waaw_I" />
      </paw>
      <paw idPaw="3" x="189" transcription="ية" LatinTrans="Yaa_B TaaaClosed_E">
        <lettre idLettre="1" x="212" transcription="ي" LatinTrans="Yaa_B" />
        <lettre idLettre="2" x="189" transcription="ة" LatinTrans="TaaaClosed_E" />
      </paw>
    </word>
    <word idWord="6" x="185" transcription=" " LatinTrans="SPACE">
      <paw idPaw="1" x="185" transcription=" " LatinTrans="SPACE">
        <lettre idLettre="1" x="185" transcription=" " LatinTrans="SPACE" />
      </paw>
    </word>
    <word idWord="7" x="115" transcription="ناجحة" LatinTrans="Nuun_B Alif_E Jiim_B Haaa_M TaaaClosed_E">
      <paw idPaw="1" x="168" transcription="نا" LatinTrans="Nuun_B Alif_E">
        <lettre idLettre="1" x="175" transcription="ن" LatinTrans="Nuun_B" />
        <lettre idLettre="2" x="168" transcription="ا" LatinTrans="Alif_E" />
      </paw>
      <paw idPaw="2" x="115" transcription="جحة" LatinTrans="Jiim_B Haaa_M TaaaClosed_E">
        <lettre idLettre="1" x="155" transcription="ج" LatinTrans="Jiim_B" />
        <lettre idLettre="2" x="137" transcription="ح" LatinTrans="Haaa_M" />
        <lettre idLettre="3" x="115" transcription="ة" LatinTrans="TaaaClosed_E" />
      </paw>
    </word>
    <word idWord="8" x="111" transcription=" " LatinTrans="SPACE">
      <paw idPaw="1" x="111" transcription=" " LatinTrans="SPACE">
        <lettre idLettre="1" x="111" transcription=" " LatinTrans="SPACE" />
      </paw>
    </word>
    <word idWord="9" x="55" transcription="تحت" LatinTrans="Taaa_B Haaa_M Taaa_E">
      <paw idPaw="1" x="55" transcription="تحت" LatinTrans="Taaa_B Haaa_M Taaa_E">
        <lettre idLettre="1" x="99" transcription="ت" LatinTrans="Taaa_B" />
        <lettre idLettre="2" x="83" transcription="ح" LatinTrans="Haaa_M" />
        <lettre idLettre="3" x="55" transcription="ت" LatinTrans="Taaa_E" />
      </paw>
    </word>
    <word idWord="10" x="53" transcription=" " LatinTrans="SPACE">
      <paw idPaw="1" x="53" transcription=" " LatinTrans="SPACE">
        <lettre idLettre="1" x="53" transcription=" " LatinTrans="SPACE" />
      </paw>
    </word>
    <word idWord="11" x="0" transcription="الأرض" LatinTrans="Alif_I Laam_HamzaAboveAlif Raa_I Daad_I">
      <paw idPaw="1" x="47" transcription="ا" LatinTrans="Alif_I">
        <lettre idLettre="1" x="47" transcription="ا" LatinTrans="Alif_I" />
      </paw>
      <paw idPaw="2" x="36" transcription="لأ" LatinTrans="Laam_HamzaAboveAlif">
        <lettre idLettre="1" x="36" transcription="لأ" LatinTrans="Laam_HamzaAboveAlif" />
      </paw>
      <paw idPaw="3" x="29" transcription="ر" LatinTrans="Raa_I">
        <lettre idLettre="1" x="29" transcription="ر" LatinTrans="Raa_I" />
      </paw>
      <paw idPaw="4" x="0" transcription="ض" LatinTrans="Daad_I">
        <lettre idLettre="1" x="0" transcription="ض" LatinTrans="Daad_I" />
      </paw>
    </word>
  </content>
</textImage>