﻿<?xml version="1.0" encoding="UTF-8" standalone="yes"?>
<textImage id="1" width="137" height="32" transcription="عامر العريض" image="aljazeera_3211-10-09-40_1">
  <ArabicTranscription>عامر العريض</ArabicTranscription>
  <LatinTranscription>Ayn_B Alif_E Miim_B Raa_E SPACE Alif_I Laam_B Ayn_M Raa_E Yaa_B Daad_E</LatinTranscription>
  <content>
    <word idWord="1" x="87" transcription="عامر" LatinTrans="Ayn_B Alif_E Miim_B Raa_E">
      <paw idPaw="1" x="111" transcription="عا" LatinTrans="Ayn_B Alif_E">
        <lettre idLettre="1" x="118" transcription="ع" LatinTrans="Ayn_B" />
        <lettre idLettre="2" x="111" transcription="ا" LatinTrans="Alif_E" />
      </paw>
      <paw idPaw="2" x="87" transcription="مر" LatinTrans="Miim_B Raa_E">
        <lettre idLettre="1" x="98" transcription="م" LatinTrans="Miim_B" />
        <lettre idLettre="2" x="87" transcription="ر" LatinTrans="Raa_E" />
      </paw>
    </word>
    <word idWord="2" x="84" transcription=" " LatinTrans="SPACE">
      <paw idPaw="1" x="84" transcription=" " LatinTrans="SPACE">
        <lettre idLettre="1" x="84" transcription=" " LatinTrans="SPACE" />
      </paw>
    </word>
    <word idWord="3" x="0" transcription="العريض" LatinTrans="Alif_I Laam_B Ayn_M Raa_E Yaa_B Daad_E">
      <paw idPaw="1" x="76" transcription="ا" LatinTrans="Alif_I">
        <lettre idLettre="1" x="76" transcription="ا" LatinTrans="Alif_I" />
      </paw>
      <paw idPaw="2" x="44" transcription="لعر" LatinTrans="Laam_B Ayn_M Raa_E">
        <lettre idLettre="1" x="69" transcription="ل" LatinTrans="Laam_B" />
        <lettre idLettre="2" x="54" transcription="ع" LatinTrans="Ayn_M" />
        <lettre idLettre="3" x="44" transcription="ر" LatinTrans="Raa_E" />
      </paw>
      <paw idPaw="3" x="0" transcription="يض" LatinTrans="Yaa_B Daad_E">
        <lettre idLettre="1" x="32" transcription="ي" LatinTrans="Yaa_B" />
        <lettre idLettre="2" x="0" transcription="ض" LatinTrans="Daad_E" />
      </paw>
    </word>
  </content>
</textImage>