﻿<?xml version="1.0" encoding="UTF-8" standalone="yes"?>
<textImage id="1" width="488" height="51" transcription="بدء وزارة العدل إعداد مشروع قانون" image="aljazeera_3213-05-32-10_1">
  <ArabicTranscription>بدء وزارة العدل إعداد مشروع قانون</ArabicTranscription>
  <LatinTranscription>Baa_B Daal_E Hamza SPACE Waaw_I Zaay_I Alif_I Raa_I TaaaClosed_I SPACE Alif_I Laam_B Ayn_M Daal_E Laam_I SPACE HamzaOnederAlif_I Ayn_B Daal_E Alif_I Daal_I SPACE Miim_B Shiin_M Raa_E Waaw_I Ayn_I SPACE Gaaf_B Alif_E Nuun_B Waaw_E Nuun_I</LatinTranscription>
  <content>
    <word idWord="1" x="433" transcription="بدء" LatinTrans="Baa_B Daal_E Hamza">
      <paw idPaw="1" x="447" transcription="بد" LatinTrans="Baa_B Daal_E">
        <lettre idLettre="1" x="469" transcription="ب" LatinTrans="Baa_B" />
        <lettre idLettre="2" x="447" transcription="د" LatinTrans="Daal_E" />
      </paw>
      <paw idPaw="2" x="433" transcription="ء" LatinTrans="Hamza">
        <lettre idLettre="1" x="433" transcription="ء" LatinTrans="Hamza" />
      </paw>
    </word>
    <word idWord="2" x="426" transcription=" " LatinTrans="SPACE">
      <paw idPaw="1" x="426" transcription=" " LatinTrans="SPACE">
        <lettre idLettre="1" x="426" transcription=" " LatinTrans="SPACE" />
      </paw>
    </word>
    <word idWord="3" x="361" transcription="وزارة" LatinTrans="Waaw_I Zaay_I Alif_I Raa_I TaaaClosed_I">
      <paw idPaw="1" x="410" transcription="و" LatinTrans="Waaw_I">
        <lettre idLettre="1" x="410" transcription="و" LatinTrans="Waaw_I" />
      </paw>
      <paw idPaw="2" x="397" transcription="ز" LatinTrans="Zaay_I">
        <lettre idLettre="1" x="397" transcription="ز" LatinTrans="Zaay_I" />
      </paw>
      <paw idPaw="3" x="390" transcription="ا" LatinTrans="Alif_I">
        <lettre idLettre="1" x="390" transcription="ا" LatinTrans="Alif_I" />
      </paw>
      <paw idPaw="4" x="376" transcription="ر" LatinTrans="Raa_I">
        <lettre idLettre="1" x="376" transcription="ر" LatinTrans="Raa_I" />
      </paw>
      <paw idPaw="5" x="361" transcription="ة" LatinTrans="TaaaClosed_I">
        <lettre idLettre="1" x="361" transcription="ة" LatinTrans="TaaaClosed_I" />
      </paw>
    </word>
    <word idWord="4" x="353" transcription=" " LatinTrans="SPACE">
      <paw idPaw="1" x="353" transcription=" " LatinTrans="SPACE">
        <lettre idLettre="1" x="353" transcription=" " LatinTrans="SPACE" />
      </paw>
    </word>
    <word idWord="5" x="270" transcription="العدل" LatinTrans="Alif_I Laam_B Ayn_M Daal_E Laam_I">
      <paw idPaw="1" x="346" transcription="ا" LatinTrans="Alif_I">
        <lettre idLettre="1" x="346" transcription="ا" LatinTrans="Alif_I" />
      </paw>
      <paw idPaw="2" x="291" transcription="لعد" LatinTrans="Laam_B Ayn_M Daal_E">
        <lettre idLettre="1" x="335" transcription="ل" LatinTrans="Laam_B" />
        <lettre idLettre="2" x="310" transcription="ع" LatinTrans="Ayn_M" />
        <lettre idLettre="3" x="291" transcription="د" LatinTrans="Daal_E" />
      </paw>
      <paw idPaw="3" x="270" transcription="ل" LatinTrans="Laam_I">
        <lettre idLettre="1" x="270" transcription="ل" LatinTrans="Laam_I" />
      </paw>
    </word>
    <word idWord="6" x="264" transcription=" " LatinTrans="SPACE">
      <paw idPaw="1" x="264" transcription=" " LatinTrans="SPACE">
        <lettre idLettre="1" x="264" transcription=" " LatinTrans="SPACE" />
      </paw>
    </word>
    <word idWord="7" x="192" transcription="إعداد" LatinTrans="HamzaOnederAlif_I Ayn_B Daal_E Alif_I Daal_I">
      <paw idPaw="1" x="256" transcription="إ" LatinTrans="HamzaOnederAlif_I">
        <lettre idLettre="1" x="256" transcription="إ" LatinTrans="HamzaUnderAlif_I" />
      </paw>
      <paw idPaw="2" x="215" transcription="عد" LatinTrans="Ayn_B Daal_E">
        <lettre idLettre="1" x="235" transcription="ع" LatinTrans="Ayn_B" />
        <lettre idLettre="2" x="215" transcription="د" LatinTrans="Daal_E" />
      </paw>
      <paw idPaw="3" x="209" transcription="ا" LatinTrans="Alif_I">
        <lettre idLettre="1" x="209" transcription="ا" LatinTrans="Alif_I" />
      </paw>
      <paw idPaw="4" x="192" transcription="د" LatinTrans="Daal_I">
        <lettre idLettre="1" x="192" transcription="د" LatinTrans="Daal_I" />
      </paw>
    </word>
    <word idWord="8" x="186" transcription=" " LatinTrans="SPACE">
      <paw idPaw="1" x="186" transcription=" " LatinTrans="SPACE">
        <lettre idLettre="1" x="186" transcription=" " LatinTrans="SPACE" />
      </paw>
    </word>
    <word idWord="9" x="93" transcription="مشروع" LatinTrans="Miim_B Shiin_M Raa_E Waaw_I Ayn_I">
      <paw idPaw="1" x="128" transcription="مشر" LatinTrans="Miim_B Shiin_M Raa_E">
        <lettre idLettre="1" x="169" transcription="م" LatinTrans="Miim_B" />
        <lettre idLettre="2" x="144" transcription="ش" LatinTrans="Shiin_M" />
        <lettre idLettre="3" x="128" transcription="ر" LatinTrans="Raa_E" />
      </paw>
      <paw idPaw="2" x="113" transcription="و" LatinTrans="Waaw_I">
        <lettre idLettre="1" x="113" transcription="و" LatinTrans="Waaw_I" />
      </paw>
      <paw idPaw="3" x="93" transcription="ع" LatinTrans="Ayn_I">
        <lettre idLettre="1" x="93" transcription="ع" LatinTrans="Ayn_I" />
      </paw>
    </word>
    <word idWord="10" x="85" transcription=" " LatinTrans="SPACE">
      <paw idPaw="1" x="85" transcription=" " LatinTrans="SPACE">
        <lettre idLettre="1" x="85" transcription=" " LatinTrans="SPACE" />
      </paw>
    </word>
    <word idWord="11" x="0" transcription="قانون" LatinTrans="Gaaf_B Alif_E Nuun_B Waaw_E Nuun_I">
      <paw idPaw="1" x="55" transcription="قا" LatinTrans="Gaaf_B Alif_E">
        <lettre idLettre="1" x="65" transcription="ق" LatinTrans="Gaaf_B" />
        <lettre idLettre="2" x="55" transcription="ا" LatinTrans="Alif_E" />
      </paw>
      <paw idPaw="2" x="24" transcription="نو" LatinTrans="Nuun_B Waaw_E">
        <lettre idLettre="1" x="41" transcription="ن" LatinTrans="Nuun_B" />
        <lettre idLettre="2" x="24" transcription="و" LatinTrans="Waaw_E" />
      </paw>
      <paw idPaw="3" x="0" transcription="ن" LatinTrans="Nuun_I">
        <lettre idLettre="1" x="0" transcription="ن" LatinTrans="Nuun_I" />
      </paw>
    </word>
  </content>
</textImage>