﻿<?xml version="1.0" encoding="UTF-8" standalone="yes"?>
<textImage id="1" width="288" height="29" transcription="انتخاب بابا جديد" image="aljazeera_3211-12-33-00_1">
  <ArabicTranscription>انتخاب بابا جديد</ArabicTranscription>
  <LatinTranscription>Alif_I Nuun_B Taaa_M Xaa_M Alif_E Baa_I SPACE Baa_B Alif_E Baa_B Alif_E SPACE Jiim_B Daal_E Yaa_B Daal_E</LatinTranscription>
  <content>
    <word idWord="1" x="181" transcription="انتخاب" LatinTrans="Alif_I Nuun_B Taaa_M Xaa_M Alif_E Baa_I">
      <paw idPaw="1" x="279" transcription="ا" LatinTrans="Alif_I">
        <lettre idLettre="1" x="279" transcription="ا" LatinTrans="Alif_I" />
      </paw>
      <paw idPaw="2" x="200" transcription="نتخا" LatinTrans="Nuun_B Taaa_M Xaa_M Alif_E">
        <lettre idLettre="1" x="265" transcription="ن" LatinTrans="Nuun_B" />
        <lettre idLettre="2" x="237" transcription="ت" LatinTrans="Taaa_M" />
        <lettre idLettre="3" x="212" transcription="خ" LatinTrans="Xaa_M" />
        <lettre idLettre="4" x="200" transcription="ا" LatinTrans="Alif_E" />
      </paw>
      <paw idPaw="3" x="181" transcription="ب" LatinTrans="Baa_I">
        <lettre idLettre="1" x="181" transcription="ب" LatinTrans="Baa_I" />
      </paw>
    </word>
    <word idWord="2" x="178" transcription=" " LatinTrans="SPACE">
      <paw idPaw="1" x="178" transcription=" " LatinTrans="SPACE">
        <lettre idLettre="1" x="178" transcription=" " LatinTrans="SPACE" />
      </paw>
    </word>
    <word idWord="3" x="101" transcription="بابا" LatinTrans="Baa_B Alif_E Baa_B Alif_E">
      <paw idPaw="1" x="148" transcription="با" LatinTrans="Baa_B Alif_E">
        <lettre idLettre="1" x="160" transcription="ب" LatinTrans="Baa_B" />
        <lettre idLettre="2" x="148" transcription="ا" LatinTrans="Alif_E" />
      </paw>
      <paw idPaw="2" x="101" transcription="با" LatinTrans="Baa_B Alif_E">
        <lettre idLettre="1" x="133" transcription="ب" LatinTrans="Baa_B" />
        <lettre idLettre="2" x="101" transcription="ا" LatinTrans="Alif_E" />
      </paw>
    </word>
    <word idWord="4" x="97" transcription=" " LatinTrans="SPACE">
      <paw idPaw="1" x="97" transcription=" " LatinTrans="SPACE">
        <lettre idLettre="1" x="97" transcription=" " LatinTrans="SPACE" />
      </paw>
    </word>
    <word idWord="5" x="0" transcription="جديد" LatinTrans="Jiim_B Daal_E Yaa_B Daal_E">
      <paw idPaw="1" x="57" transcription="جد" LatinTrans="Jiim_B Daal_E">
        <lettre idLettre="1" x="75" transcription="ج" LatinTrans="Jiim_B" />
        <lettre idLettre="2" x="57" transcription="د" LatinTrans="Daal_E" />
      </paw>
      <paw idPaw="2" x="0" transcription="يد" LatinTrans="Yaa_B Daal_E">
        <lettre idLettre="1" x="41" transcription="ي" LatinTrans="Yaa_B" />
        <lettre idLettre="2" x="0" transcription="د" LatinTrans="Daal_E" />
      </paw>
    </word>
  </content>
</textImage>