﻿<?xml version="1.0" encoding="UTF-8" standalone="yes"?>
<textImage id="1" width="199" height="88" transcription="بقي الشعب" image="aljazeera_3211-11-54-20_1">
  <ArabicTranscription>بقي الشعب</ArabicTranscription>
  <LatinTranscription>Baa_B Gaaf_M Yaa_E SPACE Alif_I Laam_B Shiin_M Ayn_M Baa_E</LatinTranscription>
  <content>
    <word idWord="1" x="128" transcription="بقي" LatinTrans="Baa_B Gaaf_M Yaa_E">
      <paw idPaw="1" x="128" transcription="بقي" LatinTrans="Baa_B Gaaf_M Yaa_E">
        <lettre idLettre="1" x="181" transcription="ب" LatinTrans="Baa_B" />
        <lettre idLettre="2" x="159" transcription="ق" LatinTrans="Gaaf_M" />
        <lettre idLettre="3" x="128" transcription="ي" LatinTrans="Yaa_E" />
      </paw>
    </word>
    <word idWord="2" x="122" transcription=" " LatinTrans="SPACE">
      <paw idPaw="1" x="122" transcription=" " LatinTrans="SPACE">
        <lettre idLettre="1" x="122" transcription=" " LatinTrans="SPACE" />
      </paw>
    </word>
    <word idWord="3" x="0" transcription="الشعب" LatinTrans="Alif_I Laam_B Shiin_M Ayn_M Baa_E">
      <paw idPaw="1" x="112" transcription="ا" LatinTrans="Alif_I">
        <lettre idLettre="1" x="112" transcription="ا" LatinTrans="Alif_I" />
      </paw>
      <paw idPaw="2" x="0" transcription="لشعب" LatinTrans="Laam_B Shiin_M Ayn_M Baa_E">
        <lettre idLettre="1" x="104" transcription="ل" LatinTrans="Laam_B" />
        <lettre idLettre="2" x="70" transcription="ش" LatinTrans="Shiin_M" />
        <lettre idLettre="3" x="42" transcription="ع" LatinTrans="Ayn_M" />
        <lettre idLettre="4" x="0" transcription="ب" LatinTrans="Baa_E" />
      </paw>
    </word>
  </content>
</textImage>