﻿<?xml version="1.0" encoding="UTF-8" standalone="yes"?>
<textImage id="1" width="364" height="33" transcription="جرحى بينهم نائب في البرلمان اليمني" image="aljazeera_3212-17-11-30_1">
  <ArabicTranscription>جرحى بينهم نائب في البرلمان اليمني</ArabicTranscription>
  <LatinTranscription>Jiim_B Raa_E Haaa_B AlifBroken_E SPACE Baa_B Yaa_M Nuun_M Haa_M Miim_E SPACE Nuun_B Alif_E HamzaAboveAlifBroken_B Baa_E SPACE Faa_B Yaa_E SPACE Alif_I Laam_B Baa_M Raa_E Laam_B Miim_M Alif_E Nuun_I SPACE Alif_I Laam_B Yaa_M Miim_M Nuun_M Yaa_E</LatinTranscription>
  <content>
    <word idWord="1" x="308" transcription="جرحى" LatinTrans="Jiim_B Raa_E Haaa_B AlifBroken_E">
      <paw idPaw="1" x="338" transcription="جر" LatinTrans="Jiim_B Raa_E">
        <lettre idLettre="1" x="346" transcription="ج" LatinTrans="Jiim_B" />
        <lettre idLettre="2" x="338" transcription="ر" LatinTrans="Raa_E" />
      </paw>
      <paw idPaw="2" x="308" transcription="حى" LatinTrans="Haaa_B AlifBroken_E">
        <lettre idLettre="1" x="324" transcription="ح" LatinTrans="Haaa_B" />
        <lettre idLettre="2" x="308" transcription="ى" LatinTrans="AlifBroken_E" />
      </paw>
    </word>
    <word idWord="2" x="304" transcription=" " LatinTrans="SPACE">
      <paw idPaw="1" x="304" transcription=" " LatinTrans="SPACE">
        <lettre idLettre="1" x="304" transcription=" " LatinTrans="SPACE" />
      </paw>
    </word>
    <word idWord="3" x="249" transcription="بينهم" LatinTrans="Baa_B Yaa_M Nuun_M Haa_M Miim_E">
      <paw idPaw="1" x="249" transcription="بينهم" LatinTrans="Baa_B Yaa_M Nuun_M Haa_M Miim_E">
        <lettre idLettre="1" x="295" transcription="ب" LatinTrans="Baa_B" />
        <lettre idLettre="2" x="282" transcription="ي" LatinTrans="Yaa_M" />
        <lettre idLettre="3" x="276" transcription="ن" LatinTrans="Nuun_M" />
        <lettre idLettre="4" x="264" transcription="ه" LatinTrans="Haa_M" />
        <lettre idLettre="5" x="249" transcription="م" LatinTrans="Miim_E" />
      </paw>
    </word>
    <word idWord="4" x="245" transcription=" " LatinTrans="SPACE">
      <paw idPaw="1" x="245" transcription=" " LatinTrans="SPACE">
        <lettre idLettre="1" x="245" transcription=" " LatinTrans="SPACE" />
      </paw>
    </word>
    <word idWord="5" x="201" transcription="نائب" LatinTrans="Nuun_B Alif_E HamzaAboveAlifBroken_B Baa_E">
      <paw idPaw="1" x="230" transcription="نا" LatinTrans="Nuun_B Alif_E">
        <lettre idLettre="1" x="235" transcription="ن" LatinTrans="Nuun_B" />
        <lettre idLettre="2" x="230" transcription="ا" LatinTrans="Alif_E" />
      </paw>
      <paw idPaw="2" x="201" transcription="ئب" LatinTrans="HamzaAboveAlifBroken_B Baa_E">
        <lettre idLettre="1" x="220" transcription="ئ" LatinTrans="HamzaAboveAlifBroken_B" />
        <lettre idLettre="2" x="201" transcription="ب" LatinTrans="Baa_E" />
      </paw>
    </word>
    <word idWord="6" x="197" transcription=" " LatinTrans="SPACE">
      <paw idPaw="1" x="197" transcription=" " LatinTrans="SPACE">
        <lettre idLettre="1" x="197" transcription=" " LatinTrans="SPACE" />
      </paw>
    </word>
    <word idWord="7" x="153" transcription="في" LatinTrans="Faa_B Yaa_E">
      <paw idPaw="1" x="153" transcription="في" LatinTrans="Faa_B Yaa_E">
        <lettre idLettre="1" x="182" transcription="ف" LatinTrans="Faa_B" />
        <lettre idLettre="2" x="153" transcription="ي" LatinTrans="Yaa_E" />
      </paw>
    </word>
    <word idWord="8" x="149" transcription=" " LatinTrans="SPACE">
      <paw idPaw="1" x="149" transcription=" " LatinTrans="SPACE">
        <lettre idLettre="1" x="149" transcription=" " LatinTrans="SPACE" />
      </paw>
    </word>
    <word idWord="9" x="80" transcription="البرلمان" LatinTrans="Alif_I Laam_B Baa_M Raa_E Laam_B Miim_M Alif_E Nuun_I">
      <paw idPaw="1" x="144" transcription="ا" LatinTrans="Alif_I">
        <lettre idLettre="1" x="144" transcription="ا" LatinTrans="Alif_I" />
      </paw>
      <paw idPaw="2" x="120" transcription="لبر" LatinTrans="Laam_B Baa_M Raa_E">
        <lettre idLettre="1" x="138" transcription="ل" LatinTrans="Laam_B" />
        <lettre idLettre="2" x="128" transcription="ب" LatinTrans="Baa_M" />
        <lettre idLettre="3" x="120" transcription="ر" LatinTrans="Raa_E" />
      </paw>
      <paw idPaw="3" x="96" transcription="لما" LatinTrans="Laam_B Miim_M Alif_E">
        <lettre idLettre="1" x="115" transcription="ل" LatinTrans="Laam_B" />
        <lettre idLettre="2" x="101" transcription="م" LatinTrans="Miim_M" />
        <lettre idLettre="3" x="96" transcription="ا" LatinTrans="Alif_E" />
      </paw>
      <paw idPaw="4" x="80" transcription="ن" LatinTrans="Nuun_I">
        <lettre idLettre="1" x="80" transcription="ن" LatinTrans="Nuun_I" />
      </paw>
    </word>
    <word idWord="10" x="76" transcription=" " LatinTrans="SPACE">
      <paw idPaw="1" x="76" transcription=" " LatinTrans="SPACE">
        <lettre idLettre="1" x="76" transcription=" " LatinTrans="SPACE" />
      </paw>
    </word>
    <word idWord="11" x="0" transcription="اليمني" LatinTrans="Alif_I Laam_B Yaa_M Miim_M Nuun_M Yaa_E">
      <paw idPaw="1" x="71" transcription="ا" LatinTrans="Alif_I">
        <lettre idLettre="1" x="71" transcription="ا" LatinTrans="Alif_I" />
      </paw>
      <paw idPaw="2" x="0" transcription="ليمني" LatinTrans="Laam_B Yaa_M Miim_M Nuun_M Yaa_E">
        <lettre idLettre="1" x="66" transcription="ل" LatinTrans="Laam_B" />
        <lettre idLettre="2" x="55" transcription="ي" LatinTrans="Yaa_M" />
        <lettre idLettre="3" x="44" transcription="م" LatinTrans="Miim_M" />
        <lettre idLettre="4" x="30" transcription="ن" LatinTrans="Nuun_M" />
        <lettre idLettre="5" x="0" transcription="ي" LatinTrans="Yaa_E" />
      </paw>
    </word>
  </content>
</textImage>