﻿<?xml version="1.0" encoding="UTF-8" standalone="yes"?>
<textImage id="1" width="426" height="45" transcription="التحدي الثاني هو السياسي الداخلي" image="aljazeera_3212-08-41-20_1">
  <ArabicTranscription>التحدي الثاني هو السياسي الداخلي</ArabicTranscription>
  <LatinTranscription>Alif_I Laam_B Taaa_M Haaa_M Daal_E Yaa_I SPACE Alif_I Laam_B Thaa_M Alif_E Nuun_B Yaa_E SPACE Haa_B Waaw_E SPACE Alif_I Laam_B Siin_M Yaa_M Alif_E Siin_B Yaa_E SPACE Alif_I Laam_B Daal_E Alif_I Xaa_B Laam_M Yaa_E</LatinTranscription>
  <content>
    <word idWord="1" x="340" transcription="التحدي" LatinTrans="Alif_I Laam_B Taaa_M Haaa_M Daal_E Yaa_I">
      <paw idPaw="1" x="416" transcription="ا" LatinTrans="Alif_I">
        <lettre idLettre="1" x="416" transcription="ا" LatinTrans="Alif_I" />
      </paw>
      <paw idPaw="2" x="362" transcription="لتحد" LatinTrans="Laam_B Taaa_M Haaa_M Daal_E">
        <lettre idLettre="1" x="408" transcription="ل" LatinTrans="Laam_B" />
        <lettre idLettre="2" x="394" transcription="ت" LatinTrans="Taaa_M" />
        <lettre idLettre="3" x="374" transcription="ح" LatinTrans="Haaa_M" />
        <lettre idLettre="4" x="362" transcription="د" LatinTrans="Daal_E" />
      </paw>
      <paw idPaw="3" x="340" transcription="ي" LatinTrans="Yaa_I">
        <lettre idLettre="1" x="340" transcription="ي" LatinTrans="Yaa_I" />
      </paw>
    </word>
    <word idWord="2" x="336" transcription=" " LatinTrans="SPACE">
      <paw idPaw="1" x="336" transcription=" " LatinTrans="SPACE">
        <lettre idLettre="1" x="336" transcription=" " LatinTrans="SPACE" />
      </paw>
    </word>
    <word idWord="3" x="265" transcription="الثاني" LatinTrans="Alif_I Laam_B Thaa_M Alif_E Nuun_B Yaa_E">
      <paw idPaw="1" x="327" transcription="ا" LatinTrans="Alif_I">
        <lettre idLettre="1" x="327" transcription="ا" LatinTrans="Alif_I" />
      </paw>
      <paw idPaw="2" x="297" transcription="لثا" LatinTrans="Laam_B Thaa_M Alif_E">
        <lettre idLettre="1" x="322" transcription="ل" LatinTrans="Laam_B" />
        <lettre idLettre="2" x="307" transcription="ث" LatinTrans="Thaa_M" />
        <lettre idLettre="3" x="297" transcription="ا" LatinTrans="Alif_E" />
      </paw>
      <paw idPaw="3" x="265" transcription="ني" LatinTrans="Nuun_B Yaa_E">
        <lettre idLettre="1" x="281" transcription="ن" LatinTrans="Nuun_B" />
        <lettre idLettre="2" x="265" transcription="ي" LatinTrans="Yaa_E" />
      </paw>
    </word>
    <word idWord="4" x="257" transcription=" " LatinTrans="SPACE">
      <paw idPaw="1" x="257" transcription=" " LatinTrans="SPACE">
        <lettre idLettre="1" x="257" transcription=" " LatinTrans="SPACE" />
      </paw>
    </word>
    <word idWord="5" x="221" transcription="هو" LatinTrans="Haa_B Waaw_E">
      <paw idPaw="1" x="221" transcription="هو" LatinTrans="Haa_B Waaw_E">
        <lettre idLettre="1" x="237" transcription="ه" LatinTrans="Haa_B" />
        <lettre idLettre="2" x="221" transcription="و" LatinTrans="Waaw_E" />
      </paw>
    </word>
    <word idWord="6" x="215" transcription=" " LatinTrans="SPACE">
      <paw idPaw="1" x="215" transcription=" " LatinTrans="SPACE">
        <lettre idLettre="1" x="215" transcription=" " LatinTrans="SPACE" />
      </paw>
    </word>
    <word idWord="7" x="109" transcription="السياسي" LatinTrans="Alif_I Laam_B Siin_M Yaa_M Alif_E Siin_B Yaa_E">
      <paw idPaw="1" x="207" transcription="ا" LatinTrans="Alif_I">
        <lettre idLettre="1" x="207" transcription="ا" LatinTrans="Alif_I" />
      </paw>
      <paw idPaw="2" x="152" transcription="لسيا" LatinTrans="Laam_B Siin_M Yaa_M Alif_E">
        <lettre idLettre="1" x="200" transcription="ل" LatinTrans="Laam_B" />
        <lettre idLettre="2" x="175" transcription="س" LatinTrans="Siin_M" />
        <lettre idLettre="3" x="160" transcription="ي" LatinTrans="Yaa_M" />
        <lettre idLettre="4" x="152" transcription="ا" LatinTrans="Alif_E" />
      </paw>
      <paw idPaw="3" x="109" transcription="سي" LatinTrans="Siin_B Yaa_E">
        <lettre idLettre="1" x="129" transcription="س" LatinTrans="Siin_B" />
        <lettre idLettre="2" x="109" transcription="ي" LatinTrans="Yaa_E" />
      </paw>
    </word>
    <word idWord="8" x="102" transcription=" " LatinTrans="SPACE">
      <paw idPaw="1" x="102" transcription=" " LatinTrans="SPACE">
        <lettre idLettre="1" x="102" transcription=" " LatinTrans="SPACE" />
      </paw>
    </word>
    <word idWord="9" x="0" transcription="الداخلي" LatinTrans="Alif_I Laam_B Daal_E Alif_I Xaa_B Laam_M Yaa_E">
      <paw idPaw="1" x="96" transcription="ا" LatinTrans="Alif_I">
        <lettre idLettre="1" x="96" transcription="ا" LatinTrans="Alif_I" />
      </paw>
      <paw idPaw="2" x="73" transcription="لد" LatinTrans="Laam_B Daal_E">
        <lettre idLettre="1" x="88" transcription="ل" LatinTrans="Laam_B" />
        <lettre idLettre="2" x="73" transcription="د" LatinTrans="Daal_E" />
      </paw>
      <paw idPaw="3" x="64" transcription="ا" LatinTrans="Alif_I">
        <lettre idLettre="1" x="64" transcription="ا" LatinTrans="Alif_I" />
      </paw>
      <paw idPaw="4" x="0" transcription="خلي" LatinTrans="Xaa_B Laam_M Yaa_E">
        <lettre idLettre="1" x="44" transcription="خ" LatinTrans="Xaa_B" />
        <lettre idLettre="2" x="34" transcription="ل" LatinTrans="Laam_M" />
        <lettre idLettre="3" x="0" transcription="ي" LatinTrans="Yaa_E" />
      </paw>
    </word>
  </content>
</textImage>