﻿<?xml version="1.0" encoding="UTF-8" standalone="yes"?>
<textImage id="2" width="227" height="32" transcription="شخصا قتلوا امس الاثنين" image="aljazeera_3212-05-08-50_2">
  <ArabicTranscription>شخصا قتلوا امس الاثنين</ArabicTranscription>
  <LatinTranscription>Shiin_B Xaa_M Saad_M Alif_E SPACE Gaaf_B Taaa_M Laam_M Waaw_E Alif_I SPACE Alif_I Miim_B Siin_E SPACE Alif_I Laam_Alif Thaa_B Nuun_M Yaa_M Nuun_E</LatinTranscription>
  <content>
    <word idWord="1" x="164" transcription="شخصا" LatinTrans="Shiin_B Xaa_M Saad_M Alif_E">
      <paw idPaw="1" x="164" transcription="شخصا" LatinTrans="Shiin_B Xaa_M Saad_M Alif_E">
        <lettre idLettre="1" x="205" transcription="ش" LatinTrans="Shiin_B" />
        <lettre idLettre="2" x="192" transcription="خ" LatinTrans="Xaa_M" />
        <lettre idLettre="3" x="171" transcription="ص" LatinTrans="Saad_M" />
        <lettre idLettre="4" x="164" transcription="ا" LatinTrans="Alif_E" />
      </paw>
    </word>
    <word idWord="2" x="161" transcription=" " LatinTrans="SPACE">
      <paw idPaw="1" x="161" transcription=" " LatinTrans="SPACE">
        <lettre idLettre="1" x="161" transcription=" " LatinTrans="SPACE" />
      </paw>
    </word>
    <word idWord="3" x="112" transcription="قتلوا" LatinTrans="Gaaf_B Taaa_M Laam_M Waaw_E Alif_I">
      <paw idPaw="1" x="119" transcription="قتلو" LatinTrans="Gaaf_B Taaa_M Laam_M Waaw_E">
        <lettre idLettre="1" x="148" transcription="ق" LatinTrans="Gaaf_B" />
        <lettre idLettre="2" x="137" transcription="ت" LatinTrans="Taaa_M" />
        <lettre idLettre="3" x="131" transcription="ل" LatinTrans="Laam_M" />
        <lettre idLettre="4" x="119" transcription="و" LatinTrans="Waaw_E" />
      </paw>
      <paw idPaw="2" x="112" transcription="ا" LatinTrans="Alif_I">
        <lettre idLettre="1" x="112" transcription="ا" LatinTrans="Alif_I" />
      </paw>
    </word>
    <word idWord="4" x="109" transcription=" " LatinTrans="SPACE">
      <paw idPaw="1" x="109" transcription=" " LatinTrans="SPACE">
        <lettre idLettre="1" x="109" transcription=" " LatinTrans="SPACE" />
      </paw>
    </word>
    <word idWord="5" x="67" transcription="امس" LatinTrans="Alif_I Miim_B Siin_E">
      <paw idPaw="1" x="103" transcription="ا" LatinTrans="Alif_I">
        <lettre idLettre="1" x="103" transcription="ا" LatinTrans="Alif_I" />
      </paw>
      <paw idPaw="2" x="67" transcription="مس" LatinTrans="Miim_B Siin_E">
        <lettre idLettre="1" x="93" transcription="م" LatinTrans="Miim_B" />
        <lettre idLettre="2" x="67" transcription="س" LatinTrans="Siin_E" />
      </paw>
    </word>
    <word idWord="6" x="63" transcription=" " LatinTrans="SPACE">
      <paw idPaw="1" x="63" transcription=" " LatinTrans="SPACE">
        <lettre idLettre="1" x="63" transcription=" " LatinTrans="SPACE" />
      </paw>
    </word>
    <word idWord="7" x="0" transcription="الاثنين" LatinTrans="Alif_I Laam_Alif Thaa_B Nuun_M Yaa_M Nuun_E">
      <paw idPaw="1" x="56" transcription="ا" LatinTrans="Alif_I">
        <lettre idLettre="1" x="56" transcription="ا" LatinTrans="Alif_I" />
      </paw>
      <paw idPaw="2" x="45" transcription="لا" LatinTrans="Laam_Alif">
        <lettre idLettre="1" x="45" transcription="لا" LatinTrans="Laam_Alif" />
      </paw>
      <paw idPaw="3" x="0" transcription="ثنين" LatinTrans="Thaa_B Nuun_M Yaa_M Nuun_E">
        <lettre idLettre="1" x="36" transcription="ث" LatinTrans="Thaa_B" />
        <lettre idLettre="2" x="28" transcription="ن" LatinTrans="Nuun_M" />
        <lettre idLettre="3" x="17" transcription="ي" LatinTrans="Yaa_M" />
        <lettre idLettre="4" x="0" transcription="ن" LatinTrans="Nuun_E" />
      </paw>
    </word>
  </content>
</textImage>