﻿<?xml version="1.0" encoding="UTF-8" standalone="yes"?>
<textImage id="1" width="325" height="37" transcription="70 ألف عدد قتلى الثورة السورية" image="aljazeera_3212-17-59-50_1">
  <ArabicTranscription>70 ألف عدد قتلى الثورة السورية</ArabicTranscription>
  <LatinTranscription>Zero Seven SPACE HamzaAboveAlif_I Laam_B Faa_E SPACE Ayn_B Daal_E Daal_I SPACE Gaaf_B Taaa_M Laam_M AlifBroken_E SPACE Alif_I Laam_B Thaa_M Waaw_E Raa_I TaaaClosed_I SPACE Alif_I Laam_B Siin_M Waaw_E Raa_I Yaa_B TaaaClosed_E</LatinTranscription>
  <content>
    <word idWord="1" x="294" transcription="70" LatinTrans="Zero Seven">
      <paw idPaw="1" x="308" transcription="0" LatinTrans="Zero">
        <lettre idLettre="1" x="308" transcription="0" LatinTrans="Zero" />
      </paw>
      <paw idPaw="2" x="294" transcription="7" LatinTrans="Seven">
        <lettre idLettre="1" x="294" transcription="7" LatinTrans="Seven" />
      </paw>
    </word>
    <word idWord="2" x="291" transcription=" " LatinTrans="SPACE">
      <paw idPaw="1" x="291" transcription=" " LatinTrans="SPACE">
        <lettre idLettre="1" x="291" transcription=" " LatinTrans="SPACE" />
      </paw>
    </word>
    <word idWord="3" x="252" transcription="ألف" LatinTrans="HamzaAboveAlif_I Laam_B Faa_E">
      <paw idPaw="1" x="284" transcription="أ" LatinTrans="HamzaAboveAlif_I">
        <lettre idLettre="1" x="284" transcription="أ" LatinTrans="HamzaAboveAlif_I" />
      </paw>
      <paw idPaw="2" x="252" transcription="لف" LatinTrans="Laam_B Faa_E">
        <lettre idLettre="1" x="278" transcription="ل" LatinTrans="Laam_B" />
        <lettre idLettre="2" x="252" transcription="ف" LatinTrans="Faa_E" />
      </paw>
    </word>
    <word idWord="4" x="248" transcription=" " LatinTrans="SPACE">
      <paw idPaw="1" x="248" transcription=" " LatinTrans="SPACE">
        <lettre idLettre="1" x="248" transcription=" " LatinTrans="SPACE" />
      </paw>
    </word>
    <word idWord="5" x="206" transcription="عدد" LatinTrans="Ayn_B Daal_E Daal_I">
      <paw idPaw="1" x="221" transcription="عد" LatinTrans="Ayn_B Daal_E">
        <lettre idLettre="1" x="235" transcription="ع" LatinTrans="Ayn_B" />
        <lettre idLettre="2" x="221" transcription="د" LatinTrans="Daal_E" />
      </paw>
      <paw idPaw="2" x="206" transcription="د" LatinTrans="Daal_I">
        <lettre idLettre="1" x="206" transcription="د" LatinTrans="Daal_I" />
      </paw>
    </word>
    <word idWord="6" x="202" transcription=" " LatinTrans="SPACE">
      <paw idPaw="1" x="202" transcription=" " LatinTrans="SPACE">
        <lettre idLettre="1" x="202" transcription=" " LatinTrans="SPACE" />
      </paw>
    </word>
    <word idWord="7" x="150" transcription="قتلى" LatinTrans="Gaaf_B Taaa_M Laam_M AlifBroken_E">
      <paw idPaw="1" x="150" transcription="قتلى" LatinTrans="Gaaf_B Taaa_M Laam_M AlifBroken_E">
        <lettre idLettre="1" x="187" transcription="ق" LatinTrans="Gaaf_B" />
        <lettre idLettre="2" x="176" transcription="ت" LatinTrans="Taaa_M" />
        <lettre idLettre="3" x="169" transcription="ل" LatinTrans="Laam_M" />
        <lettre idLettre="4" x="150" transcription="ى" LatinTrans="AlifBroken_E" />
      </paw>
    </word>
    <word idWord="8" x="148" transcription=" " LatinTrans="SPACE">
      <paw idPaw="1" x="148" transcription=" " LatinTrans="SPACE">
        <lettre idLettre="1" x="148" transcription=" " LatinTrans="SPACE" />
      </paw>
    </word>
    <word idWord="9" x="88" transcription="الثورة" LatinTrans="Alif_I Laam_B Thaa_M Waaw_E Raa_I TaaaClosed_I">
      <paw idPaw="1" x="141" transcription="ا" LatinTrans="Alif_I">
        <lettre idLettre="1" x="141" transcription="ا" LatinTrans="Alif_I" />
      </paw>
      <paw idPaw="2" x="110" transcription="لثو" LatinTrans="Laam_B Thaa_M Waaw_E">
        <lettre idLettre="1" x="134" transcription="ل" LatinTrans="Laam_B" />
        <lettre idLettre="2" x="122" transcription="ث" LatinTrans="Thaa_M" />
        <lettre idLettre="3" x="110" transcription="و" LatinTrans="Waaw_E" />
      </paw>
      <paw idPaw="3" x="101" transcription="ر" LatinTrans="Raa_I">
        <lettre idLettre="1" x="101" transcription="ر" LatinTrans="Raa_I" />
      </paw>
      <paw idPaw="4" x="88" transcription="ة" LatinTrans="TaaaClosed_I">
        <lettre idLettre="1" x="88" transcription="ة" LatinTrans="TaaaClosed_I" />
      </paw>
    </word>
    <word idWord="10" x="85" transcription=" " LatinTrans="SPACE">
      <paw idPaw="1" x="85" transcription=" " LatinTrans="SPACE">
        <lettre idLettre="1" x="85" transcription=" " LatinTrans="SPACE" />
      </paw>
    </word>
    <word idWord="11" x="0" transcription="السورية" LatinTrans="Alif_I Laam_B Siin_M Waaw_E Raa_I Yaa_B TaaaClosed_E">
      <paw idPaw="1" x="77" transcription="ا" LatinTrans="Alif_I">
        <lettre idLettre="1" x="77" transcription="ا" LatinTrans="Alif_I" />
      </paw>
      <paw idPaw="2" x="37" transcription="لسو" LatinTrans="Laam_B Siin_M Waaw_E">
        <lettre idLettre="1" x="71" transcription="ل" LatinTrans="Laam_B" />
        <lettre idLettre="2" x="50" transcription="س" LatinTrans="Siin_M" />
        <lettre idLettre="3" x="37" transcription="و" LatinTrans="Waaw_E" />
      </paw>
      <paw idPaw="3" x="29" transcription="ر" LatinTrans="Raa_I">
        <lettre idLettre="1" x="29" transcription="ر" LatinTrans="Raa_I" />
      </paw>
      <paw idPaw="4" x="0" transcription="ية" LatinTrans="Yaa_B TaaaClosed_E">
        <lettre idLettre="1" x="17" transcription="ي" LatinTrans="Yaa_B" />
        <lettre idLettre="2" x="0" transcription="ة" LatinTrans="TaaaClosed_E" />
      </paw>
    </word>
  </content>
</textImage>