﻿<?xml version="1.0" encoding="UTF-8" standalone="yes"?>
<textImage id="1" width="489" height="49" transcription="أفغانستان بعد 11 عاما من الحرب" image="aljazeera_3212-05-35-10_3">
  <ArabicTranscription>أفغانستان بعد 11 عاما من الحرب</ArabicTranscription>
  <LatinTranscription>HamzaAboveAlif_I Faa_B Ghayn_M Alif_E Nuun_B Siin_M Taaa_M Alif_E Nuun_I SPACE Baa_B Ayn_M Daal_E SPACE One One SPACE Ayn_B Alif_E Miim_B Alif_E SPACE Miim_B Nuun_E SPACE Alif_I Laam_B Haaa_M Raa_E Baa_I</LatinTranscription>
  <content>
    <word idWord="1" x="334" transcription="أفغانستان" LatinTrans="HamzaAboveAlif_I Faa_B Ghayn_M Alif_E Nuun_B Siin_M Taaa_M Alif_E Nuun_I">
      <paw idPaw="1" x="474" transcription="أ" LatinTrans="HamzaAboveAlif_I">
        <lettre idLettre="1" x="474" transcription="أ" LatinTrans="HamzaAboveAlif_I" />
      </paw>
      <paw idPaw="2" x="423" transcription="فغا" LatinTrans="Faa_B Ghayn_M Alif_E">
        <lettre idLettre="1" x="456" transcription="ف" LatinTrans="Faa_B" />
        <lettre idLettre="2" x="431" transcription="غ" LatinTrans="Ghayn_M" />
        <lettre idLettre="3" x="423" transcription="ا" LatinTrans="Alif_E" />
      </paw>
      <paw idPaw="3" x="357" transcription="نستا" LatinTrans="Nuun_B Siin_M Taaa_M Alif_E">
        <lettre idLettre="1" x="405" transcription="ن" LatinTrans="Nuun_B" />
        <lettre idLettre="2" x="382" transcription="س" LatinTrans="Siin_M" />
        <lettre idLettre="3" x="363" transcription="ت" LatinTrans="Taaa_M" />
        <lettre idLettre="4" x="357" transcription="ا" LatinTrans="Alif_E" />
      </paw>
      <paw idPaw="4" x="334" transcription="ن" LatinTrans="Nuun_I">
        <lettre idLettre="1" x="334" transcription="ن" LatinTrans="Nuun_I" />
      </paw>
    </word>
    <word idWord="2" x="328" transcription=" " LatinTrans="SPACE">
      <paw idPaw="1" x="328" transcription=" " LatinTrans="SPACE">
        <lettre idLettre="1" x="328" transcription=" " LatinTrans="SPACE" />
      </paw>
    </word>
    <word idWord="3" x="271" transcription="بعد" LatinTrans="Baa_B Ayn_M Daal_E">
      <paw idPaw="1" x="271" transcription="بعد" LatinTrans="Baa_B Ayn_M Daal_E">
        <lettre idLettre="1" x="315" transcription="ب" LatinTrans="Baa_B" />
        <lettre idLettre="2" x="289" transcription="ع" LatinTrans="Ayn_M" />
        <lettre idLettre="3" x="271" transcription="د" LatinTrans="Daal_E" />
      </paw>
    </word>
    <word idWord="4" x="262" transcription=" " LatinTrans="SPACE">
      <paw idPaw="1" x="262" transcription=" " LatinTrans="SPACE">
        <lettre idLettre="1" x="262" transcription=" " LatinTrans="SPACE" />
      </paw>
    </word>
    <word idWord="5" x="231" transcription="11" LatinTrans="One One">
      <paw idPaw="1" x="247" transcription="1" LatinTrans="One">
        <lettre idLettre="1" x="247" transcription="1" LatinTrans="One" />
      </paw>
      <paw idPaw="2" x="231" transcription="1" LatinTrans="One">
        <lettre idLettre="1" x="231" transcription="1" LatinTrans="One" />
      </paw>
    </word>
    <word idWord="6" x="223" transcription=" " LatinTrans="SPACE">
      <paw idPaw="1" x="223" transcription=" " LatinTrans="SPACE">
        <lettre idLettre="1" x="223" transcription=" " LatinTrans="SPACE" />
      </paw>
    </word>
    <word idWord="7" x="158" transcription="عاما" LatinTrans="Ayn_B Alif_E Miim_B Alif_E">
      <paw idPaw="1" x="189" transcription="عا" LatinTrans="Ayn_B Alif_E">
        <lettre idLettre="1" x="199" transcription="ع" LatinTrans="Ayn_B" />
        <lettre idLettre="2" x="189" transcription="ا" LatinTrans="Alif_E" />
      </paw>
      <paw idPaw="2" x="158" transcription="ما" LatinTrans="Miim_B Alif_E">
        <lettre idLettre="1" x="175" transcription="م" LatinTrans="Miim_B" />
        <lettre idLettre="2" x="158" transcription="ا" LatinTrans="Alif_E" />
      </paw>
    </word>
    <word idWord="8" x="151" transcription=" " LatinTrans="SPACE">
      <paw idPaw="1" x="151" transcription=" " LatinTrans="SPACE">
        <lettre idLettre="1" x="151" transcription=" " LatinTrans="SPACE" />
      </paw>
    </word>
    <word idWord="9" x="84" transcription="من" LatinTrans="Miim_B Nuun_E">
      <paw idPaw="1" x="84" transcription="من" LatinTrans="Miim_B Nuun_E">
        <lettre idLettre="1" x="129" transcription="م" LatinTrans="Miim_B" />
        <lettre idLettre="2" x="84" transcription="ن" LatinTrans="Nuun_E" />
      </paw>
    </word>
    <word idWord="10" x="77" transcription=" " LatinTrans="SPACE">
      <paw idPaw="1" x="77" transcription=" " LatinTrans="SPACE">
        <lettre idLettre="1" x="77" transcription=" " LatinTrans="SPACE" />
      </paw>
    </word>
    <word idWord="11" x="0" transcription="الحرب" LatinTrans="Alif_I Laam_B Haaa_M Raa_E Baa_I">
      <paw idPaw="1" x="71" transcription="ا" LatinTrans="Alif_I">
        <lettre idLettre="1" x="71" transcription="ا" LatinTrans="Alif_I" />
      </paw>
      <paw idPaw="2" x="26" transcription="لحر" LatinTrans="Laam_B Haaa_M Raa_E">
        <lettre idLettre="1" x="60" transcription="ل" LatinTrans="Laam_B" />
        <lettre idLettre="2" x="43" transcription="ح" LatinTrans="Haaa_M" />
        <lettre idLettre="3" x="26" transcription="ر" LatinTrans="Raa_E" />
      </paw>
      <paw idPaw="3" x="0" transcription="ب" LatinTrans="Baa_I">
        <lettre idLettre="1" x="0" transcription="ب" LatinTrans="Baa_I" />
      </paw>
    </word>
  </content>
</textImage>