﻿<?xml version="1.0" encoding="UTF-8" standalone="yes"?>
<textImage id="2" width="313" height="36" transcription="الحكومة لم تلتزم بكل" image="aljazeera_3211-10-46-10_2">
  <ArabicTranscription>الحكومة لم تلتزم بكل</ArabicTranscription>
  <LatinTranscription>Alif_I Laam_B Haaa_M Kaaf_M Waaw_E Miim_B TaaaClosed_E SPACE Laam_B Miim_E SPACE Taaa_B Laam_M Taaa_M Zaay_E Miim_I SPACE Baa_B Kaaf_M Laam_E</LatinTranscription>
  <content>
    <word idWord="1" x="189" transcription="الحكومة" LatinTrans="Alif_I Laam_B Haaa_M Kaaf_M Waaw_E Miim_B TaaaClosed_E">
      <paw idPaw="1" x="307" transcription="ا" LatinTrans="Alif_I">
        <lettre idLettre="1" x="307" transcription="ا" LatinTrans="Alif_I" />
      </paw>
      <paw idPaw="2" x="226" transcription="لحكو" LatinTrans="Laam_B Haaa_M Kaaf_M Waaw_E">
        <lettre idLettre="1" x="297" transcription="ل" LatinTrans="Laam_B" />
        <lettre idLettre="2" x="270" transcription="ح" LatinTrans="Haaa_M" />
        <lettre idLettre="3" x="243" transcription="ك" LatinTrans="Kaaf_M" />
        <lettre idLettre="4" x="226" transcription="و" LatinTrans="Waaw_E" />
      </paw>
      <paw idPaw="3" x="189" transcription="مة" LatinTrans="Miim_B TaaaClosed_E">
        <lettre idLettre="1" x="207" transcription="م" LatinTrans="Miim_B" />
        <lettre idLettre="2" x="189" transcription="ة" LatinTrans="TaaaClosed_E" />
      </paw>
    </word>
    <word idWord="2" x="186" transcription=" " LatinTrans="SPACE">
      <paw idPaw="1" x="186" transcription=" " LatinTrans="SPACE">
        <lettre idLettre="1" x="186" transcription=" " LatinTrans="SPACE" />
      </paw>
    </word>
    <word idWord="3" x="152" transcription="لم" LatinTrans="Laam_B Miim_E">
      <paw idPaw="1" x="152" transcription="لم" LatinTrans="Laam_B Miim_E">
        <lettre idLettre="1" x="170" transcription="ل" LatinTrans="Laam_B" />
        <lettre idLettre="2" x="152" transcription="م" LatinTrans="Miim_E" />
      </paw>
    </word>
    <word idWord="4" x="149" transcription=" " LatinTrans="SPACE">
      <paw idPaw="1" x="149" transcription=" " LatinTrans="SPACE">
        <lettre idLettre="1" x="149" transcription=" " LatinTrans="SPACE" />
      </paw>
    </word>
    <word idWord="5" x="57" transcription="تلتزم" LatinTrans="Taaa_B Laam_M Taaa_M Zaay_E Miim_I">
      <paw idPaw="1" x="71" transcription="تلتز" LatinTrans="Taaa_B Laam_M Taaa_M Zaay_E">
        <lettre idLettre="1" x="134" transcription="ت" LatinTrans="Taaa_B" />
        <lettre idLettre="2" x="115" transcription="ل" LatinTrans="Laam_M" />
        <lettre idLettre="3" x="91" transcription="ت" LatinTrans="Taaa_M" />
        <lettre idLettre="4" x="71" transcription="ز" LatinTrans="Zaay_E" />
      </paw>
      <paw idPaw="2" x="57" transcription="م" LatinTrans="Miim_I">
        <lettre idLettre="1" x="57" transcription="م" LatinTrans="Miim_I" />
      </paw>
    </word>
    <word idWord="6" x="54" transcription=" " LatinTrans="SPACE">
      <paw idPaw="1" x="54" transcription=" " LatinTrans="SPACE">
        <lettre idLettre="1" x="54" transcription=" " LatinTrans="SPACE" />
      </paw>
    </word>
    <word idWord="7" x="0" transcription="بكل" LatinTrans="Baa_B Kaaf_M Laam_E">
      <paw idPaw="1" x="0" transcription="بكل" LatinTrans="Baa_B Kaaf_M Laam_E">
        <lettre idLettre="1" x="45" transcription="ب" LatinTrans="Baa_B" />
        <lettre idLettre="2" x="30" transcription="ك" LatinTrans="Kaaf_M" />
        <lettre idLettre="3" x="0" transcription="ل" LatinTrans="Laam_E" />
      </paw>
    </word>
  </content>
</textImage>