﻿<?xml version="1.0" encoding="UTF-8" standalone="yes"?>
<textImage id="1" width="122" height="36" transcription="رمزي الدوس" image="aljazeera_3212-09-30-40_1">
  <ArabicTranscription>رمزي الدوس</ArabicTranscription>
  <LatinTranscription>Raa_I Miim_B Zaay_E Yaa_I SPACE Alif_I Laam_B Daal_E Waaw_I Siin_I</LatinTranscription>
  <content>
    <word idWord="1" x="71" transcription="رمزي" LatinTrans="Raa_I Miim_B Zaay_E Yaa_I">
      <paw idPaw="1" x="111" transcription="ر" LatinTrans="Raa_I">
        <lettre idLettre="1" x="111" transcription="ر" LatinTrans="Raa_I" />
      </paw>
      <paw idPaw="2" x="88" transcription="مز" LatinTrans="Miim_B Zaay_E">
        <lettre idLettre="1" x="99" transcription="م" LatinTrans="Miim_B" />
        <lettre idLettre="2" x="88" transcription="ز" LatinTrans="Zaay_E" />
      </paw>
      <paw idPaw="3" x="71" transcription="ي" LatinTrans="Yaa_I">
        <lettre idLettre="1" x="71" transcription="ي" LatinTrans="Yaa_I" />
      </paw>
    </word>
    <word idWord="2" x="67" transcription=" " LatinTrans="SPACE">
      <paw idPaw="1" x="67" transcription=" " LatinTrans="SPACE">
        <lettre idLettre="1" x="67" transcription=" " LatinTrans="SPACE" />
      </paw>
    </word>
    <word idWord="3" x="0" transcription="الدوس" LatinTrans="Alif_I Laam_B Daal_E Waaw_I Siin_I">
      <paw idPaw="1" x="62" transcription="ا" LatinTrans="Alif_I">
        <lettre idLettre="1" x="62" transcription="ا" LatinTrans="Alif_I" />
      </paw>
      <paw idPaw="2" x="43" transcription="لد" LatinTrans="Laam_B Daal_E">
        <lettre idLettre="1" x="54" transcription="ل" LatinTrans="Laam_B" />
        <lettre idLettre="2" x="43" transcription="د" LatinTrans="Daal_E" />
      </paw>
      <paw idPaw="3" x="31" transcription="و" LatinTrans="Waaw_I">
        <lettre idLettre="1" x="31" transcription="و" LatinTrans="Waaw_I" />
      </paw>
      <paw idPaw="4" x="0" transcription="س" LatinTrans="Siin_I">
        <lettre idLettre="1" x="0" transcription="س" LatinTrans="Siin_I" />
      </paw>
    </word>
  </content>
</textImage>