﻿<?xml version="1.0" encoding="UTF-8" standalone="yes"?>
<textImage id="1" width="490" height="58" transcription="بلغاريا فتحت أبواب المواجهة" image="aljazeera_3212-05-38-10_1">
  <ArabicTranscription>بلغاريا فتحت أبواب المواجهة</ArabicTranscription>
  <LatinTranscription>Baa_B Laam_M Ghayn_M Alif_E Raa_I Yaa_B Alif_E SPACE Faa_B Taaa_M Haaa_M Taaa_E SPACE HamzaAboveAlif_I Baa_B Waaw_E Alif_I Baa_I SPACE Alif_I Laam_B Miim_M Waaw_E Alif_I Jiim_B Haa_M TaaaClosed_E</LatinTranscription>
  <content>
    <word idWord="1" x="348" transcription="بلغاريا" LatinTrans="Baa_B Laam_M Ghayn_M Alif_E Raa_I Yaa_B Alif_E">
      <paw idPaw="1" x="411" transcription="بلغا" LatinTrans="Baa_B Laam_M Ghayn_M Alif_E">
        <lettre idLettre="1" x="468" transcription="ب" LatinTrans="Baa_B" />
        <lettre idLettre="2" x="440" transcription="ل" LatinTrans="Laam_M" />
        <lettre idLettre="3" x="419" transcription="غ" LatinTrans="Ghayn_M" />
        <lettre idLettre="4" x="411" transcription="ا" LatinTrans="Alif_E" />
      </paw>
      <paw idPaw="2" x="397" transcription="ر" LatinTrans="Raa_I">
        <lettre idLettre="1" x="397" transcription="ر" LatinTrans="Raa_I" />
      </paw>
      <paw idPaw="3" x="348" transcription="يا" LatinTrans="Yaa_B Alif_E">
        <lettre idLettre="1" x="378" transcription="ي" LatinTrans="Yaa_B" />
        <lettre idLettre="2" x="348" transcription="ا" LatinTrans="Alif_E" />
      </paw>
    </word>
    <word idWord="2" x="339" transcription=" " LatinTrans="SPACE">
      <paw idPaw="1" x="339" transcription=" " LatinTrans="SPACE">
        <lettre idLettre="1" x="339" transcription=" " LatinTrans="SPACE" />
      </paw>
    </word>
    <word idWord="3" x="233" transcription="فتحت" LatinTrans="Faa_B Taaa_M Haaa_M Taaa_E">
      <paw idPaw="1" x="233" transcription="فتحت" LatinTrans="Faa_B Taaa_M Haaa_M Taaa_E">
        <lettre idLettre="1" x="321" transcription="ف" LatinTrans="Faa_B" />
        <lettre idLettre="2" x="303" transcription="ت" LatinTrans="Taaa_M" />
        <lettre idLettre="3" x="279" transcription="ح" LatinTrans="Haaa_M" />
        <lettre idLettre="4" x="233" transcription="ت" LatinTrans="Taaa_E" />
      </paw>
    </word>
    <word idWord="4" x="229" transcription=" " LatinTrans="SPACE">
      <paw idPaw="1" x="229" transcription=" " LatinTrans="SPACE">
        <lettre idLettre="1" x="229" transcription=" " LatinTrans="SPACE" />
      </paw>
    </word>
    <word idWord="5" x="155" transcription="أبواب" LatinTrans="HamzaAboveAlif_I Baa_B Waaw_E Alif_I Baa_I">
      <paw idPaw="1" x="218" transcription="أ" LatinTrans="HamzaAboveAlif_I">
        <lettre idLettre="1" x="218" transcription="أ" LatinTrans="HamzaAboveAlif_I" />
      </paw>
      <paw idPaw="2" x="186" transcription="بو" LatinTrans="Baa_B Waaw_E">
        <lettre idLettre="1" x="206" transcription="ب" LatinTrans="Baa_B" />
        <lettre idLettre="2" x="186" transcription="و" LatinTrans="Waaw_E" />
      </paw>
      <paw idPaw="3" x="179" transcription="ا" LatinTrans="Alif_I">
        <lettre idLettre="1" x="179" transcription="ا" LatinTrans="Alif_I" />
      </paw>
      <paw idPaw="4" x="155" transcription="ب" LatinTrans="Baa_I">
        <lettre idLettre="1" x="155" transcription="ب" LatinTrans="Baa_I" />
      </paw>
    </word>
    <word idWord="6" x="147" transcription=" " LatinTrans="SPACE">
      <paw idPaw="1" x="147" transcription=" " LatinTrans="SPACE">
        <lettre idLettre="1" x="147" transcription=" " LatinTrans="SPACE" />
      </paw>
    </word>
    <word idWord="7" x="0" transcription="المواجهة" LatinTrans="Alif_I Laam_B Miim_M Waaw_E Alif_I Jiim_B Haa_M TaaaClosed_E">
      <paw idPaw="1" x="139" transcription="ا" LatinTrans="Alif_I">
        <lettre idLettre="1" x="139" transcription="ا" LatinTrans="Alif_I" />
      </paw>
      <paw idPaw="2" x="95" transcription="لمو" LatinTrans="Laam_B Miim_M Waaw_E">
        <lettre idLettre="1" x="130" transcription="ل" LatinTrans="Laam_B" />
        <lettre idLettre="2" x="113" transcription="م" LatinTrans="Miim_M" />
        <lettre idLettre="3" x="95" transcription="و" LatinTrans="Waaw_E" />
      </paw>
      <paw idPaw="3" x="86" transcription="ا" LatinTrans="Alif_I">
        <lettre idLettre="1" x="86" transcription="ا" LatinTrans="Alif_I" />
      </paw>
      <paw idPaw="4" x="0" transcription="جهة" LatinTrans="Jiim_B Haa_M TaaaClosed_E">
        <lettre idLettre="1" x="66" transcription="ج" LatinTrans="Jiim_B" />
        <lettre idLettre="2" x="45" transcription="ه" LatinTrans="Haa_M" />
        <lettre idLettre="3" x="0" transcription="ة" LatinTrans="TaaaClosed_E" />
      </paw>
    </word>
  </content>
</textImage>