﻿<?xml version="1.0" encoding="UTF-8" standalone="yes"?>
<textImage id="1" width="476" height="30" transcription="انطلاق فعاليات اليوم الرياضي" image="aljazeera_3212-09-30-30_1">
  <ArabicTranscription>انطلاق فعاليات اليوم الرياضي</ArabicTranscription>
  <LatinTranscription>Alif_I Nuun_B Thaaa_M Laam_Alif Gaaf_I SPACE Faa_B Ayn_M Alif_E Laam_B Yaa_M Alif_E Taaa_I SPACE Alif_I Laam_B Yaa_M Waaw_E Miim_I SPACE Alif_I Laam_B Raa_E Yaa_B Alif_E Daad_B Yaa_E</LatinTranscription>
  <content>
    <word idWord="1" x="360" transcription="انطلاق" LatinTrans="Alif_I Nuun_B Thaaa_M Laam_Alif Gaaf_I">
      <paw idPaw="1" x="467" transcription="ا" LatinTrans="Alif_I">
        <lettre idLettre="1" x="467" transcription="ا" LatinTrans="Alif_I" />
      </paw>
      <paw idPaw="2" x="376" transcription="نطلا" LatinTrans="Nuun_B Thaaa_M Laam_Alif">
        <lettre idLettre="1" x="455" transcription="ن" LatinTrans="Nuun_B" />
        <lettre idLettre="2" x="409" transcription="ط" LatinTrans="Thaaa_M" />
        <lettre idLettre="3" x="376" transcription="لا" LatinTrans="Laam_Alif" />
      </paw>
      <paw idPaw="3" x="360" transcription="ق" LatinTrans="Gaaf_I">
        <lettre idLettre="1" x="360" transcription="ق" LatinTrans="Gaaf_I" />
      </paw>
    </word>
    <word idWord="2" x="357" transcription=" " LatinTrans="SPACE">
      <paw idPaw="1" x="357" transcription=" " LatinTrans="SPACE">
        <lettre idLettre="1" x="357" transcription=" " LatinTrans="SPACE" />
      </paw>
    </word>
    <word idWord="3" x="214" transcription="فعاليات" LatinTrans="Faa_B Ayn_M Alif_E Laam_B Yaa_M Alif_E Taaa_I">
      <paw idPaw="1" x="282" transcription="فعا" LatinTrans="Faa_B Ayn_M Alif_E">
        <lettre idLettre="1" x="345" transcription="ف" LatinTrans="Faa_B" />
        <lettre idLettre="2" x="300" transcription="ع" LatinTrans="Ayn_M" />
        <lettre idLettre="3" x="282" transcription="ا" LatinTrans="Alif_E" />
      </paw>
      <paw idPaw="2" x="233" transcription="ليا" LatinTrans="Laam_B Yaa_M Alif_E">
        <lettre idLettre="1" x="268" transcription="ل" LatinTrans="Laam_B" />
        <lettre idLettre="2" x="244" transcription="ي" LatinTrans="Yaa_M" />
        <lettre idLettre="3" x="233" transcription="ا" LatinTrans="Alif_E" />
      </paw>
      <paw idPaw="3" x="214" transcription="ت" LatinTrans="Taaa_I">
        <lettre idLettre="1" x="214" transcription="ت" LatinTrans="Taaa_I" />
      </paw>
    </word>
    <word idWord="4" x="210" transcription=" " LatinTrans="SPACE">
      <paw idPaw="1" x="210" transcription=" " LatinTrans="SPACE">
        <lettre idLettre="1" x="210" transcription=" " LatinTrans="SPACE" />
      </paw>
    </word>
    <word idWord="5" x="136" transcription="اليوم" LatinTrans="Alif_I Laam_B Yaa_M Waaw_E Miim_I">
      <paw idPaw="1" x="205" transcription="ا" LatinTrans="Alif_I">
        <lettre idLettre="1" x="205" transcription="ا" LatinTrans="Alif_I" />
      </paw>
      <paw idPaw="2" x="152" transcription="ليو" LatinTrans="Laam_B Yaa_M Waaw_E">
        <lettre idLettre="1" x="197" transcription="ل" LatinTrans="Laam_B" />
        <lettre idLettre="2" x="170" transcription="ي" LatinTrans="Yaa_M" />
        <lettre idLettre="3" x="152" transcription="و" LatinTrans="Waaw_E" />
      </paw>
      <paw idPaw="3" x="136" transcription="م" LatinTrans="Miim_I">
        <lettre idLettre="1" x="136" transcription="م" LatinTrans="Miim_I" />
      </paw>
    </word>
    <word idWord="6" x="133" transcription=" " LatinTrans="SPACE">
      <paw idPaw="1" x="133" transcription=" " LatinTrans="SPACE">
        <lettre idLettre="1" x="133" transcription=" " LatinTrans="SPACE" />
      </paw>
    </word>
    <word idWord="7" x="0" transcription="الرياضي" LatinTrans="Alif_I Laam_B Raa_E Yaa_B Alif_E Daad_B Yaa_E">
      <paw idPaw="1" x="128" transcription="ا" LatinTrans="Alif_I">
        <lettre idLettre="1" x="128" transcription="ا" LatinTrans="Alif_I" />
      </paw>
      <paw idPaw="2" x="100" transcription="لر" LatinTrans="Laam_B Raa_E">
        <lettre idLettre="1" x="112" transcription="ل" LatinTrans="Laam_B" />
        <lettre idLettre="2" x="100" transcription="ر" LatinTrans="Raa_E" />
      </paw>
      <paw idPaw="3" x="70" transcription="يا" LatinTrans="Yaa_B Alif_E">
        <lettre idLettre="1" x="85" transcription="ي" LatinTrans="Yaa_B" />
        <lettre idLettre="2" x="70" transcription="ا" LatinTrans="Alif_E" />
      </paw>
      <paw idPaw="4" x="0" transcription="ضي" LatinTrans="Daad_B Yaa_E">
        <lettre idLettre="1" x="47" transcription="ض" LatinTrans="Daad_B" />
        <lettre idLettre="2" x="0" transcription="ي" LatinTrans="Yaa_E" />
      </paw>
    </word>
  </content>
</textImage>