﻿<?xml version="1.0" encoding="UTF-8" standalone="yes"?>
<textImage id="1" width="289" height="60" transcription="عندما أشعلنها" image="aljazeera_3212-01-44-00_1">
  <ArabicTranscription>عندما أشعلنها</ArabicTranscription>
  <LatinTranscription>Ayn_B Nuun_M Daal_E Miim_B Alif_E SPACE HamzaAboveAlif_I Shiin_B Ayn_M Laam_M Nuun_M Haa_M Alif_E</LatinTranscription>
  <content>
    <word idWord="1" x="173" transcription="عندما" LatinTrans="Ayn_B Nuun_M Daal_E Miim_B Alif_E">
      <paw idPaw="1" x="216" transcription="عند" LatinTrans="Ayn_B Nuun_M Daal_E">
        <lettre idLettre="1" x="258" transcription="ع" LatinTrans="Ayn_B" />
        <lettre idLettre="2" x="243" transcription="ن" LatinTrans="Nuun_M" />
        <lettre idLettre="3" x="216" transcription="د" LatinTrans="Daal_E" />
      </paw>
      <paw idPaw="2" x="173" transcription="ما" LatinTrans="Miim_B Alif_E">
        <lettre idLettre="1" x="188" transcription="م" LatinTrans="Miim_B" />
        <lettre idLettre="2" x="173" transcription="ا" LatinTrans="Alif_E" />
      </paw>
    </word>
    <word idWord="2" x="166" transcription=" " LatinTrans="SPACE">
      <paw idPaw="1" x="166" transcription=" " LatinTrans="SPACE">
        <lettre idLettre="1" x="166" transcription=" " LatinTrans="SPACE" />
      </paw>
    </word>
    <word idWord="3" x="0" transcription="أشعلنها" LatinTrans="HamzaAboveAlif_I Shiin_B Ayn_M Laam_M Nuun_M Haa_M Alif_E">
      <paw idPaw="1" x="152" transcription="أ" LatinTrans="HamzaAboveAlif_I">
        <lettre idLettre="1" x="152" transcription="أ" LatinTrans="HamzaAboveAlif_I" />
      </paw>
      <paw idPaw="2" x="0" transcription="شعلنها" LatinTrans="Shiin_B Ayn_M Laam_M Nuun_M Haa_M Alif_E">
        <lettre idLettre="1" x="114" transcription="ش" LatinTrans="Shiin_B" />
        <lettre idLettre="2" x="89" transcription="ع" LatinTrans="Ayn_M" />
        <lettre idLettre="3" x="74" transcription="ل" LatinTrans="Laam_M" />
        <lettre idLettre="4" x="54" transcription="ن" LatinTrans="Nuun_M" />
        <lettre idLettre="5" x="19" transcription="ه" LatinTrans="Haa_M" />
        <lettre idLettre="6" x="0" transcription="ا" LatinTrans="Alif_E" />
      </paw>
    </word>
  </content>
</textImage>