﻿<?xml version="1.0" encoding="UTF-8" standalone="yes"?>
<textImage id="1" width="411" height="38" transcription="وزير الخارجية الروسي يجري محادثات في الجزائر" image="aljazeera_3211-21-41-30_1">
  <ArabicTranscription>وزير الخارجية الروسي يجري محادثات في الجزائر</ArabicTranscription>
  <LatinTranscription>Waaw_I Zaay_I Yaa_B Raa_E SPACE Alif_I Laam_B Xaa_M Alif_E Raa_I Jiim_B Yaa_M TaaaClosed_E SPACE Alif_I Laam_B Raa_E Waaw_I Siin_B Yaa_E SPACE Yaa_B Jiim_M Raa_E Yaa_I SPACE Miim_B Haaa_M Alif_E Daal_I Thaa_B Alif_E Taaa_I SPACE Faa_B Yaa_E SPACE Alif_I Laam_B Jiim_M Zaay_E Alif_I HamzaAboveAlifBroken_B Raa_E</LatinTranscription>
  <content>
    <word idWord="1" x="372" transcription="وزير" LatinTrans="Waaw_I Zaay_I Yaa_B Raa_E">
      <paw idPaw="1" x="399" transcription="و" LatinTrans="Waaw_I">
        <lettre idLettre="1" x="399" transcription="و" LatinTrans="Waaw_I" />
      </paw>
      <paw idPaw="2" x="391" transcription="ز" LatinTrans="Zaay_I">
        <lettre idLettre="1" x="391" transcription="ز" LatinTrans="Zaay_I" />
      </paw>
      <paw idPaw="3" x="372" transcription="ير" LatinTrans="Yaa_B Raa_E">
        <lettre idLettre="1" x="381" transcription="ي" LatinTrans="Yaa_B" />
        <lettre idLettre="2" x="372" transcription="ر" LatinTrans="Raa_E" />
      </paw>
    </word>
    <word idWord="2" x="367" transcription=" " LatinTrans="SPACE">
      <paw idPaw="1" x="367" transcription=" " LatinTrans="SPACE">
        <lettre idLettre="1" x="367" transcription=" " LatinTrans="SPACE" />
      </paw>
    </word>
    <word idWord="3" x="291" transcription="الخارجية" LatinTrans="Alif_I Laam_B Xaa_M Alif_E Raa_I Jiim_B Yaa_M TaaaClosed_E">
      <paw idPaw="1" x="363" transcription="ا" LatinTrans="Alif_I">
        <lettre idLettre="1" x="363" transcription="ا" LatinTrans="Alif_I" />
      </paw>
      <paw idPaw="2" x="336" transcription="لخا" LatinTrans="Laam_B Xaa_M Alif_E">
        <lettre idLettre="1" x="357" transcription="ل" LatinTrans="Laam_B" />
        <lettre idLettre="2" x="343" transcription="خ" LatinTrans="Xaa_M" />
        <lettre idLettre="3" x="336" transcription="ا" LatinTrans="Alif_E" />
      </paw>
      <paw idPaw="3" x="328" transcription="ر" LatinTrans="Raa_I">
        <lettre idLettre="1" x="328" transcription="ر" LatinTrans="Raa_I" />
      </paw>
      <paw idPaw="4" x="291" transcription="جية" LatinTrans="Jiim_B Yaa_M TaaaClosed_E">
        <lettre idLettre="1" x="313" transcription="ج" LatinTrans="Jiim_B" />
        <lettre idLettre="2" x="302" transcription="ي" LatinTrans="Yaa_M" />
        <lettre idLettre="3" x="291" transcription="ة" LatinTrans="TaaaClosed_E" />
      </paw>
    </word>
    <word idWord="4" x="286" transcription=" " LatinTrans="SPACE">
      <paw idPaw="1" x="286" transcription=" " LatinTrans="SPACE">
        <lettre idLettre="1" x="286" transcription=" " LatinTrans="SPACE" />
      </paw>
    </word>
    <word idWord="5" x="226" transcription="الروسي" LatinTrans="Alif_I Laam_B Raa_E Waaw_I Siin_B Yaa_E">
      <paw idPaw="1" x="280" transcription="ا" LatinTrans="Alif_I">
        <lettre idLettre="1" x="280" transcription="ا" LatinTrans="Alif_I" />
      </paw>
      <paw idPaw="2" x="266" transcription="لر" LatinTrans="Laam_B Raa_E">
        <lettre idLettre="1" x="275" transcription="ل" LatinTrans="Laam_B" />
        <lettre idLettre="2" x="266" transcription="ر" LatinTrans="Raa_E" />
      </paw>
      <paw idPaw="3" x="257" transcription="و" LatinTrans="Waaw_I">
        <lettre idLettre="1" x="257" transcription="و" LatinTrans="Waaw_I" />
      </paw>
      <paw idPaw="4" x="226" transcription="سي" LatinTrans="Siin_B Yaa_E">
        <lettre idLettre="1" x="239" transcription="س" LatinTrans="Siin_B" />
        <lettre idLettre="2" x="226" transcription="ي" LatinTrans="Yaa_E" />
      </paw>
    </word>
    <word idWord="6" x="222" transcription=" " LatinTrans="SPACE">
      <paw idPaw="1" x="222" transcription=" " LatinTrans="SPACE">
        <lettre idLettre="1" x="222" transcription=" " LatinTrans="SPACE" />
      </paw>
    </word>
    <word idWord="7" x="175" transcription="يجري" LatinTrans="Yaa_B Jiim_M Raa_E Yaa_I">
      <paw idPaw="1" x="189" transcription="يجر" LatinTrans="Yaa_B Jiim_M Raa_E">
        <lettre idLettre="1" x="211" transcription="ي" LatinTrans="Yaa_B" />
        <lettre idLettre="2" x="200" transcription="ج" LatinTrans="Jiim_M" />
        <lettre idLettre="3" x="189" transcription="ر" LatinTrans="Raa_E" />
      </paw>
      <paw idPaw="2" x="175" transcription="ي" LatinTrans="Yaa_I">
        <lettre idLettre="1" x="175" transcription="ي" LatinTrans="Yaa_I" />
      </paw>
    </word>
    <word idWord="8" x="170" transcription=" " LatinTrans="SPACE">
      <paw idPaw="1" x="170" transcription=" " LatinTrans="SPACE">
        <lettre idLettre="1" x="170" transcription=" " LatinTrans="SPACE" />
      </paw>
    </word>
    <word idWord="9" x="96" transcription="محادثات" LatinTrans="Miim_B Haaa_M Alif_E Daal_I Thaa_B Alif_E Taaa_I">
      <paw idPaw="1" x="140" transcription="محا" LatinTrans="Miim_B Haaa_M Alif_E">
        <lettre idLettre="1" x="161" transcription="م" LatinTrans="Miim_B" />
        <lettre idLettre="2" x="146" transcription="ح" LatinTrans="Haaa_M" />
        <lettre idLettre="3" x="140" transcription="ا" LatinTrans="Alif_E" />
      </paw>
      <paw idPaw="2" x="130" transcription="د" LatinTrans="Daal_I">
        <lettre idLettre="1" x="130" transcription="د" LatinTrans="Daal_I" />
      </paw>
      <paw idPaw="3" x="114" transcription="ثا" LatinTrans="Thaa_B Alif_E">
        <lettre idLettre="1" x="119" transcription="ث" LatinTrans="Thaa_B" />
        <lettre idLettre="2" x="114" transcription="ا" LatinTrans="Alif_E" />
      </paw>
      <paw idPaw="4" x="96" transcription="ت" LatinTrans="Taaa_I">
        <lettre idLettre="1" x="96" transcription="ت" LatinTrans="Taaa_I" />
      </paw>
    </word>
    <word idWord="10" x="93" transcription=" " LatinTrans="SPACE">
      <paw idPaw="1" x="93" transcription=" " LatinTrans="SPACE">
        <lettre idLettre="1" x="93" transcription=" " LatinTrans="SPACE" />
      </paw>
    </word>
    <word idWord="11" x="64" transcription="في" LatinTrans="Faa_B Yaa_E">
      <paw idPaw="1" x="64" transcription="في" LatinTrans="Faa_B Yaa_E">
        <lettre idLettre="1" x="79" transcription="ف" LatinTrans="Faa_B" />
        <lettre idLettre="2" x="64" transcription="ي" LatinTrans="Yaa_E" />
      </paw>
    </word>
    <word idWord="12" x="60" transcription=" " LatinTrans="SPACE">
      <paw idPaw="1" x="60" transcription=" " LatinTrans="SPACE">
        <lettre idLettre="1" x="60" transcription=" " LatinTrans="SPACE" />
      </paw>
    </word>
    <word idWord="13" x="0" transcription="الجزائر" LatinTrans="Alif_I Laam_B Jiim_M Zaay_E Alif_I HamzaAboveAlifBroken_B Raa_E">
      <paw idPaw="1" x="55" transcription="ا" LatinTrans="Alif_I">
        <lettre idLettre="1" x="55" transcription="ا" LatinTrans="Alif_I" />
      </paw>
      <paw idPaw="2" x="27" transcription="لجز" LatinTrans="Laam_B Jiim_M Zaay_E">
        <lettre idLettre="1" x="48" transcription="ل" LatinTrans="Laam_B" />
        <lettre idLettre="2" x="36" transcription="ج" LatinTrans="Jiim_M" />
        <lettre idLettre="3" x="27" transcription="ز" LatinTrans="Zaay_E" />
      </paw>
      <paw idPaw="3" x="22" transcription="ا" LatinTrans="Alif_I">
        <lettre idLettre="1" x="22" transcription="ا" LatinTrans="Alif_I" />
      </paw>
      <paw idPaw="4" x="0" transcription="ئر" LatinTrans="HamzaAboveAlifBroken_B Raa_E">
        <lettre idLettre="1" x="13" transcription="ئ" LatinTrans="HamzaAboveAlifBroken_B" />
        <lettre idLettre="2" x="0" transcription="ر" LatinTrans="Raa_E" />
      </paw>
    </word>
  </content>
</textImage>