﻿<?xml version="1.0" encoding="UTF-8" standalone="yes"?>
<textImage id="5" width="216" height="41" transcription="دولة فلسطينية" image="aljazeera_3213-05-00-00_5">
  <ArabicTranscription>دولة فلسطينية</ArabicTranscription>
  <LatinTranscription>Daal_I Waaw_I Laam_B TaaaClosed_E SPACE Faa_B Laam_M Siin_M Thaaa_M Yaa_M Nuun_M Yaa_M TaaaClosed_E</LatinTranscription>
  <content>
    <word idWord="1" x="153" transcription="دولة" LatinTrans="Daal_I Waaw_I Laam_B TaaaClosed_E">
      <paw idPaw="1" x="196" transcription="د" LatinTrans="Daal_I">
        <lettre idLettre="1" x="196" transcription="د" LatinTrans="Daal_I" />
      </paw>
      <paw idPaw="2" x="181" transcription="و" LatinTrans="Waaw_I">
        <lettre idLettre="1" x="181" transcription="و" LatinTrans="Waaw_I" />
      </paw>
      <paw idPaw="3" x="153" transcription="لة" LatinTrans="Laam_B TaaaClosed_E">
        <lettre idLettre="1" x="173" transcription="ل" LatinTrans="Laam_B" />
        <lettre idLettre="2" x="153" transcription="ة" LatinTrans="TaaaClosed_E" />
      </paw>
    </word>
    <word idWord="2" x="147" transcription=" " LatinTrans="SPACE">
      <paw idPaw="1" x="147" transcription=" " LatinTrans="SPACE">
        <lettre idLettre="1" x="147" transcription=" " LatinTrans="SPACE" />
      </paw>
    </word>
    <word idWord="3" x="0" transcription="فلسطينية" LatinTrans="Faa_B Laam_M Siin_M Thaaa_M Yaa_M Nuun_M Yaa_M TaaaClosed_E">
      <paw idPaw="1" x="0" transcription="فلسطينية" LatinTrans="Faa_B Laam_M Siin_M Thaaa_M Yaa_M Nuun_M Yaa_M TaaaClosed_E">
        <lettre idLettre="1" x="129" transcription="ف" LatinTrans="Faa_B" />
        <lettre idLettre="2" x="116" transcription="ل" LatinTrans="Laam_M" />
        <lettre idLettre="3" x="87" transcription="س" LatinTrans="Siin_M" />
        <lettre idLettre="4" x="64" transcription="ط" LatinTrans="Thaaa_M" />
        <lettre idLettre="5" x="46" transcription="ي" LatinTrans="Yaa_M" />
        <lettre idLettre="6" x="34" transcription="ن" LatinTrans="Nuun_M" />
        <lettre idLettre="7" x="19" transcription="ي" LatinTrans="Yaa_M" />
        <lettre idLettre="8" x="0" transcription="ة" LatinTrans="TaaaClosed_E" />
      </paw>
    </word>
  </content>
</textImage>