﻿<?xml version="1.0" encoding="UTF-8" standalone="yes"?>
<textImage id="1" width="563" height="50" transcription="لماذا هذا التحامل الفرنسي على الثورة التونسية ؟" image="aljazeera_3211-09-55-40_1">
  <ArabicTranscription>لماذا هذا التحامل الفرنسي على الثورة التونسية ؟</ArabicTranscription>
  <LatinTranscription>Laam_B Miim_M Alif_E Thaal_I Alif_I SPACE Haa_B Thaal_E Alif_I SPACE Alif_I Laam_B Taaa_M Haaa_M Alif_E Miim_B Laam_E SPACE Alif_I Laam_B Faa_M Raa_E Nuun_B Siin_M Yaa_E SPACE Ayn_B Laam_M AlifBroken_E SPACE Alif_I Laam_B Thaa_M Waaw_E Raa_I TaaaClosed_I SPACE Alif_I Laam_B Taaa_M Waaw_E Nuun_B Siin_M Yaa_M TaaaClosed_E SPACE INTERPOINT</LatinTranscription>
  <content>
    <word idWord="1" x="504" transcription="لماذا" LatinTrans="Laam_B Miim_M Alif_E Thaal_I Alif_I">
      <paw idPaw="1" x="524" transcription="لما" LatinTrans="Laam_B Miim_M Alif_E">
        <lettre idLettre="1" x="547" transcription="ل" LatinTrans="Laam_B" />
        <lettre idLettre="2" x="533" transcription="م" LatinTrans="Miim_M" />
        <lettre idLettre="3" x="524" transcription="ا" LatinTrans="Alif_E" />
      </paw>
      <paw idPaw="2" x="510" transcription="ذ" LatinTrans="Thaal_I">
        <lettre idLettre="1" x="510" transcription="ذ" LatinTrans="Thaal_I" />
      </paw>
      <paw idPaw="3" x="504" transcription="ا" LatinTrans="Alif_I">
        <lettre idLettre="1" x="504" transcription="ا" LatinTrans="Alif_I" />
      </paw>
    </word>
    <word idWord="2" x="497" transcription=" " LatinTrans="SPACE">
      <paw idPaw="1" x="497" transcription=" " LatinTrans="SPACE">
        <lettre idLettre="1" x="497" transcription=" " LatinTrans="SPACE" />
      </paw>
    </word>
    <word idWord="3" x="455" transcription="هذا" LatinTrans="Haa_B Thaal_E Alif_I">
      <paw idPaw="1" x="462" transcription="هذ" LatinTrans="Haa_B Thaal_E">
        <lettre idLettre="1" x="477" transcription="ه" LatinTrans="Haa_B" />
        <lettre idLettre="2" x="462" transcription="ذ" LatinTrans="Thaal_E" />
      </paw>
      <paw idPaw="2" x="455" transcription="ا" LatinTrans="Alif_I">
        <lettre idLettre="1" x="455" transcription="ا" LatinTrans="Alif_I" />
      </paw>
    </word>
    <word idWord="4" x="451" transcription=" " LatinTrans="SPACE">
      <paw idPaw="1" x="451" transcription=" " LatinTrans="SPACE">
        <lettre idLettre="1" x="451" transcription=" " LatinTrans="SPACE" />
      </paw>
    </word>
    <word idWord="5" x="362" transcription="التحامل" LatinTrans="Alif_I Laam_B Taaa_M Haaa_M Alif_E Miim_B Laam_E">
      <paw idPaw="1" x="444" transcription="ا" LatinTrans="Alif_I">
        <lettre idLettre="1" x="444" transcription="ا" LatinTrans="Alif_I" />
      </paw>
      <paw idPaw="2" x="397" transcription="لتحا" LatinTrans="Laam_B Taaa_M Haaa_M Alif_E">
        <lettre idLettre="1" x="437" transcription="ل" LatinTrans="Laam_B" />
        <lettre idLettre="2" x="419" transcription="ت" LatinTrans="Taaa_M" />
        <lettre idLettre="3" x="406" transcription="ح" LatinTrans="Haaa_M" />
        <lettre idLettre="4" x="397" transcription="ا" LatinTrans="Alif_E" />
      </paw>
      <paw idPaw="3" x="362" transcription="مل" LatinTrans="Miim_B Laam_E">
        <lettre idLettre="1" x="383" transcription="م" LatinTrans="Miim_B" />
        <lettre idLettre="2" x="362" transcription="ل" LatinTrans="Laam_E" />
      </paw>
    </word>
    <word idWord="6" x="357" transcription=" " LatinTrans="SPACE">
      <paw idPaw="1" x="357" transcription=" " LatinTrans="SPACE">
        <lettre idLettre="1" x="357" transcription=" " LatinTrans="SPACE" />
      </paw>
    </word>
    <word idWord="7" x="260" transcription="الفرنسي" LatinTrans="Alif_I Laam_B Faa_M Raa_E Nuun_B Siin_M Yaa_E">
      <paw idPaw="1" x="351" transcription="ا" LatinTrans="Alif_I">
        <lettre idLettre="1" x="351" transcription="ا" LatinTrans="Alif_I" />
      </paw>
      <paw idPaw="2" x="314" transcription="لفر" LatinTrans="Laam_B Faa_M Raa_E">
        <lettre idLettre="1" x="343" transcription="ل" LatinTrans="Laam_B" />
        <lettre idLettre="2" x="325" transcription="ف" LatinTrans="Faa_M" />
        <lettre idLettre="3" x="314" transcription="ر" LatinTrans="Raa_E" />
      </paw>
      <paw idPaw="3" x="260" transcription="نسي" LatinTrans="Nuun_B Siin_M Yaa_E">
        <lettre idLettre="1" x="303" transcription="ن" LatinTrans="Nuun_B" />
        <lettre idLettre="2" x="277" transcription="س" LatinTrans="Siin_M" />
        <lettre idLettre="3" x="260" transcription="ي" LatinTrans="Yaa_E" />
      </paw>
    </word>
    <word idWord="8" x="253" transcription=" " LatinTrans="SPACE">
      <paw idPaw="1" x="253" transcription=" " LatinTrans="SPACE">
        <lettre idLettre="1" x="253" transcription=" " LatinTrans="SPACE" />
      </paw>
    </word>
    <word idWord="9" x="208" transcription="على" LatinTrans="Ayn_B Laam_M AlifBroken_E">
      <paw idPaw="1" x="208" transcription="على" LatinTrans="Ayn_B Laam_M AlifBroken_E">
        <lettre idLettre="1" x="238" transcription="ع" LatinTrans="Ayn_B" />
        <lettre idLettre="2" x="227" transcription="ل" LatinTrans="Laam_M" />
        <lettre idLettre="3" x="208" transcription="ى" LatinTrans="AlifBroken_E" />
      </paw>
    </word>
    <word idWord="10" x="202" transcription=" " LatinTrans="SPACE">
      <paw idPaw="1" x="202" transcription=" " LatinTrans="SPACE">
        <lettre idLettre="1" x="202" transcription=" " LatinTrans="SPACE" />
      </paw>
    </word>
    <word idWord="11" x="136" transcription="الثورة" LatinTrans="Alif_I Laam_B Thaa_M Waaw_E Raa_I TaaaClosed_I">
      <paw idPaw="1" x="195" transcription="ا" LatinTrans="Alif_I">
        <lettre idLettre="1" x="195" transcription="ا" LatinTrans="Alif_I" />
      </paw>
      <paw idPaw="2" x="161" transcription="لثو" LatinTrans="Laam_B Thaa_M Waaw_E">
        <lettre idLettre="1" x="189" transcription="ل" LatinTrans="Laam_B" />
        <lettre idLettre="2" x="173" transcription="ث" LatinTrans="Thaa_M" />
        <lettre idLettre="3" x="161" transcription="و" LatinTrans="Waaw_E" />
      </paw>
      <paw idPaw="3" x="150" transcription="ر" LatinTrans="Raa_I">
        <lettre idLettre="1" x="150" transcription="ر" LatinTrans="Raa_I" />
      </paw>
      <paw idPaw="4" x="136" transcription="ة" LatinTrans="TaaaClosed_I">
        <lettre idLettre="1" x="136" transcription="ة" LatinTrans="TaaaClosed_I" />
      </paw>
    </word>
    <word idWord="12" x="130" transcription=" " LatinTrans="SPACE">
      <paw idPaw="1" x="130" transcription=" " LatinTrans="SPACE">
        <lettre idLettre="1" x="130" transcription=" " LatinTrans="SPACE" />
      </paw>
    </word>
    <word idWord="13" x="23" transcription="التونسية" LatinTrans="Alif_I Laam_B Taaa_M Waaw_E Nuun_B Siin_M Yaa_M TaaaClosed_E">
      <paw idPaw="1" x="123" transcription="ا" LatinTrans="Alif_I">
        <lettre idLettre="1" x="123" transcription="ا" LatinTrans="Alif_I" />
      </paw>
      <paw idPaw="2" x="88" transcription="لتو" LatinTrans="Laam_B Taaa_M Waaw_E">
        <lettre idLettre="1" x="116" transcription="ل" LatinTrans="Laam_B" />
        <lettre idLettre="2" x="102" transcription="ت" LatinTrans="Taaa_M" />
        <lettre idLettre="3" x="88" transcription="و" LatinTrans="Waaw_E" />
      </paw>
      <paw idPaw="3" x="23" transcription="نسية" LatinTrans="Nuun_B Siin_M Yaa_M TaaaClosed_E">
        <lettre idLettre="1" x="74" transcription="ن" LatinTrans="Nuun_B" />
        <lettre idLettre="2" x="55" transcription="س" LatinTrans="Siin_M" />
        <lettre idLettre="3" x="38" transcription="ي" LatinTrans="Yaa_M" />
        <lettre idLettre="4" x="23" transcription="ة" LatinTrans="TaaaClosed_E" />
      </paw>
    </word>
    <word idWord="14" x="18" transcription=" " LatinTrans="SPACE">
      <paw idPaw="1" x="18" transcription=" " LatinTrans="SPACE">
        <lettre idLettre="1" x="18" transcription=" " LatinTrans="SPACE" />
      </paw>
    </word>
    <word idWord="15" x="0" transcription="؟" LatinTrans="INTERPOINT">
      <paw idPaw="1" x="0" transcription="؟" LatinTrans="INTERPOINT">
        <lettre idLettre="1" x="0" transcription="؟" LatinTrans="INTERPOINT" />
      </paw>
    </word>
  </content>
</textImage>