﻿<?xml version="1.0" encoding="UTF-8" standalone="yes"?>
<textImage id="1" width="201" height="30" transcription="تقرير بابا ولد حرمه" image="aljazeera_3212-09-21-20_1">
  <ArabicTranscription>تقرير بابا ولد حرمه</ArabicTranscription>
  <LatinTranscription>Taaa_B Gaaf_M Raa_E Yaa_B Raa_E SPACE Baa_B Alif_E Baa_B Alif_E SPACE Waaw_I Laam_B Daal_E SPACE Haaa_B Raa_E Miim_B Haa_E</LatinTranscription>
  <content>
    <word idWord="1" x="139" transcription="تقرير" LatinTrans="Taaa_B Gaaf_M Raa_E Yaa_B Raa_E">
      <paw idPaw="1" x="161" transcription="تقر" LatinTrans="Taaa_B Gaaf_M Raa_E">
        <lettre idLettre="1" x="185" transcription="ت" LatinTrans="Taaa_B" />
        <lettre idLettre="2" x="171" transcription="ق" LatinTrans="Gaaf_M" />
        <lettre idLettre="3" x="161" transcription="ر" LatinTrans="Raa_E" />
      </paw>
      <paw idPaw="2" x="139" transcription="ير" LatinTrans="Yaa_B Raa_E">
        <lettre idLettre="1" x="148" transcription="ي" LatinTrans="Yaa_B" />
        <lettre idLettre="2" x="139" transcription="ر" LatinTrans="Raa_E" />
      </paw>
    </word>
    <word idWord="2" x="134" transcription=" " LatinTrans="SPACE">
      <paw idPaw="1" x="134" transcription=" " LatinTrans="SPACE">
        <lettre idLettre="1" x="134" transcription=" " LatinTrans="SPACE" />
      </paw>
    </word>
    <word idWord="3" x="97" transcription="بابا" LatinTrans="Baa_B Alif_E Baa_B Alif_E">
      <paw idPaw="1" x="116" transcription="با" LatinTrans="Baa_B Alif_E">
        <lettre idLettre="1" x="124" transcription="ب" LatinTrans="Baa_B" />
        <lettre idLettre="2" x="116" transcription="ا" LatinTrans="Alif_E" />
      </paw>
      <paw idPaw="2" x="97" transcription="با" LatinTrans="Baa_B Alif_E">
        <lettre idLettre="1" x="105" transcription="ب" LatinTrans="Baa_B" />
        <lettre idLettre="2" x="97" transcription="ا" LatinTrans="Alif_E" />
      </paw>
    </word>
    <word idWord="4" x="93" transcription=" " LatinTrans="SPACE">
      <paw idPaw="1" x="93" transcription=" " LatinTrans="SPACE">
        <lettre idLettre="1" x="93" transcription=" " LatinTrans="SPACE" />
      </paw>
    </word>
    <word idWord="5" x="61" transcription="ولد" LatinTrans="Waaw_I Laam_B Daal_E">
      <paw idPaw="1" x="81" transcription="و" LatinTrans="Waaw_I">
        <lettre idLettre="1" x="81" transcription="و" LatinTrans="Waaw_I" />
      </paw>
      <paw idPaw="2" x="61" transcription="لد" LatinTrans="Laam_B Daal_E">
        <lettre idLettre="1" x="75" transcription="ل" LatinTrans="Laam_B" />
        <lettre idLettre="2" x="61" transcription="د" LatinTrans="Daal_E" />
      </paw>
    </word>
    <word idWord="6" x="55" transcription=" " LatinTrans="SPACE">
      <paw idPaw="1" x="55" transcription=" " LatinTrans="SPACE">
        <lettre idLettre="1" x="55" transcription=" " LatinTrans="SPACE" />
      </paw>
    </word>
    <word idWord="7" x="0" transcription="حرمه" LatinTrans="Haaa_B Raa_E Miim_B Haa_E">
      <paw idPaw="1" x="29" transcription="حر" LatinTrans="Haaa_B Raa_E">
        <lettre idLettre="1" x="39" transcription="ح" LatinTrans="Haaa_B" />
        <lettre idLettre="2" x="29" transcription="ر" LatinTrans="Raa_E" />
      </paw>
      <paw idPaw="2" x="0" transcription="مه" LatinTrans="Miim_B Haa_E">
        <lettre idLettre="1" x="17" transcription="م" LatinTrans="Miim_B" />
        <lettre idLettre="2" x="0" transcription="ه" LatinTrans="Haa_E" />
      </paw>
    </word>
  </content>
</textImage>