﻿<?xml version="1.0" encoding="UTF-8" standalone="yes"?>
<textImage id="4" width="268" height="62" transcription="أسترالي في أحد" image="aljazeera_3213-05-34-40_4">
  <ArabicTranscription>أسترالي في أحد</ArabicTranscription>
  <LatinTranscription>HamzaAboveAlif_I Siin_B Taaa_M Raa_E Alif_I Laam_B Yaa_E SPACE Faa_B Yaa_E SPACE HamzaAboveAlif_I Haaa_B Daal_E</LatinTranscription>
  <content>
    <word idWord="1" x="144" transcription="أسترالي" LatinTrans="HamzaAboveAlif_I Siin_B Taaa_M Raa_E Alif_I Laam_B Yaa_E">
      <paw idPaw="1" x="255" transcription="أ" LatinTrans="HamzaAboveAlif_I">
        <lettre idLettre="1" x="255" transcription="أ" LatinTrans="HamzaAboveAlif_I" />
      </paw>
      <paw idPaw="2" x="202" transcription="ستر" LatinTrans="Siin_B Taaa_M Raa_E">
        <lettre idLettre="1" x="231" transcription="س" LatinTrans="Siin_B" />
        <lettre idLettre="2" x="214" transcription="ت" LatinTrans="Taaa_M" />
        <lettre idLettre="3" x="202" transcription="ر" LatinTrans="Raa_E" />
      </paw>
      <paw idPaw="3" x="194" transcription="ا" LatinTrans="Alif_I">
        <lettre idLettre="1" x="194" transcription="ا" LatinTrans="Alif_I" />
      </paw>
      <paw idPaw="4" x="144" transcription="لي" LatinTrans="Laam_B Yaa_E">
        <lettre idLettre="1" x="179" transcription="ل" LatinTrans="Laam_B" />
        <lettre idLettre="2" x="144" transcription="ي" LatinTrans="Yaa_E" />
      </paw>
    </word>
    <word idWord="2" x="137" transcription=" " LatinTrans="SPACE">
      <paw idPaw="1" x="137" transcription=" " LatinTrans="SPACE">
        <lettre idLettre="1" x="137" transcription=" " LatinTrans="SPACE" />
      </paw>
    </word>
    <word idWord="3" x="77" transcription="في" LatinTrans="Faa_B Yaa_E">
      <paw idPaw="1" x="77" transcription="في" LatinTrans="Faa_B Yaa_E">
        <lettre idLettre="1" x="117" transcription="ف" LatinTrans="Faa_B" />
        <lettre idLettre="2" x="77" transcription="ي" LatinTrans="Yaa_E" />
      </paw>
    </word>
    <word idWord="4" x="73" transcription=" " LatinTrans="SPACE">
      <paw idPaw="1" x="73" transcription=" " LatinTrans="SPACE">
        <lettre idLettre="1" x="73" transcription=" " LatinTrans="SPACE" />
      </paw>
    </word>
    <word idWord="5" x="0" transcription="أحد" LatinTrans="HamzaAboveAlif_I Haaa_B Daal_E">
      <paw idPaw="1" x="61" transcription="أ" LatinTrans="HamzaAboveAlif_I">
        <lettre idLettre="1" x="61" transcription="أ" LatinTrans="HamzaAboveAlif_I" />
      </paw>
      <paw idPaw="2" x="0" transcription="حد" LatinTrans="Haaa_B Daal_E">
        <lettre idLettre="1" x="37" transcription="ح" LatinTrans="Haaa_B" />
        <lettre idLettre="2" x="0" transcription="د" LatinTrans="Daal_E" />
      </paw>
    </word>
  </content>
</textImage>