﻿<?xml version="1.0" encoding="UTF-8" standalone="yes"?>
<textImage id="6" width="152" height="41" transcription="دينار كويتي" image="aljazeera_3212-10-47-30_6">
  <ArabicTranscription>دينار كويتي</ArabicTranscription>
  <LatinTranscription>Daal_I Yaa_B Nuun_M Alif_E Raa_I SPACE Kaaf_B Waaw_E Yaa_B Taaa_M Yaa_E</LatinTranscription>
  <content>
    <word idWord="1" x="93" transcription="دينار" LatinTrans="Daal_I Yaa_B Nuun_M Alif_E Raa_I">
      <paw idPaw="1" x="136" transcription="د" LatinTrans="Daal_I">
        <lettre idLettre="1" x="136" transcription="د" LatinTrans="Daal_I" />
      </paw>
      <paw idPaw="2" x="106" transcription="ينا" LatinTrans="Yaa_B Nuun_M Alif_E">
        <lettre idLettre="1" x="123" transcription="ي" LatinTrans="Yaa_B" />
        <lettre idLettre="2" x="113" transcription="ن" LatinTrans="Nuun_M" />
        <lettre idLettre="3" x="106" transcription="ا" LatinTrans="Alif_E" />
      </paw>
      <paw idPaw="3" x="93" transcription="ر" LatinTrans="Raa_I">
        <lettre idLettre="1" x="93" transcription="ر" LatinTrans="Raa_I" />
      </paw>
    </word>
    <word idWord="2" x="89" transcription=" " LatinTrans="SPACE">
      <paw idPaw="1" x="89" transcription=" " LatinTrans="SPACE">
        <lettre idLettre="1" x="89" transcription=" " LatinTrans="SPACE" />
      </paw>
    </word>
    <word idWord="3" x="0" transcription="كويتي" LatinTrans="Kaaf_B Waaw_E Yaa_B Taaa_M Yaa_E">
      <paw idPaw="1" x="63" transcription="كو" LatinTrans="Kaaf_B Waaw_E">
        <lettre idLettre="1" x="75" transcription="ك" LatinTrans="Kaaf_B" />
        <lettre idLettre="2" x="63" transcription="و" LatinTrans="Waaw_E" />
      </paw>
      <paw idPaw="2" x="0" transcription="يتي" LatinTrans="Yaa_B Taaa_M Yaa_E">
        <lettre idLettre="1" x="51" transcription="ي" LatinTrans="Yaa_B" />
        <lettre idLettre="2" x="33" transcription="ت" LatinTrans="Taaa_M" />
        <lettre idLettre="3" x="0" transcription="ي" LatinTrans="Yaa_E" />
      </paw>
    </word>
  </content>
</textImage>