﻿<?xml version="1.0" encoding="UTF-8" standalone="yes"?>
<textImage id="1" width="494" height="38" transcription="ردود فعل منددة بالتجربة النووية لكوريا الشمالية" image="aljazeera_3212-09-00-40_1">
  <ArabicTranscription>ردود فعل منددة بالتجربة النووية لكوريا الشمالية</ArabicTranscription>
  <LatinTranscription>Raa_I Daal_I Waaw_I Daal_I SPACE Faa_B Ayn_M Laam_E SPACE Miim_B Nuun_M Daal_E Daal_I TaaaClosed_I SPACE Baa_B Alif_E Laam_B Taaa_M Jiim_M Raa_E Baa_B TaaaClosed_E SPACE Alif_I Laam_B Nuun_M Waaw_E Waaw_I Yaa_B TaaaClosed_E SPACE Laam_B Kaaf_M Waaw_E Raa_I Yaa_B Alif_E SPACE Alif_I Laam_B Shiin_M Miim_M Alif_E Laam_B Yaa_M TaaaClosed_E</LatinTranscription>
  <content>
    <word idWord="1" x="446" transcription="ردود" LatinTrans="Raa_I Daal_I Waaw_I Daal_I">
      <paw idPaw="1" x="481" transcription="ر" LatinTrans="Raa_I">
        <lettre idLettre="1" x="481" transcription="ر" LatinTrans="Raa_I" />
      </paw>
      <paw idPaw="2" x="469" transcription="د" LatinTrans="Daal_I">
        <lettre idLettre="1" x="469" transcription="د" LatinTrans="Daal_I" />
      </paw>
      <paw idPaw="3" x="459" transcription="و" LatinTrans="Waaw_I">
        <lettre idLettre="1" x="459" transcription="و" LatinTrans="Waaw_I" />
      </paw>
      <paw idPaw="4" x="446" transcription="د" LatinTrans="Daal_I">
        <lettre idLettre="1" x="446" transcription="د" LatinTrans="Daal_I" />
      </paw>
    </word>
    <word idWord="2" x="443" transcription=" " LatinTrans="SPACE">
      <paw idPaw="1" x="443" transcription=" " LatinTrans="SPACE">
        <lettre idLettre="1" x="443" transcription=" " LatinTrans="SPACE" />
      </paw>
    </word>
    <word idWord="3" x="392" transcription="فعل" LatinTrans="Faa_B Ayn_M Laam_E">
      <paw idPaw="1" x="392" transcription="فعل" LatinTrans="Faa_B Ayn_M Laam_E">
        <lettre idLettre="1" x="428" transcription="ف" LatinTrans="Faa_B" />
        <lettre idLettre="2" x="410" transcription="ع" LatinTrans="Ayn_M" />
        <lettre idLettre="3" x="392" transcription="ل" LatinTrans="Laam_E" />
      </paw>
    </word>
    <word idWord="4" x="389" transcription=" " LatinTrans="SPACE">
      <paw idPaw="1" x="389" transcription=" " LatinTrans="SPACE">
        <lettre idLettre="1" x="389" transcription=" " LatinTrans="SPACE" />
      </paw>
    </word>
    <word idWord="5" x="327" transcription="منددة" LatinTrans="Miim_B Nuun_M Daal_E Daal_I TaaaClosed_I">
      <paw idPaw="1" x="352" transcription="مند" LatinTrans="Miim_B Nuun_M Daal_E">
        <lettre idLettre="1" x="373" transcription="م" LatinTrans="Miim_B" />
        <lettre idLettre="2" x="364" transcription="ن" LatinTrans="Nuun_M" />
        <lettre idLettre="3" x="352" transcription="د" LatinTrans="Daal_E" />
      </paw>
      <paw idPaw="2" x="340" transcription="د" LatinTrans="Daal_I">
        <lettre idLettre="1" x="340" transcription="د" LatinTrans="Daal_I" />
      </paw>
      <paw idPaw="3" x="327" transcription="ة" LatinTrans="TaaaClosed_I">
        <lettre idLettre="1" x="327" transcription="ة" LatinTrans="TaaaClosed_I" />
      </paw>
    </word>
    <word idWord="6" x="323" transcription=" " LatinTrans="SPACE">
      <paw idPaw="1" x="323" transcription=" " LatinTrans="SPACE">
        <lettre idLettre="1" x="323" transcription=" " LatinTrans="SPACE" />
      </paw>
    </word>
    <word idWord="7" x="235" transcription="بالتجربة" LatinTrans="Baa_B Alif_E Laam_B Taaa_M Jiim_M Raa_E Baa_B TaaaClosed_E">
      <paw idPaw="1" x="305" transcription="با" LatinTrans="Baa_B Alif_E">
        <lettre idLettre="1" x="312" transcription="ب" LatinTrans="Baa_B" />
        <lettre idLettre="2" x="305" transcription="ا" LatinTrans="Alif_E" />
      </paw>
      <paw idPaw="2" x="261" transcription="لتجر" LatinTrans="Laam_B Taaa_M Jiim_M Raa_E">
        <lettre idLettre="1" x="297" transcription="ل" LatinTrans="Laam_B" />
        <lettre idLettre="2" x="284" transcription="ت" LatinTrans="Taaa_M" />
        <lettre idLettre="3" x="271" transcription="ج" LatinTrans="Jiim_M" />
        <lettre idLettre="4" x="261" transcription="ر" LatinTrans="Raa_E" />
      </paw>
      <paw idPaw="3" x="235" transcription="بة" LatinTrans="Baa_B TaaaClosed_E">
        <lettre idLettre="1" x="251" transcription="ب" LatinTrans="Baa_B" />
        <lettre idLettre="2" x="235" transcription="ة" LatinTrans="TaaaClosed_E" />
      </paw>
    </word>
    <word idWord="8" x="231" transcription=" " LatinTrans="SPACE">
      <paw idPaw="1" x="231" transcription=" " LatinTrans="SPACE">
        <lettre idLettre="1" x="231" transcription=" " LatinTrans="SPACE" />
      </paw>
    </word>
    <word idWord="9" x="162" transcription="النووية" LatinTrans="Alif_I Laam_B Nuun_M Waaw_E Waaw_I Yaa_B TaaaClosed_E">
      <paw idPaw="1" x="225" transcription="ا" LatinTrans="Alif_I">
        <lettre idLettre="1" x="225" transcription="ا" LatinTrans="Alif_I" />
      </paw>
      <paw idPaw="2" x="196" transcription="لنو" LatinTrans="Laam_B Nuun_M Waaw_E">
        <lettre idLettre="1" x="218" transcription="ل" LatinTrans="Laam_B" />
        <lettre idLettre="2" x="209" transcription="ن" LatinTrans="Nuun_M" />
        <lettre idLettre="3" x="196" transcription="و" LatinTrans="Waaw_E" />
      </paw>
      <paw idPaw="3" x="186" transcription="و" LatinTrans="Waaw_I">
        <lettre idLettre="1" x="186" transcription="و" LatinTrans="Waaw_I" />
      </paw>
      <paw idPaw="4" x="162" transcription="ية" LatinTrans="Yaa_B TaaaClosed_E">
        <lettre idLettre="1" x="174" transcription="ي" LatinTrans="Yaa_B" />
        <lettre idLettre="2" x="162" transcription="ة" LatinTrans="TaaaClosed_E" />
      </paw>
    </word>
    <word idWord="10" x="156" transcription=" " LatinTrans="SPACE">
      <paw idPaw="1" x="156" transcription=" " LatinTrans="SPACE">
        <lettre idLettre="1" x="156" transcription=" " LatinTrans="SPACE" />
      </paw>
    </word>
    <word idWord="11" x="96" transcription="لكوريا" LatinTrans="Laam_B Kaaf_M Waaw_E Raa_I Yaa_B Alif_E">
      <paw idPaw="1" x="124" transcription="لكو" LatinTrans="Laam_B Kaaf_M Waaw_E">
        <lettre idLettre="1" x="150" transcription="ل" LatinTrans="Laam_B" />
        <lettre idLettre="2" x="138" transcription="ك" LatinTrans="Kaaf_M" />
        <lettre idLettre="3" x="124" transcription="و" LatinTrans="Waaw_E" />
      </paw>
      <paw idPaw="2" x="115" transcription="ر" LatinTrans="Raa_I">
        <lettre idLettre="1" x="115" transcription="ر" LatinTrans="Raa_I" />
      </paw>
      <paw idPaw="3" x="96" transcription="يا" LatinTrans="Yaa_B Alif_E">
        <lettre idLettre="1" x="103" transcription="ي" LatinTrans="Yaa_B" />
        <lettre idLettre="2" x="96" transcription="ا" LatinTrans="Alif_E" />
      </paw>
    </word>
    <word idWord="12" x="93" transcription=" " LatinTrans="SPACE">
      <paw idPaw="1" x="93" transcription=" " LatinTrans="SPACE">
        <lettre idLettre="1" x="93" transcription=" " LatinTrans="SPACE" />
      </paw>
    </word>
    <word idWord="13" x="0" transcription="الشمالية" LatinTrans="Alif_I Laam_B Shiin_M Miim_M Alif_E Laam_B Yaa_M TaaaClosed_E">
      <paw idPaw="1" x="85" transcription="ا" LatinTrans="Alif_I">
        <lettre idLettre="1" x="85" transcription="ا" LatinTrans="Alif_I" />
      </paw>
      <paw idPaw="2" x="37" transcription="لشما" LatinTrans="Laam_B Shiin_M Miim_M Alif_E">
        <lettre idLettre="1" x="79" transcription="ل" LatinTrans="Laam_B" />
        <lettre idLettre="2" x="58" transcription="ش" LatinTrans="Shiin_M" />
        <lettre idLettre="3" x="44" transcription="م" LatinTrans="Miim_M" />
        <lettre idLettre="4" x="37" transcription="ا" LatinTrans="Alif_E" />
      </paw>
      <paw idPaw="3" x="0" transcription="لية" LatinTrans="Laam_B Yaa_M TaaaClosed_E">
        <lettre idLettre="1" x="29" transcription="ل" LatinTrans="Laam_B" />
        <lettre idLettre="2" x="17" transcription="ي" LatinTrans="Yaa_M" />
        <lettre idLettre="3" x="0" transcription="ة" LatinTrans="TaaaClosed_E" />
      </paw>
    </word>
  </content>
</textImage>