﻿<?xml version="1.0" encoding="UTF-8" standalone="yes"?>
<textImage id="1" width="113" height="41" transcription="الخميس" image="aljazeera_3213-00-55-50_1">
  <ArabicTranscription>الخميس</ArabicTranscription>
  <LatinTranscription>Alif_I Laam_B Xaa_M Miim_M Yaa_M Siin_E</LatinTranscription>
  <content>
    <word idWord="1" x="0" transcription="الخميس" LatinTrans="Alif_I Laam_B Xaa_M Miim_M Yaa_M Siin_E">
      <paw idPaw="1" x="102" transcription="ا" LatinTrans="Alif_I">
        <lettre idLettre="1" x="102" transcription="ا" LatinTrans="Alif_I" />
      </paw>
      <paw idPaw="2" x="0" transcription="لخميس" LatinTrans="Laam_B Xaa_M Miim_M Yaa_M Siin_E">
        <lettre idLettre="1" x="93" transcription="ل" LatinTrans="Laam_B" />
        <lettre idLettre="2" x="73" transcription="خ" LatinTrans="Xaa_M" />
        <lettre idLettre="3" x="58" transcription="م" LatinTrans="Miim_M" />
        <lettre idLettre="4" x="39" transcription="ي" LatinTrans="Yaa_M" />
        <lettre idLettre="5" x="0" transcription="س" LatinTrans="Siin_E" />
      </paw>
    </word>
  </content>
</textImage>