﻿<?xml version="1.0" encoding="UTF-8" standalone="yes"?>
<textImage id="1" width="323" height="45" transcription="اندلعت الثورة المصرية" image="aljazeera_3212-08-42-50_1">
  <ArabicTranscription>اندلعت الثورة المصرية</ArabicTranscription>
  <LatinTranscription>Alif_I Nuun_B Daal_E Laam_B Ayn_M Taaa_E SPACE Alif_I Laam_B Thaa_M Waaw_E Raa_I TaaaClosed_I SPACE Alif_I Laam_B Miim_M Saad_M Raa_E Yaa_B TaaaClosed_E</LatinTranscription>
  <content>
    <word idWord="1" x="208" transcription="اندلعت" LatinTrans="Alif_I Nuun_B Daal_E Laam_B Ayn_M Taaa_E">
      <paw idPaw="1" x="313" transcription="ا" LatinTrans="Alif_I">
        <lettre idLettre="1" x="313" transcription="ا" LatinTrans="Alif_I" />
      </paw>
      <paw idPaw="2" x="285" transcription="ند" LatinTrans="Nuun_B Daal_E">
        <lettre idLettre="1" x="299" transcription="ن" LatinTrans="Nuun_B" />
        <lettre idLettre="2" x="285" transcription="د" LatinTrans="Daal_E" />
      </paw>
      <paw idPaw="3" x="208" transcription="لعت" LatinTrans="Laam_B Ayn_M Taaa_E">
        <lettre idLettre="1" x="275" transcription="ل" LatinTrans="Laam_B" />
        <lettre idLettre="2" x="251" transcription="ع" LatinTrans="Ayn_M" />
        <lettre idLettre="3" x="208" transcription="ت" LatinTrans="Taaa_E" />
      </paw>
    </word>
    <word idWord="2" x="202" transcription=" " LatinTrans="SPACE">
      <paw idPaw="1" x="202" transcription=" " LatinTrans="SPACE">
        <lettre idLettre="1" x="202" transcription=" " LatinTrans="SPACE" />
      </paw>
    </word>
    <word idWord="3" x="131" transcription="الثورة" LatinTrans="Alif_I Laam_B Thaa_M Waaw_E Raa_I TaaaClosed_I">
      <paw idPaw="1" x="196" transcription="ا" LatinTrans="Alif_I">
        <lettre idLettre="1" x="196" transcription="ا" LatinTrans="Alif_I" />
      </paw>
      <paw idPaw="2" x="158" transcription="لثو" LatinTrans="Laam_B Thaa_M Waaw_E">
        <lettre idLettre="1" x="186" transcription="ل" LatinTrans="Laam_B" />
        <lettre idLettre="2" x="170" transcription="ث" LatinTrans="Thaa_M" />
        <lettre idLettre="3" x="158" transcription="و" LatinTrans="Waaw_E" />
      </paw>
      <paw idPaw="3" x="146" transcription="ر" LatinTrans="Raa_I">
        <lettre idLettre="1" x="146" transcription="ر" LatinTrans="Raa_I" />
      </paw>
      <paw idPaw="4" x="131" transcription="ة" LatinTrans="TaaaClosed_I">
        <lettre idLettre="1" x="131" transcription="ة" LatinTrans="TaaaClosed_I" />
      </paw>
    </word>
    <word idWord="4" x="125" transcription=" " LatinTrans="SPACE">
      <paw idPaw="1" x="125" transcription=" " LatinTrans="SPACE">
        <lettre idLettre="1" x="125" transcription=" " LatinTrans="SPACE" />
      </paw>
    </word>
    <word idWord="5" x="0" transcription="المصرية" LatinTrans="Alif_I Laam_B Miim_M Saad_M Raa_E Yaa_B TaaaClosed_E">
      <paw idPaw="1" x="118" transcription="ا" LatinTrans="Alif_I">
        <lettre idLettre="1" x="118" transcription="ا" LatinTrans="Alif_I" />
      </paw>
      <paw idPaw="2" x="55" transcription="لمصر" LatinTrans="Laam_B Miim_M Saad_M Raa_E">
        <lettre idLettre="1" x="111" transcription="ل" LatinTrans="Laam_B" />
        <lettre idLettre="2" x="93" transcription="م" LatinTrans="Miim_M" />
        <lettre idLettre="3" x="65" transcription="ص" LatinTrans="Saad_M" />
        <lettre idLettre="4" x="55" transcription="ر" LatinTrans="Raa_E" />
      </paw>
      <paw idPaw="3" x="0" transcription="ية" LatinTrans="Yaa_B TaaaClosed_E">
        <lettre idLettre="1" x="39" transcription="ي" LatinTrans="Yaa_B" />
        <lettre idLettre="2" x="0" transcription="ة" LatinTrans="TaaaClosed_E" />
      </paw>
    </word>
  </content>
</textImage>