﻿<?xml version="1.0" encoding="UTF-8" standalone="yes"?>
<textImage id="1" width="492" height="50" transcription="16 منظمة مجتمع مدني تزور الرمادي" image="aljazeera_3212-05-38-50_1">
  <ArabicTranscription>16 منظمة مجتمع مدني تزور الرمادي</ArabicTranscription>
  <LatinTranscription>Six One SPACE Miim_B Nuun_M Taa_M Miim_M TaaaClosed_E SPACE Miim_B Jiim_M Taaa_M Miim_M Ayn_E SPACE Miim_B Daal_E Nuun_B Yaa_E SPACE Taaa_B Zaay_E Waaw_I Raa_I SPACE Alif_I Laam_B Raa_E Miim_B Alif_E Daal_I Yaa_I</LatinTranscription>
  <content>
    <word idWord="1" x="453" transcription="16" LatinTrans="Six One">
      <paw idPaw="1" x="468" transcription="6" LatinTrans="Six">
        <lettre idLettre="1" x="468" transcription="6" LatinTrans="Six" />
      </paw>
      <paw idPaw="2" x="453" transcription="1" LatinTrans="One">
        <lettre idLettre="1" x="453" transcription="1" LatinTrans="One" />
      </paw>
    </word>
    <word idWord="2" x="447" transcription=" " LatinTrans="SPACE">
      <paw idPaw="1" x="447" transcription=" " LatinTrans="SPACE">
        <lettre idLettre="1" x="447" transcription=" " LatinTrans="SPACE" />
      </paw>
    </word>
    <word idWord="3" x="353" transcription="منظمة" LatinTrans="Miim_B Nuun_M Taa_M Miim_M TaaaClosed_E">
      <paw idPaw="1" x="353" transcription="منظمة" LatinTrans="Miim_B Nuun_M Taa_M Miim_M TaaaClosed_E">
        <lettre idLettre="1" x="428" transcription="م" LatinTrans="Miim_B" />
        <lettre idLettre="2" x="414" transcription="ن" LatinTrans="Nuun_M" />
        <lettre idLettre="3" x="391" transcription="ظ" LatinTrans="Taa_M" />
        <lettre idLettre="4" x="373" transcription="م" LatinTrans="Miim_M" />
        <lettre idLettre="5" x="353" transcription="ة" LatinTrans="TaaaClosed_E" />
      </paw>
    </word>
    <word idWord="4" x="345" transcription=" " LatinTrans="SPACE">
      <paw idPaw="1" x="345" transcription=" " LatinTrans="SPACE">
        <lettre idLettre="1" x="345" transcription=" " LatinTrans="SPACE" />
      </paw>
    </word>
    <word idWord="5" x="246" transcription="مجتمع" LatinTrans="Miim_B Jiim_M Taaa_M Miim_M Ayn_E">
      <paw idPaw="1" x="246" transcription="مجتمع" LatinTrans="Miim_B Jiim_M Taaa_M Miim_M Ayn_E">
        <lettre idLettre="1" x="328" transcription="م" LatinTrans="Miim_B" />
        <lettre idLettre="2" x="309" transcription="ج" LatinTrans="Jiim_M" />
        <lettre idLettre="3" x="293" transcription="ت" LatinTrans="Taaa_M" />
        <lettre idLettre="4" x="275" transcription="م" LatinTrans="Miim_M" />
        <lettre idLettre="5" x="246" transcription="ع" LatinTrans="Ayn_E" />
      </paw>
    </word>
    <word idWord="6" x="240" transcription=" " LatinTrans="SPACE">
      <paw idPaw="1" x="240" transcription=" " LatinTrans="SPACE">
        <lettre idLettre="1" x="240" transcription=" " LatinTrans="SPACE" />
      </paw>
    </word>
    <word idWord="7" x="165" transcription="مدني" LatinTrans="Miim_B Daal_E Nuun_B Yaa_E">
      <paw idPaw="1" x="207" transcription="مد" LatinTrans="Miim_B Daal_E">
        <lettre idLettre="1" x="223" transcription="م" LatinTrans="Miim_B" />
        <lettre idLettre="2" x="207" transcription="د" LatinTrans="Daal_E" />
      </paw>
      <paw idPaw="2" x="165" transcription="ني" LatinTrans="Nuun_B Yaa_E">
        <lettre idLettre="1" x="195" transcription="ن" LatinTrans="Nuun_B" />
        <lettre idLettre="2" x="165" transcription="ي" LatinTrans="Yaa_E" />
      </paw>
    </word>
    <word idWord="8" x="159" transcription=" " LatinTrans="SPACE">
      <paw idPaw="1" x="159" transcription=" " LatinTrans="SPACE">
        <lettre idLettre="1" x="159" transcription=" " LatinTrans="SPACE" />
      </paw>
    </word>
    <word idWord="9" x="103" transcription="تزور" LatinTrans="Taaa_B Zaay_E Waaw_I Raa_I">
      <paw idPaw="1" x="133" transcription="تز" LatinTrans="Taaa_B Zaay_E">
        <lettre idLettre="1" x="147" transcription="ت" LatinTrans="Taaa_B" />
        <lettre idLettre="2" x="133" transcription="ز" LatinTrans="Zaay_E" />
      </paw>
      <paw idPaw="2" x="116" transcription="و" LatinTrans="Waaw_I">
        <lettre idLettre="1" x="116" transcription="و" LatinTrans="Waaw_I" />
      </paw>
      <paw idPaw="3" x="103" transcription="ر" LatinTrans="Raa_I">
        <lettre idLettre="1" x="103" transcription="ر" LatinTrans="Raa_I" />
      </paw>
    </word>
    <word idWord="10" x="98" transcription=" " LatinTrans="SPACE">
      <paw idPaw="1" x="98" transcription=" " LatinTrans="SPACE">
        <lettre idLettre="1" x="98" transcription=" " LatinTrans="SPACE" />
      </paw>
    </word>
    <word idWord="11" x="0" transcription="الرمادي" LatinTrans="Alif_I Laam_B Raa_E Miim_B Alif_E Daal_I Yaa_I">
      <paw idPaw="1" x="90" transcription="ا" LatinTrans="Alif_I">
        <lettre idLettre="1" x="90" transcription="ا" LatinTrans="Alif_I" />
      </paw>
      <paw idPaw="2" x="68" transcription="لر" LatinTrans="Laam_B Raa_E">
        <lettre idLettre="1" x="80" transcription="ل" LatinTrans="Laam_B" />
        <lettre idLettre="2" x="68" transcription="ر" LatinTrans="Raa_E" />
      </paw>
      <paw idPaw="3" x="42" transcription="ما" LatinTrans="Miim_B Alif_E">
        <lettre idLettre="1" x="52" transcription="م" LatinTrans="Miim_B" />
        <lettre idLettre="2" x="42" transcription="ا" LatinTrans="Alif_E" />
      </paw>
      <paw idPaw="4" x="26" transcription="د" LatinTrans="Daal_I">
        <lettre idLettre="1" x="26" transcription="د" LatinTrans="Daal_I" />
      </paw>
      <paw idPaw="5" x="0" transcription="ي" LatinTrans="Yaa_I">
        <lettre idLettre="1" x="0" transcription="ي" LatinTrans="Yaa_I" />
      </paw>
    </word>
  </content>
</textImage>