﻿<?xml version="1.0" encoding="UTF-8" standalone="yes"?>
<textImage id="1" width="201" height="36" transcription="البابا تتجه نحو" image="aljazeera_3212-05-34-50_2">
  <ArabicTranscription>البابا تتجه نحو</ArabicTranscription>
  <LatinTranscription>Alif_I Laam_B Baa_M Alif_E Baa_B Alif_E SPACE Taaa_B Taaa_M Jiim_M Haa_E SPACE Nuun_B Haaa_M Waaw_E</LatinTranscription>
  <content>
    <word idWord="1" x="133" transcription="البابا" LatinTrans="Alif_I Laam_B Baa_M Alif_E Baa_B Alif_E">
      <paw idPaw="1" x="193" transcription="ا" LatinTrans="Alif_I">
        <lettre idLettre="1" x="193" transcription="ا" LatinTrans="Alif_I" />
      </paw>
      <paw idPaw="2" x="160" transcription="لبا" LatinTrans="Laam_B Baa_M Alif_E">
        <lettre idLettre="1" x="184" transcription="ل" LatinTrans="Laam_B" />
        <lettre idLettre="2" x="170" transcription="ب" LatinTrans="Baa_M" />
        <lettre idLettre="3" x="160" transcription="ا" LatinTrans="Alif_E" />
      </paw>
      <paw idPaw="3" x="133" transcription="با" LatinTrans="Baa_B Alif_E">
        <lettre idLettre="1" x="143" transcription="ب" LatinTrans="Baa_B" />
        <lettre idLettre="2" x="133" transcription="ا" LatinTrans="Alif_E" />
      </paw>
    </word>
    <word idWord="2" x="129" transcription=" " LatinTrans="SPACE">
      <paw idPaw="1" x="129" transcription=" " LatinTrans="SPACE">
        <lettre idLettre="1" x="129" transcription=" " LatinTrans="SPACE" />
      </paw>
    </word>
    <word idWord="3" x="60" transcription="تتجه" LatinTrans="Taaa_B Taaa_M Jiim_M Haa_E">
      <paw idPaw="1" x="60" transcription="تتجه" LatinTrans="Taaa_B Taaa_M Jiim_M Haa_E">
        <lettre idLettre="1" x="112" transcription="ت" LatinTrans="Taaa_B" />
        <lettre idLettre="2" x="96" transcription="ت" LatinTrans="Taaa_M" />
        <lettre idLettre="3" x="76" transcription="ج" LatinTrans="Jiim_M" />
        <lettre idLettre="4" x="60" transcription="ه" LatinTrans="Haa_E" />
      </paw>
    </word>
    <word idWord="4" x="52" transcription=" " LatinTrans="SPACE">
      <paw idPaw="1" x="52" transcription=" " LatinTrans="SPACE">
        <lettre idLettre="1" x="52" transcription=" " LatinTrans="SPACE" />
      </paw>
    </word>
    <word idWord="5" x="0" transcription="نحو" LatinTrans="Nuun_B Haaa_M Waaw_E">
      <paw idPaw="1" x="0" transcription="نحو" LatinTrans="Nuun_B Haaa_M Waaw_E">
        <lettre idLettre="1" x="38" transcription="ن" LatinTrans="Nuun_B" />
        <lettre idLettre="2" x="18" transcription="ح" LatinTrans="Haaa_M" />
        <lettre idLettre="3" x="0" transcription="و" LatinTrans="Waaw_E" />
      </paw>
    </word>
  </content>
</textImage>