﻿<?xml version="1.0" encoding="UTF-8" standalone="yes"?>
<textImage id="1" width="338" height="35" transcription="وأبلغتنا بتلبية جميع مطالبنا" image="aljazeera_3211-10-51-30_3">
  <ArabicTranscription>وأبلغتنا بتلبية جميع مطالبنا</ArabicTranscription>
  <LatinTranscription>Waaw_I HamzaAboveAlif_I Baa_B Laam_M Ghayn_M Taaa_M Nuun_M Alif_E SPACE Baa_B Taaa_M Laam_M Baa_M Yaa_M TaaaClosed_E SPACE Jiim_B Miim_M Yaa_M Ayn_E SPACE Miim_B Thaaa_M Alif_E Laam_B Baa_M Nuun_M Alif_E</LatinTranscription>
  <content>
    <word idWord="1" x="235" transcription="وأبلغتنا" LatinTrans="Waaw_I HamzaAboveAlif_I Baa_B Laam_M Ghayn_M Taaa_M Nuun_M Alif_E">
      <paw idPaw="1" x="326" transcription="و" LatinTrans="Waaw_I">
        <lettre idLettre="1" x="326" transcription="و" LatinTrans="Waaw_I" />
      </paw>
      <paw idPaw="2" x="319" transcription="أ" LatinTrans="HamzaAboveAlif_I">
        <lettre idLettre="1" x="319" transcription="أ" LatinTrans="HamzaAboveAlif_I" />
      </paw>
      <paw idPaw="3" x="235" transcription="بلغتنا" LatinTrans="Baa_B Laam_M Ghayn_M Taaa_M Nuun_M Alif_E">
        <lettre idLettre="1" x="310" transcription="ب" LatinTrans="Baa_B" />
        <lettre idLettre="2" x="288" transcription="ل" LatinTrans="Laam_M" />
        <lettre idLettre="3" x="276" transcription="غ" LatinTrans="Ghayn_M" />
        <lettre idLettre="4" x="264" transcription="ت" LatinTrans="Taaa_M" />
        <lettre idLettre="5" x="255" transcription="ن" LatinTrans="Nuun_M" />
        <lettre idLettre="6" x="235" transcription="ا" LatinTrans="Alif_E" />
      </paw>
    </word>
    <word idWord="2" x="232" transcription=" " LatinTrans="SPACE">
      <paw idPaw="1" x="232" transcription=" " LatinTrans="SPACE">
        <lettre idLettre="1" x="232" transcription=" " LatinTrans="SPACE" />
      </paw>
    </word>
    <word idWord="3" x="159" transcription="بتلبية" LatinTrans="Baa_B Taaa_M Laam_M Baa_M Yaa_M TaaaClosed_E">
      <paw idPaw="1" x="159" transcription="بتلبية" LatinTrans="Baa_B Taaa_M Laam_M Baa_M Yaa_M TaaaClosed_E">
        <lettre idLettre="1" x="221" transcription="ب" LatinTrans="Baa_B" />
        <lettre idLettre="2" x="211" transcription="ت" LatinTrans="Taaa_M" />
        <lettre idLettre="3" x="206" transcription="ل" LatinTrans="Laam_M" />
        <lettre idLettre="4" x="194" transcription="ب" LatinTrans="Baa_M" />
        <lettre idLettre="5" x="182" transcription="ي" LatinTrans="Yaa_M" />
        <lettre idLettre="6" x="159" transcription="ة" LatinTrans="TaaaClosed_E" />
      </paw>
    </word>
    <word idWord="4" x="154" transcription=" " LatinTrans="SPACE">
      <paw idPaw="1" x="154" transcription=" " LatinTrans="SPACE">
        <lettre idLettre="1" x="154" transcription=" " LatinTrans="SPACE" />
      </paw>
    </word>
    <word idWord="5" x="88" transcription="جميع" LatinTrans="Jiim_B Miim_M Yaa_M Ayn_E">
      <paw idPaw="1" x="88" transcription="جميع" LatinTrans="Jiim_B Miim_M Yaa_M Ayn_E">
        <lettre idLettre="1" x="143" transcription="ج" LatinTrans="Jiim_B" />
        <lettre idLettre="2" x="129" transcription="م" LatinTrans="Miim_M" />
        <lettre idLettre="3" x="115" transcription="ي" LatinTrans="Yaa_M" />
        <lettre idLettre="4" x="88" transcription="ع" LatinTrans="Ayn_E" />
      </paw>
    </word>
    <word idWord="6" x="85" transcription=" " LatinTrans="SPACE">
      <paw idPaw="1" x="85" transcription=" " LatinTrans="SPACE">
        <lettre idLettre="1" x="85" transcription=" " LatinTrans="SPACE" />
      </paw>
    </word>
    <word idWord="7" x="0" transcription="مطالبنا" LatinTrans="Miim_B Thaaa_M Alif_E Laam_B Baa_M Nuun_M Alif_E">
      <paw idPaw="1" x="51" transcription="مطا" LatinTrans="Miim_B Thaaa_M Alif_E">
        <lettre idLettre="1" x="73" transcription="م" LatinTrans="Miim_B" />
        <lettre idLettre="2" x="56" transcription="ط" LatinTrans="Thaaa_M" />
        <lettre idLettre="3" x="51" transcription="ا" LatinTrans="Alif_E" />
      </paw>
      <paw idPaw="2" x="0" transcription="لبنا" LatinTrans="Laam_B Baa_M Nuun_M Alif_E">
        <lettre idLettre="1" x="45" transcription="ل" LatinTrans="Laam_B" />
        <lettre idLettre="2" x="36" transcription="ب" LatinTrans="Baa_M" />
        <lettre idLettre="3" x="23" transcription="ن" LatinTrans="Nuun_M" />
        <lettre idLettre="4" x="0" transcription="ا" LatinTrans="Alif_E" />
      </paw>
    </word>
  </content>
</textImage>