﻿<?xml version="1.0" encoding="UTF-8" standalone="yes"?>
<textImage id="3" width="90" height="38" transcription="السبت" image="aljazeera_3213-00-55-50_3">
  <ArabicTranscription>السبت</ArabicTranscription>
  <LatinTranscription>Alif_I Laam_B Siin_M Baa_M Taaa_E</LatinTranscription>
  <content>
    <word idWord="1" x="0" transcription="السبت" LatinTrans="Alif_I Laam_B Siin_M Baa_M Taaa_E">
      <paw idPaw="1" x="79" transcription="ا" LatinTrans="Alif_I">
        <lettre idLettre="1" x="79" transcription="ا" LatinTrans="Alif_I" />
      </paw>
      <paw idPaw="2" x="0" transcription="لسبت" LatinTrans="Laam_B Siin_M Baa_M Taaa_E">
        <lettre idLettre="1" x="71" transcription="ل" LatinTrans="Laam_B" />
        <lettre idLettre="2" x="44" transcription="س" LatinTrans="Siin_M" />
        <lettre idLettre="3" x="31" transcription="ب" LatinTrans="Baa_M" />
        <lettre idLettre="4" x="0" transcription="ت" LatinTrans="Taaa_E" />
      </paw>
    </word>
  </content>
</textImage>