﻿<?xml version="1.0" encoding="UTF-8" standalone="yes"?>
<textImage id="1" width="561" height="54" transcription="حركة التجارة في الولايات المتحدة والصين" image="aljazeera_3211-15-43-30_1">
  <ArabicTranscription>حركة التجارة في الولايات المتحدة والصين</ArabicTranscription>
  <LatinTranscription>Haaa_B Raa_E Kaaf_B TaaaClosed_E SPACE Alif_I Laam_B Taaa_M Jiim_M Alif_E Raa_I TaaaClosed_I SPACE Faa_B Yaa_E SPACE Alif_I Laam_B Waaw_E Laam_Alif Yaa_B Alif_E Taaa_I SPACE Alif_I Laam_B Miim_M Taaa_M Haaa_M Daal_E TaaaClosed_I SPACE Waaw_I Alif_I Laam_B Saad_M Yaa_M Nuun_E</LatinTranscription>
  <content>
    <word idWord="1" x="484" transcription="حركة" LatinTrans="Haaa_B Raa_E Kaaf_B TaaaClosed_E">
      <paw idPaw="1" x="522" transcription="حر" LatinTrans="Haaa_B Raa_E">
        <lettre idLettre="1" x="534" transcription="ح" LatinTrans="Haaa_B" />
        <lettre idLettre="2" x="522" transcription="ر" LatinTrans="Raa_E" />
      </paw>
      <paw idPaw="2" x="484" transcription="كة" LatinTrans="Kaaf_B TaaaClosed_E">
        <lettre idLettre="1" x="503" transcription="ك" LatinTrans="Kaaf_B" />
        <lettre idLettre="2" x="484" transcription="ة" LatinTrans="TaaaClosed_E" />
      </paw>
    </word>
    <word idWord="2" x="479" transcription=" " LatinTrans="SPACE">
      <paw idPaw="1" x="479" transcription=" " LatinTrans="SPACE">
        <lettre idLettre="1" x="479" transcription=" " LatinTrans="SPACE" />
      </paw>
    </word>
    <word idWord="3" x="385" transcription="التجارة" LatinTrans="Alif_I Laam_B Taaa_M Jiim_M Alif_E Raa_I TaaaClosed_I">
      <paw idPaw="1" x="470" transcription="ا" LatinTrans="Alif_I">
        <lettre idLettre="1" x="470" transcription="ا" LatinTrans="Alif_I" />
      </paw>
      <paw idPaw="2" x="416" transcription="لتجا" LatinTrans="Laam_B Taaa_M Jiim_M Alif_E">
        <lettre idLettre="1" x="460" transcription="ل" LatinTrans="Laam_B" />
        <lettre idLettre="2" x="447" transcription="ت" LatinTrans="Taaa_M" />
        <lettre idLettre="3" x="425" transcription="ج" LatinTrans="Jiim_M" />
        <lettre idLettre="4" x="416" transcription="ا" LatinTrans="Alif_E" />
      </paw>
      <paw idPaw="3" x="404" transcription="ر" LatinTrans="Raa_I">
        <lettre idLettre="1" x="404" transcription="ر" LatinTrans="Raa_I" />
      </paw>
      <paw idPaw="4" x="385" transcription="ة" LatinTrans="TaaaClosed_I">
        <lettre idLettre="1" x="385" transcription="ة" LatinTrans="TaaaClosed_I" />
      </paw>
    </word>
    <word idWord="4" x="374" transcription=" " LatinTrans="SPACE">
      <paw idPaw="1" x="374" transcription=" " LatinTrans="SPACE">
        <lettre idLettre="1" x="374" transcription=" " LatinTrans="SPACE" />
      </paw>
    </word>
    <word idWord="5" x="331" transcription="في" LatinTrans="Faa_B Yaa_E">
      <paw idPaw="1" x="331" transcription="في" LatinTrans="Faa_B Yaa_E">
        <lettre idLettre="1" x="355" transcription="ف" LatinTrans="Faa_B" />
        <lettre idLettre="2" x="331" transcription="ي" LatinTrans="Yaa_E" />
      </paw>
    </word>
    <word idWord="6" x="325" transcription=" " LatinTrans="SPACE">
      <paw idPaw="1" x="325" transcription=" " LatinTrans="SPACE">
        <lettre idLettre="1" x="325" transcription=" " LatinTrans="SPACE" />
      </paw>
    </word>
    <word idWord="7" x="223" transcription="الولايات" LatinTrans="Alif_I Laam_B Waaw_E Laam_Alif Yaa_B Alif_E Taaa_I">
      <paw idPaw="1" x="317" transcription="ا" LatinTrans="Alif_I">
        <lettre idLettre="1" x="317" transcription="ا" LatinTrans="Alif_I" />
      </paw>
      <paw idPaw="2" x="292" transcription="لو" LatinTrans="Laam_B Waaw_E">
        <lettre idLettre="1" x="307" transcription="ل" LatinTrans="Laam_B" />
        <lettre idLettre="2" x="292" transcription="و" LatinTrans="Waaw_E" />
      </paw>
      <paw idPaw="3" x="274" transcription="لا" LatinTrans="Laam_Alif">
        <lettre idLettre="1" x="274" transcription="لا" LatinTrans="Laam_Alif" />
      </paw>
      <paw idPaw="4" x="251" transcription="يا" LatinTrans="Yaa_B Alif_E">
        <lettre idLettre="1" x="260" transcription="ي" LatinTrans="Yaa_B" />
        <lettre idLettre="2" x="251" transcription="ا" LatinTrans="Alif_E" />
      </paw>
      <paw idPaw="5" x="223" transcription="ت" LatinTrans="Taaa_I">
        <lettre idLettre="1" x="223" transcription="ت" LatinTrans="Taaa_I" />
      </paw>
    </word>
    <word idWord="8" x="217" transcription=" " LatinTrans="SPACE">
      <paw idPaw="1" x="217" transcription=" " LatinTrans="SPACE">
        <lettre idLettre="1" x="217" transcription=" " LatinTrans="SPACE" />
      </paw>
    </word>
    <word idWord="9" x="111" transcription="المتحدة" LatinTrans="Alif_I Laam_B Miim_M Taaa_M Haaa_M Daal_E TaaaClosed_I">
      <paw idPaw="1" x="209" transcription="ا" LatinTrans="Alif_I">
        <lettre idLettre="1" x="209" transcription="ا" LatinTrans="Alif_I" />
      </paw>
      <paw idPaw="2" x="129" transcription="لمتحد" LatinTrans="Laam_B Miim_M Taaa_M Haaa_M Daal_E">
        <lettre idLettre="1" x="201" transcription="ل" LatinTrans="Laam_B" />
        <lettre idLettre="2" x="183" transcription="م" LatinTrans="Miim_M" />
        <lettre idLettre="3" x="166" transcription="ت" LatinTrans="Taaa_M" />
        <lettre idLettre="4" x="148" transcription="ح" LatinTrans="Haaa_M" />
        <lettre idLettre="5" x="129" transcription="د" LatinTrans="Daal_E" />
      </paw>
      <paw idPaw="3" x="111" transcription="ة" LatinTrans="TaaaClosed_I">
        <lettre idLettre="1" x="111" transcription="ة" LatinTrans="TaaaClosed_I" />
      </paw>
    </word>
    <word idWord="10" x="105" transcription=" " LatinTrans="SPACE">
      <paw idPaw="1" x="105" transcription=" " LatinTrans="SPACE">
        <lettre idLettre="1" x="105" transcription=" " LatinTrans="SPACE" />
      </paw>
    </word>
    <word idWord="11" x="0" transcription="والصين" LatinTrans="Waaw_I Alif_I Laam_B Saad_M Yaa_M Nuun_E">
      <paw idPaw="1" x="91" transcription="و" LatinTrans="Waaw_I">
        <lettre idLettre="1" x="91" transcription="و" LatinTrans="Waaw_I" />
      </paw>
      <paw idPaw="2" x="83" transcription="ا" LatinTrans="Alif_I">
        <lettre idLettre="1" x="83" transcription="ا" LatinTrans="Alif_I" />
      </paw>
      <paw idPaw="3" x="0" transcription="لصين" LatinTrans="Laam_B Saad_M Yaa_M Nuun_E">
        <lettre idLettre="1" x="76" transcription="ل" LatinTrans="Laam_B" />
        <lettre idLettre="2" x="47" transcription="ص" LatinTrans="Saad_M" />
        <lettre idLettre="3" x="28" transcription="ي" LatinTrans="Yaa_M" />
        <lettre idLettre="4" x="0" transcription="ن" LatinTrans="Nuun_E" />
      </paw>
    </word>
  </content>
</textImage>