﻿<?xml version="1.0" encoding="UTF-8" standalone="yes"?>
<textImage id="4" width="153" height="41" transcription="ريال عماني" image="aljazeera_3212-10-47-30_4">
  <ArabicTranscription>ريال عماني</ArabicTranscription>
  <LatinTranscription>Raa_I Yaa_B Alif_E Laam_I SPACE Ayn_B Miim_M Alif_E Nuun_B Yaa_E</LatinTranscription>
  <content>
    <word idWord="1" x="99" transcription="ريال" LatinTrans="Raa_I Yaa_B Alif_E Laam_I">
      <paw idPaw="1" x="139" transcription="ر" LatinTrans="Raa_I">
        <lettre idLettre="1" x="139" transcription="ر" LatinTrans="Raa_I" />
      </paw>
      <paw idPaw="2" x="118" transcription="يا" LatinTrans="Yaa_B Alif_E">
        <lettre idLettre="1" x="125" transcription="ي" LatinTrans="Yaa_B" />
        <lettre idLettre="2" x="118" transcription="ا" LatinTrans="Alif_E" />
      </paw>
      <paw idPaw="3" x="99" transcription="ل" LatinTrans="Laam_I">
        <lettre idLettre="1" x="99" transcription="ل" LatinTrans="Laam_I" />
      </paw>
    </word>
    <word idWord="2" x="92" transcription=" " LatinTrans="SPACE">
      <paw idPaw="1" x="92" transcription=" " LatinTrans="SPACE">
        <lettre idLettre="1" x="92" transcription=" " LatinTrans="SPACE" />
      </paw>
    </word>
    <word idWord="3" x="0" transcription="عماني" LatinTrans="Ayn_B Miim_M Alif_E Nuun_B Yaa_E">
      <paw idPaw="1" x="50" transcription="عما" LatinTrans="Ayn_B Miim_M Alif_E">
        <lettre idLettre="1" x="73" transcription="ع" LatinTrans="Ayn_B" />
        <lettre idLettre="2" x="59" transcription="م" LatinTrans="Miim_M" />
        <lettre idLettre="3" x="50" transcription="ا" LatinTrans="Alif_E" />
      </paw>
      <paw idPaw="2" x="0" transcription="ني" LatinTrans="Nuun_B Yaa_E">
        <lettre idLettre="1" x="31" transcription="ن" LatinTrans="Nuun_B" />
        <lettre idLettre="2" x="0" transcription="ي" LatinTrans="Yaa_E" />
      </paw>
    </word>
  </content>
</textImage>