﻿<?xml version="1.0" encoding="UTF-8" standalone="yes"?>
<textImage id="3" width="563" height="42" transcription="انسحاب وزرائه من الحكومة بشكل رسمي" image="aljazeera_3211-10-43-00_3">
  <ArabicTranscription>انسحاب وزرائه من الحكومة بشكل رسمي</ArabicTranscription>
  <LatinTranscription>Alif_I Nuun_B Siin_M Haaa_M Alif_E Baa_I SPACE Waaw_I Zaay_I Raa_I Alif_I HamzaAboveAlifBroken_B Haa_E SPACE Miim_B Nuun_E SPACE Alif_I Laam_B Haaa_M Kaaf_M Waaw_E Miim_B TaaaClosed_E SPACE Baa_B Shiin_M Kaaf_M Laam_E SPACE Raa_I Siin_B Miim_M Yaa_E</LatinTranscription>
  <content>
    <word idWord="1" x="434" transcription="انسحاب" LatinTrans="Alif_I Nuun_B Siin_M Haaa_M Alif_E Baa_I">
      <paw idPaw="1" x="554" transcription="ا" LatinTrans="Alif_I">
        <lettre idLettre="1" x="554" transcription="ا" LatinTrans="Alif_I" />
      </paw>
      <paw idPaw="2" x="454" transcription="نسحا" LatinTrans="Nuun_B Siin_M Haaa_M Alif_E">
        <lettre idLettre="1" x="538" transcription="ن" LatinTrans="Nuun_B" />
        <lettre idLettre="2" x="503" transcription="س" LatinTrans="Siin_M" />
        <lettre idLettre="3" x="475" transcription="ح" LatinTrans="Haaa_M" />
        <lettre idLettre="4" x="454" transcription="ا" LatinTrans="Alif_E" />
      </paw>
      <paw idPaw="3" x="434" transcription="ب" LatinTrans="Baa_I">
        <lettre idLettre="1" x="434" transcription="ب" LatinTrans="Baa_I" />
      </paw>
    </word>
    <word idWord="2" x="428" transcription=" " LatinTrans="SPACE">
      <paw idPaw="1" x="428" transcription=" " LatinTrans="SPACE">
        <lettre idLettre="1" x="428" transcription=" " LatinTrans="SPACE" />
      </paw>
    </word>
    <word idWord="3" x="351" transcription="وزرائه" LatinTrans="Waaw_I Zaay_I Raa_I Alif_I HamzaAboveAlifBroken_B Haa_E">
      <paw idPaw="1" x="416" transcription="و" LatinTrans="Waaw_I">
        <lettre idLettre="1" x="416" transcription="و" LatinTrans="Waaw_I" />
      </paw>
      <paw idPaw="2" x="405" transcription="ز" LatinTrans="Zaay_I">
        <lettre idLettre="1" x="405" transcription="ز" LatinTrans="Zaay_I" />
      </paw>
      <paw idPaw="3" x="396" transcription="ر" LatinTrans="Raa_I">
        <lettre idLettre="1" x="396" transcription="ر" LatinTrans="Raa_I" />
      </paw>
      <paw idPaw="4" x="391" transcription="ا" LatinTrans="Alif_I">
        <lettre idLettre="1" x="391" transcription="ا" LatinTrans="Alif_I" />
      </paw>
      <paw idPaw="5" x="351" transcription="ئه" LatinTrans="HamzaAboveAlifBroken_B Haa_E">
        <lettre idLettre="1" x="372" transcription="ئ" LatinTrans="HamzaAboveAlifBroken_B" />
        <lettre idLettre="2" x="351" transcription="ه" LatinTrans="Haa_E" />
      </paw>
    </word>
    <word idWord="4" x="343" transcription=" " LatinTrans="SPACE">
      <paw idPaw="1" x="343" transcription=" " LatinTrans="SPACE">
        <lettre idLettre="1" x="343" transcription=" " LatinTrans="SPACE" />
      </paw>
    </word>
    <word idWord="5" x="297" transcription="من" LatinTrans="Miim_B Nuun_E">
      <paw idPaw="1" x="297" transcription="من" LatinTrans="Miim_B Nuun_E">
        <lettre idLettre="1" x="323" transcription="م" LatinTrans="Miim_B" />
        <lettre idLettre="2" x="297" transcription="ن" LatinTrans="Nuun_E" />
      </paw>
    </word>
    <word idWord="6" x="293" transcription=" " LatinTrans="SPACE">
      <paw idPaw="1" x="293" transcription=" " LatinTrans="SPACE">
        <lettre idLettre="1" x="293" transcription=" " LatinTrans="SPACE" />
      </paw>
    </word>
    <word idWord="7" x="175" transcription="الحكومة" LatinTrans="Alif_I Laam_B Haaa_M Kaaf_M Waaw_E Miim_B TaaaClosed_E">
      <paw idPaw="1" x="285" transcription="ا" LatinTrans="Alif_I">
        <lettre idLettre="1" x="285" transcription="ا" LatinTrans="Alif_I" />
      </paw>
      <paw idPaw="2" x="222" transcription="لحكو" LatinTrans="Laam_B Haaa_M Kaaf_M Waaw_E">
        <lettre idLettre="1" x="272" transcription="ل" LatinTrans="Laam_B" />
        <lettre idLettre="2" x="249" transcription="ح" LatinTrans="Haaa_M" />
        <lettre idLettre="3" x="235" transcription="ك" LatinTrans="Kaaf_M" />
        <lettre idLettre="4" x="222" transcription="و" LatinTrans="Waaw_E" />
      </paw>
      <paw idPaw="3" x="175" transcription="مة" LatinTrans="Miim_B TaaaClosed_E">
        <lettre idLettre="1" x="205" transcription="م" LatinTrans="Miim_B" />
        <lettre idLettre="2" x="175" transcription="ة" LatinTrans="TaaaClosed_E" />
      </paw>
    </word>
    <word idWord="8" x="170" transcription=" " LatinTrans="SPACE">
      <paw idPaw="1" x="170" transcription=" " LatinTrans="SPACE">
        <lettre idLettre="1" x="170" transcription=" " LatinTrans="SPACE" />
      </paw>
    </word>
    <word idWord="9" x="86" transcription="بشكل" LatinTrans="Baa_B Shiin_M Kaaf_M Laam_E">
      <paw idPaw="1" x="86" transcription="بشكل" LatinTrans="Baa_B Shiin_M Kaaf_M Laam_E">
        <lettre idLettre="1" x="159" transcription="ب" LatinTrans="Baa_B" />
        <lettre idLettre="2" x="138" transcription="ش" LatinTrans="Shiin_M" />
        <lettre idLettre="3" x="120" transcription="ك" LatinTrans="Kaaf_M" />
        <lettre idLettre="4" x="86" transcription="ل" LatinTrans="Laam_E" />
      </paw>
    </word>
    <word idWord="10" x="83" transcription=" " LatinTrans="SPACE">
      <paw idPaw="1" x="83" transcription=" " LatinTrans="SPACE">
        <lettre idLettre="1" x="83" transcription=" " LatinTrans="SPACE" />
      </paw>
    </word>
    <word idWord="11" x="0" transcription="رسمي" LatinTrans="Raa_I Siin_B Miim_M Yaa_E">
      <paw idPaw="1" x="73" transcription="ر" LatinTrans="Raa_I">
        <lettre idLettre="1" x="73" transcription="ر" LatinTrans="Raa_I" />
      </paw>
      <paw idPaw="2" x="0" transcription="سمي" LatinTrans="Siin_B Miim_M Yaa_E">
        <lettre idLettre="1" x="54" transcription="س" LatinTrans="Siin_B" />
        <lettre idLettre="2" x="31" transcription="م" LatinTrans="Miim_M" />
        <lettre idLettre="3" x="0" transcription="ي" LatinTrans="Yaa_E" />
      </paw>
    </word>
  </content>
</textImage>