﻿<?xml version="1.0" encoding="UTF-8" standalone="yes"?>
<textImage id="1" width="242" height="37" transcription="بندكتوس السادس عشر" image="aljazeera_3212-05-33-50_1">
  <ArabicTranscription>بندكتوس السادس عشر</ArabicTranscription>
  <LatinTranscription>Baa_B Nuun_M Daal_E Kaaf_B Taaa_M Waaw_E Siin_I SPACE Alif_I Laam_B Siin_M Alif_E Daal_I Siin_I SPACE Ayn_B Shiin_M Raa_E</LatinTranscription>
  <content>
    <word idWord="1" x="141" transcription="بندكتوس" LatinTrans="Baa_B Nuun_M Daal_E Kaaf_B Taaa_M Waaw_E Siin_I">
      <paw idPaw="1" x="204" transcription="بند" LatinTrans="Baa_B Nuun_M Daal_E">
        <lettre idLettre="1" x="227" transcription="ب" LatinTrans="Baa_B" />
        <lettre idLettre="2" x="217" transcription="ن" LatinTrans="Nuun_M" />
        <lettre idLettre="3" x="204" transcription="د" LatinTrans="Daal_E" />
      </paw>
      <paw idPaw="2" x="171" transcription="كتو" LatinTrans="Kaaf_B Taaa_M Waaw_E">
        <lettre idLettre="1" x="193" transcription="ك" LatinTrans="Kaaf_B" />
        <lettre idLettre="2" x="181" transcription="ت" LatinTrans="Taaa_M" />
        <lettre idLettre="3" x="171" transcription="و" LatinTrans="Waaw_E" />
      </paw>
      <paw idPaw="3" x="141" transcription="س" LatinTrans="Siin_I">
        <lettre idLettre="1" x="141" transcription="س" LatinTrans="Siin_I" />
      </paw>
    </word>
    <word idWord="2" x="136" transcription=" " LatinTrans="SPACE">
      <paw idPaw="1" x="136" transcription=" " LatinTrans="SPACE">
        <lettre idLettre="1" x="136" transcription=" " LatinTrans="SPACE" />
      </paw>
    </word>
    <word idWord="3" x="56" transcription="السادس" LatinTrans="Alif_I Laam_B Siin_M Alif_E Daal_I Siin_I">
      <paw idPaw="1" x="130" transcription="ا" LatinTrans="Alif_I">
        <lettre idLettre="1" x="130" transcription="ا" LatinTrans="Alif_I" />
      </paw>
      <paw idPaw="2" x="95" transcription="لسا" LatinTrans="Laam_B Siin_M Alif_E">
        <lettre idLettre="1" x="124" transcription="ل" LatinTrans="Laam_B" />
        <lettre idLettre="2" x="103" transcription="س" LatinTrans="Siin_M" />
        <lettre idLettre="3" x="95" transcription="ا" LatinTrans="Alif_E" />
      </paw>
      <paw idPaw="3" x="84" transcription="د" LatinTrans="Daal_I">
        <lettre idLettre="1" x="84" transcription="د" LatinTrans="Daal_I" />
      </paw>
      <paw idPaw="4" x="56" transcription="س" LatinTrans="Siin_I">
        <lettre idLettre="1" x="56" transcription="س" LatinTrans="Siin_I" />
      </paw>
    </word>
    <word idWord="4" x="51" transcription=" " LatinTrans="SPACE">
      <paw idPaw="1" x="51" transcription=" " LatinTrans="SPACE">
        <lettre idLettre="1" x="51" transcription=" " LatinTrans="SPACE" />
      </paw>
    </word>
    <word idWord="5" x="0" transcription="عشر" LatinTrans="Ayn_B Shiin_M Raa_E">
      <paw idPaw="1" x="0" transcription="عشر" LatinTrans="Ayn_B Shiin_M Raa_E">
        <lettre idLettre="1" x="34" transcription="ع" LatinTrans="Ayn_B" />
        <lettre idLettre="2" x="12" transcription="ش" LatinTrans="Shiin_M" />
        <lettre idLettre="3" x="0" transcription="ر" LatinTrans="Raa_E" />
      </paw>
    </word>
  </content>
</textImage>