﻿<?xml version="1.0" encoding="UTF-8" standalone="yes"?>
<textImage id="1" width="502" height="33" transcription="الشبكة الروسية لحقوق الإنسان تقول إن ستة وتسعين" image="aljazeera_3212-05-08-50_1">
  <ArabicTranscription>الشبكة الروسية لحقوق الإنسان تقول إن ستة وتسعين</ArabicTranscription>
  <LatinTranscription>Alif_I Laam_B Shiin_M Baa_M Kaaf_M TaaaClosed_E SPACE Alif_I Laam_B Siin_M Waaw_E Raa_I Yaa_B TaaaClosed_E SPACE Laam_B Haaa_M Gaaf_M Waaw_E Gaaf_I SPACE Alif_I Laam_HamzaOnederAlif Nuun_B Siin_M Alif_E Nuun_I SPACE Taaa_B Gaaf_M Waaw_E Laam_I SPACE HamzaOnederAlif_I Nuun_I SPACE Siin_B Taaa_M TaaaClosed_E SPACE Waaw_I Taaa_B Siin_M Ayn_M Yaa_M Nuun_E</LatinTranscription>
  <content>
    <word idWord="1" x="437" transcription="الشبكة" LatinTrans="Alif_I Laam_B Shiin_M Baa_M Kaaf_M TaaaClosed_E">
      <paw idPaw="1" x="494" transcription="ا" LatinTrans="Alif_I">
        <lettre idLettre="1" x="494" transcription="ا" LatinTrans="Alif_I" />
      </paw>
      <paw idPaw="2" x="437" transcription="لشبكة" LatinTrans="Laam_B Shiin_M Baa_M Kaaf_M TaaaClosed_E">
        <lettre idLettre="1" x="488" transcription="ل" LatinTrans="Laam_B" />
        <lettre idLettre="2" x="471" transcription="ش" LatinTrans="Shiin_M" />
        <lettre idLettre="3" x="460" transcription="ب" LatinTrans="Baa_M" />
        <lettre idLettre="4" x="449" transcription="ك" LatinTrans="Kaaf_M" />
        <lettre idLettre="5" x="437" transcription="ة" LatinTrans="TaaaClosed_E" />
      </paw>
    </word>
    <word idWord="2" x="433" transcription=" " LatinTrans="SPACE">
      <paw idPaw="1" x="433" transcription=" " LatinTrans="SPACE">
        <lettre idLettre="1" x="433" transcription=" " LatinTrans="SPACE" />
      </paw>
    </word>
    <word idWord="3" x="361" transcription="السورية" LatinTrans="Alif_I Laam_B Siin_M Waaw_E Raa_I Yaa_B TaaaClosed_E">
      <paw idPaw="1" x="428" transcription="ا" LatinTrans="Alif_I">
        <lettre idLettre="1" x="428" transcription="ا" LatinTrans="Alif_I" />
      </paw>
      <paw idPaw="2" x="390" transcription="لسو" LatinTrans="Laam_B Siin_M Waaw_E">
        <lettre idLettre="1" x="422" transcription="ل" LatinTrans="Laam_B" />
        <lettre idLettre="2" x="402" transcription="س" LatinTrans="Siin_M" />
        <lettre idLettre="3" x="390" transcription="و" LatinTrans="Waaw_E" />
      </paw>
      <paw idPaw="3" x="384" transcription="ر" LatinTrans="Raa_I">
        <lettre idLettre="1" x="384" transcription="ر" LatinTrans="Raa_I" />
      </paw>
      <paw idPaw="4" x="361" transcription="ية" LatinTrans="Yaa_B TaaaClosed_E">
        <lettre idLettre="1" x="374" transcription="ي" LatinTrans="Yaa_B" />
        <lettre idLettre="2" x="361" transcription="ة" LatinTrans="TaaaClosed_E" />
      </paw>
    </word>
    <word idWord="4" x="358" transcription=" " LatinTrans="SPACE">
      <paw idPaw="1" x="358" transcription=" " LatinTrans="SPACE">
        <lettre idLettre="1" x="358" transcription=" " LatinTrans="SPACE" />
      </paw>
    </word>
    <word idWord="5" x="296" transcription="لحقوق" LatinTrans="Laam_B Haaa_M Gaaf_M Waaw_E Gaaf_I">
      <paw idPaw="1" x="314" transcription="لحقو" LatinTrans="Laam_B Haaa_M Gaaf_M Waaw_E">
        <lettre idLettre="1" x="351" transcription="ل" LatinTrans="Laam_B" />
        <lettre idLettre="2" x="339" transcription="ح" LatinTrans="Haaa_M" />
        <lettre idLettre="3" x="323" transcription="ق" LatinTrans="Gaaf_M" />
        <lettre idLettre="4" x="314" transcription="و" LatinTrans="Waaw_E" />
      </paw>
      <paw idPaw="2" x="296" transcription="ق" LatinTrans="Gaaf_I">
        <lettre idLettre="1" x="296" transcription="ق" LatinTrans="Gaaf_I" />
      </paw>
    </word>
    <word idWord="6" x="292" transcription=" " LatinTrans="SPACE">
      <paw idPaw="1" x="292" transcription=" " LatinTrans="SPACE">
        <lettre idLettre="1" x="292" transcription=" " LatinTrans="SPACE" />
      </paw>
    </word>
    <word idWord="7" x="227" transcription="الإنسان" LatinTrans="Alif_I Laam_HamzaOnederAlif Nuun_B Siin_M Alif_E Nuun_I">
      <paw idPaw="1" x="287" transcription="ا" LatinTrans="Alif_I">
        <lettre idLettre="1" x="287" transcription="ا" LatinTrans="Alif_I" />
      </paw>
      <paw idPaw="2" x="276" transcription="لإ" LatinTrans="Laam_HamzaOnederAlif">
        <lettre idLettre="1" x="276" transcription="لإ" LatinTrans="Laam_HamzaUnderAlif" />
      </paw>
      <paw idPaw="3" x="242" transcription="نسا" LatinTrans="Nuun_B Siin_M Alif_E">
        <lettre idLettre="1" x="266" transcription="ن" LatinTrans="Nuun_B" />
        <lettre idLettre="2" x="248" transcription="س" LatinTrans="Siin_M" />
        <lettre idLettre="3" x="242" transcription="ا" LatinTrans="Alif_E" />
      </paw>
      <paw idPaw="4" x="227" transcription="ن" LatinTrans="Nuun_I">
        <lettre idLettre="1" x="227" transcription="ن" LatinTrans="Nuun_I" />
      </paw>
    </word>
    <word idWord="8" x="223" transcription=" " LatinTrans="SPACE">
      <paw idPaw="1" x="223" transcription=" " LatinTrans="SPACE">
        <lettre idLettre="1" x="223" transcription=" " LatinTrans="SPACE" />
      </paw>
    </word>
    <word idWord="9" x="175" transcription="تقول" LatinTrans="Taaa_B Gaaf_M Waaw_E Laam_I">
      <paw idPaw="1" x="189" transcription="تقو" LatinTrans="Taaa_B Gaaf_M Waaw_E">
        <lettre idLettre="1" x="214" transcription="ت" LatinTrans="Taaa_B" />
        <lettre idLettre="2" x="200" transcription="ق" LatinTrans="Gaaf_M" />
        <lettre idLettre="3" x="189" transcription="و" LatinTrans="Waaw_E" />
      </paw>
      <paw idPaw="2" x="175" transcription="ل" LatinTrans="Laam_I">
        <lettre idLettre="1" x="175" transcription="ل" LatinTrans="Laam_I" />
      </paw>
    </word>
    <word idWord="10" x="170" transcription=" " LatinTrans="SPACE">
      <paw idPaw="1" x="170" transcription=" " LatinTrans="SPACE">
        <lettre idLettre="1" x="170" transcription=" " LatinTrans="SPACE" />
      </paw>
    </word>
    <word idWord="11" x="150" transcription="إن" LatinTrans="HamzaOnederAlif_I Nuun_I">
      <paw idPaw="1" x="164" transcription="إ" LatinTrans="HamzaOnederAlif_I">
        <lettre idLettre="1" x="164" transcription="إ" LatinTrans="HamzaUnderAlif_I" />
      </paw>
      <paw idPaw="2" x="150" transcription="ن" LatinTrans="Nuun_I">
        <lettre idLettre="1" x="150" transcription="ن" LatinTrans="Nuun_I" />
      </paw>
    </word>
    <word idWord="12" x="146" transcription=" " LatinTrans="SPACE">
      <paw idPaw="1" x="146" transcription=" " LatinTrans="SPACE">
        <lettre idLettre="1" x="146" transcription=" " LatinTrans="SPACE" />
      </paw>
    </word>
    <word idWord="13" x="102" transcription="ستة" LatinTrans="Siin_B Taaa_M TaaaClosed_E">
      <paw idPaw="1" x="102" transcription="ستة" LatinTrans="Siin_B Taaa_M TaaaClosed_E">
        <lettre idLettre="1" x="128" transcription="س" LatinTrans="Siin_B" />
        <lettre idLettre="2" x="115" transcription="ت" LatinTrans="Taaa_M" />
        <lettre idLettre="3" x="102" transcription="ة" LatinTrans="TaaaClosed_E" />
      </paw>
    </word>
    <word idWord="14" x="99" transcription=" " LatinTrans="SPACE">
      <paw idPaw="1" x="99" transcription=" " LatinTrans="SPACE">
        <lettre idLettre="1" x="99" transcription=" " LatinTrans="SPACE" />
      </paw>
    </word>
    <word idWord="15" x="0" transcription="وتسعين" LatinTrans="Waaw_I Taaa_B Siin_M Ayn_M Yaa_M Nuun_E">
      <paw idPaw="1" x="88" transcription="و" LatinTrans="Waaw_I">
        <lettre idLettre="1" x="88" transcription="و" LatinTrans="Waaw_I" />
      </paw>
      <paw idPaw="2" x="0" transcription="تسعين" LatinTrans="Taaa_B Siin_M Ayn_M Yaa_M Nuun_E">
        <lettre idLettre="1" x="77" transcription="ت" LatinTrans="Taaa_B" />
        <lettre idLettre="2" x="63" transcription="س" LatinTrans="Siin_M" />
        <lettre idLettre="3" x="48" transcription="ع" LatinTrans="Ayn_M" />
        <lettre idLettre="4" x="32" transcription="ي" LatinTrans="Yaa_M" />
        <lettre idLettre="5" x="0" transcription="ن" LatinTrans="Nuun_E" />
      </paw>
    </word>
  </content>
</textImage>