﻿<?xml version="1.0" encoding="UTF-8" standalone="yes"?>
<textImage id="1" width="486" height="62" transcription="جسر تهويدي خشبي في الأقصى" image="aljazeera_3213-05-33-10_1">
  <ArabicTranscription>جسر تهويدي خشبي في الأقصى</ArabicTranscription>
  <LatinTranscription>Jiim_B Siin_M Raa_E SPACE Taaa_B Haa_M Waaw_E Yaa_B Daal_E Yaa_I SPACE Xaa_B Shiin_M Baa_M Yaa_E SPACE Faa_B Yaa_E SPACE Alif_I Laam_HamzaAboveAlif Gaaf_B Saad_M AlifBroken_E</LatinTranscription>
  <content>
    <word idWord="1" x="420" transcription="جسر" LatinTrans="Jiim_B Siin_M Raa_E">
      <paw idPaw="1" x="420" transcription="جسر" LatinTrans="Jiim_B Siin_M Raa_E">
        <lettre idLettre="1" x="462" transcription="ج" LatinTrans="Jiim_B" />
        <lettre idLettre="2" x="435" transcription="س" LatinTrans="Siin_M" />
        <lettre idLettre="3" x="420" transcription="ر" LatinTrans="Raa_E" />
      </paw>
    </word>
    <word idWord="2" x="413" transcription=" " LatinTrans="SPACE">
      <paw idPaw="1" x="413" transcription=" " LatinTrans="SPACE">
        <lettre idLettre="1" x="413" transcription=" " LatinTrans="SPACE" />
      </paw>
    </word>
    <word idWord="3" x="313" transcription="تهويدي" LatinTrans="Taaa_B Haa_M Waaw_E Yaa_B Daal_E Yaa_I">
      <paw idPaw="1" x="365" transcription="تهو" LatinTrans="Taaa_B Haa_M Waaw_E">
        <lettre idLettre="1" x="400" transcription="ت" LatinTrans="Taaa_B" />
        <lettre idLettre="2" x="383" transcription="ه" LatinTrans="Haa_M" />
        <lettre idLettre="3" x="365" transcription="و" LatinTrans="Waaw_E" />
      </paw>
      <paw idPaw="2" x="334" transcription="يد" LatinTrans="Yaa_B Daal_E">
        <lettre idLettre="1" x="349" transcription="ي" LatinTrans="Yaa_B" />
        <lettre idLettre="2" x="334" transcription="د" LatinTrans="Daal_E" />
      </paw>
      <paw idPaw="3" x="313" transcription="ي" LatinTrans="Yaa_I">
        <lettre idLettre="1" x="313" transcription="ي" LatinTrans="Yaa_I" />
      </paw>
    </word>
    <word idWord="4" x="305" transcription=" " LatinTrans="SPACE">
      <paw idPaw="1" x="305" transcription=" " LatinTrans="SPACE">
        <lettre idLettre="1" x="305" transcription=" " LatinTrans="SPACE" />
      </paw>
    </word>
    <word idWord="5" x="202" transcription="خشبي" LatinTrans="Xaa_B Shiin_M Baa_M Yaa_E">
      <paw idPaw="1" x="202" transcription="خشبي" LatinTrans="Xaa_B Shiin_M Baa_M Yaa_E">
        <lettre idLettre="1" x="281" transcription="خ" LatinTrans="Xaa_B" />
        <lettre idLettre="2" x="257" transcription="ش" LatinTrans="Shiin_M" />
        <lettre idLettre="3" x="231" transcription="ب" LatinTrans="Baa_M" />
        <lettre idLettre="4" x="202" transcription="ي" LatinTrans="Yaa_E" />
      </paw>
    </word>
    <word idWord="6" x="196" transcription=" " LatinTrans="SPACE">
      <paw idPaw="1" x="196" transcription=" " LatinTrans="SPACE">
        <lettre idLettre="1" x="196" transcription=" " LatinTrans="SPACE" />
      </paw>
    </word>
    <word idWord="7" x="130" transcription="في" LatinTrans="Faa_B Yaa_E">
      <paw idPaw="1" x="130" transcription="في" LatinTrans="Faa_B Yaa_E">
        <lettre idLettre="1" x="173" transcription="ف" LatinTrans="Faa_B" />
        <lettre idLettre="2" x="130" transcription="ي" LatinTrans="Yaa_E" />
      </paw>
    </word>
    <word idWord="8" x="125" transcription=" " LatinTrans="SPACE">
      <paw idPaw="1" x="125" transcription=" " LatinTrans="SPACE">
        <lettre idLettre="1" x="125" transcription=" " LatinTrans="SPACE" />
      </paw>
    </word>
    <word idWord="9" x="0" transcription="الأقصى" LatinTrans="Alif_I Laam_HamzaAboveAlif Gaaf_B Saad_M AlifBroken_E">
      <paw idPaw="1" x="116" transcription="ا" LatinTrans="Alif_I">
        <lettre idLettre="1" x="116" transcription="ا" LatinTrans="Alif_I" />
      </paw>
      <paw idPaw="2" x="97" transcription="لأ" LatinTrans="Laam_HamzaAboveAlif">
        <lettre idLettre="1" x="97" transcription="لأ" LatinTrans="Laam_HamzaAboveAlif" />
      </paw>
      <paw idPaw="3" x="0" transcription="قصى" LatinTrans="Gaaf_B Saad_M AlifBroken_E">
        <lettre idLettre="1" x="78" transcription="ق" LatinTrans="Gaaf_B" />
        <lettre idLettre="2" x="51" transcription="ص" LatinTrans="Saad_M" />
        <lettre idLettre="3" x="0" transcription="ى" LatinTrans="AlifBroken_E" />
      </paw>
    </word>
  </content>
</textImage>