﻿<?xml version="1.0" encoding="UTF-8" standalone="yes"?>
<textImage id="2" width="274" height="42" transcription="لإسرائيل لا حبا لفلسطين" image="aljazeera_3212-01-27-40_2">
  <ArabicTranscription>لإسرائيل لا حبا لفلسطين</ArabicTranscription>
  <LatinTranscription>Laam_HamzaOnederAlif Siin_B Raa_E Alif_I HamzaAboveAlifBroken_B Yaa_M Laam_E SPACE Laam_Alif SPACE Haaa_B Baa_M Alif_E SPACE Laam_B Faa_M Laam_M Siin_M Thaaa_M Yaa_M Nuun_E</LatinTranscription>
  <content>
    <word idWord="1" x="177" transcription="لإسرائيل" LatinTrans="Laam_HamzaOnederAlif Siin_B Raa_E Alif_I HamzaAboveAlifBroken_B Yaa_M Laam_E">
      <paw idPaw="1" x="255" transcription="لإ" LatinTrans="Laam_HamzaOnederAlif">
        <lettre idLettre="1" x="255" transcription="لإ" LatinTrans="Laam_HamzaUnderAlif" />
      </paw>
      <paw idPaw="2" x="225" transcription="سر" LatinTrans="Siin_B Raa_E">
        <lettre idLettre="1" x="236" transcription="س" LatinTrans="Siin_B" />
        <lettre idLettre="2" x="225" transcription="ر" LatinTrans="Raa_E" />
      </paw>
      <paw idPaw="3" x="218" transcription="ا" LatinTrans="Alif_I">
        <lettre idLettre="1" x="218" transcription="ا" LatinTrans="Alif_I" />
      </paw>
      <paw idPaw="4" x="177" transcription="ئيل" LatinTrans="HamzaAboveAlifBroken_B Yaa_M Laam_E">
        <lettre idLettre="1" x="211" transcription="ئ" LatinTrans="HamzaAboveAlifBroken_B" />
        <lettre idLettre="2" x="196" transcription="ي" LatinTrans="Yaa_M" />
        <lettre idLettre="3" x="177" transcription="ل" LatinTrans="Laam_E" />
      </paw>
    </word>
    <word idWord="2" x="172" transcription=" " LatinTrans="SPACE">
      <paw idPaw="1" x="172" transcription=" " LatinTrans="SPACE">
        <lettre idLettre="1" x="172" transcription=" " LatinTrans="SPACE" />
      </paw>
    </word>
    <word idWord="3" x="156" transcription="لا" LatinTrans="Laam_Alif">
      <paw idPaw="1" x="156" transcription="لا" LatinTrans="Laam_Alif">
        <lettre idLettre="1" x="156" transcription="لا" LatinTrans="Laam_Alif" />
      </paw>
    </word>
    <word idWord="4" x="150" transcription=" " LatinTrans="SPACE">
      <paw idPaw="1" x="150" transcription=" " LatinTrans="SPACE">
        <lettre idLettre="1" x="150" transcription=" " LatinTrans="SPACE" />
      </paw>
    </word>
    <word idWord="5" x="113" transcription="حبا" LatinTrans="Haaa_B Baa_M Alif_E">
      <paw idPaw="1" x="113" transcription="حبا" LatinTrans="Haaa_B Baa_M Alif_E">
        <lettre idLettre="1" x="134" transcription="ح" LatinTrans="Haaa_B" />
        <lettre idLettre="2" x="121" transcription="ب" LatinTrans="Baa_M" />
        <lettre idLettre="3" x="113" transcription="ا" LatinTrans="Alif_E" />
      </paw>
    </word>
    <word idWord="6" x="109" transcription=" " LatinTrans="SPACE">
      <paw idPaw="1" x="109" transcription=" " LatinTrans="SPACE">
        <lettre idLettre="1" x="109" transcription=" " LatinTrans="SPACE" />
      </paw>
    </word>
    <word idWord="7" x="0" transcription="لفلسطين" LatinTrans="Laam_B Faa_M Laam_M Siin_M Thaaa_M Yaa_M Nuun_E">
      <paw idPaw="1" x="0" transcription="لفلسطين" LatinTrans="Laam_B Faa_M Laam_M Siin_M Thaaa_M Yaa_M Nuun_E">
        <lettre idLettre="1" x="100" transcription="ل" LatinTrans="Laam_B" />
        <lettre idLettre="2" x="86" transcription="ف" LatinTrans="Faa_M" />
        <lettre idLettre="3" x="76" transcription="ل" LatinTrans="Laam_M" />
        <lettre idLettre="4" x="54" transcription="س" LatinTrans="Siin_M" />
        <lettre idLettre="5" x="32" transcription="ط" LatinTrans="Thaaa_M" />
        <lettre idLettre="6" x="20" transcription="ي" LatinTrans="Yaa_M" />
        <lettre idLettre="7" x="0" transcription="ن" LatinTrans="Nuun_E" />
      </paw>
    </word>
  </content>
</textImage>