﻿<?xml version="1.0" encoding="UTF-8" standalone="yes"?>
<textImage id="1" width="302" height="44" transcription="روسيا تحظر التدخين" image="aljazeera_3213-05-36-10_1">
  <ArabicTranscription>روسيا تحظر التدخين</ArabicTranscription>
  <LatinTranscription>Raa_I Waaw_I Siin_B Yaa_M Alif_E SPACE Taaa_B Haaa_M Taa_M Raa_E SPACE Alif_I Laam_B Taaa_M Daal_E Xaa_B Yaa_M Nuun_E</LatinTranscription>
  <content>
    <word idWord="1" x="221" transcription="روسيا" LatinTrans="Raa_I Waaw_I Siin_B Yaa_M Alif_E">
      <paw idPaw="1" x="286" transcription="ر" LatinTrans="Raa_I">
        <lettre idLettre="1" x="286" transcription="ر" LatinTrans="Raa_I" />
      </paw>
      <paw idPaw="2" x="272" transcription="و" LatinTrans="Waaw_I">
        <lettre idLettre="1" x="272" transcription="و" LatinTrans="Waaw_I" />
      </paw>
      <paw idPaw="3" x="221" transcription="سيا" LatinTrans="Siin_B Yaa_M Alif_E">
        <lettre idLettre="1" x="247" transcription="س" LatinTrans="Siin_B" />
        <lettre idLettre="2" x="231" transcription="ي" LatinTrans="Yaa_M" />
        <lettre idLettre="3" x="221" transcription="ا" LatinTrans="Alif_E" />
      </paw>
    </word>
    <word idWord="2" x="215" transcription=" " LatinTrans="SPACE">
      <paw idPaw="1" x="215" transcription=" " LatinTrans="SPACE">
        <lettre idLettre="1" x="215" transcription=" " LatinTrans="SPACE" />
      </paw>
    </word>
    <word idWord="3" x="139" transcription="تحظر" LatinTrans="Taaa_B Haaa_M Taa_M Raa_E">
      <paw idPaw="1" x="139" transcription="تحظر" LatinTrans="Taaa_B Haaa_M Taa_M Raa_E">
        <lettre idLettre="1" x="197" transcription="ت" LatinTrans="Taaa_B" />
        <lettre idLettre="2" x="181" transcription="ح" LatinTrans="Haaa_M" />
        <lettre idLettre="3" x="153" transcription="ظ" LatinTrans="Taa_M" />
        <lettre idLettre="4" x="139" transcription="ر" LatinTrans="Raa_E" />
      </paw>
    </word>
    <word idWord="4" x="133" transcription=" " LatinTrans="SPACE">
      <paw idPaw="1" x="133" transcription=" " LatinTrans="SPACE">
        <lettre idLettre="1" x="133" transcription=" " LatinTrans="SPACE" />
      </paw>
    </word>
    <word idWord="5" x="0" transcription="التدخين" LatinTrans="Alif_I Laam_B Taaa_M Daal_E Xaa_B Yaa_M Nuun_E">
      <paw idPaw="1" x="126" transcription="ا" LatinTrans="Alif_I">
        <lettre idLettre="1" x="126" transcription="ا" LatinTrans="Alif_I" />
      </paw>
      <paw idPaw="2" x="84" transcription="لتد" LatinTrans="Laam_B Taaa_M Daal_E">
        <lettre idLettre="1" x="117" transcription="ل" LatinTrans="Laam_B" />
        <lettre idLettre="2" x="102" transcription="ت" LatinTrans="Taaa_M" />
        <lettre idLettre="3" x="84" transcription="د" LatinTrans="Daal_E" />
      </paw>
      <paw idPaw="3" x="0" transcription="خين" LatinTrans="Xaa_B Yaa_M Nuun_E">
        <lettre idLettre="1" x="62" transcription="خ" LatinTrans="Xaa_B" />
        <lettre idLettre="2" x="44" transcription="ي" LatinTrans="Yaa_M" />
        <lettre idLettre="3" x="0" transcription="ن" LatinTrans="Nuun_E" />
      </paw>
    </word>
  </content>
</textImage>