﻿<?xml version="1.0" encoding="UTF-8" standalone="yes"?>
<textImage id="1" width="334" height="43" transcription="مؤتمر دولي في باريس لدعم ليبيا" image="aljazeera_3212-16-20-50_1">
  <ArabicTranscription>مؤتمر دولي في باريس لدعم ليبيا</ArabicTranscription>
  <LatinTranscription>Miim_B HamzaAboveWaaw_E Taaa_B Miim_M Raa_E SPACE Daal_I Waaw_I Laam_B Yaa_E SPACE Faa_B Yaa_E SPACE Baa_B Alif_E Raa_I Yaa_B Siin_E SPACE Laam_B Daal_E Ayn_B Miim_E SPACE Laam_B Yaa_M Baa_M Yaa_M Alif_E</LatinTranscription>
  <content>
    <word idWord="1" x="271" transcription="مؤتمر" LatinTrans="Miim_B HamzaAboveWaaw_E Taaa_B Miim_M Raa_E">
      <paw idPaw="1" x="306" transcription="مؤ" LatinTrans="Miim_B HamzaAboveWaaw_E">
        <lettre idLettre="1" x="321" transcription="م" LatinTrans="Miim_B" />
        <lettre idLettre="2" x="306" transcription="ؤ" LatinTrans="HamzaAboveWaaw_E" />
      </paw>
      <paw idPaw="2" x="271" transcription="تمر" LatinTrans="Taaa_B Miim_M Raa_E">
        <lettre idLettre="1" x="297" transcription="ت" LatinTrans="Taaa_B" />
        <lettre idLettre="2" x="282" transcription="م" LatinTrans="Miim_M" />
        <lettre idLettre="3" x="271" transcription="ر" LatinTrans="Raa_E" />
      </paw>
    </word>
    <word idWord="2" x="267" transcription=" " LatinTrans="SPACE">
      <paw idPaw="1" x="267" transcription=" " LatinTrans="SPACE">
        <lettre idLettre="1" x="267" transcription=" " LatinTrans="SPACE" />
      </paw>
    </word>
    <word idWord="3" x="219" transcription="دولي" LatinTrans="Daal_I Waaw_I Laam_B Yaa_E">
      <paw idPaw="1" x="255" transcription="د" LatinTrans="Daal_I">
        <lettre idLettre="1" x="255" transcription="د" LatinTrans="Daal_I" />
      </paw>
      <paw idPaw="2" x="245" transcription="و" LatinTrans="Waaw_I">
        <lettre idLettre="1" x="245" transcription="و" LatinTrans="Waaw_I" />
      </paw>
      <paw idPaw="3" x="219" transcription="لي" LatinTrans="Laam_B Yaa_E">
        <lettre idLettre="1" x="237" transcription="ل" LatinTrans="Laam_B" />
        <lettre idLettre="2" x="219" transcription="ي" LatinTrans="Yaa_E" />
      </paw>
    </word>
    <word idWord="4" x="217" transcription=" " LatinTrans="SPACE">
      <paw idPaw="1" x="217" transcription=" " LatinTrans="SPACE">
        <lettre idLettre="1" x="217" transcription=" " LatinTrans="SPACE" />
      </paw>
    </word>
    <word idWord="5" x="185" transcription="في" LatinTrans="Faa_B Yaa_E">
      <paw idPaw="1" x="185" transcription="في" LatinTrans="Faa_B Yaa_E">
        <lettre idLettre="1" x="203" transcription="ف" LatinTrans="Faa_B" />
        <lettre idLettre="2" x="185" transcription="ي" LatinTrans="Yaa_E" />
      </paw>
    </word>
    <word idWord="6" x="182" transcription=" " LatinTrans="SPACE">
      <paw idPaw="1" x="182" transcription=" " LatinTrans="SPACE">
        <lettre idLettre="1" x="182" transcription=" " LatinTrans="SPACE" />
      </paw>
    </word>
    <word idWord="7" x="113" transcription="باريس" LatinTrans="Baa_B Alif_E Raa_I Yaa_B Siin_E">
      <paw idPaw="1" x="163" transcription="با" LatinTrans="Baa_B Alif_E">
        <lettre idLettre="1" x="170" transcription="ب" LatinTrans="Baa_B" />
        <lettre idLettre="2" x="163" transcription="ا" LatinTrans="Alif_E" />
      </paw>
      <paw idPaw="2" x="153" transcription="ر" LatinTrans="Raa_I">
        <lettre idLettre="1" x="153" transcription="ر" LatinTrans="Raa_I" />
      </paw>
      <paw idPaw="3" x="113" transcription="يس" LatinTrans="Yaa_B Siin_E">
        <lettre idLettre="1" x="142" transcription="ي" LatinTrans="Yaa_B" />
        <lettre idLettre="2" x="113" transcription="س" LatinTrans="Siin_E" />
      </paw>
    </word>
    <word idWord="8" x="109" transcription=" " LatinTrans="SPACE">
      <paw idPaw="1" x="109" transcription=" " LatinTrans="SPACE">
        <lettre idLettre="1" x="109" transcription=" " LatinTrans="SPACE" />
      </paw>
    </word>
    <word idWord="9" x="56" transcription="لدعم" LatinTrans="Laam_B Daal_E Ayn_B Miim_E">
      <paw idPaw="1" x="88" transcription="لد" LatinTrans="Laam_B Daal_E">
        <lettre idLettre="1" x="102" transcription="ل" LatinTrans="Laam_B" />
        <lettre idLettre="2" x="88" transcription="د" LatinTrans="Daal_E" />
      </paw>
      <paw idPaw="2" x="56" transcription="عم" LatinTrans="Ayn_B Miim_E">
        <lettre idLettre="1" x="74" transcription="ع" LatinTrans="Ayn_B" />
        <lettre idLettre="2" x="56" transcription="م" LatinTrans="Miim_E" />
      </paw>
    </word>
    <word idWord="10" x="52" transcription=" " LatinTrans="SPACE">
      <paw idPaw="1" x="52" transcription=" " LatinTrans="SPACE">
        <lettre idLettre="1" x="52" transcription=" " LatinTrans="SPACE" />
      </paw>
    </word>
    <word idWord="11" x="0" transcription="ليبيا" LatinTrans="Laam_B Yaa_M Baa_M Yaa_M Alif_E">
      <paw idPaw="1" x="0" transcription="ليبيا" LatinTrans="Laam_B Yaa_M Baa_M Yaa_M Alif_E">
        <lettre idLettre="1" x="44" transcription="ل" LatinTrans="Laam_B" />
        <lettre idLettre="2" x="35" transcription="ي" LatinTrans="Yaa_M" />
        <lettre idLettre="3" x="23" transcription="ب" LatinTrans="Baa_M" />
        <lettre idLettre="4" x="13" transcription="ي" LatinTrans="Yaa_M" />
        <lettre idLettre="5" x="0" transcription="ا" LatinTrans="Alif_E" />
      </paw>
    </word>
  </content>
</textImage>