﻿<?xml version="1.0" encoding="UTF-8" standalone="yes"?>
<textImage id="2" width="154" height="41" transcription="دينار بحريني" image="aljazeera_3212-10-47-30_2">
  <ArabicTranscription>دينار بحريني</ArabicTranscription>
  <LatinTranscription>Daal_I Yaa_B Nuun_M Alif_E Raa_I SPACE Baa_B Haaa_M Raa_E Yaa_B Nuun_M Yaa_E</LatinTranscription>
  <content>
    <word idWord="1" x="92" transcription="دينار" LatinTrans="Daal_I Yaa_B Nuun_M Alif_E Raa_I">
      <paw idPaw="1" x="137" transcription="د" LatinTrans="Daal_I">
        <lettre idLettre="1" x="137" transcription="د" LatinTrans="Daal_I" />
      </paw>
      <paw idPaw="2" x="104" transcription="ينا" LatinTrans="Yaa_B Nuun_M Alif_E">
        <lettre idLettre="1" x="125" transcription="ي" LatinTrans="Yaa_B" />
        <lettre idLettre="2" x="112" transcription="ن" LatinTrans="Nuun_M" />
        <lettre idLettre="3" x="104" transcription="ا" LatinTrans="Alif_E" />
      </paw>
      <paw idPaw="3" x="92" transcription="ر" LatinTrans="Raa_I">
        <lettre idLettre="1" x="92" transcription="ر" LatinTrans="Raa_I" />
      </paw>
    </word>
    <word idWord="2" x="87" transcription=" " LatinTrans="SPACE">
      <paw idPaw="1" x="87" transcription=" " LatinTrans="SPACE">
        <lettre idLettre="1" x="87" transcription=" " LatinTrans="SPACE" />
      </paw>
    </word>
    <word idWord="3" x="0" transcription="بحريني" LatinTrans="Baa_B Haaa_M Raa_E Yaa_B Nuun_M Yaa_E">
      <paw idPaw="1" x="46" transcription="بحر" LatinTrans="Baa_B Haaa_M Raa_E">
        <lettre idLettre="1" x="72" transcription="ب" LatinTrans="Baa_B" />
        <lettre idLettre="2" x="56" transcription="ح" LatinTrans="Haaa_M" />
        <lettre idLettre="3" x="46" transcription="ر" LatinTrans="Raa_E" />
      </paw>
      <paw idPaw="2" x="0" transcription="يني" LatinTrans="Yaa_B Nuun_M Yaa_E">
        <lettre idLettre="1" x="33" transcription="ي" LatinTrans="Yaa_B" />
        <lettre idLettre="2" x="22" transcription="ن" LatinTrans="Nuun_M" />
        <lettre idLettre="3" x="0" transcription="ي" LatinTrans="Yaa_E" />
      </paw>
    </word>
  </content>
</textImage>