﻿<?xml version="1.0" encoding="UTF-8" standalone="yes"?>
<textImage id="1" width="346" height="42" transcription="هم يفعلون ذلك بدافع الكراهية" image="aljazeera_3212-01-27-40_1">
  <ArabicTranscription>هم يفعلون ذلك بدافع الكراهية</ArabicTranscription>
  <LatinTranscription>Haa_B Miim_E SPACE Yaa_B Faa_M Ayn_M Laam_M Waaw_E Nuun_I SPACE Thaal_I Laam_B Kaaf_E SPACE Baa_B Daal_E Alif_I Faa_B Ayn_E SPACE Alif_I Laam_B Kaaf_M Raa_E Alif_I Haa_B Yaa_M TaaaClosed_E</LatinTranscription>
  <content>
    <word idWord="1" x="300" transcription="هم" LatinTrans="Haa_B Miim_E">
      <paw idPaw="1" x="300" transcription="هم" LatinTrans="Haa_B Miim_E">
        <lettre idLettre="1" x="319" transcription="ه" LatinTrans="Haa_B" />
        <lettre idLettre="2" x="300" transcription="م" LatinTrans="Miim_E" />
      </paw>
    </word>
    <word idWord="2" x="295" transcription=" " LatinTrans="SPACE">
      <paw idPaw="1" x="295" transcription=" " LatinTrans="SPACE">
        <lettre idLettre="1" x="295" transcription=" " LatinTrans="SPACE" />
      </paw>
    </word>
    <word idWord="3" x="214" transcription="يفعلون" LatinTrans="Yaa_B Faa_M Ayn_M Laam_M Waaw_E Nuun_I">
      <paw idPaw="1" x="230" transcription="يفعلو" LatinTrans="Yaa_B Faa_M Ayn_M Laam_M Waaw_E">
        <lettre idLettre="1" x="281" transcription="ي" LatinTrans="Yaa_B" />
        <lettre idLettre="2" x="269" transcription="ف" LatinTrans="Faa_M" />
        <lettre idLettre="3" x="252" transcription="ع" LatinTrans="Ayn_M" />
        <lettre idLettre="4" x="244" transcription="ل" LatinTrans="Laam_M" />
        <lettre idLettre="5" x="230" transcription="و" LatinTrans="Waaw_E" />
      </paw>
      <paw idPaw="2" x="214" transcription="ن" LatinTrans="Nuun_I">
        <lettre idLettre="1" x="214" transcription="ن" LatinTrans="Nuun_I" />
      </paw>
    </word>
    <word idWord="4" x="209" transcription=" " LatinTrans="SPACE">
      <paw idPaw="1" x="209" transcription=" " LatinTrans="SPACE">
        <lettre idLettre="1" x="209" transcription=" " LatinTrans="SPACE" />
      </paw>
    </word>
    <word idWord="5" x="162" transcription="ذلك" LatinTrans="Thaal_I Laam_B Kaaf_E">
      <paw idPaw="1" x="195" transcription="ذ" LatinTrans="Thaal_I">
        <lettre idLettre="1" x="195" transcription="ذ" LatinTrans="Thaal_I" />
      </paw>
      <paw idPaw="2" x="162" transcription="لك" LatinTrans="Laam_B Kaaf_E">
        <lettre idLettre="1" x="188" transcription="ل" LatinTrans="Laam_B" />
        <lettre idLettre="2" x="162" transcription="ك" LatinTrans="Kaaf_E" />
      </paw>
    </word>
    <word idWord="6" x="158" transcription=" " LatinTrans="SPACE">
      <paw idPaw="1" x="158" transcription=" " LatinTrans="SPACE">
        <lettre idLettre="1" x="158" transcription=" " LatinTrans="SPACE" />
      </paw>
    </word>
    <word idWord="7" x="95" transcription="بدافع" LatinTrans="Baa_B Daal_E Alif_I Faa_B Ayn_E">
      <paw idPaw="1" x="133" transcription="بد" LatinTrans="Baa_B Daal_E">
        <lettre idLettre="1" x="145" transcription="ب" LatinTrans="Baa_B" />
        <lettre idLettre="2" x="133" transcription="د" LatinTrans="Daal_E" />
      </paw>
      <paw idPaw="2" x="127" transcription="ا" LatinTrans="Alif_I">
        <lettre idLettre="1" x="127" transcription="ا" LatinTrans="Alif_I" />
      </paw>
      <paw idPaw="3" x="95" transcription="فع" LatinTrans="Faa_B Ayn_E">
        <lettre idLettre="1" x="113" transcription="ف" LatinTrans="Faa_B" />
        <lettre idLettre="2" x="95" transcription="ع" LatinTrans="Ayn_E" />
      </paw>
    </word>
    <word idWord="8" x="89" transcription=" " LatinTrans="SPACE">
      <paw idPaw="1" x="89" transcription=" " LatinTrans="SPACE">
        <lettre idLettre="1" x="89" transcription=" " LatinTrans="SPACE" />
      </paw>
    </word>
    <word idWord="9" x="0" transcription="الكراهية" LatinTrans="Alif_I Laam_B Kaaf_M Raa_E Alif_I Haa_B Yaa_M TaaaClosed_E">
      <paw idPaw="1" x="84" transcription="ا" LatinTrans="Alif_I">
        <lettre idLettre="1" x="84" transcription="ا" LatinTrans="Alif_I" />
      </paw>
      <paw idPaw="2" x="55" transcription="لكر" LatinTrans="Laam_B Kaaf_M Raa_E">
        <lettre idLettre="1" x="76" transcription="ل" LatinTrans="Laam_B" />
        <lettre idLettre="2" x="65" transcription="ك" LatinTrans="Kaaf_M" />
        <lettre idLettre="3" x="55" transcription="ر" LatinTrans="Raa_E" />
      </paw>
      <paw idPaw="3" x="50" transcription="ا" LatinTrans="Alif_I">
        <lettre idLettre="1" x="50" transcription="ا" LatinTrans="Alif_I" />
      </paw>
      <paw idPaw="4" x="0" transcription="هية" LatinTrans="Haa_B Yaa_M TaaaClosed_E">
        <lettre idLettre="1" x="33" transcription="ه" LatinTrans="Haa_B" />
        <lettre idLettre="2" x="18" transcription="ي" LatinTrans="Yaa_M" />
        <lettre idLettre="3" x="0" transcription="ة" LatinTrans="TaaaClosed_E" />
      </paw>
    </word>
  </content>
</textImage>