﻿<?xml version="1.0" encoding="UTF-8" standalone="yes"?>
<textImage id="2" width="94" height="36" transcription="في العالم" image="aljazeera_3212-00-57-20_2">
  <ArabicTranscription>في العالم</ArabicTranscription>
  <LatinTranscription>Faa_B Yaa_E SPACE Alif_I Laam_B Ayn_M Alif_E Laam_B Miim_E</LatinTranscription>
  <content>
    <word idWord="1" x="61" transcription="في" LatinTrans="Faa_B Yaa_E">
      <paw idPaw="1" x="61" transcription="في" LatinTrans="Faa_B Yaa_E">
        <lettre idLettre="1" x="79" transcription="ف" LatinTrans="Faa_B" />
        <lettre idLettre="2" x="61" transcription="ي" LatinTrans="Yaa_E" />
      </paw>
    </word>
    <word idWord="2" x="59" transcription=" " LatinTrans="SPACE">
      <paw idPaw="1" x="59" transcription=" " LatinTrans="SPACE">
        <lettre idLettre="1" x="59" transcription=" " LatinTrans="SPACE" />
      </paw>
    </word>
    <word idWord="3" x="0" transcription="العالم" LatinTrans="Alif_I Laam_B Ayn_M Alif_E Laam_B Miim_E">
      <paw idPaw="1" x="53" transcription="ا" LatinTrans="Alif_I">
        <lettre idLettre="1" x="53" transcription="ا" LatinTrans="Alif_I" />
      </paw>
      <paw idPaw="2" x="22" transcription="لعا" LatinTrans="Laam_B Ayn_M Alif_E">
        <lettre idLettre="1" x="45" transcription="ل" LatinTrans="Laam_B" />
        <lettre idLettre="2" x="30" transcription="ع" LatinTrans="Ayn_M" />
        <lettre idLettre="3" x="22" transcription="ا" LatinTrans="Alif_E" />
      </paw>
      <paw idPaw="3" x="0" transcription="لم" LatinTrans="Laam_B Miim_E">
        <lettre idLettre="1" x="14" transcription="ل" LatinTrans="Laam_B" />
        <lettre idLettre="2" x="0" transcription="م" LatinTrans="Miim_E" />
      </paw>
    </word>
  </content>
</textImage>