﻿<?xml version="1.0" encoding="UTF-8" standalone="yes"?>
<textImage id="2" width="486" height="51" transcription="الخرافي: الاستجوابات المرتبطة" image="aljazeera_3213-05-33-20_2">
  <ArabicTranscription>الخرافي: الاستجوابات المرتبطة</ArabicTranscription>
  <LatinTranscription>Alif_I Laam_B Xaa_M Raa_E Alif_I Faa_B Yaa_E TWOPOINTS SPACE Alif_I Laam_Alif Siin_B Taaa_M Jiim_M Waaw_E Alif_I Baa_B Alif_E Taaa_I SPACE Alif_I Laam_B Miim_M Raa_E Taaa_B Baa_M Thaaa_M TaaaClosed_E</LatinTranscription>
  <content>
    <word idWord="1" x="316" transcription="الخرافي:" LatinTrans="Alif_I Laam_B Xaa_M Raa_E Alif_I Faa_B Yaa_E TWOPOINTS">
      <paw idPaw="1" x="475" transcription="ا" LatinTrans="Alif_I">
        <lettre idLettre="1" x="475" transcription="ا" LatinTrans="Alif_I" />
      </paw>
      <paw idPaw="2" x="394" transcription="لخر" LatinTrans="Laam_B Xaa_M Raa_E">
        <lettre idLettre="1" x="462" transcription="ل" LatinTrans="Laam_B" />
        <lettre idLettre="2" x="418" transcription="خ" LatinTrans="Xaa_M" />
        <lettre idLettre="3" x="394" transcription="ر" LatinTrans="Raa_E" />
      </paw>
      <paw idPaw="3" x="384" transcription="ا" LatinTrans="Alif_I">
        <lettre idLettre="1" x="384" transcription="ا" LatinTrans="Alif_I" />
      </paw>
      <paw idPaw="4" x="325" transcription="في" LatinTrans="Faa_B Yaa_E">
        <lettre idLettre="1" x="367" transcription="ف" LatinTrans="Faa_B" />
        <lettre idLettre="2" x="325" transcription="ي" LatinTrans="Yaa_E" />
      </paw>
      <paw idPaw="5" x="316" transcription=":" LatinTrans="TWOPOINTS">
        <lettre idLettre="1" x="316" transcription=":" LatinTrans="TWOPOINTS" />
      </paw>
    </word>
    <word idWord="2" x="309" transcription=" " LatinTrans="SPACE">
      <paw idPaw="1" x="309" transcription=" " LatinTrans="SPACE">
        <lettre idLettre="1" x="309" transcription=" " LatinTrans="SPACE" />
      </paw>
    </word>
    <word idWord="3" x="147" transcription="الاستجوابات" LatinTrans="Alif_I Laam_Alif Siin_B Taaa_M Jiim_M Waaw_E Alif_I Baa_B Alif_E Taaa_I">
      <paw idPaw="1" x="300" transcription="ا" LatinTrans="Alif_I">
        <lettre idLettre="1" x="300" transcription="ا" LatinTrans="Alif_I" />
      </paw>
      <paw idPaw="2" x="283" transcription="لا" LatinTrans="Laam_Alif">
        <lettre idLettre="1" x="283" transcription="لا" LatinTrans="Laam_Alif" />
      </paw>
      <paw idPaw="3" x="208" transcription="ستجو" LatinTrans="Siin_B Taaa_M Jiim_M Waaw_E">
        <lettre idLettre="1" x="261" transcription="س" LatinTrans="Siin_B" />
        <lettre idLettre="2" x="241" transcription="ت" LatinTrans="Taaa_M" />
        <lettre idLettre="3" x="224" transcription="ج" LatinTrans="Jiim_M" />
        <lettre idLettre="4" x="208" transcription="و" LatinTrans="Waaw_E" />
      </paw>
      <paw idPaw="4" x="199" transcription="ا" LatinTrans="Alif_I">
        <lettre idLettre="1" x="199" transcription="ا" LatinTrans="Alif_I" />
      </paw>
      <paw idPaw="5" x="176" transcription="با" LatinTrans="Baa_B Alif_E">
        <lettre idLettre="1" x="183" transcription="ب" LatinTrans="Baa_B" />
        <lettre idLettre="2" x="176" transcription="ا" LatinTrans="Alif_E" />
      </paw>
      <paw idPaw="6" x="147" transcription="ت" LatinTrans="Taaa_I">
        <lettre idLettre="1" x="147" transcription="ت" LatinTrans="Taaa_I" />
      </paw>
    </word>
    <word idWord="4" x="141" transcription=" " LatinTrans="SPACE">
      <paw idPaw="1" x="141" transcription=" " LatinTrans="SPACE">
        <lettre idLettre="1" x="141" transcription=" " LatinTrans="SPACE" />
      </paw>
    </word>
    <word idWord="5" x="0" transcription="المرتبطة" LatinTrans="Alif_I Laam_B Miim_M Raa_E Taaa_B Baa_M Thaaa_M TaaaClosed_E">
      <paw idPaw="1" x="134" transcription="ا" LatinTrans="Alif_I">
        <lettre idLettre="1" x="134" transcription="ا" LatinTrans="Alif_I" />
      </paw>
      <paw idPaw="2" x="94" transcription="لمر" LatinTrans="Laam_B Miim_M Raa_E">
        <lettre idLettre="1" x="124" transcription="ل" LatinTrans="Laam_B" />
        <lettre idLettre="2" x="108" transcription="م" LatinTrans="Miim_M" />
        <lettre idLettre="3" x="94" transcription="ر" LatinTrans="Raa_E" />
      </paw>
      <paw idPaw="3" x="0" transcription="تبطة" LatinTrans="Taaa_B Baa_M Thaaa_M TaaaClosed_E">
        <lettre idLettre="1" x="78" transcription="ت" LatinTrans="Taaa_B" />
        <lettre idLettre="2" x="66" transcription="ب" LatinTrans="Baa_M" />
        <lettre idLettre="3" x="39" transcription="ط" LatinTrans="Thaaa_M" />
        <lettre idLettre="4" x="0" transcription="ة" LatinTrans="TaaaClosed_E" />
      </paw>
    </word>
  </content>
</textImage>