﻿<?xml version="1.0" encoding="UTF-8" standalone="yes"?>
<textImage id="2" width="99" height="38" transcription="كفاك" image="aljazeera_3212-04-29-10_3">
  <ArabicTranscription>كفاك</ArabicTranscription>
  <LatinTranscription>Kaaf_B Faa_M Alif_E Kaaf_I</LatinTranscription>
  <content>
    <word idWord="1" x="0" transcription="كفاك" LatinTrans="Kaaf_B Faa_M Alif_E Kaaf_I">
      <paw idPaw="1" x="41" transcription="كفا" LatinTrans="Kaaf_B Faa_M Alif_E">
        <lettre idLettre="1" x="73" transcription="ك" LatinTrans="Kaaf_B" />
        <lettre idLettre="2" x="52" transcription="ف" LatinTrans="Faa_M" />
        <lettre idLettre="3" x="41" transcription="ا" LatinTrans="Alif_E" />
      </paw>
      <paw idPaw="2" x="0" transcription="ك" LatinTrans="Kaaf_I">
        <lettre idLettre="1" x="0" transcription="ك" LatinTrans="Kaaf_I" />
      </paw>
    </word>
  </content>
</textImage>