﻿<?xml version="1.0" encoding="UTF-8" standalone="yes"?>
<textImage id="2" width="138" height="39" transcription="مساء أمس" image="aljazeera_3211-10-51-30_2">
  <ArabicTranscription>مساء أمس</ArabicTranscription>
  <LatinTranscription>Miim_B Siin_M Alif_E Hamza SPACE HamzaAboveAlif_I Miim_B Siin_E</LatinTranscription>
  <content>
    <word idWord="1" x="63" transcription="مساء" LatinTrans="Miim_B Siin_M Alif_E Hamza">
      <paw idPaw="1" x="71" transcription="مسا" LatinTrans="Miim_B Siin_M Alif_E">
        <lettre idLettre="1" x="124" transcription="م" LatinTrans="Miim_B" />
        <lettre idLettre="2" x="88" transcription="س" LatinTrans="Siin_M" />
        <lettre idLettre="3" x="71" transcription="ا" LatinTrans="Alif_E" />
      </paw>
      <paw idPaw="2" x="63" transcription="ء" LatinTrans="Hamza">
        <lettre idLettre="1" x="63" transcription="ء" LatinTrans="Hamza" />
      </paw>
    </word>
    <word idWord="2" x="58" transcription=" " LatinTrans="SPACE">
      <paw idPaw="1" x="58" transcription=" " LatinTrans="SPACE">
        <lettre idLettre="1" x="58" transcription=" " LatinTrans="SPACE" />
      </paw>
    </word>
    <word idWord="3" x="0" transcription="أمس" LatinTrans="HamzaAboveAlif_I Miim_B Siin_E">
      <paw idPaw="1" x="50" transcription="أ" LatinTrans="HamzaAboveAlif_I">
        <lettre idLettre="1" x="50" transcription="أ" LatinTrans="HamzaAboveAlif_I" />
      </paw>
      <paw idPaw="2" x="0" transcription="مس" LatinTrans="Miim_B Siin_E">
        <lettre idLettre="1" x="38" transcription="م" LatinTrans="Miim_B" />
        <lettre idLettre="2" x="0" transcription="س" LatinTrans="Siin_E" />
      </paw>
    </word>
  </content>
</textImage>