﻿<?xml version="1.0" encoding="UTF-8" standalone="yes"?>
<textImage id="1" width="290" height="50" transcription="وزير العدل الإسرائيلي" image="aljazeera_3213-05-34-40_1">
  <ArabicTranscription>وزير العدل الإسرائيلي</ArabicTranscription>
  <LatinTranscription>Waaw_I Zaay_I Yaa_B Raa_E SPACE Alif_I Laam_B Ayn_M Daal_E Laam_I SPACE Alif_I Laam_HamzaOnederAlif Siin_B Raa_E Alif_I HamzaAboveAlifBroken_B Yaa_M Laam_M Yaa_E</LatinTranscription>
  <content>
    <word idWord="1" x="229" transcription="وزير" LatinTrans="Waaw_I Zaay_I Yaa_B Raa_E">
      <paw idPaw="1" x="270" transcription="و" LatinTrans="Waaw_I">
        <lettre idLettre="1" x="270" transcription="و" LatinTrans="Waaw_I" />
      </paw>
      <paw idPaw="2" x="257" transcription="ز" LatinTrans="Zaay_I">
        <lettre idLettre="1" x="257" transcription="ز" LatinTrans="Zaay_I" />
      </paw>
      <paw idPaw="3" x="229" transcription="ير" LatinTrans="Yaa_B Raa_E">
        <lettre idLettre="1" x="242" transcription="ي" LatinTrans="Yaa_B" />
        <lettre idLettre="2" x="229" transcription="ر" LatinTrans="Raa_E" />
      </paw>
    </word>
    <word idWord="2" x="224" transcription=" " LatinTrans="SPACE">
      <paw idPaw="1" x="224" transcription=" " LatinTrans="SPACE">
        <lettre idLettre="1" x="224" transcription=" " LatinTrans="SPACE" />
      </paw>
    </word>
    <word idWord="3" x="145" transcription="العدل" LatinTrans="Alif_I Laam_B Ayn_M Daal_E Laam_I">
      <paw idPaw="1" x="216" transcription="ا" LatinTrans="Alif_I">
        <lettre idLettre="1" x="216" transcription="ا" LatinTrans="Alif_I" />
      </paw>
      <paw idPaw="2" x="167" transcription="لعد" LatinTrans="Laam_B Ayn_M Daal_E">
        <lettre idLettre="1" x="207" transcription="ل" LatinTrans="Laam_B" />
        <lettre idLettre="2" x="183" transcription="ع" LatinTrans="Ayn_M" />
        <lettre idLettre="3" x="167" transcription="د" LatinTrans="Daal_E" />
      </paw>
      <paw idPaw="3" x="145" transcription="ل" LatinTrans="Laam_I">
        <lettre idLettre="1" x="145" transcription="ل" LatinTrans="Laam_I" />
      </paw>
    </word>
    <word idWord="4" x="139" transcription=" " LatinTrans="SPACE">
      <paw idPaw="1" x="139" transcription=" " LatinTrans="SPACE">
        <lettre idLettre="1" x="139" transcription=" " LatinTrans="SPACE" />
      </paw>
    </word>
    <word idWord="5" x="0" transcription="الإسرائيلي" LatinTrans="Alif_I Laam_HamzaOnederAlif Siin_B Raa_E Alif_I HamzaAboveAlifBroken_B Yaa_M Laam_M Yaa_E">
      <paw idPaw="1" x="131" transcription="ا" LatinTrans="Alif_I">
        <lettre idLettre="1" x="131" transcription="ا" LatinTrans="Alif_I" />
      </paw>
      <paw idPaw="2" x="114" transcription="لإ" LatinTrans="Laam_HamzaOnederAlif">
        <lettre idLettre="1" x="114" transcription="لإ" LatinTrans="Laam_HamzaUnderAlif" />
      </paw>
      <paw idPaw="3" x="76" transcription="سر" LatinTrans="Siin_B Raa_E">
        <lettre idLettre="1" x="89" transcription="س" LatinTrans="Siin_B" />
        <lettre idLettre="2" x="76" transcription="ر" LatinTrans="Raa_E" />
      </paw>
      <paw idPaw="4" x="69" transcription="ا" LatinTrans="Alif_I">
        <lettre idLettre="1" x="69" transcription="ا" LatinTrans="Alif_I" />
      </paw>
      <paw idPaw="5" x="0" transcription="ئيلي" LatinTrans="HamzaAboveAlifBroken_B Yaa_M Laam_M Yaa_E">
        <lettre idLettre="1" x="56" transcription="ئ" LatinTrans="HamzaAboveAlifBroken_B" />
        <lettre idLettre="2" x="39" transcription="ي" LatinTrans="Yaa_M" />
        <lettre idLettre="3" x="25" transcription="ل" LatinTrans="Laam_M" />
        <lettre idLettre="4" x="0" transcription="ي" LatinTrans="Yaa_E" />
      </paw>
    </word>
  </content>
</textImage>