﻿<?xml version="1.0" encoding="UTF-8" standalone="yes"?>
<textImage id="1" width="399" height="97" transcription="عمل في الجزيرة" image="aljazeera_3211-11-55-50_1">
  <ArabicTranscription>عمل في الجزيرة</ArabicTranscription>
  <LatinTranscription>Ayn_B Miim_M Laam_E SPACE Faa_B Yaa_E SPACE Alif_I Laam_B Jiim_M Zaay_E Yaa_B Raa_E TaaaClosed_I</LatinTranscription>
  <content>
    <word idWord="1" x="271" transcription="عمل" LatinTrans="Ayn_B Miim_M Laam_E">
      <paw idPaw="1" x="271" transcription="عمل" LatinTrans="Ayn_B Miim_M Laam_E">
        <lettre idLettre="1" x="349" transcription="ع" LatinTrans="Ayn_B" />
        <lettre idLettre="2" x="321" transcription="م" LatinTrans="Miim_M" />
        <lettre idLettre="3" x="271" transcription="ل" LatinTrans="Laam_E" />
      </paw>
    </word>
    <word idWord="2" x="254" transcription=" " LatinTrans="SPACE">
      <paw idPaw="1" x="254" transcription=" " LatinTrans="SPACE">
        <lettre idLettre="1" x="254" transcription=" " LatinTrans="SPACE" />
      </paw>
    </word>
    <word idWord="3" x="185" transcription="في" LatinTrans="Faa_B Yaa_E">
      <paw idPaw="1" x="185" transcription="في" LatinTrans="Faa_B Yaa_E">
        <lettre idLettre="1" x="227" transcription="ف" LatinTrans="Faa_B" />
        <lettre idLettre="2" x="185" transcription="ي" LatinTrans="Yaa_E" />
      </paw>
    </word>
    <word idWord="4" x="176" transcription=" " LatinTrans="SPACE">
      <paw idPaw="1" x="176" transcription=" " LatinTrans="SPACE">
        <lettre idLettre="1" x="176" transcription=" " LatinTrans="SPACE" />
      </paw>
    </word>
    <word idWord="5" x="0" transcription="الجزيرة" LatinTrans="Alif_I Laam_B Jiim_M Zaay_E Yaa_B Raa_E TaaaClosed_I">
      <paw idPaw="1" x="161" transcription="ا" LatinTrans="Alif_I">
        <lettre idLettre="1" x="161" transcription="ا" LatinTrans="Alif_I" />
      </paw>
      <paw idPaw="2" x="80" transcription="لجز" LatinTrans="Laam_B Jiim_M Zaay_E">
        <lettre idLettre="1" x="139" transcription="ل" LatinTrans="Laam_B" />
        <lettre idLettre="2" x="102" transcription="ج" LatinTrans="Jiim_M" />
        <lettre idLettre="3" x="80" transcription="ز" LatinTrans="Zaay_E" />
      </paw>
      <paw idPaw="3" x="31" transcription="ير" LatinTrans="Yaa_B Raa_E">
        <lettre idLettre="1" x="54" transcription="ي" LatinTrans="Yaa_B" />
        <lettre idLettre="2" x="31" transcription="ر" LatinTrans="Raa_E" />
      </paw>
      <paw idPaw="4" x="0" transcription="ة" LatinTrans="TaaaClosed_I">
        <lettre idLettre="1" x="0" transcription="ة" LatinTrans="TaaaClosed_I" />
      </paw>
    </word>
  </content>
</textImage>