﻿<?xml version="1.0" encoding="UTF-8" standalone="yes"?>
<textImage id="1" width="476" height="36" transcription="كوريا الشمالية تعلن نجاح تجربتها النووية" image="aljazeera_3212-09-03-40_1">
  <ArabicTranscription>كوريا الشمالية تعلن نجاح تجربتها النووية</ArabicTranscription>
  <LatinTranscription>Kaaf_B Waaw_E Raa_I Yaa_B Alif_E SPACE Alif_I Laam_B Shiin_M Miim_M Alif_E Laam_B Yaa_M TaaaClosed_E SPACE Taaa_B Ayn_M Laam_M Nuun_E SPACE Nuun_B Jiim_M Alif_E Haaa_I SPACE Taaa_B Jiim_M Raa_E Baa_B Taaa_M Haa_M Alif_E SPACE Alif_I Laam_B Nuun_M Waaw_E Waaw_I Yaa_B TaaaClosed_E</LatinTranscription>
  <content>
    <word idWord="1" x="399" transcription="كوريا" LatinTrans="Kaaf_B Waaw_E Raa_I Yaa_B Alif_E">
      <paw idPaw="1" x="437" transcription="كو" LatinTrans="Kaaf_B Waaw_E">
        <lettre idLettre="1" x="457" transcription="ك" LatinTrans="Kaaf_B" />
        <lettre idLettre="2" x="437" transcription="و" LatinTrans="Waaw_E" />
      </paw>
      <paw idPaw="2" x="429" transcription="ر" LatinTrans="Raa_I">
        <lettre idLettre="1" x="429" transcription="ر" LatinTrans="Raa_I" />
      </paw>
      <paw idPaw="3" x="399" transcription="يا" LatinTrans="Yaa_B Alif_E">
        <lettre idLettre="1" x="416" transcription="ي" LatinTrans="Yaa_B" />
        <lettre idLettre="2" x="399" transcription="ا" LatinTrans="Alif_E" />
      </paw>
    </word>
    <word idWord="2" x="395" transcription=" " LatinTrans="SPACE">
      <paw idPaw="1" x="395" transcription=" " LatinTrans="SPACE">
        <lettre idLettre="1" x="395" transcription=" " LatinTrans="SPACE" />
      </paw>
    </word>
    <word idWord="3" x="290" transcription="الشمالية" LatinTrans="Alif_I Laam_B Shiin_M Miim_M Alif_E Laam_B Yaa_M TaaaClosed_E">
      <paw idPaw="1" x="389" transcription="ا" LatinTrans="Alif_I">
        <lettre idLettre="1" x="389" transcription="ا" LatinTrans="Alif_I" />
      </paw>
      <paw idPaw="2" x="333" transcription="لشما" LatinTrans="Laam_B Shiin_M Miim_M Alif_E">
        <lettre idLettre="1" x="376" transcription="ل" LatinTrans="Laam_B" />
        <lettre idLettre="2" x="352" transcription="ش" LatinTrans="Shiin_M" />
        <lettre idLettre="3" x="339" transcription="م" LatinTrans="Miim_M" />
        <lettre idLettre="4" x="333" transcription="ا" LatinTrans="Alif_E" />
      </paw>
      <paw idPaw="3" x="290" transcription="لية" LatinTrans="Laam_B Yaa_M TaaaClosed_E">
        <lettre idLettre="1" x="326" transcription="ل" LatinTrans="Laam_B" />
        <lettre idLettre="2" x="313" transcription="ي" LatinTrans="Yaa_M" />
        <lettre idLettre="3" x="290" transcription="ة" LatinTrans="TaaaClosed_E" />
      </paw>
    </word>
    <word idWord="4" x="286" transcription=" " LatinTrans="SPACE">
      <paw idPaw="1" x="286" transcription=" " LatinTrans="SPACE">
        <lettre idLettre="1" x="286" transcription=" " LatinTrans="SPACE" />
      </paw>
    </word>
    <word idWord="5" x="223" transcription="تعلن" LatinTrans="Taaa_B Ayn_M Laam_M Nuun_E">
      <paw idPaw="1" x="223" transcription="تعلن" LatinTrans="Taaa_B Ayn_M Laam_M Nuun_E">
        <lettre idLettre="1" x="276" transcription="ت" LatinTrans="Taaa_B" />
        <lettre idLettre="2" x="262" transcription="ع" LatinTrans="Ayn_M" />
        <lettre idLettre="3" x="251" transcription="ل" LatinTrans="Laam_M" />
        <lettre idLettre="4" x="223" transcription="ن" LatinTrans="Nuun_E" />
      </paw>
    </word>
    <word idWord="6" x="221" transcription=" " LatinTrans="SPACE">
      <paw idPaw="1" x="221" transcription=" " LatinTrans="SPACE">
        <lettre idLettre="1" x="221" transcription=" " LatinTrans="SPACE" />
      </paw>
    </word>
    <word idWord="7" x="175" transcription="نجاح" LatinTrans="Nuun_B Jiim_M Alif_E Haaa_I">
      <paw idPaw="1" x="191" transcription="نجا" LatinTrans="Nuun_B Jiim_M Alif_E">
        <lettre idLettre="1" x="211" transcription="ن" LatinTrans="Nuun_B" />
        <lettre idLettre="2" x="197" transcription="ج" LatinTrans="Jiim_M" />
        <lettre idLettre="3" x="191" transcription="ا" LatinTrans="Alif_E" />
      </paw>
      <paw idPaw="2" x="175" transcription="ح" LatinTrans="Haaa_I">
        <lettre idLettre="1" x="175" transcription="ح" LatinTrans="Haaa_I" />
      </paw>
    </word>
    <word idWord="8" x="171" transcription=" " LatinTrans="SPACE">
      <paw idPaw="1" x="171" transcription=" " LatinTrans="SPACE">
        <lettre idLettre="1" x="171" transcription=" " LatinTrans="SPACE" />
      </paw>
    </word>
    <word idWord="9" x="88" transcription="تجربتها" LatinTrans="Taaa_B Jiim_M Raa_E Baa_B Taaa_M Haa_M Alif_E">
      <paw idPaw="1" x="140" transcription="تجر" LatinTrans="Taaa_B Jiim_M Raa_E">
        <lettre idLettre="1" x="162" transcription="ت" LatinTrans="Taaa_B" />
        <lettre idLettre="2" x="148" transcription="ج" LatinTrans="Jiim_M" />
        <lettre idLettre="3" x="140" transcription="ر" LatinTrans="Raa_E" />
      </paw>
      <paw idPaw="2" x="88" transcription="بتها" LatinTrans="Baa_B Taaa_M Haa_M Alif_E">
        <lettre idLettre="1" x="131" transcription="ب" LatinTrans="Baa_B" />
        <lettre idLettre="2" x="120" transcription="ت" LatinTrans="Taaa_M" />
        <lettre idLettre="3" x="107" transcription="ه" LatinTrans="Haa_M" />
        <lettre idLettre="4" x="88" transcription="ا" LatinTrans="Alif_E" />
      </paw>
    </word>
    <word idWord="10" x="84" transcription=" " LatinTrans="SPACE">
      <paw idPaw="1" x="84" transcription=" " LatinTrans="SPACE">
        <lettre idLettre="1" x="84" transcription=" " LatinTrans="SPACE" />
      </paw>
    </word>
    <word idWord="11" x="0" transcription="النووية" LatinTrans="Alif_I Laam_B Nuun_M Waaw_E Waaw_I Yaa_B TaaaClosed_E">
      <paw idPaw="1" x="79" transcription="ا" LatinTrans="Alif_I">
        <lettre idLettre="1" x="79" transcription="ا" LatinTrans="Alif_I" />
      </paw>
      <paw idPaw="2" x="53" transcription="لنو" LatinTrans="Laam_B Nuun_M Waaw_E">
        <lettre idLettre="1" x="73" transcription="ل" LatinTrans="Laam_B" />
        <lettre idLettre="2" x="63" transcription="ن" LatinTrans="Nuun_M" />
        <lettre idLettre="3" x="53" transcription="و" LatinTrans="Waaw_E" />
      </paw>
      <paw idPaw="3" x="43" transcription="و" LatinTrans="Waaw_I">
        <lettre idLettre="1" x="43" transcription="و" LatinTrans="Waaw_I" />
      </paw>
      <paw idPaw="4" x="0" transcription="ية" LatinTrans="Yaa_B TaaaClosed_E">
        <lettre idLettre="1" x="30" transcription="ي" LatinTrans="Yaa_B" />
        <lettre idLettre="2" x="0" transcription="ة" LatinTrans="TaaaClosed_E" />
      </paw>
    </word>
  </content>
</textImage>