﻿<?xml version="1.0" encoding="UTF-8" standalone="yes"?>
<textImage id="5" width="259" height="51" transcription="السجون الإسرائيلية" image="aljazeera_3213-05-34-40_5">
  <ArabicTranscription>السجون الإسرائيلية</ArabicTranscription>
  <LatinTranscription>Alif_I Laam_B Siin_M Jiim_M Waaw_E Nuun_I SPACE Alif_I Laam_HamzaOnederAlif Siin_B Raa_E Alif_I HamzaAboveAlifBroken_B Yaa_M Laam_M Yaa_M TaaaClosed_E</LatinTranscription>
  <content>
    <word idWord="1" x="151" transcription="السجون" LatinTrans="Alif_I Laam_B Siin_M Jiim_M Waaw_E Nuun_I">
      <paw idPaw="1" x="248" transcription="ا" LatinTrans="Alif_I">
        <lettre idLettre="1" x="248" transcription="ا" LatinTrans="Alif_I" />
      </paw>
      <paw idPaw="2" x="174" transcription="لسجو" LatinTrans="Laam_B Siin_M Jiim_M Waaw_E">
        <lettre idLettre="1" x="240" transcription="ل" LatinTrans="Laam_B" />
        <lettre idLettre="2" x="212" transcription="س" LatinTrans="Siin_M" />
        <lettre idLettre="3" x="191" transcription="ج" LatinTrans="Jiim_M" />
        <lettre idLettre="4" x="174" transcription="و" LatinTrans="Waaw_E" />
      </paw>
      <paw idPaw="3" x="151" transcription="ن" LatinTrans="Nuun_I">
        <lettre idLettre="1" x="151" transcription="ن" LatinTrans="Nuun_I" />
      </paw>
    </word>
    <word idWord="2" x="145" transcription=" " LatinTrans="SPACE">
      <paw idPaw="1" x="145" transcription=" " LatinTrans="SPACE">
        <lettre idLettre="1" x="145" transcription=" " LatinTrans="SPACE" />
      </paw>
    </word>
    <word idWord="3" x="0" transcription="الإسرائيلية" LatinTrans="Alif_I Laam_HamzaOnederAlif Siin_B Raa_E Alif_I HamzaAboveAlifBroken_B Yaa_M Laam_M Yaa_M TaaaClosed_E">
      <paw idPaw="1" x="138" transcription="ا" LatinTrans="Alif_I">
        <lettre idLettre="1" x="138" transcription="ا" LatinTrans="Alif_I" />
      </paw>
      <paw idPaw="2" x="120" transcription="لإ" LatinTrans="Laam_HamzaOnederAlif">
        <lettre idLettre="1" x="120" transcription="لإ" LatinTrans="Laam_HamzaUnderAlif" />
      </paw>
      <paw idPaw="3" x="82" transcription="سر" LatinTrans="Siin_B Raa_E">
        <lettre idLettre="1" x="100" transcription="س" LatinTrans="Siin_B" />
        <lettre idLettre="2" x="82" transcription="ر" LatinTrans="Raa_E" />
      </paw>
      <paw idPaw="4" x="75" transcription="ا" LatinTrans="Alif_I">
        <lettre idLettre="1" x="75" transcription="ا" LatinTrans="Alif_I" />
      </paw>
      <paw idPaw="5" x="0" transcription="ئيلية" LatinTrans="HamzaAboveAlifBroken_B Yaa_M Laam_M Yaa_M TaaaClosed_E">
        <lettre idLettre="1" x="61" transcription="ئ" LatinTrans="HamzaAboveAlifBroken_B" />
        <lettre idLettre="2" x="46" transcription="ي" LatinTrans="Yaa_M" />
        <lettre idLettre="3" x="36" transcription="ل" LatinTrans="Laam_M" />
        <lettre idLettre="4" x="19" transcription="ي" LatinTrans="Yaa_M" />
        <lettre idLettre="5" x="0" transcription="ة" LatinTrans="TaaaClosed_E" />
      </paw>
    </word>
  </content>
</textImage>