﻿<?xml version="1.0" encoding="UTF-8" standalone="yes"?>
<textImage id="1" width="347" height="60" transcription="الساعة البيولوجية" image="aljazeera_3211-22-48-30_1">
  <ArabicTranscription>الساعة البيولوجية</ArabicTranscription>
  <LatinTranscription>Alif_I Laam_B Siin_M Alif_E Ayn_B TaaaClosed_E SPACE Alif_I Laam_B Baa_M Yaa_M Waaw_E Laam_B Waaw_E Jiim_B Yaa_M TaaaClosed_E</LatinTranscription>
  <content>
    <word idWord="1" x="207" transcription="الساعة" LatinTrans="Alif_I Laam_B Siin_M Alif_E Ayn_B TaaaClosed_E">
      <paw idPaw="1" x="330" transcription="ا" LatinTrans="Alif_I">
        <lettre idLettre="1" x="330" transcription="ا" LatinTrans="Alif_I" />
      </paw>
      <paw idPaw="2" x="265" transcription="لسا" LatinTrans="Laam_B Siin_M Alif_E">
        <lettre idLettre="1" x="317" transcription="ل" LatinTrans="Laam_B" />
        <lettre idLettre="2" x="278" transcription="س" LatinTrans="Siin_M" />
        <lettre idLettre="3" x="265" transcription="ا" LatinTrans="Alif_E" />
      </paw>
      <paw idPaw="3" x="207" transcription="عة" LatinTrans="Ayn_B TaaaClosed_E">
        <lettre idLettre="1" x="235" transcription="ع" LatinTrans="Ayn_B" />
        <lettre idLettre="2" x="207" transcription="ة" LatinTrans="TaaaClosed_E" />
      </paw>
    </word>
    <word idWord="2" x="200" transcription=" " LatinTrans="SPACE">
      <paw idPaw="1" x="200" transcription=" " LatinTrans="SPACE">
        <lettre idLettre="1" x="200" transcription=" " LatinTrans="SPACE" />
      </paw>
    </word>
    <word idWord="3" x="0" transcription="البيولوجية" LatinTrans="Alif_I Laam_B Baa_M Yaa_M Waaw_E Laam_B Waaw_E Jiim_B Yaa_M TaaaClosed_E">
      <paw idPaw="1" x="188" transcription="ا" LatinTrans="Alif_I">
        <lettre idLettre="1" x="188" transcription="ا" LatinTrans="Alif_I" />
      </paw>
      <paw idPaw="2" x="115" transcription="لبيو" LatinTrans="Laam_B Baa_M Yaa_M Waaw_E">
        <lettre idLettre="1" x="178" transcription="ل" LatinTrans="Laam_B" />
        <lettre idLettre="2" x="157" transcription="ب" LatinTrans="Baa_M" />
        <lettre idLettre="3" x="135" transcription="ي" LatinTrans="Yaa_M" />
        <lettre idLettre="4" x="115" transcription="و" LatinTrans="Waaw_E" />
      </paw>
      <paw idPaw="3" x="82" transcription="لو" LatinTrans="Laam_B Waaw_E">
        <lettre idLettre="1" x="103" transcription="ل" LatinTrans="Laam_B" />
        <lettre idLettre="2" x="82" transcription="و" LatinTrans="Waaw_E" />
      </paw>
      <paw idPaw="4" x="0" transcription="جية" LatinTrans="Jiim_B Yaa_M TaaaClosed_E">
        <lettre idLettre="1" x="50" transcription="ج" LatinTrans="Jiim_B" />
        <lettre idLettre="2" x="28" transcription="ي" LatinTrans="Yaa_M" />
        <lettre idLettre="3" x="0" transcription="ة" LatinTrans="TaaaClosed_E" />
      </paw>
    </word>
  </content>
</textImage>