﻿<?xml version="1.0" encoding="UTF-8" standalone="yes"?>
<textImage id="3" width="142" height="36" transcription="نوفل الجميلي" image="aljazeera_3213-04-13-50_3">
  <ArabicTranscription>نوفل الجميلي</ArabicTranscription>
  <LatinTranscription>Nuun_B Waaw_E Faa_B Laam_E SPACE Alif_I Laam_B Jiim_M Miim_M Yaa_M Laam_M Yaa_E</LatinTranscription>
  <content>
    <word idWord="1" x="85" transcription="نوفل" LatinTrans="Nuun_B Waaw_E Faa_B Laam_E">
      <paw idPaw="1" x="116" transcription="نو" LatinTrans="Nuun_B Waaw_E">
        <lettre idLettre="1" x="130" transcription="ن" LatinTrans="Nuun_B" />
        <lettre idLettre="2" x="116" transcription="و" LatinTrans="Waaw_E" />
      </paw>
      <paw idPaw="2" x="85" transcription="فل" LatinTrans="Faa_B Laam_E">
        <lettre idLettre="1" x="103" transcription="ف" LatinTrans="Faa_B" />
        <lettre idLettre="2" x="85" transcription="ل" LatinTrans="Laam_E" />
      </paw>
    </word>
    <word idWord="2" x="80" transcription=" " LatinTrans="SPACE">
      <paw idPaw="1" x="80" transcription=" " LatinTrans="SPACE">
        <lettre idLettre="1" x="80" transcription=" " LatinTrans="SPACE" />
      </paw>
    </word>
    <word idWord="3" x="0" transcription="الجميلي" LatinTrans="Alif_I Laam_B Jiim_M Miim_M Yaa_M Laam_M Yaa_E">
      <paw idPaw="1" x="74" transcription="ا" LatinTrans="Alif_I">
        <lettre idLettre="1" x="74" transcription="ا" LatinTrans="Alif_I" />
      </paw>
      <paw idPaw="2" x="0" transcription="لجميلي" LatinTrans="Laam_B Jiim_M Miim_M Yaa_M Laam_M Yaa_E">
        <lettre idLettre="1" x="68" transcription="ل" LatinTrans="Laam_B" />
        <lettre idLettre="2" x="53" transcription="ج" LatinTrans="Jiim_M" />
        <lettre idLettre="3" x="42" transcription="م" LatinTrans="Miim_M" />
        <lettre idLettre="4" x="29" transcription="ي" LatinTrans="Yaa_M" />
        <lettre idLettre="5" x="22" transcription="ل" LatinTrans="Laam_M" />
        <lettre idLettre="6" x="0" transcription="ي" LatinTrans="Yaa_E" />
      </paw>
    </word>
  </content>
</textImage>