﻿<?xml version="1.0" encoding="UTF-8" standalone="yes"?>
<textImage id="1" width="203" height="43" transcription="الفريق أمين الحافظ" image="aljazeera_3211-22-06-50_1">
  <ArabicTranscription>الفريق أمين الحافظ</ArabicTranscription>
  <LatinTranscription>Alif_I Laam_B Faa_M Raa_E Yaa_B Gaaf_E SPACE HamzaAboveAlif_I Miim_B Yaa_M Nuun_E SPACE Alif_I Laam_B Haaa_M Alif_E Faa_B Taa_E</LatinTranscription>
  <content>
    <word idWord="1" x="133" transcription="الفريق" LatinTrans="Alif_I Laam_B Faa_M Raa_E Yaa_B Gaaf_E">
      <paw idPaw="1" x="194" transcription="ا" LatinTrans="Alif_I">
        <lettre idLettre="1" x="194" transcription="ا" LatinTrans="Alif_I" />
      </paw>
      <paw idPaw="2" x="162" transcription="لفر" LatinTrans="Laam_B Faa_M Raa_E">
        <lettre idLettre="1" x="188" transcription="ل" LatinTrans="Laam_B" />
        <lettre idLettre="2" x="172" transcription="ف" LatinTrans="Faa_M" />
        <lettre idLettre="3" x="162" transcription="ر" LatinTrans="Raa_E" />
      </paw>
      <paw idPaw="3" x="133" transcription="يق" LatinTrans="Yaa_B Gaaf_E">
        <lettre idLettre="1" x="150" transcription="ي" LatinTrans="Yaa_B" />
        <lettre idLettre="2" x="133" transcription="ق" LatinTrans="Gaaf_E" />
      </paw>
    </word>
    <word idWord="2" x="130" transcription=" " LatinTrans="SPACE">
      <paw idPaw="1" x="130" transcription=" " LatinTrans="SPACE">
        <lettre idLettre="1" x="130" transcription=" " LatinTrans="SPACE" />
      </paw>
    </word>
    <word idWord="3" x="80" transcription="أمين" LatinTrans="HamzaAboveAlif_I Miim_B Yaa_M Nuun_E">
      <paw idPaw="1" x="123" transcription="أ" LatinTrans="HamzaAboveAlif_I">
        <lettre idLettre="1" x="123" transcription="أ" LatinTrans="HamzaAboveAlif_I" />
      </paw>
      <paw idPaw="2" x="80" transcription="مين" LatinTrans="Miim_B Yaa_M Nuun_E">
        <lettre idLettre="1" x="110" transcription="م" LatinTrans="Miim_B" />
        <lettre idLettre="2" x="97" transcription="ي" LatinTrans="Yaa_M" />
        <lettre idLettre="3" x="80" transcription="ن" LatinTrans="Nuun_E" />
      </paw>
    </word>
    <word idWord="4" x="76" transcription=" " LatinTrans="SPACE">
      <paw idPaw="1" x="76" transcription=" " LatinTrans="SPACE">
        <lettre idLettre="1" x="76" transcription=" " LatinTrans="SPACE" />
      </paw>
    </word>
    <word idWord="5" x="0" transcription="الحافظ" LatinTrans="Alif_I Laam_B Haaa_M Alif_E Faa_B Taa_E">
      <paw idPaw="1" x="69" transcription="ا" LatinTrans="Alif_I">
        <lettre idLettre="1" x="69" transcription="ا" LatinTrans="Alif_I" />
      </paw>
      <paw idPaw="2" x="41" transcription="لحا" LatinTrans="Laam_B Haaa_M Alif_E">
        <lettre idLettre="1" x="62" transcription="ل" LatinTrans="Laam_B" />
        <lettre idLettre="2" x="47" transcription="ح" LatinTrans="Haaa_M" />
        <lettre idLettre="3" x="41" transcription="ا" LatinTrans="Alif_E" />
      </paw>
      <paw idPaw="3" x="0" transcription="فظ" LatinTrans="Faa_B Taa_E">
        <lettre idLettre="1" x="27" transcription="ف" LatinTrans="Faa_B" />
        <lettre idLettre="2" x="0" transcription="ظ" LatinTrans="Taa_E" />
      </paw>
    </word>
  </content>
</textImage>