﻿<?xml version="1.0" encoding="UTF-8" standalone="yes"?>
<textImage id="1" width="341" height="42" transcription="إعادة الانتخابات الرئاسية" image="aljazeera_3211-13-17-20_1">
  <ArabicTranscription>إعادة الانتخابات الرئاسية</ArabicTranscription>
  <LatinTranscription>HamzaOnederAlif_I Ayn_B Alif_E Daal_I TaaaClosed_I SPACE Alif_I Laam_Alif Nuun_B Taaa_M Xaa_M Alif_E Baa_B Alif_E Taaa_I SPACE Alif_I Laam_B Raa_E HamzaAboveAlifBroken_B Alif_E Siin_B Yaa_M TaaaClosed_E</LatinTranscription>
  <content>
    <word idWord="1" x="263" transcription="إعادة" LatinTrans="HamzaOnederAlif_I Ayn_B Alif_E Daal_I TaaaClosed_I">
      <paw idPaw="1" x="328" transcription="إ" LatinTrans="HamzaOnederAlif_I">
        <lettre idLettre="1" x="328" transcription="إ" LatinTrans="HamzaUnderAlif_I" />
      </paw>
      <paw idPaw="2" x="294" transcription="عا" LatinTrans="Ayn_B Alif_E">
        <lettre idLettre="1" x="306" transcription="ع" LatinTrans="Ayn_B" />
        <lettre idLettre="2" x="294" transcription="ا" LatinTrans="Alif_E" />
      </paw>
      <paw idPaw="3" x="277" transcription="د" LatinTrans="Daal_I">
        <lettre idLettre="1" x="277" transcription="د" LatinTrans="Daal_I" />
      </paw>
      <paw idPaw="4" x="263" transcription="ة" LatinTrans="TaaaClosed_I">
        <lettre idLettre="1" x="263" transcription="ة" LatinTrans="TaaaClosed_I" />
      </paw>
    </word>
    <word idWord="2" x="259" transcription=" " LatinTrans="SPACE">
      <paw idPaw="1" x="259" transcription=" " LatinTrans="SPACE">
        <lettre idLettre="1" x="259" transcription=" " LatinTrans="SPACE" />
      </paw>
    </word>
    <word idWord="3" x="135" transcription="الانتخابات" LatinTrans="Alif_I Laam_Alif Nuun_B Taaa_M Xaa_M Alif_E Baa_B Alif_E Taaa_I">
      <paw idPaw="1" x="252" transcription="ا" LatinTrans="Alif_I">
        <lettre idLettre="1" x="252" transcription="ا" LatinTrans="Alif_I" />
      </paw>
      <paw idPaw="2" x="236" transcription="لا" LatinTrans="Laam_Alif">
        <lettre idLettre="1" x="236" transcription="لا" LatinTrans="Laam_Alif" />
      </paw>
      <paw idPaw="3" x="181" transcription="نتخا" LatinTrans="Nuun_B Taaa_M Xaa_M Alif_E">
        <lettre idLettre="1" x="224" transcription="ن" LatinTrans="Nuun_B" />
        <lettre idLettre="2" x="209" transcription="ت" LatinTrans="Taaa_M" />
        <lettre idLettre="3" x="190" transcription="خ" LatinTrans="Xaa_M" />
        <lettre idLettre="4" x="181" transcription="ا" LatinTrans="Alif_E" />
      </paw>
      <paw idPaw="4" x="161" transcription="با" LatinTrans="Baa_B Alif_E">
        <lettre idLettre="1" x="167" transcription="ب" LatinTrans="Baa_B" />
        <lettre idLettre="2" x="161" transcription="ا" LatinTrans="Alif_E" />
      </paw>
      <paw idPaw="5" x="135" transcription="ت" LatinTrans="Taaa_I">
        <lettre idLettre="1" x="135" transcription="ت" LatinTrans="Taaa_I" />
      </paw>
    </word>
    <word idWord="4" x="129" transcription=" " LatinTrans="SPACE">
      <paw idPaw="1" x="129" transcription=" " LatinTrans="SPACE">
        <lettre idLettre="1" x="129" transcription=" " LatinTrans="SPACE" />
      </paw>
    </word>
    <word idWord="5" x="0" transcription="الرئاسية" LatinTrans="Alif_I Laam_B Raa_E HamzaAboveAlifBroken_B Alif_E Siin_B Yaa_M TaaaClosed_E">
      <paw idPaw="1" x="122" transcription="ا" LatinTrans="Alif_I">
        <lettre idLettre="1" x="122" transcription="ا" LatinTrans="Alif_I" />
      </paw>
      <paw idPaw="2" x="102" transcription="لر" LatinTrans="Laam_B Raa_E">
        <lettre idLettre="1" x="114" transcription="ل" LatinTrans="Laam_B" />
        <lettre idLettre="2" x="102" transcription="ر" LatinTrans="Raa_E" />
      </paw>
      <paw idPaw="3" x="81" transcription="ئا" LatinTrans="HamzaAboveAlifBroken_B Alif_E">
        <lettre idLettre="1" x="88" transcription="ئ" LatinTrans="HamzaAboveAlifBroken_B" />
        <lettre idLettre="2" x="81" transcription="ا" LatinTrans="Alif_E" />
      </paw>
      <paw idPaw="4" x="0" transcription="سية" LatinTrans="Siin_B Yaa_M TaaaClosed_E">
        <lettre idLettre="1" x="58" transcription="س" LatinTrans="Siin_B" />
        <lettre idLettre="2" x="38" transcription="ي" LatinTrans="Yaa_M" />
        <lettre idLettre="3" x="0" transcription="ة" LatinTrans="TaaaClosed_E" />
      </paw>
    </word>
  </content>
</textImage>