﻿<?xml version="1.0" encoding="UTF-8" standalone="yes"?>
<textImage id="1" width="310" height="100" transcription="ولد في درعا" image="aljazeera_3211-11-55-40_1">
  <ArabicTranscription>ولد في درعا</ArabicTranscription>
  <LatinTranscription>Waaw_I Laam_B Daal_E SPACE Faa_B Yaa_E SPACE Daal_I Raa_I Ayn_B Alif_E</LatinTranscription>
  <content>
    <word idWord="1" x="226" transcription="ولد" LatinTrans="Waaw_I Laam_B Daal_E">
      <paw idPaw="1" x="278" transcription="و" LatinTrans="Waaw_I">
        <lettre idLettre="1" x="278" transcription="و" LatinTrans="Waaw_I" />
      </paw>
      <paw idPaw="2" x="226" transcription="لد" LatinTrans="Laam_B Daal_E">
        <lettre idLettre="1" x="262" transcription="ل" LatinTrans="Laam_B" />
        <lettre idLettre="2" x="226" transcription="د" LatinTrans="Daal_E" />
      </paw>
    </word>
    <word idWord="2" x="213" transcription=" " LatinTrans="SPACE">
      <paw idPaw="1" x="213" transcription=" " LatinTrans="SPACE">
        <lettre idLettre="1" x="213" transcription=" " LatinTrans="SPACE" />
      </paw>
    </word>
    <word idWord="3" x="136" transcription="في" LatinTrans="Faa_B Yaa_E">
      <paw idPaw="1" x="136" transcription="في" LatinTrans="Faa_B Yaa_E">
        <lettre idLettre="1" x="180" transcription="ف" LatinTrans="Faa_B" />
        <lettre idLettre="2" x="136" transcription="ي" LatinTrans="Yaa_E" />
      </paw>
    </word>
    <word idWord="4" x="124" transcription=" " LatinTrans="SPACE">
      <paw idPaw="1" x="124" transcription=" " LatinTrans="SPACE">
        <lettre idLettre="1" x="124" transcription=" " LatinTrans="SPACE" />
      </paw>
    </word>
    <word idWord="5" x="0" transcription="درعا" LatinTrans="Daal_I Raa_I Ayn_B Alif_E">
      <paw idPaw="1" x="93" transcription="د" LatinTrans="Daal_I">
        <lettre idLettre="1" x="93" transcription="د" LatinTrans="Daal_I" />
      </paw>
      <paw idPaw="2" x="71" transcription="ر" LatinTrans="Raa_I">
        <lettre idLettre="1" x="71" transcription="ر" LatinTrans="Raa_I" />
      </paw>
      <paw idPaw="3" x="0" transcription="عا" LatinTrans="Ayn_B Alif_E">
        <lettre idLettre="1" x="33" transcription="ع" LatinTrans="Ayn_B" />
        <lettre idLettre="2" x="0" transcription="ا" LatinTrans="Alif_E" />
      </paw>
    </word>
  </content>
</textImage>