﻿<?xml version="1.0" encoding="UTF-8" standalone="yes"?>
<textImage id="1" width="186" height="46" transcription="في قلب الحدث" image="aljazeera_3211-15-56-10_1">
  <ArabicTranscription>في قلب الحدث</ArabicTranscription>
  <LatinTranscription>Faa_B Yaa_E SPACE Gaaf_B Laam_M Baa_E SPACE Alif_I Laam_B Haaa_M Daal_E Thaa_I</LatinTranscription>
  <content>
    <word idWord="1" x="143" transcription="في" LatinTrans="Faa_B Yaa_E">
      <paw idPaw="1" x="143" transcription="في" LatinTrans="Faa_B Yaa_E">
        <lettre idLettre="1" x="162" transcription="ف" LatinTrans="Faa_B" />
        <lettre idLettre="2" x="143" transcription="ي" LatinTrans="Yaa_E" />
      </paw>
    </word>
    <word idWord="2" x="138" transcription=" " LatinTrans="SPACE">
      <paw idPaw="1" x="138" transcription=" " LatinTrans="SPACE">
        <lettre idLettre="1" x="138" transcription=" " LatinTrans="SPACE" />
      </paw>
    </word>
    <word idWord="3" x="84" transcription="قلب" LatinTrans="Gaaf_B Laam_M Baa_E">
      <paw idPaw="1" x="84" transcription="قلب" LatinTrans="Gaaf_B Laam_M Baa_E">
        <lettre idLettre="1" x="117" transcription="ق" LatinTrans="Gaaf_B" />
        <lettre idLettre="2" x="108" transcription="ل" LatinTrans="Laam_M" />
        <lettre idLettre="3" x="84" transcription="ب" LatinTrans="Baa_E" />
      </paw>
    </word>
    <word idWord="4" x="78" transcription=" " LatinTrans="SPACE">
      <paw idPaw="1" x="78" transcription=" " LatinTrans="SPACE">
        <lettre idLettre="1" x="78" transcription=" " LatinTrans="SPACE" />
      </paw>
    </word>
    <word idWord="5" x="0" transcription="الحدث" LatinTrans="Alif_I Laam_B Haaa_M Daal_E Thaa_I">
      <paw idPaw="1" x="70" transcription="ا" LatinTrans="Alif_I">
        <lettre idLettre="1" x="70" transcription="ا" LatinTrans="Alif_I" />
      </paw>
      <paw idPaw="2" x="28" transcription="لحد" LatinTrans="Laam_B Haaa_M Daal_E">
        <lettre idLettre="1" x="62" transcription="ل" LatinTrans="Laam_B" />
        <lettre idLettre="2" x="45" transcription="ح" LatinTrans="Haaa_M" />
        <lettre idLettre="3" x="28" transcription="د" LatinTrans="Daal_E" />
      </paw>
      <paw idPaw="3" x="0" transcription="ث" LatinTrans="Thaa_I">
        <lettre idLettre="1" x="0" transcription="ث" LatinTrans="Thaa_I" />
      </paw>
    </word>
  </content>
</textImage>