﻿<?xml version="1.0" encoding="UTF-8" standalone="yes"?>
<textImage id="1" width="172" height="41" transcription="من إنتاج الجزيرة" image="aljazeera_3213-00-57-30_1">
  <ArabicTranscription>من إنتاج الجزيرة</ArabicTranscription>
  <LatinTranscription>Miim_B Nuun_E SPACE HamzaOnederAlif_I Nuun_B Taaa_M Alif_E Jiim_I SPACE Alif_I Laam_B Jiim_M Zaay_E Yaa_B Raa_E TaaaClosed_I</LatinTranscription>
  <content>
    <word idWord="1" x="138" transcription="من" LatinTrans="Miim_B Nuun_E">
      <paw idPaw="1" x="138" transcription="من" LatinTrans="Miim_B Nuun_E">
        <lettre idLettre="1" x="159" transcription="م" LatinTrans="Miim_B" />
        <lettre idLettre="2" x="138" transcription="ن" LatinTrans="Nuun_E" />
      </paw>
    </word>
    <word idWord="2" x="135" transcription=" " LatinTrans="SPACE">
      <paw idPaw="1" x="135" transcription=" " LatinTrans="SPACE">
        <lettre idLettre="1" x="135" transcription=" " LatinTrans="SPACE" />
      </paw>
    </word>
    <word idWord="3" x="79" transcription="إنتاج" LatinTrans="HamzaOnederAlif_I Nuun_B Taaa_M Alif_E Jiim_I">
      <paw idPaw="1" x="127" transcription="إ" LatinTrans="HamzaOnederAlif_I">
        <lettre idLettre="1" x="127" transcription="إ" LatinTrans="HamzaUnderAlif_I" />
      </paw>
      <paw idPaw="2" x="97" transcription="نتا" LatinTrans="Nuun_B Taaa_M Alif_E">
        <lettre idLettre="1" x="117" transcription="ن" LatinTrans="Nuun_B" />
        <lettre idLettre="2" x="104" transcription="ت" LatinTrans="Taaa_M" />
        <lettre idLettre="3" x="97" transcription="ا" LatinTrans="Alif_E" />
      </paw>
      <paw idPaw="3" x="79" transcription="ج" LatinTrans="Jiim_I">
        <lettre idLettre="1" x="79" transcription="ج" LatinTrans="Jiim_I" />
      </paw>
    </word>
    <word idWord="4" x="75" transcription=" " LatinTrans="SPACE">
      <paw idPaw="1" x="75" transcription=" " LatinTrans="SPACE">
        <lettre idLettre="1" x="75" transcription=" " LatinTrans="SPACE" />
      </paw>
    </word>
    <word idWord="5" x="0" transcription="الجزيرة" LatinTrans="Alif_I Laam_B Jiim_M Zaay_E Yaa_B Raa_E TaaaClosed_I">
      <paw idPaw="1" x="70" transcription="ا" LatinTrans="Alif_I">
        <lettre idLettre="1" x="70" transcription="ا" LatinTrans="Alif_I" />
      </paw>
      <paw idPaw="2" x="36" transcription="لجز" LatinTrans="Laam_B Jiim_M Zaay_E">
        <lettre idLettre="1" x="63" transcription="ل" LatinTrans="Laam_B" />
        <lettre idLettre="2" x="49" transcription="ج" LatinTrans="Jiim_M" />
        <lettre idLettre="3" x="36" transcription="ز" LatinTrans="Zaay_E" />
      </paw>
      <paw idPaw="3" x="16" transcription="ير" LatinTrans="Yaa_B Raa_E">
        <lettre idLettre="1" x="25" transcription="ي" LatinTrans="Yaa_B" />
        <lettre idLettre="2" x="16" transcription="ر" LatinTrans="Raa_E" />
      </paw>
      <paw idPaw="4" x="0" transcription="ة" LatinTrans="TaaaClosed_I">
        <lettre idLettre="1" x="0" transcription="ة" LatinTrans="TaaaClosed_I" />
      </paw>
    </word>
  </content>
</textImage>