﻿<?xml version="1.0" encoding="UTF-8" standalone="yes"?>
<textImage id="2" width="323" height="51" transcription="وتثور شعوب أخرى" image="aljazeera_3213-03-58-10_2">
  <ArabicTranscription>وتثور شعوب أخرى</ArabicTranscription>
  <LatinTranscription>Waaw_I Taaa_B Thaa_M Waaw_E Raa_I SPACE Shiin_B Ayn_M Waaw_E Baa_I SPACE HamzaAboveAlif_I Xaa_B Raa_E AlifBroken_I</LatinTranscription>
  <content>
    <word idWord="1" x="221" transcription="وتثور" LatinTrans="Waaw_I Taaa_B Thaa_M Waaw_E Raa_I">
      <paw idPaw="1" x="303" transcription="و" LatinTrans="Waaw_I">
        <lettre idLettre="1" x="303" transcription="و" LatinTrans="Waaw_I" />
      </paw>
      <paw idPaw="2" x="233" transcription="تثو" LatinTrans="Taaa_B Thaa_M Waaw_E">
        <lettre idLettre="1" x="287" transcription="ت" LatinTrans="Taaa_B" />
        <lettre idLettre="2" x="267" transcription="ث" LatinTrans="Thaa_M" />
        <lettre idLettre="3" x="233" transcription="و" LatinTrans="Waaw_E" />
      </paw>
      <paw idPaw="3" x="221" transcription="ر" LatinTrans="Raa_I">
        <lettre idLettre="1" x="221" transcription="ر" LatinTrans="Raa_I" />
      </paw>
    </word>
    <word idWord="2" x="215" transcription=" " LatinTrans="SPACE">
      <paw idPaw="1" x="215" transcription=" " LatinTrans="SPACE">
        <lettre idLettre="1" x="215" transcription=" " LatinTrans="SPACE" />
      </paw>
    </word>
    <word idWord="3" x="99" transcription="شعوب" LatinTrans="Shiin_B Ayn_M Waaw_E Baa_I">
      <paw idPaw="1" x="126" transcription="شعو" LatinTrans="Shiin_B Ayn_M Waaw_E">
        <lettre idLettre="1" x="189" transcription="ش" LatinTrans="Shiin_B" />
        <lettre idLettre="2" x="160" transcription="ع" LatinTrans="Ayn_M" />
        <lettre idLettre="3" x="126" transcription="و" LatinTrans="Waaw_E" />
      </paw>
      <paw idPaw="2" x="99" transcription="ب" LatinTrans="Baa_I">
        <lettre idLettre="1" x="99" transcription="ب" LatinTrans="Baa_I" />
      </paw>
    </word>
    <word idWord="4" x="90" transcription=" " LatinTrans="SPACE">
      <paw idPaw="1" x="90" transcription=" " LatinTrans="SPACE">
        <lettre idLettre="1" x="90" transcription=" " LatinTrans="SPACE" />
      </paw>
    </word>
    <word idWord="5" x="0" transcription="أخرى" LatinTrans="HamzaAboveAlif_I Xaa_B Raa_E AlifBroken_I">
      <paw idPaw="1" x="81" transcription="أ" LatinTrans="HamzaAboveAlif_I">
        <lettre idLettre="1" x="81" transcription="أ" LatinTrans="HamzaAboveAlif_I" />
      </paw>
      <paw idPaw="2" x="24" transcription="خر" LatinTrans="Xaa_B Raa_E">
        <lettre idLettre="1" x="60" transcription="خ" LatinTrans="Xaa_B" />
        <lettre idLettre="2" x="24" transcription="ر" LatinTrans="Raa_E" />
      </paw>
      <paw idPaw="3" x="0" transcription="ى" LatinTrans="AlifBroken_I">
        <lettre idLettre="1" x="0" transcription="ى" LatinTrans="AlifBroken_I" />
      </paw>
    </word>
  </content>
</textImage>