﻿<?xml version="1.0" encoding="UTF-8" standalone="yes"?>
<textImage id="1" width="76" height="39" transcription="مانيلا" image="aljazeera_3212-01-55-50_1">
  <ArabicTranscription>مانيلا</ArabicTranscription>
  <LatinTranscription>Miim_B Alif_E Nuun_B Yaa_M Laam_Alif</LatinTranscription>
  <content>
    <word idWord="1" x="0" transcription="مانيلا" LatinTrans="Miim_B Alif_E Nuun_B Yaa_M Laam_Alif">
      <paw idPaw="1" x="50" transcription="ما" LatinTrans="Miim_B Alif_E">
        <lettre idLettre="1" x="59" transcription="م" LatinTrans="Miim_B" />
        <lettre idLettre="2" x="50" transcription="ا" LatinTrans="Alif_E" />
      </paw>
      <paw idPaw="2" x="0" transcription="نيلا" LatinTrans="Nuun_B Yaa_M Laam_Alif">
        <lettre idLettre="1" x="36" transcription="ن" LatinTrans="Nuun_B" />
        <lettre idLettre="2" x="22" transcription="ي" LatinTrans="Yaa_M" />
        <lettre idLettre="3" x="0" transcription="لا" LatinTrans="Laam_Alif" />
      </paw>
    </word>
  </content>
</textImage>