﻿<?xml version="1.0" encoding="UTF-8" standalone="yes"?>
<textImage id="1" width="180" height="34" transcription="الاتجاه المعاكس" image="aljazeera_3211-09-26-40_1">
  <ArabicTranscription>الاتجاه المعاكس</ArabicTranscription>
  <LatinTranscription>Alif_I Laam_Alif Taaa_B Jiim_M Alif_E Haa_I SPACE Alif_I Laam_B Miim_M Ayn_M Alif_E Kaaf_B Siin_E</LatinTranscription>
  <content>
    <word idWord="1" x="108" transcription="الاتجاه" LatinTrans="Alif_I Laam_Alif Taaa_B Jiim_M Alif_E Haa_I">
      <paw idPaw="1" x="169" transcription="ا" LatinTrans="Alif_I">
        <lettre idLettre="1" x="169" transcription="ا" LatinTrans="Alif_I" />
      </paw>
      <paw idPaw="2" x="156" transcription="لا" LatinTrans="Laam_Alif">
        <lettre idLettre="1" x="156" transcription="لا" LatinTrans="Laam_Alif" />
      </paw>
      <paw idPaw="3" x="120" transcription="تجا" LatinTrans="Taaa_B Jiim_M Alif_E">
        <lettre idLettre="1" x="144" transcription="ت" LatinTrans="Taaa_B" />
        <lettre idLettre="2" x="127" transcription="ج" LatinTrans="Jiim_M" />
        <lettre idLettre="3" x="120" transcription="ا" LatinTrans="Alif_E" />
      </paw>
      <paw idPaw="4" x="108" transcription="ه" LatinTrans="Haa_I">
        <lettre idLettre="1" x="108" transcription="ه" LatinTrans="Haa_I" />
      </paw>
    </word>
    <word idWord="2" x="103" transcription=" " LatinTrans="SPACE">
      <paw idPaw="1" x="103" transcription=" " LatinTrans="SPACE">
        <lettre idLettre="1" x="103" transcription=" " LatinTrans="SPACE" />
      </paw>
    </word>
    <word idWord="3" x="0" transcription="المعاكس" LatinTrans="Alif_I Laam_B Miim_M Ayn_M Alif_E Kaaf_B Siin_E">
      <paw idPaw="1" x="96" transcription="ا" LatinTrans="Alif_I">
        <lettre idLettre="1" x="96" transcription="ا" LatinTrans="Alif_I" />
      </paw>
      <paw idPaw="2" x="48" transcription="لمعا" LatinTrans="Laam_B Miim_M Ayn_M Alif_E">
        <lettre idLettre="1" x="89" transcription="ل" LatinTrans="Laam_B" />
        <lettre idLettre="2" x="77" transcription="م" LatinTrans="Miim_M" />
        <lettre idLettre="3" x="58" transcription="ع" LatinTrans="Ayn_M" />
        <lettre idLettre="4" x="48" transcription="ا" LatinTrans="Alif_E" />
      </paw>
      <paw idPaw="3" x="0" transcription="كس" LatinTrans="Kaaf_B Siin_E">
        <lettre idLettre="1" x="35" transcription="ك" LatinTrans="Kaaf_B" />
        <lettre idLettre="2" x="0" transcription="س" LatinTrans="Siin_E" />
      </paw>
    </word>
  </content>
</textImage>