﻿<?xml version="1.0" encoding="UTF-8" standalone="yes"?>
<textImage id="1" width="158" height="44" transcription="نايل سات" image="aljazeera_3212-01-55-00_1">
  <ArabicTranscription>نايل سات</ArabicTranscription>
  <LatinTranscription>Nuun_B Alif_E Yaa_B Laam_E SPACE Siin_B Alif_E Taaa_I</LatinTranscription>
  <content>
    <word idWord="1" x="82" transcription="نايل" LatinTrans="Nuun_B Alif_E Yaa_B Laam_E">
      <paw idPaw="1" x="125" transcription="نا" LatinTrans="Nuun_B Alif_E">
        <lettre idLettre="1" x="137" transcription="ن" LatinTrans="Nuun_B" />
        <lettre idLettre="2" x="125" transcription="ا" LatinTrans="Alif_E" />
      </paw>
      <paw idPaw="2" x="82" transcription="يل" LatinTrans="Yaa_B Laam_E">
        <lettre idLettre="1" x="108" transcription="ي" LatinTrans="Yaa_B" />
        <lettre idLettre="2" x="82" transcription="ل" LatinTrans="Laam_E" />
      </paw>
    </word>
    <word idWord="2" x="72" transcription=" " LatinTrans="SPACE">
      <paw idPaw="1" x="72" transcription=" " LatinTrans="SPACE">
        <lettre idLettre="1" x="72" transcription=" " LatinTrans="SPACE" />
      </paw>
    </word>
    <word idWord="3" x="0" transcription="سات" LatinTrans="Siin_B Alif_E Taaa_I">
      <paw idPaw="1" x="31" transcription="سا" LatinTrans="Siin_B Alif_E">
        <lettre idLettre="1" x="44" transcription="س" LatinTrans="Siin_B" />
        <lettre idLettre="2" x="31" transcription="ا" LatinTrans="Alif_E" />
      </paw>
      <paw idPaw="2" x="0" transcription="ت" LatinTrans="Taaa_I">
        <lettre idLettre="1" x="0" transcription="ت" LatinTrans="Taaa_I" />
      </paw>
    </word>
  </content>
</textImage>