﻿<?xml version="1.0" encoding="UTF-8" standalone="yes"?>
<textImage id="1" width="157" height="32" transcription="محمد عبو" image="aljazeera_3211-10-46-10_1">
  <ArabicTranscription>محمد عبو</ArabicTranscription>
  <LatinTranscription>Miim_B Haaa_M Miim_M Daal_E SPACE Ayn_B Baa_M Waaw_E</LatinTranscription>
  <content>
    <word idWord="1" x="67" transcription="محمد" LatinTrans="Miim_B Haaa_M Miim_M Daal_E">
      <paw idPaw="1" x="67" transcription="محمد" LatinTrans="Miim_B Haaa_M Miim_M Daal_E">
        <lettre idLettre="1" x="142" transcription="م" LatinTrans="Miim_B" />
        <lettre idLettre="2" x="114" transcription="ح" LatinTrans="Haaa_M" />
        <lettre idLettre="3" x="89" transcription="م" LatinTrans="Miim_M" />
        <lettre idLettre="4" x="67" transcription="د" LatinTrans="Daal_E" />
      </paw>
    </word>
    <word idWord="2" x="63" transcription=" " LatinTrans="SPACE">
      <paw idPaw="1" x="63" transcription=" " LatinTrans="SPACE">
        <lettre idLettre="1" x="63" transcription=" " LatinTrans="SPACE" />
      </paw>
    </word>
    <word idWord="3" x="0" transcription="عبو" LatinTrans="Ayn_B Baa_M Waaw_E">
      <paw idPaw="1" x="0" transcription="عبو" LatinTrans="Ayn_B Baa_M Waaw_E">
        <lettre idLettre="1" x="44" transcription="ع" LatinTrans="Ayn_B" />
        <lettre idLettre="2" x="19" transcription="ب" LatinTrans="Baa_M" />
        <lettre idLettre="3" x="0" transcription="و" LatinTrans="Waaw_E" />
      </paw>
    </word>
  </content>
</textImage>