﻿<?xml version="1.0" encoding="UTF-8" standalone="yes"?>
<textImage id="1" width="251" height="30" transcription="قوات النظام تقتحم درعا" image="aljazeera_3212-20-17-50_1">
  <ArabicTranscription>قوات النظام تقتحم درعا</ArabicTranscription>
  <LatinTranscription>Gaaf_B Waaw_E Alif_I Taaa_I SPACE Alif_I Laam_B Nuun_M Taa_M Alif_E Miim_I SPACE Taaa_B Gaaf_M Taaa_M Haaa_M Miim_E SPACE Daal_I Raa_I Ayn_B Alif_E</LatinTranscription>
  <content>
    <word idWord="1" x="199" transcription="قوات" LatinTrans="Gaaf_B Waaw_E Alif_I Taaa_I">
      <paw idPaw="1" x="224" transcription="قو" LatinTrans="Gaaf_B Waaw_E">
        <lettre idLettre="1" x="234" transcription="ق" LatinTrans="Gaaf_B" />
        <lettre idLettre="2" x="224" transcription="و" LatinTrans="Waaw_E" />
      </paw>
      <paw idPaw="2" x="219" transcription="ا" LatinTrans="Alif_I">
        <lettre idLettre="1" x="219" transcription="ا" LatinTrans="Alif_I" />
      </paw>
      <paw idPaw="3" x="199" transcription="ت" LatinTrans="Taaa_I">
        <lettre idLettre="1" x="199" transcription="ت" LatinTrans="Taaa_I" />
      </paw>
    </word>
    <word idWord="2" x="196" transcription=" " LatinTrans="SPACE">
      <paw idPaw="1" x="196" transcription=" " LatinTrans="SPACE">
        <lettre idLettre="1" x="196" transcription=" " LatinTrans="SPACE" />
      </paw>
    </word>
    <word idWord="3" x="138" transcription="النظام" LatinTrans="Alif_I Laam_B Nuun_M Taa_M Alif_E Miim_I">
      <paw idPaw="1" x="191" transcription="ا" LatinTrans="Alif_I">
        <lettre idLettre="1" x="191" transcription="ا" LatinTrans="Alif_I" />
      </paw>
      <paw idPaw="2" x="153" transcription="لنظا" LatinTrans="Laam_B Nuun_M Taa_M Alif_E">
        <lettre idLettre="1" x="184" transcription="ل" LatinTrans="Laam_B" />
        <lettre idLettre="2" x="176" transcription="ن" LatinTrans="Nuun_M" />
        <lettre idLettre="3" x="159" transcription="ظ" LatinTrans="Taa_M" />
        <lettre idLettre="4" x="153" transcription="ا" LatinTrans="Alif_E" />
      </paw>
      <paw idPaw="3" x="138" transcription="م" LatinTrans="Miim_I">
        <lettre idLettre="1" x="138" transcription="م" LatinTrans="Miim_I" />
      </paw>
    </word>
    <word idWord="4" x="135" transcription=" " LatinTrans="SPACE">
      <paw idPaw="1" x="135" transcription=" " LatinTrans="SPACE">
        <lettre idLettre="1" x="135" transcription=" " LatinTrans="SPACE" />
      </paw>
    </word>
    <word idWord="5" x="60" transcription="تقتحم" LatinTrans="Taaa_B Gaaf_M Taaa_M Haaa_M Miim_E">
      <paw idPaw="1" x="60" transcription="تقتحم" LatinTrans="Taaa_B Gaaf_M Taaa_M Haaa_M Miim_E">
        <lettre idLettre="1" x="124" transcription="ت" LatinTrans="Taaa_B" />
        <lettre idLettre="2" x="111" transcription="ق" LatinTrans="Gaaf_M" />
        <lettre idLettre="3" x="100" transcription="ت" LatinTrans="Taaa_M" />
        <lettre idLettre="4" x="81" transcription="ح" LatinTrans="Haaa_M" />
        <lettre idLettre="5" x="60" transcription="م" LatinTrans="Miim_E" />
      </paw>
    </word>
    <word idWord="6" x="57" transcription=" " LatinTrans="SPACE">
      <paw idPaw="1" x="57" transcription=" " LatinTrans="SPACE">
        <lettre idLettre="1" x="57" transcription=" " LatinTrans="SPACE" />
      </paw>
    </word>
    <word idWord="7" x="0" transcription="درعا" LatinTrans="Daal_I Raa_I Ayn_B Alif_E">
      <paw idPaw="1" x="45" transcription="د" LatinTrans="Daal_I">
        <lettre idLettre="1" x="45" transcription="د" LatinTrans="Daal_I" />
      </paw>
      <paw idPaw="2" x="36" transcription="ر" LatinTrans="Raa_I">
        <lettre idLettre="1" x="36" transcription="ر" LatinTrans="Raa_I" />
      </paw>
      <paw idPaw="3" x="0" transcription="عا" LatinTrans="Ayn_B Alif_E">
        <lettre idLettre="1" x="21" transcription="ع" LatinTrans="Ayn_B" />
        <lettre idLettre="2" x="0" transcription="ا" LatinTrans="Alif_E" />
      </paw>
    </word>
  </content>
</textImage>