﻿<?xml version="1.0" encoding="UTF-8" standalone="yes"?>
<textImage id="1" width="341" height="39" transcription="صوت البرلمان لصالح" image="aljazeera_3212-08-46-10_1">
  <ArabicTranscription>صوت البرلمان لصالح</ArabicTranscription>
  <LatinTranscription>Saad_B Waaw_E Taaa_I SPACE Alif_I Laam_B Baa_M Raa_E Laam_B Miim_M Alif_E Nuun_I SPACE Laam_B Saad_M Alif_E Laam_B Haaa_E</LatinTranscription>
  <content>
    <word idWord="1" x="253" transcription="صوت" LatinTrans="Saad_B Waaw_E Taaa_I">
      <paw idPaw="1" x="276" transcription="صو" LatinTrans="Saad_B Waaw_E">
        <lettre idLettre="1" x="311" transcription="ص" LatinTrans="Saad_B" />
        <lettre idLettre="2" x="276" transcription="و" LatinTrans="Waaw_E" />
      </paw>
      <paw idPaw="2" x="253" transcription="ت" LatinTrans="Taaa_I">
        <lettre idLettre="1" x="253" transcription="ت" LatinTrans="Taaa_I" />
      </paw>
    </word>
    <word idWord="2" x="246" transcription=" " LatinTrans="SPACE">
      <paw idPaw="1" x="246" transcription=" " LatinTrans="SPACE">
        <lettre idLettre="1" x="246" transcription=" " LatinTrans="SPACE" />
      </paw>
    </word>
    <word idWord="3" x="107" transcription="البرلمان" LatinTrans="Alif_I Laam_B Baa_M Raa_E Laam_B Miim_M Alif_E Nuun_I">
      <paw idPaw="1" x="239" transcription="ا" LatinTrans="Alif_I">
        <lettre idLettre="1" x="239" transcription="ا" LatinTrans="Alif_I" />
      </paw>
      <paw idPaw="2" x="171" transcription="لبر" LatinTrans="Laam_B Baa_M Raa_E">
        <lettre idLettre="1" x="232" transcription="ل" LatinTrans="Laam_B" />
        <lettre idLettre="2" x="192" transcription="ب" LatinTrans="Baa_M" />
        <lettre idLettre="3" x="171" transcription="ر" LatinTrans="Raa_E" />
      </paw>
      <paw idPaw="3" x="127" transcription="لما" LatinTrans="Laam_B Miim_M Alif_E">
        <lettre idLettre="1" x="160" transcription="ل" LatinTrans="Laam_B" />
        <lettre idLettre="2" x="140" transcription="م" LatinTrans="Miim_M" />
        <lettre idLettre="3" x="127" transcription="ا" LatinTrans="Alif_E" />
      </paw>
      <paw idPaw="4" x="107" transcription="ن" LatinTrans="Nuun_I">
        <lettre idLettre="1" x="107" transcription="ن" LatinTrans="Nuun_I" />
      </paw>
    </word>
    <word idWord="4" x="102" transcription=" " LatinTrans="SPACE">
      <paw idPaw="1" x="102" transcription=" " LatinTrans="SPACE">
        <lettre idLettre="1" x="102" transcription=" " LatinTrans="SPACE" />
      </paw>
    </word>
    <word idWord="5" x="0" transcription="لصالح" LatinTrans="Laam_B Saad_M Alif_E Laam_B Haaa_E">
      <paw idPaw="1" x="58" transcription="لصا" LatinTrans="Laam_B Saad_M Alif_E">
        <lettre idLettre="1" x="94" transcription="ل" LatinTrans="Laam_B" />
        <lettre idLettre="2" x="67" transcription="ص" LatinTrans="Saad_M" />
        <lettre idLettre="3" x="58" transcription="ا" LatinTrans="Alif_E" />
      </paw>
      <paw idPaw="2" x="0" transcription="لح" LatinTrans="Laam_B Haaa_E">
        <lettre idLettre="1" x="46" transcription="ل" LatinTrans="Laam_B" />
        <lettre idLettre="2" x="0" transcription="ح" LatinTrans="Haaa_E" />
      </paw>
    </word>
  </content>
</textImage>