﻿<?xml version="1.0" encoding="UTF-8" standalone="yes"?>
<textImage id="2" width="234" height="38" transcription="التي سيتناولها الرئيس" image="aljazeera_3213-01-27-50_2">
  <ArabicTranscription>التي سيتناولها الرئيس</ArabicTranscription>
  <LatinTranscription>Alif_I Laam_B Taaa_M Yaa_E SPACE Siin_B Yaa_M Taaa_M Nuun_M Alif_E Waaw_I Laam_B Haa_M Alif_E SPACE Alif_I Laam_B Raa_E HamzaAboveAlifBroken_B Yaa_M Siin_E</LatinTranscription>
  <content>
    <word idWord="1" x="195" transcription="التي" LatinTrans="Alif_I Laam_B Taaa_M Yaa_E">
      <paw idPaw="1" x="226" transcription="ا" LatinTrans="Alif_I">
        <lettre idLettre="1" x="226" transcription="ا" LatinTrans="Alif_I" />
      </paw>
      <paw idPaw="2" x="195" transcription="لتي" LatinTrans="Laam_B Taaa_M Yaa_E">
        <lettre idLettre="1" x="219" transcription="ل" LatinTrans="Laam_B" />
        <lettre idLettre="2" x="210" transcription="ت" LatinTrans="Taaa_M" />
        <lettre idLettre="3" x="195" transcription="ي" LatinTrans="Yaa_E" />
      </paw>
    </word>
    <word idWord="2" x="192" transcription=" " LatinTrans="SPACE">
      <paw idPaw="1" x="192" transcription=" " LatinTrans="SPACE">
        <lettre idLettre="1" x="192" transcription=" " LatinTrans="SPACE" />
      </paw>
    </word>
    <word idWord="3" x="91" transcription="سيتناولها" LatinTrans="Siin_B Yaa_M Taaa_M Nuun_M Alif_E Waaw_I Laam_B Haa_M Alif_E">
      <paw idPaw="1" x="139" transcription="سيتنا" LatinTrans="Siin_B Yaa_M Taaa_M Nuun_M Alif_E">
        <lettre idLettre="1" x="175" transcription="س" LatinTrans="Siin_B" />
        <lettre idLettre="2" x="164" transcription="ي" LatinTrans="Yaa_M" />
        <lettre idLettre="3" x="153" transcription="ت" LatinTrans="Taaa_M" />
        <lettre idLettre="4" x="145" transcription="ن" LatinTrans="Nuun_M" />
        <lettre idLettre="5" x="139" transcription="ا" LatinTrans="Alif_E" />
      </paw>
      <paw idPaw="2" x="129" transcription="و" LatinTrans="Waaw_I">
        <lettre idLettre="1" x="129" transcription="و" LatinTrans="Waaw_I" />
      </paw>
      <paw idPaw="3" x="91" transcription="لها" LatinTrans="Laam_B Haa_M Alif_E">
        <lettre idLettre="1" x="123" transcription="ل" LatinTrans="Laam_B" />
        <lettre idLettre="2" x="109" transcription="ه" LatinTrans="Haa_M" />
        <lettre idLettre="3" x="91" transcription="ا" LatinTrans="Alif_E" />
      </paw>
    </word>
    <word idWord="4" x="88" transcription=" " LatinTrans="SPACE">
      <paw idPaw="1" x="88" transcription=" " LatinTrans="SPACE">
        <lettre idLettre="1" x="88" transcription=" " LatinTrans="SPACE" />
      </paw>
    </word>
    <word idWord="5" x="0" transcription="الرئيس" LatinTrans="Alif_I Laam_B Raa_E HamzaAboveAlifBroken_B Yaa_M Siin_E">
      <paw idPaw="1" x="82" transcription="ا" LatinTrans="Alif_I">
        <lettre idLettre="1" x="82" transcription="ا" LatinTrans="Alif_I" />
      </paw>
      <paw idPaw="2" x="67" transcription="لر" LatinTrans="Laam_B Raa_E">
        <lettre idLettre="1" x="76" transcription="ل" LatinTrans="Laam_B" />
        <lettre idLettre="2" x="67" transcription="ر" LatinTrans="Raa_E" />
      </paw>
      <paw idPaw="3" x="0" transcription="ئيس" LatinTrans="HamzaAboveAlifBroken_B Yaa_M Siin_E">
        <lettre idLettre="1" x="56" transcription="ئ" LatinTrans="HamzaAboveAlifBroken_B" />
        <lettre idLettre="2" x="40" transcription="ي" LatinTrans="Yaa_M" />
        <lettre idLettre="3" x="0" transcription="س" LatinTrans="Siin_E" />
      </paw>
    </word>
  </content>
</textImage>