﻿<?xml version="1.0" encoding="UTF-8" standalone="yes"?>
<textImage id="1" width="259" height="70" transcription="شهيد الحقيقة" image="aljazeera_3211-11-56-30_1">
  <ArabicTranscription>شهيد الحقيقة</ArabicTranscription>
  <LatinTranscription>Shiin_B Haa_M Yaa_M Daal_E SPACE Alif_I Laam_B Haaa_M Gaaf_M Yaa_M Gaaf_M TaaaClosed_E</LatinTranscription>
  <content>
    <word idWord="1" x="155" transcription="شهيد" LatinTrans="Shiin_B Haa_M Yaa_M Daal_E">
      <paw idPaw="1" x="155" transcription="شهيد" LatinTrans="Shiin_B Haa_M Yaa_M Daal_E">
        <lettre idLettre="1" x="225" transcription="ش" LatinTrans="Shiin_B" />
        <lettre idLettre="2" x="202" transcription="ه" LatinTrans="Haa_M" />
        <lettre idLettre="3" x="179" transcription="ي" LatinTrans="Yaa_M" />
        <lettre idLettre="4" x="155" transcription="د" LatinTrans="Daal_E" />
      </paw>
    </word>
    <word idWord="2" x="148" transcription=" " LatinTrans="SPACE">
      <paw idPaw="1" x="148" transcription=" " LatinTrans="SPACE">
        <lettre idLettre="1" x="148" transcription=" " LatinTrans="SPACE" />
      </paw>
    </word>
    <word idWord="3" x="0" transcription="الحقيقة" LatinTrans="Alif_I Laam_B Haaa_M Gaaf_M Yaa_M Gaaf_M TaaaClosed_E">
      <paw idPaw="1" x="138" transcription="ا" LatinTrans="Alif_I">
        <lettre idLettre="1" x="138" transcription="ا" LatinTrans="Alif_I" />
      </paw>
      <paw idPaw="2" x="0" transcription="لحقيقة" LatinTrans="Laam_B Haaa_M Gaaf_M Yaa_M Gaaf_M TaaaClosed_E">
        <lettre idLettre="1" x="126" transcription="ل" LatinTrans="Laam_B" />
        <lettre idLettre="2" x="101" transcription="ح" LatinTrans="Haaa_M" />
        <lettre idLettre="3" x="79" transcription="ق" LatinTrans="Gaaf_M" />
        <lettre idLettre="4" x="54" transcription="ي" LatinTrans="Yaa_M" />
        <lettre idLettre="5" x="33" transcription="ق" LatinTrans="Gaaf_M" />
        <lettre idLettre="6" x="0" transcription="ة" LatinTrans="TaaaClosed_E" />
      </paw>
    </word>
  </content>
</textImage>