﻿<?xml version="1.0" encoding="UTF-8" standalone="yes"?>
<textImage id="2" width="271" height="44" transcription="إقرار الدستور" image="aljazeera_3211-13-17-20_2">
  <ArabicTranscription>إقرار الدستور</ArabicTranscription>
  <LatinTranscription>HamzaOnederAlif_I Gaaf_B Raa_E Alif_I Raa_I SPACE Alif_I Laam_B Daal_E Siin_B Taaa_M Waaw_E Raa_I</LatinTranscription>
  <content>
    <word idWord="1" x="209" transcription="إقرار" LatinTrans="HamzaOnederAlif_I Gaaf_B Raa_E Alif_I Raa_I">
      <paw idPaw="1" x="259" transcription="إ" LatinTrans="HamzaOnederAlif_I">
        <lettre idLettre="1" x="259" transcription="إ" LatinTrans="HamzaUnderAlif_I" />
      </paw>
      <paw idPaw="2" x="230" transcription="قر" LatinTrans="Gaaf_B Raa_E">
        <lettre idLettre="1" x="239" transcription="ق" LatinTrans="Gaaf_B" />
        <lettre idLettre="2" x="230" transcription="ر" LatinTrans="Raa_E" />
      </paw>
      <paw idPaw="3" x="221" transcription="ا" LatinTrans="Alif_I">
        <lettre idLettre="1" x="221" transcription="ا" LatinTrans="Alif_I" />
      </paw>
      <paw idPaw="4" x="209" transcription="ر" LatinTrans="Raa_I">
        <lettre idLettre="1" x="209" transcription="ر" LatinTrans="Raa_I" />
      </paw>
    </word>
    <word idWord="2" x="203" transcription=" " LatinTrans="SPACE">
      <paw idPaw="1" x="203" transcription=" " LatinTrans="SPACE">
        <lettre idLettre="1" x="203" transcription=" " LatinTrans="SPACE" />
      </paw>
    </word>
    <word idWord="3" x="108" transcription="الدستور" LatinTrans="Alif_I Laam_B Daal_E Siin_B Taaa_M Waaw_E Raa_I">
      <paw idPaw="1" x="198" transcription="ا" LatinTrans="Alif_I">
        <lettre idLettre="1" x="198" transcription="ا" LatinTrans="Alif_I" />
      </paw>
      <paw idPaw="2" x="174" transcription="لد" LatinTrans="Laam_B Daal_E">
        <lettre idLettre="1" x="191" transcription="ل" LatinTrans="Laam_B" />
        <lettre idLettre="2" x="174" transcription="د" LatinTrans="Daal_E" />
      </paw>
      <paw idPaw="3" x="123" transcription="ستو" LatinTrans="Siin_B Taaa_M Waaw_E">
        <lettre idLettre="1" x="150" transcription="س" LatinTrans="Siin_B" />
        <lettre idLettre="2" x="135" transcription="ت" LatinTrans="Taaa_M" />
        <lettre idLettre="3" x="123" transcription="و" LatinTrans="Waaw_E" />
      </paw>
      <paw idPaw="4" x="0" transcription="ر" LatinTrans="Raa_I">
        <lettre idLettre="1" x="0" transcription="ر" LatinTrans="Raa_I" />
      </paw>
    </word>
  </content>
</textImage>