﻿<?xml version="1.0" encoding="UTF-8" standalone="yes"?>
<textImage id="1" width="102" height="36" transcription="القاهرة" image="aljazeera_3211-09-56-30_1">
  <ArabicTranscription>القاهرة</ArabicTranscription>
  <LatinTranscription>Alif_I Laam_B Gaaf_M Alif_E Haa_B Raa_E TaaaClosed_I</LatinTranscription>
  <content>
    <word idWord="1" x="0" transcription="القاهرة" LatinTrans="Alif_I Laam_B Gaaf_M Alif_E Haa_B Raa_E TaaaClosed_I">
      <paw idPaw="1" x="92" transcription="ا" LatinTrans="Alif_I">
        <lettre idLettre="1" x="92" transcription="ا" LatinTrans="Alif_I" />
      </paw>
      <paw idPaw="2" x="54" transcription="لقا" LatinTrans="Laam_B Gaaf_M Alif_E">
        <lettre idLettre="1" x="83" transcription="ل" LatinTrans="Laam_B" />
        <lettre idLettre="2" x="65" transcription="ق" LatinTrans="Gaaf_M" />
        <lettre idLettre="3" x="54" transcription="ا" LatinTrans="Alif_E" />
      </paw>
      <paw idPaw="3" x="18" transcription="هر" LatinTrans="Haa_B Raa_E">
        <lettre idLettre="1" x="33" transcription="ه" LatinTrans="Haa_B" />
        <lettre idLettre="2" x="18" transcription="ر" LatinTrans="Raa_E" />
      </paw>
      <paw idPaw="4" x="0" transcription="ة" LatinTrans="TaaaClosed_I">
        <lettre idLettre="1" x="0" transcription="ة" LatinTrans="TaaaClosed_I" />
      </paw>
    </word>
  </content>
</textImage>