﻿<?xml version="1.0" encoding="UTF-8" standalone="yes"?>
<textImage id="1" width="226" height="34" transcription="أعمال شغب ترافق مباراة" image="aljazeera_3211-09-53-20_1">
  <ArabicTranscription>أعمال شغب ترافق مباراة</ArabicTranscription>
  <LatinTranscription>HamzaAboveAlif_I Ayn_B Miim_M Alif_E Laam_I SPACE Shiin_B Ghayn_M Baa_E SPACE Taaa_B Raa_E Alif_I Faa_B Gaaf_E SPACE Miim_B Baa_M Alif_E Raa_I Alif_I TaaaClosed_I</LatinTranscription>
  <content>
    <word idWord="1" x="169" transcription="أعمال" LatinTrans="HamzaAboveAlif_I Ayn_B Miim_M Alif_E Laam_I">
      <paw idPaw="1" x="215" transcription="أ" LatinTrans="HamzaAboveAlif_I">
        <lettre idLettre="1" x="215" transcription="أ" LatinTrans="HamzaAboveAlif_I" />
      </paw>
      <paw idPaw="2" x="184" transcription="عما" LatinTrans="Ayn_B Miim_M Alif_E">
        <lettre idLettre="1" x="202" transcription="ع" LatinTrans="Ayn_B" />
        <lettre idLettre="2" x="191" transcription="م" LatinTrans="Miim_M" />
        <lettre idLettre="3" x="184" transcription="ا" LatinTrans="Alif_E" />
      </paw>
      <paw idPaw="3" x="169" transcription="ل" LatinTrans="Laam_I">
        <lettre idLettre="1" x="169" transcription="ل" LatinTrans="Laam_I" />
      </paw>
    </word>
    <word idWord="2" x="165" transcription=" " LatinTrans="SPACE">
      <paw idPaw="1" x="165" transcription=" " LatinTrans="SPACE">
        <lettre idLettre="1" x="165" transcription=" " LatinTrans="SPACE" />
      </paw>
    </word>
    <word idWord="3" x="114" transcription="شغب" LatinTrans="Shiin_B Ghayn_M Baa_E">
      <paw idPaw="1" x="114" transcription="شغب" LatinTrans="Shiin_B Ghayn_M Baa_E">
        <lettre idLettre="1" x="148" transcription="ش" LatinTrans="Shiin_B" />
        <lettre idLettre="2" x="134" transcription="غ" LatinTrans="Ghayn_M" />
        <lettre idLettre="3" x="114" transcription="ب" LatinTrans="Baa_E" />
      </paw>
    </word>
    <word idWord="4" x="110" transcription=" " LatinTrans="SPACE">
      <paw idPaw="1" x="110" transcription=" " LatinTrans="SPACE">
        <lettre idLettre="1" x="110" transcription=" " LatinTrans="SPACE" />
      </paw>
    </word>
    <word idWord="5" x="57" transcription="ترافق" LatinTrans="Taaa_B Raa_E Alif_I Faa_B Gaaf_E">
      <paw idPaw="1" x="91" transcription="تر" LatinTrans="Taaa_B Raa_E">
        <lettre idLettre="1" x="99" transcription="ت" LatinTrans="Taaa_B" />
        <lettre idLettre="2" x="91" transcription="ر" LatinTrans="Raa_E" />
      </paw>
      <paw idPaw="2" x="86" transcription="ا" LatinTrans="Alif_I">
        <lettre idLettre="1" x="86" transcription="ا" LatinTrans="Alif_I" />
      </paw>
      <paw idPaw="3" x="57" transcription="فق" LatinTrans="Faa_B Gaaf_E">
        <lettre idLettre="1" x="73" transcription="ف" LatinTrans="Faa_B" />
        <lettre idLettre="2" x="57" transcription="ق" LatinTrans="Gaaf_E" />
      </paw>
    </word>
    <word idWord="6" x="53" transcription=" " LatinTrans="SPACE">
      <paw idPaw="1" x="53" transcription=" " LatinTrans="SPACE">
        <lettre idLettre="1" x="53" transcription=" " LatinTrans="SPACE" />
      </paw>
    </word>
    <word idWord="7" x="0" transcription="مباراة" LatinTrans="Miim_B Baa_M Alif_E Raa_I Alif_I TaaaClosed_I">
      <paw idPaw="1" x="27" transcription="مبا" LatinTrans="Miim_B Baa_M Alif_E">
        <lettre idLettre="1" x="42" transcription="م" LatinTrans="Miim_B" />
        <lettre idLettre="2" x="34" transcription="ب" LatinTrans="Baa_M" />
        <lettre idLettre="3" x="27" transcription="ا" LatinTrans="Alif_E" />
      </paw>
      <paw idPaw="2" x="18" transcription="ر" LatinTrans="Raa_I">
        <lettre idLettre="1" x="18" transcription="ر" LatinTrans="Raa_I" />
      </paw>
      <paw idPaw="3" x="13" transcription="ا" LatinTrans="Alif_I">
        <lettre idLettre="1" x="13" transcription="ا" LatinTrans="Alif_I" />
      </paw>
      <paw idPaw="4" x="0" transcription="ة" LatinTrans="TaaaClosed_I">
        <lettre idLettre="1" x="0" transcription="ة" LatinTrans="TaaaClosed_I" />
      </paw>
    </word>
  </content>
</textImage>