﻿<?xml version="1.0" encoding="UTF-8" standalone="yes"?>
<textImage id="2" width="534" height="88" transcription="مارس / آذار 1980 17" image="aljazeera_3211-11-55-40_2">
  <ArabicTranscription>مارس / آذار 1980 17</ArabicTranscription>
  <LatinTranscription>Seven One SPACE Miim_B Alif_E Raa_I Siin_I SLASH SPACE TildAboveAlif_I Thaal_I Alif_I Raa_I SPACE Zero Eight Nine One</LatinTranscription>
  <content>
    <word idWord="1" x="468" transcription="17" LatinTrans="Seven One">
      <paw idPaw="1" x="494" transcription="7" LatinTrans="Seven">
        <lettre idLettre="1" x="494" transcription="7" LatinTrans="Seven" />
      </paw>
      <paw idPaw="2" x="468" transcription="1" LatinTrans="One">
        <lettre idLettre="1" x="468" transcription="1" LatinTrans="One" />
      </paw>
    </word>
    <word idWord="2" x="447" transcription=" " LatinTrans="SPACE">
      <paw idPaw="1" x="447" transcription=" " LatinTrans="SPACE">
        <lettre idLettre="1" x="447" transcription=" " LatinTrans="SPACE" />
      </paw>
    </word>
    <word idWord="3" x="300" transcription="مارس" LatinTrans="Miim_B Alif_E Raa_I Siin_I">
      <paw idPaw="1" x="394" transcription="ما" LatinTrans="Miim_B Alif_E">
        <lettre idLettre="1" x="414" transcription="م" LatinTrans="Miim_B" />
        <lettre idLettre="2" x="394" transcription="ا" LatinTrans="Alif_E" />
      </paw>
      <paw idPaw="2" x="373" transcription="ر" LatinTrans="Raa_I">
        <lettre idLettre="1" x="373" transcription="ر" LatinTrans="Raa_I" />
      </paw>
      <paw idPaw="3" x="300" transcription="س" LatinTrans="Siin_I">
        <lettre idLettre="1" x="300" transcription="س" LatinTrans="Siin_I" />
      </paw>
    </word>
    <word idWord="4" x="261" transcription="/" LatinTrans="SLASH">
      <paw idPaw="1" x="261" transcription="/" LatinTrans="SLASH">
        <lettre idLettre="1" x="261" transcription="/" LatinTrans="SLASH" />
      </paw>
    </word>
    <word idWord="5" x="254" transcription=" " LatinTrans="SPACE">
      <paw idPaw="1" x="254" transcription=" " LatinTrans="SPACE">
        <lettre idLettre="1" x="254" transcription=" " LatinTrans="SPACE" />
      </paw>
    </word>
    <word idWord="6" x="165" transcription="آذار" LatinTrans="TildAboveAlif_I Thaal_I Alif_I Raa_I">
      <paw idPaw="1" x="230" transcription="آ" LatinTrans="TildAboveAlif_I">
        <lettre idLettre="1" x="230" transcription="آ" LatinTrans="TildAboveAlif_I" />
      </paw>
      <paw idPaw="2" x="202" transcription="ذ" LatinTrans="Thaal_I">
        <lettre idLettre="1" x="202" transcription="ذ" LatinTrans="Thaal_I" />
      </paw>
      <paw idPaw="3" x="191" transcription="ا" LatinTrans="Alif_I">
        <lettre idLettre="1" x="191" transcription="ا" LatinTrans="Alif_I" />
      </paw>
      <paw idPaw="4" x="165" transcription="ر" LatinTrans="Raa_I">
        <lettre idLettre="1" x="165" transcription="ر" LatinTrans="Raa_I" />
      </paw>
    </word>
    <word idWord="7" x="148" transcription=" " LatinTrans="SPACE">
      <paw idPaw="1" x="148" transcription=" " LatinTrans="SPACE">
        <lettre idLettre="1" x="148" transcription=" " LatinTrans="SPACE" />
      </paw>
    </word>
    <word idWord="8" x="0" transcription="1980" LatinTrans="Zero Eight Nine One">
      <paw idPaw="1" x="112" transcription="0" LatinTrans="Zero">
        <lettre idLettre="1" x="112" transcription="0" LatinTrans="Zero" />
      </paw>
      <paw idPaw="2" x="74" transcription="8" LatinTrans="Eight">
        <lettre idLettre="1" x="74" transcription="8" LatinTrans="Eight" />
      </paw>
      <paw idPaw="3" x="33" transcription="9" LatinTrans="Nine">
        <lettre idLettre="1" x="33" transcription="9" LatinTrans="Nine" />
      </paw>
      <paw idPaw="4" x="0" transcription="1" LatinTrans="One">
        <lettre idLettre="1" x="0" transcription="1" LatinTrans="One" />
      </paw>
    </word>
  </content>
</textImage>