﻿<?xml version="1.0" encoding="UTF-8" standalone="yes"?>
<textImage id="1" width="491" height="40" transcription="توقعات بحظر تجوال الخميس" image="aljazeera_3212-05-39-20_1">
  <ArabicTranscription>توقعات بحظر تجوال الخميس</ArabicTranscription>
  <LatinTranscription>Taaa_B Waaw_E Gaaf_B Ayn_M Alif_E Taaa_I SPACE Baa_B Haaa_M Taa_M Raa_E SPACE Taaa_B Jiim_M Waaw_E Alif_I Laam_I SPACE Alif_I Laam_B Xaa_M Miim_M Yaa_M Siin_E</LatinTranscription>
  <content>
    <word idWord="1" x="336" transcription="توقعات" LatinTrans="Taaa_B Waaw_E Gaaf_B Ayn_M Alif_E Taaa_I">
      <paw idPaw="1" x="436" transcription="تو" LatinTrans="Taaa_B Waaw_E">
        <lettre idLettre="1" x="472" transcription="ت" LatinTrans="Taaa_B" />
        <lettre idLettre="2" x="436" transcription="و" LatinTrans="Waaw_E" />
      </paw>
      <paw idPaw="2" x="366" transcription="قعا" LatinTrans="Gaaf_B Ayn_M Alif_E">
        <lettre idLettre="1" x="411" transcription="ق" LatinTrans="Gaaf_B" />
        <lettre idLettre="2" x="375" transcription="ع" LatinTrans="Ayn_M" />
        <lettre idLettre="3" x="366" transcription="ا" LatinTrans="Alif_E" />
      </paw>
      <paw idPaw="3" x="336" transcription="ت" LatinTrans="Taaa_I">
        <lettre idLettre="1" x="336" transcription="ت" LatinTrans="Taaa_I" />
      </paw>
    </word>
    <word idWord="2" x="330" transcription=" " LatinTrans="SPACE">
      <paw idPaw="1" x="330" transcription=" " LatinTrans="SPACE">
        <lettre idLettre="1" x="330" transcription=" " LatinTrans="SPACE" />
      </paw>
    </word>
    <word idWord="3" x="229" transcription="بحظر" LatinTrans="Baa_B Haaa_M Taa_M Raa_E">
      <paw idPaw="1" x="229" transcription="بحظر" LatinTrans="Baa_B Haaa_M Taa_M Raa_E">
        <lettre idLettre="1" x="315" transcription="ب" LatinTrans="Baa_B" />
        <lettre idLettre="2" x="297" transcription="ح" LatinTrans="Haaa_M" />
        <lettre idLettre="3" x="268" transcription="ظ" LatinTrans="Taa_M" />
        <lettre idLettre="4" x="229" transcription="ر" LatinTrans="Raa_E" />
      </paw>
    </word>
    <word idWord="4" x="226" transcription=" " LatinTrans="SPACE">
      <paw idPaw="1" x="226" transcription=" " LatinTrans="SPACE">
        <lettre idLettre="1" x="226" transcription=" " LatinTrans="SPACE" />
      </paw>
    </word>
    <word idWord="5" x="145" transcription="تجوال" LatinTrans="Taaa_B Jiim_M Waaw_E Alif_I Laam_I">
      <paw idPaw="1" x="175" transcription="تجو" LatinTrans="Taaa_B Jiim_M Waaw_E">
        <lettre idLettre="1" x="209" transcription="ت" LatinTrans="Taaa_B" />
        <lettre idLettre="2" x="189" transcription="ج" LatinTrans="Jiim_M" />
        <lettre idLettre="3" x="175" transcription="و" LatinTrans="Waaw_E" />
      </paw>
      <paw idPaw="2" x="166" transcription="ا" LatinTrans="Alif_I">
        <lettre idLettre="1" x="166" transcription="ا" LatinTrans="Alif_I" />
      </paw>
      <paw idPaw="3" x="145" transcription="ل" LatinTrans="Laam_I">
        <lettre idLettre="1" x="145" transcription="ل" LatinTrans="Laam_I" />
      </paw>
    </word>
    <word idWord="6" x="140" transcription=" " LatinTrans="SPACE">
      <paw idPaw="1" x="140" transcription=" " LatinTrans="SPACE">
        <lettre idLettre="1" x="140" transcription=" " LatinTrans="SPACE" />
      </paw>
    </word>
    <word idWord="7" x="0" transcription="الخميس" LatinTrans="Alif_I Laam_B Xaa_M Miim_M Yaa_M Siin_E">
      <paw idPaw="1" x="131" transcription="ا" LatinTrans="Alif_I">
        <lettre idLettre="1" x="131" transcription="ا" LatinTrans="Alif_I" />
      </paw>
      <paw idPaw="2" x="0" transcription="لخميس" LatinTrans="Laam_B Xaa_M Miim_M Yaa_M Siin_E">
        <lettre idLettre="1" x="119" transcription="ل" LatinTrans="Laam_B" />
        <lettre idLettre="2" x="101" transcription="خ" LatinTrans="Xaa_M" />
        <lettre idLettre="3" x="87" transcription="م" LatinTrans="Miim_M" />
        <lettre idLettre="4" x="60" transcription="ي" LatinTrans="Yaa_M" />
        <lettre idLettre="5" x="0" transcription="س" LatinTrans="Siin_E" />
      </paw>
    </word>
  </content>
</textImage>