﻿<?xml version="1.0" encoding="UTF-8" standalone="yes"?>
<textImage id="2" width="264" height="41" transcription="المزيد من الصراعات" image="aljazeera_3213-05-32-30_3">
  <ArabicTranscription>المزيد من الصراعات</ArabicTranscription>
  <LatinTranscription>Alif_I Laam_B Miim_M Zaay_E Yaa_B Daal_E SPACE Miim_B Nuun_E SPACE Alif_I Laam_B Saad_M Raa_E Alif_I Ayn_B Alif_E Taaa_I</LatinTranscription>
  <content>
    <word idWord="1" x="181" transcription="المزيد" LatinTrans="Alif_I Laam_B Miim_M Zaay_E Yaa_B Daal_E">
      <paw idPaw="1" x="254" transcription="ا" LatinTrans="Alif_I">
        <lettre idLettre="1" x="254" transcription="ا" LatinTrans="Alif_I" />
      </paw>
      <paw idPaw="2" x="214" transcription="لمز" LatinTrans="Laam_B Miim_M Zaay_E">
        <lettre idLettre="1" x="245" transcription="ل" LatinTrans="Laam_B" />
        <lettre idLettre="2" x="227" transcription="م" LatinTrans="Miim_M" />
        <lettre idLettre="3" x="214" transcription="ز" LatinTrans="Zaay_E" />
      </paw>
      <paw idPaw="3" x="181" transcription="يد" LatinTrans="Yaa_B Daal_E">
        <lettre idLettre="1" x="199" transcription="ي" LatinTrans="Yaa_B" />
        <lettre idLettre="2" x="181" transcription="د" LatinTrans="Daal_E" />
      </paw>
    </word>
    <word idWord="2" x="175" transcription=" " LatinTrans="SPACE">
      <paw idPaw="1" x="175" transcription=" " LatinTrans="SPACE">
        <lettre idLettre="1" x="175" transcription=" " LatinTrans="SPACE" />
      </paw>
    </word>
    <word idWord="3" x="134" transcription="من" LatinTrans="Miim_B Nuun_E">
      <paw idPaw="1" x="134" transcription="من" LatinTrans="Miim_B Nuun_E">
        <lettre idLettre="1" x="158" transcription="م" LatinTrans="Miim_B" />
        <lettre idLettre="2" x="134" transcription="ن" LatinTrans="Nuun_E" />
      </paw>
    </word>
    <word idWord="4" x="127" transcription=" " LatinTrans="SPACE">
      <paw idPaw="1" x="127" transcription=" " LatinTrans="SPACE">
        <lettre idLettre="1" x="127" transcription=" " LatinTrans="SPACE" />
      </paw>
    </word>
    <word idWord="5" x="0" transcription="الصراعات" LatinTrans="Alif_I Laam_B Saad_M Raa_E Alif_I Ayn_B Alif_E Taaa_I">
      <paw idPaw="1" x="119" transcription="ا" LatinTrans="Alif_I">
        <lettre idLettre="1" x="119" transcription="ا" LatinTrans="Alif_I" />
      </paw>
      <paw idPaw="2" x="66" transcription="لصر" LatinTrans="Laam_B Saad_M Raa_E">
        <lettre idLettre="1" x="108" transcription="ل" LatinTrans="Laam_B" />
        <lettre idLettre="2" x="83" transcription="ص" LatinTrans="Saad_M" />
        <lettre idLettre="3" x="66" transcription="ر" LatinTrans="Raa_E" />
      </paw>
      <paw idPaw="3" x="59" transcription="ا" LatinTrans="Alif_I">
        <lettre idLettre="1" x="59" transcription="ا" LatinTrans="Alif_I" />
      </paw>
      <paw idPaw="4" x="27" transcription="عا" LatinTrans="Ayn_B Alif_E">
        <lettre idLettre="1" x="36" transcription="ع" LatinTrans="Ayn_B" />
        <lettre idLettre="2" x="27" transcription="ا" LatinTrans="Alif_E" />
      </paw>
      <paw idPaw="5" x="0" transcription="ت" LatinTrans="Taaa_I">
        <lettre idLettre="1" x="0" transcription="ت" LatinTrans="Taaa_I" />
      </paw>
    </word>
  </content>
</textImage>