﻿<?xml version="1.0" encoding="UTF-8" standalone="yes"?>
<textImage id="2" width="238" height="46" transcription="نموذجا للربيع العربي" image="aljazeera_3212-01-28-10_2">
  <ArabicTranscription>نموذجا للربيع العربي</ArabicTranscription>
  <LatinTranscription>Nuun_B Miim_M Waaw_E Thaal_I Jiim_B Alif_E SPACE Laam_B Laam_M Raa_E Baa_B Yaa_M Ayn_E SPACE Alif_I Laam_B Ayn_M Raa_E Baa_B Yaa_E</LatinTranscription>
  <content>
    <word idWord="1" x="156" transcription="نموذجا" LatinTrans="Nuun_B Miim_M Waaw_E Thaal_I Jiim_B Alif_E">
      <paw idPaw="1" x="197" transcription="نمو" LatinTrans="Nuun_B Miim_M Waaw_E">
        <lettre idLettre="1" x="225" transcription="ن" LatinTrans="Nuun_B" />
        <lettre idLettre="2" x="210" transcription="م" LatinTrans="Miim_M" />
        <lettre idLettre="3" x="197" transcription="و" LatinTrans="Waaw_E" />
      </paw>
      <paw idPaw="2" x="182" transcription="ذ" LatinTrans="Thaal_I">
        <lettre idLettre="1" x="182" transcription="ذ" LatinTrans="Thaal_I" />
      </paw>
      <paw idPaw="3" x="156" transcription="جا" LatinTrans="Jiim_B Alif_E">
        <lettre idLettre="1" x="166" transcription="ج" LatinTrans="Jiim_B" />
        <lettre idLettre="2" x="156" transcription="ا" LatinTrans="Alif_E" />
      </paw>
    </word>
    <word idWord="2" x="151" transcription=" " LatinTrans="SPACE">
      <paw idPaw="1" x="151" transcription=" " LatinTrans="SPACE">
        <lettre idLettre="1" x="151" transcription=" " LatinTrans="SPACE" />
      </paw>
    </word>
    <word idWord="3" x="80" transcription="للربيع" LatinTrans="Laam_B Laam_M Raa_E Baa_B Yaa_M Ayn_E">
      <paw idPaw="1" x="122" transcription="للر" LatinTrans="Laam_B Laam_M Raa_E">
        <lettre idLettre="1" x="143" transcription="ل" LatinTrans="Laam_B" />
        <lettre idLettre="2" x="134" transcription="ل" LatinTrans="Laam_M" />
        <lettre idLettre="3" x="122" transcription="ر" LatinTrans="Raa_E" />
      </paw>
      <paw idPaw="2" x="80" transcription="بيع" LatinTrans="Baa_B Yaa_M Ayn_E">
        <lettre idLettre="1" x="112" transcription="ب" LatinTrans="Baa_B" />
        <lettre idLettre="2" x="98" transcription="ي" LatinTrans="Yaa_M" />
        <lettre idLettre="3" x="80" transcription="ع" LatinTrans="Ayn_E" />
      </paw>
    </word>
    <word idWord="4" x="74" transcription=" " LatinTrans="SPACE">
      <paw idPaw="1" x="74" transcription=" " LatinTrans="SPACE">
        <lettre idLettre="1" x="74" transcription=" " LatinTrans="SPACE" />
      </paw>
    </word>
    <word idWord="5" x="0" transcription="العربي" LatinTrans="Alif_I Laam_B Ayn_M Raa_E Baa_B Yaa_E">
      <paw idPaw="1" x="68" transcription="ا" LatinTrans="Alif_I">
        <lettre idLettre="1" x="68" transcription="ا" LatinTrans="Alif_I" />
      </paw>
      <paw idPaw="2" x="32" transcription="لعر" LatinTrans="Laam_B Ayn_M Raa_E">
        <lettre idLettre="1" x="59" transcription="ل" LatinTrans="Laam_B" />
        <lettre idLettre="2" x="39" transcription="ع" LatinTrans="Ayn_M" />
        <lettre idLettre="3" x="32" transcription="ر" LatinTrans="Raa_E" />
      </paw>
      <paw idPaw="3" x="0" transcription="بي" LatinTrans="Baa_B Yaa_E">
        <lettre idLettre="1" x="17" transcription="ب" LatinTrans="Baa_B" />
        <lettre idLettre="2" x="0" transcription="ي" LatinTrans="Yaa_E" />
      </paw>
    </word>
  </content>
</textImage>