﻿<?xml version="1.0" encoding="UTF-8" standalone="yes"?>
<textImage id="3" width="212" height="34" transcription="وسط خلافات بين" image="aljazeera_3211-10-12-00_3">
  <ArabicTranscription>وسط خلافات بين</ArabicTranscription>
  <LatinTranscription>Waaw_I Siin_B Thaaa_E SPACE Xaa_B Laam_Alif Faa_B Alif_E Taaa_I SPACE Baa_B Yaa_M Nuun_E</LatinTranscription>
  <content>
    <word idWord="1" x="150" transcription="وسط" LatinTrans="Waaw_I Siin_B Thaaa_E">
      <paw idPaw="1" x="198" transcription="و" LatinTrans="Waaw_I">
        <lettre idLettre="1" x="198" transcription="و" LatinTrans="Waaw_I" />
      </paw>
      <paw idPaw="2" x="150" transcription="سط" LatinTrans="Siin_B Thaaa_E">
        <lettre idLettre="1" x="177" transcription="س" LatinTrans="Siin_B" />
        <lettre idLettre="2" x="150" transcription="ط" LatinTrans="Thaaa_E" />
      </paw>
    </word>
    <word idWord="2" x="145" transcription=" " LatinTrans="SPACE">
      <paw idPaw="1" x="145" transcription=" " LatinTrans="SPACE">
        <lettre idLettre="1" x="145" transcription=" " LatinTrans="SPACE" />
      </paw>
    </word>
    <word idWord="3" x="55" transcription="خلافات" LatinTrans="Xaa_B Laam_Alif Faa_B Alif_E Taaa_I">
      <paw idPaw="1" x="105" transcription="خلا" LatinTrans="Xaa_B Laam_Alif">
        <lettre idLettre="1" x="127" transcription="خ" LatinTrans="Xaa_B" />
        <lettre idLettre="2" x="105" transcription="لا" LatinTrans="Laam_Alif" />
      </paw>
      <paw idPaw="2" x="73" transcription="فا" LatinTrans="Faa_B Alif_E">
        <lettre idLettre="1" x="91" transcription="ف" LatinTrans="Faa_B" />
        <lettre idLettre="2" x="73" transcription="ا" LatinTrans="Alif_E" />
      </paw>
      <paw idPaw="3" x="55" transcription="ت" LatinTrans="Taaa_I">
        <lettre idLettre="1" x="55" transcription="ت" LatinTrans="Taaa_I" />
      </paw>
    </word>
    <word idWord="4" x="52" transcription=" " LatinTrans="SPACE">
      <paw idPaw="1" x="52" transcription=" " LatinTrans="SPACE">
        <lettre idLettre="1" x="52" transcription=" " LatinTrans="SPACE" />
      </paw>
    </word>
    <word idWord="5" x="0" transcription="بين" LatinTrans="Baa_B Yaa_M Nuun_E">
      <paw idPaw="1" x="0" transcription="بين" LatinTrans="Baa_B Yaa_M Nuun_E">
        <lettre idLettre="1" x="41" transcription="ب" LatinTrans="Baa_B" />
        <lettre idLettre="2" x="24" transcription="ي" LatinTrans="Yaa_M" />
        <lettre idLettre="3" x="0" transcription="ن" LatinTrans="Nuun_E" />
      </paw>
    </word>
  </content>
</textImage>