﻿<?xml version="1.0" encoding="UTF-8" standalone="yes"?>
<textImage id="3" width="242" height="39" transcription="الأمن الدولي: كوريا" image="aljazeera_3212-03-52-40_3">
  <ArabicTranscription>الأمن الدولي: كوريا</ArabicTranscription>
  <LatinTranscription>Alif_I Laam_HamzaAboveAlif Miim_B Nuun_E SPACE Alif_I Laam_B Daal_E Waaw_I Laam_B Yaa_E TWOPOINTS SPACE Kaaf_B Waaw_E Raa_I Yaa_B Alif_E</LatinTranscription>
  <content>
    <word idWord="1" x="172" transcription="الأمن" LatinTrans="Alif_I Laam_HamzaAboveAlif Miim_B Nuun_E">
      <paw idPaw="1" x="233" transcription="ا" LatinTrans="Alif_I">
        <lettre idLettre="1" x="233" transcription="ا" LatinTrans="Alif_I" />
      </paw>
      <paw idPaw="2" x="218" transcription="لأ" LatinTrans="Laam_HamzaAboveAlif">
        <lettre idLettre="1" x="218" transcription="لأ" LatinTrans="Laam_HamzaAboveAlif" />
      </paw>
      <paw idPaw="3" x="172" transcription="من" LatinTrans="Miim_B Nuun_E">
        <lettre idLettre="1" x="200" transcription="م" LatinTrans="Miim_B" />
        <lettre idLettre="2" x="172" transcription="ن" LatinTrans="Nuun_E" />
      </paw>
    </word>
    <word idWord="2" x="168" transcription=" " LatinTrans="SPACE">
      <paw idPaw="1" x="168" transcription=" " LatinTrans="SPACE">
        <lettre idLettre="1" x="168" transcription=" " LatinTrans="SPACE" />
      </paw>
    </word>
    <word idWord="3" x="83" transcription="الدولي:" LatinTrans="Alif_I Laam_B Daal_E Waaw_I Laam_B Yaa_E TWOPOINTS">
      <paw idPaw="1" x="162" transcription="ا" LatinTrans="Alif_I">
        <lettre idLettre="1" x="162" transcription="ا" LatinTrans="Alif_I" />
      </paw>
      <paw idPaw="2" x="142" transcription="لد" LatinTrans="Laam_B Daal_E">
        <lettre idLettre="1" x="156" transcription="ل" LatinTrans="Laam_B" />
        <lettre idLettre="2" x="142" transcription="د" LatinTrans="Daal_E" />
      </paw>
      <paw idPaw="3" x="131" transcription="و" LatinTrans="Waaw_I">
        <lettre idLettre="1" x="131" transcription="و" LatinTrans="Waaw_I" />
      </paw>
      <paw idPaw="4" x="89" transcription="لي" LatinTrans="Laam_B Yaa_E">
        <lettre idLettre="1" x="121" transcription="ل" LatinTrans="Laam_B" />
        <lettre idLettre="2" x="89" transcription="ي" LatinTrans="Yaa_E" />
      </paw>
      <paw idPaw="5" x="83" transcription=":" LatinTrans="TWOPOINTS">
        <lettre idLettre="1" x="83" transcription=":" LatinTrans="TWOPOINTS" />
      </paw>
    </word>
    <word idWord="4" x="77" transcription=" " LatinTrans="SPACE">
      <paw idPaw="1" x="77" transcription=" " LatinTrans="SPACE">
        <lettre idLettre="1" x="77" transcription=" " LatinTrans="SPACE" />
      </paw>
    </word>
    <word idWord="5" x="0" transcription="كوريا" LatinTrans="Kaaf_B Waaw_E Raa_I Yaa_B Alif_E">
      <paw idPaw="1" x="51" transcription="كو" LatinTrans="Kaaf_B Waaw_E">
        <lettre idLettre="1" x="63" transcription="ك" LatinTrans="Kaaf_B" />
        <lettre idLettre="2" x="51" transcription="و" LatinTrans="Waaw_E" />
      </paw>
      <paw idPaw="2" x="41" transcription="ر" LatinTrans="Raa_I">
        <lettre idLettre="1" x="41" transcription="ر" LatinTrans="Raa_I" />
      </paw>
      <paw idPaw="3" x="0" transcription="يا" LatinTrans="Yaa_B Alif_E">
        <lettre idLettre="1" x="24" transcription="ي" LatinTrans="Yaa_B" />
        <lettre idLettre="2" x="0" transcription="ا" LatinTrans="Alif_E" />
      </paw>
    </word>
  </content>
</textImage>