﻿<?xml version="1.0" encoding="UTF-8" standalone="yes"?>
<textImage id="1" width="170" height="37" transcription="إعداد : رولا بروش" image="aljazeera_3212-02-18-40_1">
  <ArabicTranscription>إعداد : رولا بروش</ArabicTranscription>
  <LatinTranscription>HamzaOnederAlif_I Ayn_B Daal_E Alif_I Daal_I SPACE TWOPOINTS SPACE Raa_I Waaw_I Laam_Alif SPACE Baa_B Raa_E Waaw_I Shiin_I</LatinTranscription>
  <content>
    <word idWord="1" x="113" transcription="إعداد" LatinTrans="HamzaOnederAlif_I Ayn_B Daal_E Alif_I Daal_I">
      <paw idPaw="1" x="157" transcription="إ" LatinTrans="HamzaOnederAlif_I">
        <lettre idLettre="1" x="157" transcription="إ" LatinTrans="HamzaUnderAlif_I" />
      </paw>
      <paw idPaw="2" x="133" transcription="عد" LatinTrans="Ayn_B Daal_E">
        <lettre idLettre="1" x="142" transcription="ع" LatinTrans="Ayn_B" />
        <lettre idLettre="2" x="133" transcription="د" LatinTrans="Daal_E" />
      </paw>
      <paw idPaw="3" x="127" transcription="ا" LatinTrans="Alif_I">
        <lettre idLettre="1" x="127" transcription="ا" LatinTrans="Alif_I" />
      </paw>
      <paw idPaw="4" x="113" transcription="د" LatinTrans="Daal_I">
        <lettre idLettre="1" x="113" transcription="د" LatinTrans="Daal_I" />
      </paw>
    </word>
    <word idWord="2" x="109" transcription=" " LatinTrans="SPACE">
      <paw idPaw="1" x="109" transcription=" " LatinTrans="SPACE">
        <lettre idLettre="1" x="109" transcription=" " LatinTrans="SPACE" />
      </paw>
    </word>
    <word idWord="3" x="101" transcription=":" LatinTrans="TWOPOINTS">
      <paw idPaw="1" x="101" transcription=":" LatinTrans="TWOPOINTS">
        <lettre idLettre="1" x="101" transcription=":" LatinTrans="TWOPOINTS" />
      </paw>
    </word>
    <word idWord="4" x="98" transcription=" " LatinTrans="SPACE">
      <paw idPaw="1" x="98" transcription=" " LatinTrans="SPACE">
        <lettre idLettre="1" x="98" transcription=" " LatinTrans="SPACE" />
      </paw>
    </word>
    <word idWord="5" x="64" transcription="رولا" LatinTrans="Raa_I Waaw_I Laam_Alif">
      <paw idPaw="1" x="88" transcription="ر" LatinTrans="Raa_I">
        <lettre idLettre="1" x="88" transcription="ر" LatinTrans="Raa_I" />
      </paw>
      <paw idPaw="2" x="77" transcription="و" LatinTrans="Waaw_I">
        <lettre idLettre="1" x="77" transcription="و" LatinTrans="Waaw_I" />
      </paw>
      <paw idPaw="3" x="64" transcription="لا" LatinTrans="Laam_Alif">
        <lettre idLettre="1" x="64" transcription="لا" LatinTrans="Laam_Alif" />
      </paw>
    </word>
    <word idWord="6" x="62" transcription=" " LatinTrans="SPACE">
      <paw idPaw="1" x="62" transcription=" " LatinTrans="SPACE">
        <lettre idLettre="1" x="62" transcription=" " LatinTrans="SPACE" />
      </paw>
    </word>
    <word idWord="7" x="0" transcription="بروش" LatinTrans="Baa_B Raa_E Waaw_I Shiin_I">
      <paw idPaw="1" x="41" transcription="بر" LatinTrans="Baa_B Raa_E">
        <lettre idLettre="1" x="50" transcription="ب" LatinTrans="Baa_B" />
        <lettre idLettre="2" x="41" transcription="ر" LatinTrans="Raa_E" />
      </paw>
      <paw idPaw="2" x="30" transcription="و" LatinTrans="Waaw_I">
        <lettre idLettre="1" x="30" transcription="و" LatinTrans="Waaw_I" />
      </paw>
      <paw idPaw="3" x="0" transcription="ش" LatinTrans="Shiin_I">
        <lettre idLettre="1" x="0" transcription="ش" LatinTrans="Shiin_I" />
      </paw>
    </word>
  </content>
</textImage>