﻿<?xml version="1.0" encoding="UTF-8" standalone="yes"?>
<textImage id="1" width="299" height="41" transcription="انتخابات مجلس الشيوخ" image="aljazeera_3212-08-50-50_1">
  <ArabicTranscription>انتخابات مجلس الشيوخ</ArabicTranscription>
  <LatinTranscription>Alif_I Nuun_B Taaa_M Xaa_M Alif_E Baa_B Alif_E Taaa_I SPACE Miim_B Jiim_M Laam_M Siin_E SPACE Alif_I Laam_B Shiin_M Yaa_M Waaw_E Xaa_I</LatinTranscription>
  <content>
    <word idWord="1" x="188" transcription="انتخابات" LatinTrans="Alif_I Nuun_B Taaa_M Xaa_M Alif_E Baa_B Alif_E Taaa_I">
      <paw idPaw="1" x="288" transcription="ا" LatinTrans="Alif_I">
        <lettre idLettre="1" x="288" transcription="ا" LatinTrans="Alif_I" />
      </paw>
      <paw idPaw="2" x="235" transcription="نتخا" LatinTrans="Nuun_B Taaa_M Xaa_M Alif_E">
        <lettre idLettre="1" x="275" transcription="ن" LatinTrans="Nuun_B" />
        <lettre idLettre="2" x="261" transcription="ت" LatinTrans="Taaa_M" />
        <lettre idLettre="3" x="243" transcription="خ" LatinTrans="Xaa_M" />
        <lettre idLettre="4" x="235" transcription="ا" LatinTrans="Alif_E" />
      </paw>
      <paw idPaw="3" x="214" transcription="با" LatinTrans="Baa_B Alif_E">
        <lettre idLettre="1" x="219" transcription="ب" LatinTrans="Baa_B" />
        <lettre idLettre="2" x="214" transcription="ا" LatinTrans="Alif_E" />
      </paw>
      <paw idPaw="4" x="188" transcription="ت" LatinTrans="Taaa_I">
        <lettre idLettre="1" x="188" transcription="ت" LatinTrans="Taaa_I" />
      </paw>
    </word>
    <word idWord="2" x="183" transcription=" " LatinTrans="SPACE">
      <paw idPaw="1" x="183" transcription=" " LatinTrans="SPACE">
        <lettre idLettre="1" x="183" transcription=" " LatinTrans="SPACE" />
      </paw>
    </word>
    <word idWord="3" x="99" transcription="مجلس" LatinTrans="Miim_B Jiim_M Laam_M Siin_E">
      <paw idPaw="1" x="99" transcription="مجلس" LatinTrans="Miim_B Jiim_M Laam_M Siin_E">
        <lettre idLettre="1" x="168" transcription="م" LatinTrans="Miim_B" />
        <lettre idLettre="2" x="149" transcription="ج" LatinTrans="Jiim_M" />
        <lettre idLettre="3" x="138" transcription="ل" LatinTrans="Laam_M" />
        <lettre idLettre="4" x="99" transcription="س" LatinTrans="Siin_E" />
      </paw>
    </word>
    <word idWord="4" x="92" transcription=" " LatinTrans="SPACE">
      <paw idPaw="1" x="92" transcription=" " LatinTrans="SPACE">
        <lettre idLettre="1" x="92" transcription=" " LatinTrans="SPACE" />
      </paw>
    </word>
    <word idWord="5" x="0" transcription="الشيوخ" LatinTrans="Alif_I Laam_B Shiin_M Yaa_M Waaw_E Xaa_I">
      <paw idPaw="1" x="86" transcription="ا" LatinTrans="Alif_I">
        <lettre idLettre="1" x="86" transcription="ا" LatinTrans="Alif_I" />
      </paw>
      <paw idPaw="2" x="23" transcription="لشيو" LatinTrans="Laam_B Shiin_M Yaa_M Waaw_E">
        <lettre idLettre="1" x="78" transcription="ل" LatinTrans="Laam_B" />
        <lettre idLettre="2" x="57" transcription="ش" LatinTrans="Shiin_M" />
        <lettre idLettre="3" x="38" transcription="ي" LatinTrans="Yaa_M" />
        <lettre idLettre="4" x="23" transcription="و" LatinTrans="Waaw_E" />
      </paw>
      <paw idPaw="3" x="0" transcription="خ" LatinTrans="Xaa_I">
        <lettre idLettre="1" x="0" transcription="خ" LatinTrans="Xaa_I" />
      </paw>
    </word>
  </content>
</textImage>