﻿<?xml version="1.0" encoding="UTF-8" standalone="yes"?>
<textImage id="4" width="490" height="50" transcription="الأعمال وتسهيل عودتهم" image="aljazeera_3213-05-32-10_4">
  <ArabicTranscription>الأعمال وتسهيل عودتهم</ArabicTranscription>
  <LatinTranscription>Alif_I Laam_HamzaAboveAlif Ayn_B Miim_M Alif_E Laam_I SPACE Waaw_I Taaa_B Siin_M Haa_M Yaa_M Laam_E SPACE Ayn_B Waaw_E Daal_I Taaa_B Haa_M Miim_E</LatinTranscription>
  <content>
    <word idWord="1" x="351" transcription="الأعمال" LatinTrans="Alif_I Laam_HamzaAboveAlif Ayn_B Miim_M Alif_E Laam_I">
      <paw idPaw="1" x="479" transcription="ا" LatinTrans="Alif_I">
        <lettre idLettre="1" x="479" transcription="ا" LatinTrans="Alif_I" />
      </paw>
      <paw idPaw="2" x="460" transcription="لأ" LatinTrans="Laam_HamzaAboveAlif">
        <lettre idLettre="1" x="460" transcription="لأ" LatinTrans="Laam_HamzaAboveAlif" />
      </paw>
      <paw idPaw="3" x="373" transcription="عما" LatinTrans="Ayn_B Miim_M Alif_E">
        <lettre idLettre="1" x="440" transcription="ع" LatinTrans="Ayn_B" />
        <lettre idLettre="2" x="395" transcription="م" LatinTrans="Miim_M" />
        <lettre idLettre="3" x="373" transcription="ا" LatinTrans="Alif_E" />
      </paw>
      <paw idPaw="4" x="351" transcription="ل" LatinTrans="Laam_I">
        <lettre idLettre="1" x="351" transcription="ل" LatinTrans="Laam_I" />
      </paw>
    </word>
    <word idWord="2" x="345" transcription=" " LatinTrans="SPACE">
      <paw idPaw="1" x="345" transcription=" " LatinTrans="SPACE">
        <lettre idLettre="1" x="345" transcription=" " LatinTrans="SPACE" />
      </paw>
    </word>
    <word idWord="3" x="148" transcription="وتسهيل" LatinTrans="Waaw_I Taaa_B Siin_M Haa_M Yaa_M Laam_E">
      <paw idPaw="1" x="330" transcription="و" LatinTrans="Waaw_I">
        <lettre idLettre="1" x="330" transcription="و" LatinTrans="Waaw_I" />
      </paw>
      <paw idPaw="2" x="148" transcription="تسهيل" LatinTrans="Taaa_B Siin_M Haa_M Yaa_M Laam_E">
        <lettre idLettre="1" x="309" transcription="ت" LatinTrans="Taaa_B" />
        <lettre idLettre="2" x="267" transcription="س" LatinTrans="Siin_M" />
        <lettre idLettre="3" x="225" transcription="ه" LatinTrans="Haa_M" />
        <lettre idLettre="4" x="195" transcription="ي" LatinTrans="Yaa_M" />
        <lettre idLettre="5" x="148" transcription="ل" LatinTrans="Laam_E" />
      </paw>
    </word>
    <word idWord="4" x="141" transcription=" " LatinTrans="SPACE">
      <paw idPaw="1" x="141" transcription=" " LatinTrans="SPACE">
        <lettre idLettre="1" x="141" transcription=" " LatinTrans="SPACE" />
      </paw>
    </word>
    <word idWord="5" x="0" transcription="عودتهم" LatinTrans="Ayn_B Waaw_E Daal_I Taaa_B Haa_M Miim_E">
      <paw idPaw="1" x="96" transcription="عو" LatinTrans="Ayn_B Waaw_E">
        <lettre idLettre="1" x="116" transcription="ع" LatinTrans="Ayn_B" />
        <lettre idLettre="2" x="96" transcription="و" LatinTrans="Waaw_E" />
      </paw>
      <paw idPaw="2" x="82" transcription="د" LatinTrans="Daal_I">
        <lettre idLettre="1" x="82" transcription="د" LatinTrans="Daal_I" />
      </paw>
      <paw idPaw="3" x="0" transcription="تهم" LatinTrans="Taaa_B Haa_M Miim_E">
        <lettre idLettre="1" x="66" transcription="ت" LatinTrans="Taaa_B" />
        <lettre idLettre="2" x="47" transcription="ه" LatinTrans="Haa_M" />
        <lettre idLettre="3" x="0" transcription="م" LatinTrans="Miim_E" />
      </paw>
    </word>
  </content>
</textImage>