﻿<?xml version="1.0" encoding="UTF-8" standalone="yes"?>
<textImage id="2" width="242" height="56" transcription="الحوار الوطني" image="aljazeera_3211-10-27-10_2">
  <ArabicTranscription>الحوار الوطني</ArabicTranscription>
  <LatinTranscription>Alif_I Laam_B Haaa_M Waaw_E Alif_I Raa_I SPACE Alif_I Laam_B Waaw_E Thaaa_B Nuun_M Yaa_E</LatinTranscription>
  <content>
    <word idWord="1" x="141" transcription="الحوار" LatinTrans="Alif_I Laam_B Haaa_M Waaw_E Alif_I Raa_I">
      <paw idPaw="1" x="228" transcription="ا" LatinTrans="Alif_I">
        <lettre idLettre="1" x="228" transcription="ا" LatinTrans="Alif_I" />
      </paw>
      <paw idPaw="2" x="164" transcription="لحو" LatinTrans="Laam_B Haaa_M Waaw_E">
        <lettre idLettre="1" x="215" transcription="ل" LatinTrans="Laam_B" />
        <lettre idLettre="2" x="187" transcription="ح" LatinTrans="Haaa_M" />
        <lettre idLettre="3" x="164" transcription="و" LatinTrans="Waaw_E" />
      </paw>
      <paw idPaw="3" x="154" transcription="ا" LatinTrans="Alif_I">
        <lettre idLettre="1" x="154" transcription="ا" LatinTrans="Alif_I" />
      </paw>
      <paw idPaw="4" x="141" transcription="ر" LatinTrans="Raa_I">
        <lettre idLettre="1" x="141" transcription="ر" LatinTrans="Raa_I" />
      </paw>
    </word>
    <word idWord="2" x="134" transcription=" " LatinTrans="SPACE">
      <paw idPaw="1" x="134" transcription=" " LatinTrans="SPACE">
        <lettre idLettre="1" x="134" transcription=" " LatinTrans="SPACE" />
      </paw>
    </word>
    <word idWord="3" x="0" transcription="الوطني" LatinTrans="Alif_I Laam_B Waaw_E Thaaa_B Nuun_M Yaa_E">
      <paw idPaw="1" x="124" transcription="ا" LatinTrans="Alif_I">
        <lettre idLettre="1" x="124" transcription="ا" LatinTrans="Alif_I" />
      </paw>
      <paw idPaw="2" x="88" transcription="لو" LatinTrans="Laam_B Waaw_E">
        <lettre idLettre="1" x="116" transcription="ل" LatinTrans="Laam_B" />
        <lettre idLettre="2" x="88" transcription="و" LatinTrans="Waaw_E" />
      </paw>
      <paw idPaw="3" x="0" transcription="طني" LatinTrans="Thaaa_B Nuun_M Yaa_E">
        <lettre idLettre="1" x="56" transcription="ط" LatinTrans="Thaaa_B" />
        <lettre idLettre="2" x="40" transcription="ن" LatinTrans="Nuun_M" />
        <lettre idLettre="3" x="0" transcription="ي" LatinTrans="Yaa_E" />
      </paw>
    </word>
  </content>
</textImage>