﻿<?xml version="1.0" encoding="UTF-8" standalone="yes"?>
<textImage id="1" width="262" height="33" transcription="جلسة مشتركة للكونغرس" image="aljazeera_3213-01-29-40_4">
  <ArabicTranscription>جلسة مشتركة للكونغرس</ArabicTranscription>
  <LatinTranscription>Jiim_B Laam_M Siin_M TaaaClosed_E SPACE Miim_B Shiin_M Taaa_M Raa_E Kaaf_B TaaaClosed_E SPACE Laam_B Laam_M Kaaf_M Waaw_E Nuun_B Ghayn_M Raa_E Siin_I</LatinTranscription>
  <content>
    <word idWord="1" x="194" transcription="جلسة" LatinTrans="Jiim_B Laam_M Siin_M TaaaClosed_E">
      <paw idPaw="1" x="194" transcription="جلسة" LatinTrans="Jiim_B Laam_M Siin_M TaaaClosed_E">
        <lettre idLettre="1" x="246" transcription="ج" LatinTrans="Jiim_B" />
        <lettre idLettre="2" x="239" transcription="ل" LatinTrans="Laam_M" />
        <lettre idLettre="3" x="217" transcription="س" LatinTrans="Siin_M" />
        <lettre idLettre="4" x="194" transcription="ة" LatinTrans="TaaaClosed_E" />
      </paw>
    </word>
    <word idWord="2" x="191" transcription=" " LatinTrans="SPACE">
      <paw idPaw="1" x="191" transcription=" " LatinTrans="SPACE">
        <lettre idLettre="1" x="191" transcription=" " LatinTrans="SPACE" />
      </paw>
    </word>
    <word idWord="3" x="101" transcription="مشتركة" LatinTrans="Miim_B Shiin_M Taaa_M Raa_E Kaaf_B TaaaClosed_E">
      <paw idPaw="1" x="141" transcription="مشتر" LatinTrans="Miim_B Shiin_M Taaa_M Raa_E">
        <lettre idLettre="1" x="179" transcription="م" LatinTrans="Miim_B" />
        <lettre idLettre="2" x="162" transcription="ش" LatinTrans="Shiin_M" />
        <lettre idLettre="3" x="148" transcription="ت" LatinTrans="Taaa_M" />
        <lettre idLettre="4" x="141" transcription="ر" LatinTrans="Raa_E" />
      </paw>
      <paw idPaw="2" x="101" transcription="كة" LatinTrans="Kaaf_B TaaaClosed_E">
        <lettre idLettre="1" x="127" transcription="ك" LatinTrans="Kaaf_B" />
        <lettre idLettre="2" x="101" transcription="ة" LatinTrans="TaaaClosed_E" />
      </paw>
    </word>
    <word idWord="4" x="99" transcription=" " LatinTrans="SPACE">
      <paw idPaw="1" x="99" transcription=" " LatinTrans="SPACE">
        <lettre idLettre="1" x="99" transcription=" " LatinTrans="SPACE" />
      </paw>
    </word>
    <word idWord="5" x="0" transcription="للكونغرس" LatinTrans="Laam_B Laam_M Kaaf_M Waaw_E Nuun_B Ghayn_M Raa_E Siin_I">
      <paw idPaw="1" x="63" transcription="للكو" LatinTrans="Laam_B Laam_M Kaaf_M Waaw_E">
        <lettre idLettre="1" x="90" transcription="ل" LatinTrans="Laam_B" />
        <lettre idLettre="2" x="83" transcription="ل" LatinTrans="Laam_M" />
        <lettre idLettre="3" x="73" transcription="ك" LatinTrans="Kaaf_M" />
        <lettre idLettre="4" x="63" transcription="و" LatinTrans="Waaw_E" />
      </paw>
      <paw idPaw="2" x="29" transcription="نغر" LatinTrans="Nuun_B Ghayn_M Raa_E">
        <lettre idLettre="1" x="52" transcription="ن" LatinTrans="Nuun_B" />
        <lettre idLettre="2" x="37" transcription="غ" LatinTrans="Ghayn_M" />
        <lettre idLettre="3" x="29" transcription="ر" LatinTrans="Raa_E" />
      </paw>
      <paw idPaw="3" x="0" transcription="س" LatinTrans="Siin_I">
        <lettre idLettre="1" x="0" transcription="س" LatinTrans="Siin_I" />
      </paw>
    </word>
  </content>
</textImage>