﻿<?xml version="1.0" encoding="UTF-8" standalone="yes"?>
<textImage id="1" width="263" height="46" transcription="حكومة التكنوقراط أمر مرفوض" image="aljazeera_3212-08-45-00_1">
  <ArabicTranscription>حكومة التكنوقراط أمر مرفوض</ArabicTranscription>
  <LatinTranscription>Haaa_B Kaaf_M Waaw_E Miim_B TaaaClosed_E SPACE Alif_I Laam_B Taaa_M Kaaf_M Nuun_M Waaw_E Gaaf_B Raa_E Alif_I Thaaa_I SPACE HamzaAboveAlif_I Miim_B Raa_E SPACE Miim_B Raa_E Faa_B Waaw_E Daad_I</LatinTranscription>
  <content>
    <word idWord="1" x="202" transcription="حكومة" LatinTrans="Haaa_B Kaaf_M Waaw_E Miim_B TaaaClosed_E">
      <paw idPaw="1" x="226" transcription="حكو" LatinTrans="Haaa_B Kaaf_M Waaw_E">
        <lettre idLettre="1" x="248" transcription="ح" LatinTrans="Haaa_B" />
        <lettre idLettre="2" x="237" transcription="ك" LatinTrans="Kaaf_M" />
        <lettre idLettre="3" x="226" transcription="و" LatinTrans="Waaw_E" />
      </paw>
      <paw idPaw="2" x="202" transcription="مة" LatinTrans="Miim_B TaaaClosed_E">
        <lettre idLettre="1" x="215" transcription="م" LatinTrans="Miim_B" />
        <lettre idLettre="2" x="202" transcription="ة" LatinTrans="TaaaClosed_E" />
      </paw>
    </word>
    <word idWord="2" x="201" transcription=" " LatinTrans="SPACE">
      <paw idPaw="1" x="201" transcription=" " LatinTrans="SPACE">
        <lettre idLettre="1" x="201" transcription=" " LatinTrans="SPACE" />
      </paw>
    </word>
    <word idWord="3" x="107" transcription="التكنوقراط" LatinTrans="Alif_I Laam_B Taaa_M Kaaf_M Nuun_M Waaw_E Gaaf_B Raa_E Alif_I Thaaa_I">
      <paw idPaw="1" x="195" transcription="ا" LatinTrans="Alif_I">
        <lettre idLettre="1" x="195" transcription="ا" LatinTrans="Alif_I" />
      </paw>
      <paw idPaw="2" x="150" transcription="لتكنو" LatinTrans="Laam_B Taaa_M Kaaf_M Nuun_M Waaw_E">
        <lettre idLettre="1" x="189" transcription="ل" LatinTrans="Laam_B" />
        <lettre idLettre="2" x="179" transcription="ت" LatinTrans="Taaa_M" />
        <lettre idLettre="3" x="170" transcription="ك" LatinTrans="Kaaf_M" />
        <lettre idLettre="4" x="160" transcription="ن" LatinTrans="Nuun_M" />
        <lettre idLettre="5" x="150" transcription="و" LatinTrans="Waaw_E" />
      </paw>
      <paw idPaw="3" x="129" transcription="قر" LatinTrans="Gaaf_B Raa_E">
        <lettre idLettre="1" x="136" transcription="ق" LatinTrans="Gaaf_B" />
        <lettre idLettre="2" x="129" transcription="ر" LatinTrans="Raa_E" />
      </paw>
      <paw idPaw="4" x="124" transcription="ا" LatinTrans="Alif_I">
        <lettre idLettre="1" x="124" transcription="ا" LatinTrans="Alif_I" />
      </paw>
      <paw idPaw="5" x="107" transcription="ط" LatinTrans="Thaaa_I">
        <lettre idLettre="1" x="107" transcription="ط" LatinTrans="Thaaa_I" />
      </paw>
    </word>
    <word idWord="4" x="103" transcription=" " LatinTrans="SPACE">
      <paw idPaw="1" x="103" transcription=" " LatinTrans="SPACE">
        <lettre idLettre="1" x="103" transcription=" " LatinTrans="SPACE" />
      </paw>
    </word>
    <word idWord="5" x="79" transcription="أمر" LatinTrans="HamzaAboveAlif_I Miim_B Raa_E">
      <paw idPaw="1" x="97" transcription="أ" LatinTrans="HamzaAboveAlif_I">
        <lettre idLettre="1" x="97" transcription="أ" LatinTrans="HamzaAboveAlif_I" />
      </paw>
      <paw idPaw="2" x="79" transcription="مر" LatinTrans="Miim_B Raa_E">
        <lettre idLettre="1" x="87" transcription="م" LatinTrans="Miim_B" />
        <lettre idLettre="2" x="79" transcription="ر" LatinTrans="Raa_E" />
      </paw>
    </word>
    <word idWord="6" x="76" transcription=" " LatinTrans="SPACE">
      <paw idPaw="1" x="76" transcription=" " LatinTrans="SPACE">
        <lettre idLettre="1" x="76" transcription=" " LatinTrans="SPACE" />
      </paw>
    </word>
    <word idWord="7" x="0" transcription="مرفوض" LatinTrans="Miim_B Raa_E Faa_B Waaw_E Daad_I">
      <paw idPaw="1" x="56" transcription="مر" LatinTrans="Miim_B Raa_E">
        <lettre idLettre="1" x="64" transcription="م" LatinTrans="Miim_B" />
        <lettre idLettre="2" x="56" transcription="ر" LatinTrans="Raa_E" />
      </paw>
      <paw idPaw="2" x="31" transcription="فو" LatinTrans="Faa_B Waaw_E">
        <lettre idLettre="1" x="42" transcription="ف" LatinTrans="Faa_B" />
        <lettre idLettre="2" x="31" transcription="و" LatinTrans="Waaw_E" />
      </paw>
      <paw idPaw="3" x="0" transcription="ض" LatinTrans="Daad_I">
        <lettre idLettre="1" x="0" transcription="ض" LatinTrans="Daad_I" />
      </paw>
    </word>
  </content>
</textImage>