﻿<?xml version="1.0" encoding="UTF-8" standalone="yes"?>
<textImage id="4" width="265" height="36" transcription="الائتلاف الحاكم والمعارضة" image="aljazeera_3211-10-12-00_4">
  <ArabicTranscription>الائتلاف الحاكم والمعارضة</ArabicTranscription>
  <LatinTranscription>Alif_I Laam_Alif HamzaAboveAlifBroken_B Taaa_M Laam_Alif Faa_I SPACE Alif_I Laam_B Haaa_M Alif_E Kaaf_B Miim_E SPACE Waaw_I Alif_I Laam_B Miim_M Ayn_M Alif_E Raa_I Daad_B TaaaClosed_E</LatinTranscription>
  <content>
    <word idWord="1" x="192" transcription="الائتلاف" LatinTrans="Alif_I Laam_Alif HamzaAboveAlifBroken_B Taaa_M Laam_Alif Faa_I">
      <paw idPaw="1" x="255" transcription="ا" LatinTrans="Alif_I">
        <lettre idLettre="1" x="255" transcription="ا" LatinTrans="Alif_I" />
      </paw>
      <paw idPaw="2" x="243" transcription="لا" LatinTrans="Laam_Alif">
        <lettre idLettre="1" x="243" transcription="لا" LatinTrans="Laam_Alif" />
      </paw>
      <paw idPaw="3" x="212" transcription="ئتلا" LatinTrans="HamzaAboveAlifBroken_B Taaa_M Laam_Alif">
        <lettre idLettre="1" x="235" transcription="ئ" LatinTrans="HamzaAboveAlifBroken_B" />
        <lettre idLettre="2" x="224" transcription="ت" LatinTrans="Taaa_M" />
        <lettre idLettre="3" x="212" transcription="لا" LatinTrans="Laam_Alif" />
      </paw>
      <paw idPaw="4" x="192" transcription="ف" LatinTrans="Faa_I">
        <lettre idLettre="1" x="192" transcription="ف" LatinTrans="Faa_I" />
      </paw>
    </word>
    <word idWord="2" x="189" transcription=" " LatinTrans="SPACE">
      <paw idPaw="1" x="189" transcription=" " LatinTrans="SPACE">
        <lettre idLettre="1" x="189" transcription=" " LatinTrans="SPACE" />
      </paw>
    </word>
    <word idWord="3" x="119" transcription="الحاكم" LatinTrans="Alif_I Laam_B Haaa_M Alif_E Kaaf_B Miim_E">
      <paw idPaw="1" x="183" transcription="ا" LatinTrans="Alif_I">
        <lettre idLettre="1" x="183" transcription="ا" LatinTrans="Alif_I" />
      </paw>
      <paw idPaw="2" x="156" transcription="لحا" LatinTrans="Laam_B Haaa_M Alif_E">
        <lettre idLettre="1" x="177" transcription="ل" LatinTrans="Laam_B" />
        <lettre idLettre="2" x="165" transcription="ح" LatinTrans="Haaa_M" />
        <lettre idLettre="3" x="156" transcription="ا" LatinTrans="Alif_E" />
      </paw>
      <paw idPaw="3" x="119" transcription="كم" LatinTrans="Kaaf_B Miim_E">
        <lettre idLettre="1" x="141" transcription="ك" LatinTrans="Kaaf_B" />
        <lettre idLettre="2" x="119" transcription="م" LatinTrans="Miim_E" />
      </paw>
    </word>
    <word idWord="4" x="116" transcription=" " LatinTrans="SPACE">
      <paw idPaw="1" x="116" transcription=" " LatinTrans="SPACE">
        <lettre idLettre="1" x="116" transcription=" " LatinTrans="SPACE" />
      </paw>
    </word>
    <word idWord="5" x="0" transcription="والمعارضة" LatinTrans="Waaw_I Alif_I Laam_B Miim_M Ayn_M Alif_E Raa_I Daad_B TaaaClosed_E">
      <paw idPaw="1" x="104" transcription="و" LatinTrans="Waaw_I">
        <lettre idLettre="1" x="104" transcription="و" LatinTrans="Waaw_I" />
      </paw>
      <paw idPaw="2" x="100" transcription="ا" LatinTrans="Alif_I">
        <lettre idLettre="1" x="100" transcription="ا" LatinTrans="Alif_I" />
      </paw>
      <paw idPaw="3" x="60" transcription="لمعا" LatinTrans="Laam_B Miim_M Ayn_M Alif_E">
        <lettre idLettre="1" x="94" transcription="ل" LatinTrans="Laam_B" />
        <lettre idLettre="2" x="82" transcription="م" LatinTrans="Miim_M" />
        <lettre idLettre="3" x="67" transcription="ع" LatinTrans="Ayn_M" />
        <lettre idLettre="4" x="60" transcription="ا" LatinTrans="Alif_E" />
      </paw>
      <paw idPaw="4" x="52" transcription="ر" LatinTrans="Raa_I">
        <lettre idLettre="1" x="52" transcription="ر" LatinTrans="Raa_I" />
      </paw>
      <paw idPaw="5" x="0" transcription="ضة" LatinTrans="Daad_B TaaaClosed_E">
        <lettre idLettre="1" x="31" transcription="ض" LatinTrans="Daad_B" />
        <lettre idLettre="2" x="0" transcription="ة" LatinTrans="TaaaClosed_E" />
      </paw>
    </word>
  </content>
</textImage>