﻿<?xml version="1.0" encoding="UTF-8" standalone="yes"?>
<textImage id="1" width="108" height="50" transcription="عاجل" image="aljazeera_3212-03-52-40_1">
  <ArabicTranscription>عاجل</ArabicTranscription>
  <LatinTranscription>Ayn_B Alif_E Jiim_B Laam_E</LatinTranscription>
  <content>
    <word idWord="1" x="0" transcription="عاجل" LatinTrans="Ayn_B Alif_E Jiim_B Laam_E">
      <paw idPaw="1" x="61" transcription="عا" LatinTrans="Ayn_B Alif_E">
        <lettre idLettre="1" x="75" transcription="ع" LatinTrans="Ayn_B" />
        <lettre idLettre="2" x="61" transcription="ا" LatinTrans="Alif_E" />
      </paw>
      <paw idPaw="2" x="0" transcription="جل" LatinTrans="Jiim_B Laam_E">
        <lettre idLettre="1" x="36" transcription="ج" LatinTrans="Jiim_B" />
        <lettre idLettre="2" x="0" transcription="ل" LatinTrans="Laam_E" />
      </paw>
    </word>
  </content>
</textImage>