﻿<?xml version="1.0" encoding="UTF-8" standalone="yes"?>
<textImage id="1" width="267" height="37" transcription="مقاتل موال لحزب الله وإيران" image="aljazeera_3212-04-32-40_1">
  <ArabicTranscription>مقاتل موال لحزب الله وإيران</ArabicTranscription>
  <LatinTranscription>Miim_B Gaaf_M Alif_E Taaa_B Laam_E SPACE Miim_B Waaw_E Alif_I Laam_I SPACE Laam_B Haaa_M Zaay_E Baa_I SPACE Alif_I Laam_B Laam_M Haa_E SPACE Waaw_I HamzaOnederAlif_I Yaa_B Raa_E Alif_I Nuun_I</LatinTranscription>
  <content>
    <word idWord="1" x="205" transcription="مقاتل" LatinTrans="Miim_B Gaaf_M Alif_E Taaa_B Laam_E">
      <paw idPaw="1" x="232" transcription="مقا" LatinTrans="Miim_B Gaaf_M Alif_E">
        <lettre idLettre="1" x="252" transcription="م" LatinTrans="Miim_B" />
        <lettre idLettre="2" x="239" transcription="ق" LatinTrans="Gaaf_M" />
        <lettre idLettre="3" x="232" transcription="ا" LatinTrans="Alif_E" />
      </paw>
      <paw idPaw="2" x="205" transcription="تل" LatinTrans="Taaa_B Laam_E">
        <lettre idLettre="1" x="221" transcription="ت" LatinTrans="Taaa_B" />
        <lettre idLettre="2" x="205" transcription="ل" LatinTrans="Laam_E" />
      </paw>
    </word>
    <word idWord="2" x="199" transcription=" " LatinTrans="SPACE">
      <paw idPaw="1" x="199" transcription=" " LatinTrans="SPACE">
        <lettre idLettre="1" x="199" transcription=" " LatinTrans="SPACE" />
      </paw>
    </word>
    <word idWord="3" x="154" transcription="موال" LatinTrans="Miim_B Waaw_E Alif_I Laam_I">
      <paw idPaw="1" x="176" transcription="مو" LatinTrans="Miim_B Waaw_E">
        <lettre idLettre="1" x="187" transcription="م" LatinTrans="Miim_B" />
        <lettre idLettre="2" x="176" transcription="و" LatinTrans="Waaw_E" />
      </paw>
      <paw idPaw="2" x="170" transcription="ا" LatinTrans="Alif_I">
        <lettre idLettre="1" x="170" transcription="ا" LatinTrans="Alif_I" />
      </paw>
      <paw idPaw="3" x="154" transcription="ل" LatinTrans="Laam_I">
        <lettre idLettre="1" x="154" transcription="ل" LatinTrans="Laam_I" />
      </paw>
    </word>
    <word idWord="4" x="151" transcription=" " LatinTrans="SPACE">
      <paw idPaw="1" x="151" transcription=" " LatinTrans="SPACE">
        <lettre idLettre="1" x="151" transcription=" " LatinTrans="SPACE" />
      </paw>
    </word>
    <word idWord="5" x="100" transcription="لحزب" LatinTrans="Laam_B Haaa_M Zaay_E Baa_I">
      <paw idPaw="1" x="120" transcription="لحز" LatinTrans="Laam_B Haaa_M Zaay_E">
        <lettre idLettre="1" x="144" transcription="ل" LatinTrans="Laam_B" />
        <lettre idLettre="2" x="127" transcription="ح" LatinTrans="Haaa_M" />
        <lettre idLettre="3" x="120" transcription="ز" LatinTrans="Zaay_E" />
      </paw>
      <paw idPaw="2" x="100" transcription="ب" LatinTrans="Baa_I">
        <lettre idLettre="1" x="100" transcription="ب" LatinTrans="Baa_I" />
      </paw>
    </word>
    <word idWord="6" x="96" transcription=" " LatinTrans="SPACE">
      <paw idPaw="1" x="96" transcription=" " LatinTrans="SPACE">
        <lettre idLettre="1" x="96" transcription=" " LatinTrans="SPACE" />
      </paw>
    </word>
    <word idWord="7" x="66" transcription="الله" LatinTrans="Alif_I Laam_B Laam_M Haa_E">
      <paw idPaw="1" x="90" transcription="ا" LatinTrans="Alif_I">
        <lettre idLettre="1" x="90" transcription="ا" LatinTrans="Alif_I" />
      </paw>
      <paw idPaw="2" x="66" transcription="لله" LatinTrans="Laam_B Laam_M Haa_E">
        <lettre idLettre="1" x="86" transcription="ل" LatinTrans="Laam_B" />
        <lettre idLettre="2" x="80" transcription="ل" LatinTrans="Laam_M" />
        <lettre idLettre="3" x="66" transcription="ه" LatinTrans="Haa_E" />
      </paw>
    </word>
    <word idWord="8" x="62" transcription=" " LatinTrans="SPACE">
      <paw idPaw="1" x="62" transcription=" " LatinTrans="SPACE">
        <lettre idLettre="1" x="62" transcription=" " LatinTrans="SPACE" />
      </paw>
    </word>
    <word idWord="9" x="0" transcription="وإيران" LatinTrans="Waaw_I HamzaOnederAlif_I Yaa_B Raa_E Alif_I Nuun_I">
      <paw idPaw="1" x="50" transcription="و" LatinTrans="Waaw_I">
        <lettre idLettre="1" x="50" transcription="و" LatinTrans="Waaw_I" />
      </paw>
      <paw idPaw="2" x="44" transcription="إ" LatinTrans="HamzaOnederAlif_I">
        <lettre idLettre="1" x="44" transcription="إ" LatinTrans="HamzaUnderAlif_I" />
      </paw>
      <paw idPaw="3" x="24" transcription="ير" LatinTrans="Yaa_B Raa_E">
        <lettre idLettre="1" x="35" transcription="ي" LatinTrans="Yaa_B" />
        <lettre idLettre="2" x="24" transcription="ر" LatinTrans="Raa_E" />
      </paw>
      <paw idPaw="4" x="20" transcription="ا" LatinTrans="Alif_I">
        <lettre idLettre="1" x="20" transcription="ا" LatinTrans="Alif_I" />
      </paw>
      <paw idPaw="5" x="0" transcription="ن" LatinTrans="Nuun_I">
        <lettre idLettre="1" x="0" transcription="ن" LatinTrans="Nuun_I" />
      </paw>
    </word>
  </content>
</textImage>