﻿<?xml version="1.0" encoding="UTF-8" standalone="yes"?>
<textImage id="2" width="488" height="52" transcription="الخطيب بتمديد المهلة التي منحها" image="aljazeera_3213-05-31-40_4">
  <ArabicTranscription>الخطيب بتمديد المهلة التي منحها</ArabicTranscription>
  <LatinTranscription>Alif_I Laam_B Xaa_M Thaaa_M Yaa_M Baa_E SPACE Baa_B Taaa_M Miim_M Daal_E Yaa_B Daal_E SPACE Alif_I Laam_B Miim_M Haa_M Laam_M TaaaClosed_E SPACE Alif_I Laam_B Taaa_M Yaa_E SPACE Miim_B Nuun_M Haaa_M Haa_M Alif_E</LatinTranscription>
  <content>
    <word idWord="1" x="379" transcription="الخطيب" LatinTrans="Alif_I Laam_B Xaa_M Thaaa_M Yaa_M Baa_E">
      <paw idPaw="1" x="476" transcription="ا" LatinTrans="Alif_I">
        <lettre idLettre="1" x="476" transcription="ا" LatinTrans="Alif_I" />
      </paw>
      <paw idPaw="2" x="379" transcription="لخطيب" LatinTrans="Laam_B Xaa_M Thaaa_M Yaa_M Baa_E">
        <lettre idLettre="1" x="469" transcription="ل" LatinTrans="Laam_B" />
        <lettre idLettre="2" x="447" transcription="خ" LatinTrans="Xaa_M" />
        <lettre idLettre="3" x="423" transcription="ط" LatinTrans="Thaaa_M" />
        <lettre idLettre="4" x="407" transcription="ي" LatinTrans="Yaa_M" />
        <lettre idLettre="5" x="379" transcription="ب" LatinTrans="Baa_E" />
      </paw>
    </word>
    <word idWord="2" x="372" transcription=" " LatinTrans="SPACE">
      <paw idPaw="1" x="372" transcription=" " LatinTrans="SPACE">
        <lettre idLettre="1" x="372" transcription=" " LatinTrans="SPACE" />
      </paw>
    </word>
    <word idWord="3" x="276" transcription="بتمديد" LatinTrans="Baa_B Taaa_M Miim_M Daal_E Yaa_B Daal_E">
      <paw idPaw="1" x="308" transcription="بتمد" LatinTrans="Baa_B Taaa_M Miim_M Daal_E">
        <lettre idLettre="1" x="361" transcription="ب" LatinTrans="Baa_B" />
        <lettre idLettre="2" x="341" transcription="ت" LatinTrans="Taaa_M" />
        <lettre idLettre="3" x="326" transcription="م" LatinTrans="Miim_M" />
        <lettre idLettre="4" x="308" transcription="د" LatinTrans="Daal_E" />
      </paw>
      <paw idPaw="2" x="276" transcription="يد" LatinTrans="Yaa_B Daal_E">
        <lettre idLettre="1" x="291" transcription="ي" LatinTrans="Yaa_B" />
        <lettre idLettre="2" x="276" transcription="د" LatinTrans="Daal_E" />
      </paw>
    </word>
    <word idWord="4" x="269" transcription=" " LatinTrans="SPACE">
      <paw idPaw="1" x="269" transcription=" " LatinTrans="SPACE">
        <lettre idLettre="1" x="269" transcription=" " LatinTrans="SPACE" />
      </paw>
    </word>
    <word idWord="5" x="188" transcription="المهلة" LatinTrans="Alif_I Laam_B Miim_M Haa_M Laam_M TaaaClosed_E">
      <paw idPaw="1" x="260" transcription="ا" LatinTrans="Alif_I">
        <lettre idLettre="1" x="260" transcription="ا" LatinTrans="Alif_I" />
      </paw>
      <paw idPaw="2" x="188" transcription="لمهلة" LatinTrans="Laam_B Miim_M Haa_M Laam_M TaaaClosed_E">
        <lettre idLettre="1" x="252" transcription="ل" LatinTrans="Laam_B" />
        <lettre idLettre="2" x="236" transcription="م" LatinTrans="Miim_M" />
        <lettre idLettre="3" x="218" transcription="ه" LatinTrans="Haa_M" />
        <lettre idLettre="4" x="204" transcription="ل" LatinTrans="Laam_M" />
        <lettre idLettre="5" x="188" transcription="ة" LatinTrans="TaaaClosed_E" />
      </paw>
    </word>
    <word idWord="6" x="180" transcription=" " LatinTrans="SPACE">
      <paw idPaw="1" x="180" transcription=" " LatinTrans="SPACE">
        <lettre idLettre="1" x="180" transcription=" " LatinTrans="SPACE" />
      </paw>
    </word>
    <word idWord="7" x="106" transcription="التي" LatinTrans="Alif_I Laam_B Taaa_M Yaa_E">
      <paw idPaw="1" x="173" transcription="ا" LatinTrans="Alif_I">
        <lettre idLettre="1" x="173" transcription="ا" LatinTrans="Alif_I" />
      </paw>
      <paw idPaw="2" x="106" transcription="لتي" LatinTrans="Laam_B Taaa_M Yaa_E">
        <lettre idLettre="1" x="163" transcription="ل" LatinTrans="Laam_B" />
        <lettre idLettre="2" x="145" transcription="ت" LatinTrans="Taaa_M" />
        <lettre idLettre="3" x="106" transcription="ي" LatinTrans="Yaa_E" />
      </paw>
    </word>
    <word idWord="8" x="99" transcription=" " LatinTrans="SPACE">
      <paw idPaw="1" x="99" transcription=" " LatinTrans="SPACE">
        <lettre idLettre="1" x="99" transcription=" " LatinTrans="SPACE" />
      </paw>
    </word>
    <word idWord="9" x="0" transcription="منحها" LatinTrans="Miim_B Nuun_M Haaa_M Haa_M Alif_E">
      <paw idPaw="1" x="0" transcription="منحها" LatinTrans="Miim_B Nuun_M Haaa_M Haa_M Alif_E">
        <lettre idLettre="1" x="84" transcription="م" LatinTrans="Miim_B" />
        <lettre idLettre="2" x="70" transcription="ن" LatinTrans="Nuun_M" />
        <lettre idLettre="3" x="52" transcription="ح" LatinTrans="Haaa_M" />
        <lettre idLettre="4" x="32" transcription="ه" LatinTrans="Haa_M" />
        <lettre idLettre="5" x="0" transcription="ا" LatinTrans="Alif_E" />
      </paw>
    </word>
  </content>
</textImage>