﻿<?xml version="1.0" encoding="UTF-8" standalone="yes"?>
<textImage id="4" width="310" height="43" transcription="بإنجاح مؤتمر الحوار الوطني" image="aljazeera_3211-10-27-10_4">
  <ArabicTranscription>بإنجاح مؤتمر الحوار الوطني</ArabicTranscription>
  <LatinTranscription>Baa_B HamzaOnederAlif_E Nuun_B Jiim_M Alif_E Haaa_I SPACE Miim_B HamzaAboveWaaw_E Taaa_B Miim_M Raa_E SPACE Alif_I Laam_B Haaa_M Waaw_E Alif_I Raa_I SPACE Alif_I Laam_B Waaw_E Thaaa_B Nuun_M Yaa_E</LatinTranscription>
  <content>
    <word idWord="1" x="214" transcription="بإنجاح" LatinTrans="Baa_B HamzaOnederAlif_E Nuun_B Jiim_M Alif_E Haaa_I">
      <paw idPaw="1" x="276" transcription="بإ" LatinTrans="Baa_B HamzaOnederAlif_E">
        <lettre idLettre="1" x="293" transcription="ب" LatinTrans="Baa_B" />
        <lettre idLettre="2" x="276" transcription="إ" LatinTrans="HamzaUnderAlif_E" />
      </paw>
      <paw idPaw="2" x="230" transcription="نجا" LatinTrans="Nuun_B Jiim_M Alif_E">
        <lettre idLettre="1" x="259" transcription="ن" LatinTrans="Nuun_B" />
        <lettre idLettre="2" x="238" transcription="ج" LatinTrans="Jiim_M" />
        <lettre idLettre="3" x="230" transcription="ا" LatinTrans="Alif_E" />
      </paw>
      <paw idPaw="3" x="214" transcription="ح" LatinTrans="Haaa_I">
        <lettre idLettre="1" x="214" transcription="ح" LatinTrans="Haaa_I" />
      </paw>
    </word>
    <word idWord="2" x="211" transcription=" " LatinTrans="SPACE">
      <paw idPaw="1" x="211" transcription=" " LatinTrans="SPACE">
        <lettre idLettre="1" x="211" transcription=" " LatinTrans="SPACE" />
      </paw>
    </word>
    <word idWord="3" x="140" transcription="مؤتمر" LatinTrans="Miim_B HamzaAboveWaaw_E Taaa_B Miim_M Raa_E">
      <paw idPaw="1" x="188" transcription="مؤ" LatinTrans="Miim_B HamzaAboveWaaw_E">
        <lettre idLettre="1" x="199" transcription="م" LatinTrans="Miim_B" />
        <lettre idLettre="2" x="188" transcription="ؤ" LatinTrans="HamzaAboveWaaw_E" />
      </paw>
      <paw idPaw="2" x="140" transcription="تمر" LatinTrans="Taaa_B Miim_M Raa_E">
        <lettre idLettre="1" x="179" transcription="ت" LatinTrans="Taaa_B" />
        <lettre idLettre="2" x="157" transcription="م" LatinTrans="Miim_M" />
        <lettre idLettre="3" x="140" transcription="ر" LatinTrans="Raa_E" />
      </paw>
    </word>
    <word idWord="4" x="137" transcription=" " LatinTrans="SPACE">
      <paw idPaw="1" x="137" transcription=" " LatinTrans="SPACE">
        <lettre idLettre="1" x="137" transcription=" " LatinTrans="SPACE" />
      </paw>
    </word>
    <word idWord="5" x="85" transcription="الحوار" LatinTrans="Alif_I Laam_B Haaa_M Waaw_E Alif_I Raa_I">
      <paw idPaw="1" x="131" transcription="ا" LatinTrans="Alif_I">
        <lettre idLettre="1" x="131" transcription="ا" LatinTrans="Alif_I" />
      </paw>
      <paw idPaw="2" x="102" transcription="لحو" LatinTrans="Laam_B Haaa_M Waaw_E">
        <lettre idLettre="1" x="124" transcription="ل" LatinTrans="Laam_B" />
        <lettre idLettre="2" x="110" transcription="ح" LatinTrans="Haaa_M" />
        <lettre idLettre="3" x="102" transcription="و" LatinTrans="Waaw_E" />
      </paw>
      <paw idPaw="3" x="95" transcription="ا" LatinTrans="Alif_I">
        <lettre idLettre="1" x="95" transcription="ا" LatinTrans="Alif_I" />
      </paw>
      <paw idPaw="4" x="85" transcription="ر" LatinTrans="Raa_I">
        <lettre idLettre="1" x="85" transcription="ر" LatinTrans="Raa_I" />
      </paw>
    </word>
    <word idWord="6" x="82" transcription=" " LatinTrans="SPACE">
      <paw idPaw="1" x="82" transcription=" " LatinTrans="SPACE">
        <lettre idLettre="1" x="82" transcription=" " LatinTrans="SPACE" />
      </paw>
    </word>
    <word idWord="7" x="0" transcription="الوطني" LatinTrans="Alif_I Laam_B Waaw_E Thaaa_B Nuun_M Yaa_E">
      <paw idPaw="1" x="77" transcription="ا" LatinTrans="Alif_I">
        <lettre idLettre="1" x="77" transcription="ا" LatinTrans="Alif_I" />
      </paw>
      <paw idPaw="2" x="60" transcription="لو" LatinTrans="Laam_B Waaw_E">
        <lettre idLettre="1" x="72" transcription="ل" LatinTrans="Laam_B" />
        <lettre idLettre="2" x="60" transcription="و" LatinTrans="Waaw_E" />
      </paw>
      <paw idPaw="3" x="0" transcription="طني" LatinTrans="Thaaa_B Nuun_M Yaa_E">
        <lettre idLettre="1" x="44" transcription="ط" LatinTrans="Thaaa_B" />
        <lettre idLettre="2" x="29" transcription="ن" LatinTrans="Nuun_M" />
        <lettre idLettre="3" x="0" transcription="ي" LatinTrans="Yaa_E" />
      </paw>
    </word>
  </content>
</textImage>