﻿<?xml version="1.0" encoding="UTF-8" standalone="yes"?>
<textImage id="3" width="489" height="50" transcription="بالمواضيع الشخصية مرفوضة" image="aljazeera_3213-05-33-20_3">
  <ArabicTranscription>بالمواضيع الشخصية مرفوضة</ArabicTranscription>
  <LatinTranscription>Baa_B Alif_E Laam_B Miim_M Waaw_E Alif_I Daad_B Yaa_M Ayn_E SPACE Alif_I Laam_B Shiin_M Xaa_M Saad_M Yaa_M TaaaClosed_E SPACE Miim_B Raa_E Faa_B Waaw_E Daad_B TaaaClosed_E</LatinTranscription>
  <content>
    <word idWord="1" x="303" transcription="بالمواضيع" LatinTrans="Baa_B Alif_E Laam_B Miim_M Waaw_E Alif_I Daad_B Yaa_M Ayn_E">
      <paw idPaw="1" x="443" transcription="با" LatinTrans="Baa_B Alif_E">
        <lettre idLettre="1" x="461" transcription="ب" LatinTrans="Baa_B" />
        <lettre idLettre="2" x="443" transcription="ا" LatinTrans="Alif_E" />
      </paw>
      <paw idPaw="2" x="398" transcription="لمو" LatinTrans="Laam_B Miim_M Waaw_E">
        <lettre idLettre="1" x="431" transcription="ل" LatinTrans="Laam_B" />
        <lettre idLettre="2" x="415" transcription="م" LatinTrans="Miim_M" />
        <lettre idLettre="3" x="398" transcription="و" LatinTrans="Waaw_E" />
      </paw>
      <paw idPaw="3" x="390" transcription="ا" LatinTrans="Alif_I">
        <lettre idLettre="1" x="390" transcription="ا" LatinTrans="Alif_I" />
      </paw>
      <paw idPaw="4" x="303" transcription="ضيع" LatinTrans="Daad_B Yaa_M Ayn_E">
        <lettre idLettre="1" x="365" transcription="ض" LatinTrans="Daad_B" />
        <lettre idLettre="2" x="331" transcription="ي" LatinTrans="Yaa_M" />
        <lettre idLettre="3" x="303" transcription="ع" LatinTrans="Ayn_E" />
      </paw>
    </word>
    <word idWord="2" x="297" transcription=" " LatinTrans="SPACE">
      <paw idPaw="1" x="297" transcription=" " LatinTrans="SPACE">
        <lettre idLettre="1" x="297" transcription=" " LatinTrans="SPACE" />
      </paw>
    </word>
    <word idWord="3" x="148" transcription="الشخصية" LatinTrans="Alif_I Laam_B Shiin_M Xaa_M Saad_M Yaa_M TaaaClosed_E">
      <paw idPaw="1" x="287" transcription="ا" LatinTrans="Alif_I">
        <lettre idLettre="1" x="287" transcription="ا" LatinTrans="Alif_I" />
      </paw>
      <paw idPaw="2" x="148" transcription="لشخصية" LatinTrans="Laam_B Shiin_M Xaa_M Saad_M Yaa_M TaaaClosed_E">
        <lettre idLettre="1" x="281" transcription="ل" LatinTrans="Laam_B" />
        <lettre idLettre="2" x="250" transcription="ش" LatinTrans="Shiin_M" />
        <lettre idLettre="3" x="231" transcription="خ" LatinTrans="Xaa_M" />
        <lettre idLettre="4" x="203" transcription="ص" LatinTrans="Saad_M" />
        <lettre idLettre="5" x="186" transcription="ي" LatinTrans="Yaa_M" />
        <lettre idLettre="6" x="148" transcription="ة" LatinTrans="TaaaClosed_E" />
      </paw>
    </word>
    <word idWord="4" x="143" transcription=" " LatinTrans="SPACE">
      <paw idPaw="1" x="143" transcription=" " LatinTrans="SPACE">
        <lettre idLettre="1" x="143" transcription=" " LatinTrans="SPACE" />
      </paw>
    </word>
    <word idWord="5" x="0" transcription="مرفوضة" LatinTrans="Miim_B Raa_E Faa_B Waaw_E Daad_B TaaaClosed_E">
      <paw idPaw="1" x="111" transcription="مر" LatinTrans="Miim_B Raa_E">
        <lettre idLettre="1" x="124" transcription="م" LatinTrans="Miim_B" />
        <lettre idLettre="2" x="111" transcription="ر" LatinTrans="Raa_E" />
      </paw>
      <paw idPaw="2" x="75" transcription="فو" LatinTrans="Faa_B Waaw_E">
        <lettre idLettre="1" x="93" transcription="ف" LatinTrans="Faa_B" />
        <lettre idLettre="2" x="75" transcription="و" LatinTrans="Waaw_E" />
      </paw>
      <paw idPaw="3" x="0" transcription="ضة" LatinTrans="Daad_B TaaaClosed_E">
        <lettre idLettre="1" x="43" transcription="ض" LatinTrans="Daad_B" />
        <lettre idLettre="2" x="0" transcription="ة" LatinTrans="TaaaClosed_E" />
      </paw>
    </word>
  </content>
</textImage>