﻿<?xml version="1.0" encoding="UTF-8" standalone="yes"?>
<textImage id="1" width="250" height="41" transcription="ترقب في تونس مع استمرار" image="aljazeera_3211-10-12-00_1">
  <ArabicTranscription>ترقب في تونس مع استمرار</ArabicTranscription>
  <LatinTranscription>Taaa_B Raa_E Gaaf_B Baa_E SPACE Faa_B Yaa_E SPACE Taaa_B Waaw_E Nuun_B Siin_E SPACE Miim_B Ayn_E SPACE Alif_I Siin_B Taaa_M Miim_M Raa_E Alif_I Raa_I</LatinTranscription>
  <content>
    <word idWord="1" x="196" transcription="ترقب" LatinTrans="Taaa_B Raa_E Gaaf_B Baa_E">
      <paw idPaw="1" x="226" transcription="تر" LatinTrans="Taaa_B Raa_E">
        <lettre idLettre="1" x="236" transcription="ت" LatinTrans="Taaa_B" />
        <lettre idLettre="2" x="226" transcription="ر" LatinTrans="Raa_E" />
      </paw>
      <paw idPaw="2" x="196" transcription="قب" LatinTrans="Gaaf_B Baa_E">
        <lettre idLettre="1" x="213" transcription="ق" LatinTrans="Gaaf_B" />
        <lettre idLettre="2" x="196" transcription="ب" LatinTrans="Baa_E" />
      </paw>
    </word>
    <word idWord="2" x="193" transcription=" " LatinTrans="SPACE">
      <paw idPaw="1" x="193" transcription=" " LatinTrans="SPACE">
        <lettre idLettre="1" x="193" transcription=" " LatinTrans="SPACE" />
      </paw>
    </word>
    <word idWord="3" x="164" transcription="في" LatinTrans="Faa_B Yaa_E">
      <paw idPaw="1" x="164" transcription="في" LatinTrans="Faa_B Yaa_E">
        <lettre idLettre="1" x="180" transcription="ف" LatinTrans="Faa_B" />
        <lettre idLettre="2" x="164" transcription="ي" LatinTrans="Yaa_E" />
      </paw>
    </word>
    <word idWord="4" x="161" transcription=" " LatinTrans="SPACE">
      <paw idPaw="1" x="161" transcription=" " LatinTrans="SPACE">
        <lettre idLettre="1" x="161" transcription=" " LatinTrans="SPACE" />
      </paw>
    </word>
    <word idWord="5" x="103" transcription="تونس" LatinTrans="Taaa_B Waaw_E Nuun_B Siin_E">
      <paw idPaw="1" x="139" transcription="تو" LatinTrans="Taaa_B Waaw_E">
        <lettre idLettre="1" x="149" transcription="ت" LatinTrans="Taaa_B" />
        <lettre idLettre="2" x="139" transcription="و" LatinTrans="Waaw_E" />
      </paw>
      <paw idPaw="2" x="103" transcription="نس" LatinTrans="Nuun_B Siin_E">
        <lettre idLettre="1" x="129" transcription="ن" LatinTrans="Nuun_B" />
        <lettre idLettre="2" x="103" transcription="س" LatinTrans="Siin_E" />
      </paw>
    </word>
    <word idWord="6" x="99" transcription=" " LatinTrans="SPACE">
      <paw idPaw="1" x="99" transcription=" " LatinTrans="SPACE">
        <lettre idLettre="1" x="99" transcription=" " LatinTrans="SPACE" />
      </paw>
    </word>
    <word idWord="7" x="72" transcription="مع" LatinTrans="Miim_B Ayn_E">
      <paw idPaw="1" x="72" transcription="مع" LatinTrans="Miim_B Ayn_E">
        <lettre idLettre="1" x="89" transcription="م" LatinTrans="Miim_B" />
        <lettre idLettre="2" x="72" transcription="ع" LatinTrans="Ayn_E" />
      </paw>
    </word>
    <word idWord="8" x="68" transcription=" " LatinTrans="SPACE">
      <paw idPaw="1" x="68" transcription=" " LatinTrans="SPACE">
        <lettre idLettre="1" x="68" transcription=" " LatinTrans="SPACE" />
      </paw>
    </word>
    <word idWord="9" x="0" transcription="استمرار" LatinTrans="Alif_I Siin_B Taaa_M Miim_M Raa_E Alif_I Raa_I">
      <paw idPaw="1" x="62" transcription="ا" LatinTrans="Alif_I">
        <lettre idLettre="1" x="62" transcription="ا" LatinTrans="Alif_I" />
      </paw>
      <paw idPaw="2" x="16" transcription="ستمر" LatinTrans="Siin_B Taaa_M Miim_M Raa_E">
        <lettre idLettre="1" x="47" transcription="س" LatinTrans="Siin_B" />
        <lettre idLettre="2" x="35" transcription="ت" LatinTrans="Taaa_M" />
        <lettre idLettre="3" x="24" transcription="م" LatinTrans="Miim_M" />
        <lettre idLettre="4" x="16" transcription="ر" LatinTrans="Raa_E" />
      </paw>
      <paw idPaw="3" x="10" transcription="ا" LatinTrans="Alif_I">
        <lettre idLettre="1" x="10" transcription="ا" LatinTrans="Alif_I" />
      </paw>
      <paw idPaw="4" x="0" transcription="ر" LatinTrans="Raa_I">
        <lettre idLettre="1" x="0" transcription="ر" LatinTrans="Raa_I" />
      </paw>
    </word>
  </content>
</textImage>