﻿<?xml version="1.0" encoding="UTF-8" standalone="yes"?>
<textImage id="3" width="312" height="39" transcription="الخروج من المرحلة الانتقالية" image="aljazeera_3211-10-27-10_3">
  <ArabicTranscription>الخروج من المرحلة الانتقالية</ArabicTranscription>
  <LatinTranscription>Alif_I Laam_B Xaa_M Raa_E Waaw_I Jiim_I SPACE Miim_B Nuun_E SPACE Alif_I Laam_B Miim_M Raa_E Haaa_B Laam_M TaaaClosed_E SPACE Alif_I Laam_Alif Nuun_B Taaa_M Gaaf_M Alif_E Laam_B Yaa_M TaaaClosed_E</LatinTranscription>
  <content>
    <word idWord="1" x="246" transcription="الخروج" LatinTrans="Alif_I Laam_B Xaa_M Raa_E Waaw_I Jiim_I">
      <paw idPaw="1" x="302" transcription="ا" LatinTrans="Alif_I">
        <lettre idLettre="1" x="302" transcription="ا" LatinTrans="Alif_I" />
      </paw>
      <paw idPaw="2" x="273" transcription="لخر" LatinTrans="Laam_B Xaa_M Raa_E">
        <lettre idLettre="1" x="296" transcription="ل" LatinTrans="Laam_B" />
        <lettre idLettre="2" x="282" transcription="خ" LatinTrans="Xaa_M" />
        <lettre idLettre="3" x="273" transcription="ر" LatinTrans="Raa_E" />
      </paw>
      <paw idPaw="3" x="262" transcription="و" LatinTrans="Waaw_I">
        <lettre idLettre="1" x="262" transcription="و" LatinTrans="Waaw_I" />
      </paw>
      <paw idPaw="4" x="246" transcription="ج" LatinTrans="Jiim_I">
        <lettre idLettre="1" x="246" transcription="ج" LatinTrans="Jiim_I" />
      </paw>
    </word>
    <word idWord="2" x="244" transcription=" " LatinTrans="SPACE">
      <paw idPaw="1" x="244" transcription=" " LatinTrans="SPACE">
        <lettre idLettre="1" x="244" transcription=" " LatinTrans="SPACE" />
      </paw>
    </word>
    <word idWord="3" x="198" transcription="من" LatinTrans="Miim_B Nuun_E">
      <paw idPaw="1" x="198" transcription="من" LatinTrans="Miim_B Nuun_E">
        <lettre idLettre="1" x="227" transcription="م" LatinTrans="Miim_B" />
        <lettre idLettre="2" x="198" transcription="ن" LatinTrans="Nuun_E" />
      </paw>
    </word>
    <word idWord="4" x="194" transcription=" " LatinTrans="SPACE">
      <paw idPaw="1" x="194" transcription=" " LatinTrans="SPACE">
        <lettre idLettre="1" x="194" transcription=" " LatinTrans="SPACE" />
      </paw>
    </word>
    <word idWord="5" x="112" transcription="المرحلة" LatinTrans="Alif_I Laam_B Miim_M Raa_E Haaa_B Laam_M TaaaClosed_E">
      <paw idPaw="1" x="190" transcription="ا" LatinTrans="Alif_I">
        <lettre idLettre="1" x="190" transcription="ا" LatinTrans="Alif_I" />
      </paw>
      <paw idPaw="2" x="163" transcription="لمر" LatinTrans="Laam_B Miim_M Raa_E">
        <lettre idLettre="1" x="184" transcription="ل" LatinTrans="Laam_B" />
        <lettre idLettre="2" x="173" transcription="م" LatinTrans="Miim_M" />
        <lettre idLettre="3" x="163" transcription="ر" LatinTrans="Raa_E" />
      </paw>
      <paw idPaw="3" x="112" transcription="حلة" LatinTrans="Haaa_B Laam_M TaaaClosed_E">
        <lettre idLettre="1" x="149" transcription="ح" LatinTrans="Haaa_B" />
        <lettre idLettre="2" x="137" transcription="ل" LatinTrans="Laam_M" />
        <lettre idLettre="3" x="112" transcription="ة" LatinTrans="TaaaClosed_E" />
      </paw>
    </word>
    <word idWord="6" x="109" transcription=" " LatinTrans="SPACE">
      <paw idPaw="1" x="109" transcription=" " LatinTrans="SPACE">
        <lettre idLettre="1" x="109" transcription=" " LatinTrans="SPACE" />
      </paw>
    </word>
    <word idWord="7" x="0" transcription="الانتقالية" LatinTrans="Alif_I Laam_Alif Nuun_B Taaa_M Gaaf_M Alif_E Laam_B Yaa_M TaaaClosed_E">
      <paw idPaw="1" x="103" transcription="ا" LatinTrans="Alif_I">
        <lettre idLettre="1" x="103" transcription="ا" LatinTrans="Alif_I" />
      </paw>
      <paw idPaw="2" x="91" transcription="لا" LatinTrans="Laam_Alif">
        <lettre idLettre="1" x="91" transcription="لا" LatinTrans="Laam_Alif" />
      </paw>
      <paw idPaw="3" x="50" transcription="نتقا" LatinTrans="Nuun_B Taaa_M Gaaf_M Alif_E">
        <lettre idLettre="1" x="82" transcription="ن" LatinTrans="Nuun_B" />
        <lettre idLettre="2" x="70" transcription="ت" LatinTrans="Taaa_M" />
        <lettre idLettre="3" x="57" transcription="ق" LatinTrans="Gaaf_M" />
        <lettre idLettre="4" x="50" transcription="ا" LatinTrans="Alif_E" />
      </paw>
      <paw idPaw="4" x="0" transcription="لية" LatinTrans="Laam_B Yaa_M TaaaClosed_E">
        <lettre idLettre="1" x="45" transcription="ل" LatinTrans="Laam_B" />
        <lettre idLettre="2" x="31" transcription="ي" LatinTrans="Yaa_M" />
        <lettre idLettre="3" x="0" transcription="ة" LatinTrans="TaaaClosed_E" />
      </paw>
    </word>
  </content>
</textImage>