﻿<?xml version="1.0" encoding="UTF-8" standalone="yes"?>
<textImage id="1" width="491" height="53" transcription="الكويت بعد انقطاع 22 عاما" image="aljazeera_3213-05-33-50_2">
  <ArabicTranscription>الكويت بعد انقطاع 22 عاما</ArabicTranscription>
  <LatinTranscription>Alif_I Laam_B Kaaf_M Waaw_E Yaa_B Taaa_E SPACE Baa_B Ayn_M Daal_E SPACE Alif_I Nuun_B Gaaf_M Thaaa_M Alif_E Ayn_I SPACE Two Two SPACE Ayn_B Alif_E Miim_B Alif_E</LatinTranscription>
  <content>
    <word idWord="1" x="332" transcription="الكويت" LatinTrans="Alif_I Laam_B Kaaf_M Waaw_E Yaa_B Taaa_E">
      <paw idPaw="1" x="481" transcription="ا" LatinTrans="Alif_I">
        <lettre idLettre="1" x="481" transcription="ا" LatinTrans="Alif_I" />
      </paw>
      <paw idPaw="2" x="399" transcription="لكو" LatinTrans="Laam_B Kaaf_M Waaw_E">
        <lettre idLettre="1" x="467" transcription="ل" LatinTrans="Laam_B" />
        <lettre idLettre="2" x="433" transcription="ك" LatinTrans="Kaaf_M" />
        <lettre idLettre="3" x="399" transcription="و" LatinTrans="Waaw_E" />
      </paw>
      <paw idPaw="3" x="332" transcription="يت" LatinTrans="Yaa_B Taaa_E">
        <lettre idLettre="1" x="380" transcription="ي" LatinTrans="Yaa_B" />
        <lettre idLettre="2" x="332" transcription="ت" LatinTrans="Taaa_E" />
      </paw>
    </word>
    <word idWord="2" x="325" transcription=" " LatinTrans="SPACE">
      <paw idPaw="1" x="325" transcription=" " LatinTrans="SPACE">
        <lettre idLettre="1" x="325" transcription=" " LatinTrans="SPACE" />
      </paw>
    </word>
    <word idWord="3" x="246" transcription="بعد" LatinTrans="Baa_B Ayn_M Daal_E">
      <paw idPaw="1" x="246" transcription="بعد" LatinTrans="Baa_B Ayn_M Daal_E">
        <lettre idLettre="1" x="312" transcription="ب" LatinTrans="Baa_B" />
        <lettre idLettre="2" x="284" transcription="ع" LatinTrans="Ayn_M" />
        <lettre idLettre="3" x="246" transcription="د" LatinTrans="Daal_E" />
      </paw>
    </word>
    <word idWord="4" x="238" transcription=" " LatinTrans="SPACE">
      <paw idPaw="1" x="238" transcription=" " LatinTrans="SPACE">
        <lettre idLettre="1" x="238" transcription=" " LatinTrans="SPACE" />
      </paw>
    </word>
    <word idWord="5" x="139" transcription="انقطاع" LatinTrans="Alif_I Nuun_B Gaaf_M Thaaa_M Alif_E Ayn_I">
      <paw idPaw="1" x="230" transcription="ا" LatinTrans="Alif_I">
        <lettre idLettre="1" x="230" transcription="ا" LatinTrans="Alif_I" />
      </paw>
      <paw idPaw="2" x="160" transcription="نقطا" LatinTrans="Nuun_B Gaaf_M Thaaa_M Alif_E">
        <lettre idLettre="1" x="216" transcription="ن" LatinTrans="Nuun_B" />
        <lettre idLettre="2" x="195" transcription="ق" LatinTrans="Gaaf_M" />
        <lettre idLettre="3" x="170" transcription="ط" LatinTrans="Thaaa_M" />
        <lettre idLettre="4" x="160" transcription="ا" LatinTrans="Alif_E" />
      </paw>
      <paw idPaw="3" x="139" transcription="ع" LatinTrans="Ayn_I">
        <lettre idLettre="1" x="139" transcription="ع" LatinTrans="Ayn_I" />
      </paw>
    </word>
    <word idWord="6" x="132" transcription=" " LatinTrans="SPACE">
      <paw idPaw="1" x="132" transcription=" " LatinTrans="SPACE">
        <lettre idLettre="1" x="132" transcription=" " LatinTrans="SPACE" />
      </paw>
    </word>
    <word idWord="7" x="95" transcription="22" LatinTrans="Two Two">
      <paw idPaw="1" x="115" transcription="2" LatinTrans="Two">
        <lettre idLettre="1" x="115" transcription="2" LatinTrans="Two" />
      </paw>
      <paw idPaw="2" x="95" transcription="2" LatinTrans="Two">
        <lettre idLettre="1" x="95" transcription="2" LatinTrans="Two" />
      </paw>
    </word>
    <word idWord="8" x="90" transcription=" " LatinTrans="SPACE">
      <paw idPaw="1" x="90" transcription=" " LatinTrans="SPACE">
        <lettre idLettre="1" x="90" transcription=" " LatinTrans="SPACE" />
      </paw>
    </word>
    <word idWord="9" x="0" transcription="عاما" LatinTrans="Ayn_B Alif_E Miim_B Alif_E">
      <paw idPaw="1" x="57" transcription="عا" LatinTrans="Ayn_B Alif_E">
        <lettre idLettre="1" x="68" transcription="ع" LatinTrans="Ayn_B" />
        <lettre idLettre="2" x="57" transcription="ا" LatinTrans="Alif_E" />
      </paw>
      <paw idPaw="2" x="0" transcription="ما" LatinTrans="Miim_B Alif_E">
        <lettre idLettre="1" x="33" transcription="م" LatinTrans="Miim_B" />
        <lettre idLettre="2" x="0" transcription="ا" LatinTrans="Alif_E" />
      </paw>
    </word>
  </content>
</textImage>