﻿<?xml version="1.0" encoding="UTF-8" standalone="yes"?>
<textImage id="2" width="476" height="37" transcription="الجمهورية حول تطورات الأوضاع في تونس" image="aljazeera_3211-10-33-00_2">
  <ArabicTranscription>الجمهورية حول تطورات الأوضاع في تونس</ArabicTranscription>
  <LatinTranscription>Alif_I Laam_B Jiim_M Miim_M Haa_M Waaw_E Raa_I Yaa_B TaaaClosed_E SPACE Haaa_B Waaw_E Laam_I SPACE Taaa_B Thaaa_M Waaw_E Raa_I Alif_I Taaa_I SPACE Alif_I Laam_HamzaAboveAlif Waaw_I Daad_B Alif_E Ayn_I SPACE Faa_B Yaa_E SPACE Taaa_B Waaw_E Nuun_B Siin_E</LatinTranscription>
  <content>
    <word idWord="1" x="316" transcription="الجمهورية" LatinTrans="Alif_I Laam_B Jiim_M Miim_M Haa_M Waaw_E Raa_I Yaa_B TaaaClosed_E">
      <paw idPaw="1" x="467" transcription="ا" LatinTrans="Alif_I">
        <lettre idLettre="1" x="467" transcription="ا" LatinTrans="Alif_I" />
      </paw>
      <paw idPaw="2" x="361" transcription="لجمهو" LatinTrans="Laam_B Jiim_M Miim_M Haa_M Waaw_E">
        <lettre idLettre="1" x="461" transcription="ل" LatinTrans="Laam_B" />
        <lettre idLettre="2" x="427" transcription="ج" LatinTrans="Jiim_M" />
        <lettre idLettre="3" x="409" transcription="م" LatinTrans="Miim_M" />
        <lettre idLettre="4" x="377" transcription="ه" LatinTrans="Haa_M" />
        <lettre idLettre="5" x="361" transcription="و" LatinTrans="Waaw_E" />
      </paw>
      <paw idPaw="3" x="353" transcription="ر" LatinTrans="Raa_I">
        <lettre idLettre="1" x="353" transcription="ر" LatinTrans="Raa_I" />
      </paw>
      <paw idPaw="4" x="316" transcription="ية" LatinTrans="Yaa_B TaaaClosed_E">
        <lettre idLettre="1" x="336" transcription="ي" LatinTrans="Yaa_B" />
        <lettre idLettre="2" x="316" transcription="ة" LatinTrans="TaaaClosed_E" />
      </paw>
    </word>
    <word idWord="2" x="312" transcription=" " LatinTrans="SPACE">
      <paw idPaw="1" x="312" transcription=" " LatinTrans="SPACE">
        <lettre idLettre="1" x="312" transcription=" " LatinTrans="SPACE" />
      </paw>
    </word>
    <word idWord="3" x="272" transcription="حول" LatinTrans="Haaa_B Waaw_E Laam_I">
      <paw idPaw="1" x="288" transcription="حو" LatinTrans="Haaa_B Waaw_E">
        <lettre idLettre="1" x="299" transcription="ح" LatinTrans="Haaa_B" />
        <lettre idLettre="2" x="288" transcription="و" LatinTrans="Waaw_E" />
      </paw>
      <paw idPaw="2" x="272" transcription="ل" LatinTrans="Laam_I">
        <lettre idLettre="1" x="272" transcription="ل" LatinTrans="Laam_I" />
      </paw>
    </word>
    <word idWord="4" x="269" transcription=" " LatinTrans="SPACE">
      <paw idPaw="1" x="269" transcription=" " LatinTrans="SPACE">
        <lettre idLettre="1" x="269" transcription=" " LatinTrans="SPACE" />
      </paw>
    </word>
    <word idWord="5" x="198" transcription="تطورات" LatinTrans="Taaa_B Thaaa_M Waaw_E Raa_I Alif_I Taaa_I">
      <paw idPaw="1" x="230" transcription="تطو" LatinTrans="Taaa_B Thaaa_M Waaw_E">
        <lettre idLettre="1" x="259" transcription="ت" LatinTrans="Taaa_B" />
        <lettre idLettre="2" x="241" transcription="ط" LatinTrans="Thaaa_M" />
        <lettre idLettre="3" x="230" transcription="و" LatinTrans="Waaw_E" />
      </paw>
      <paw idPaw="2" x="222" transcription="ر" LatinTrans="Raa_I">
        <lettre idLettre="1" x="222" transcription="ر" LatinTrans="Raa_I" />
      </paw>
      <paw idPaw="3" x="217" transcription="ا" LatinTrans="Alif_I">
        <lettre idLettre="1" x="217" transcription="ا" LatinTrans="Alif_I" />
      </paw>
      <paw idPaw="4" x="198" transcription="ت" LatinTrans="Taaa_I">
        <lettre idLettre="1" x="198" transcription="ت" LatinTrans="Taaa_I" />
      </paw>
    </word>
    <word idWord="6" x="195" transcription=" " LatinTrans="SPACE">
      <paw idPaw="1" x="195" transcription=" " LatinTrans="SPACE">
        <lettre idLettre="1" x="195" transcription=" " LatinTrans="SPACE" />
      </paw>
    </word>
    <word idWord="7" x="128" transcription="الأوضاع" LatinTrans="Alif_I Laam_HamzaAboveAlif Waaw_I Daad_B Alif_E Ayn_I">
      <paw idPaw="1" x="188" transcription="ا" LatinTrans="Alif_I">
        <lettre idLettre="1" x="188" transcription="ا" LatinTrans="Alif_I" />
      </paw>
      <paw idPaw="2" x="178" transcription="لأ" LatinTrans="Laam_HamzaAboveAlif">
        <lettre idLettre="1" x="178" transcription="لأ" LatinTrans="Laam_HamzaAboveAlif" />
      </paw>
      <paw idPaw="3" x="169" transcription="و" LatinTrans="Waaw_I">
        <lettre idLettre="1" x="169" transcription="و" LatinTrans="Waaw_I" />
      </paw>
      <paw idPaw="4" x="143" transcription="ضا" LatinTrans="Daad_B Alif_E">
        <lettre idLettre="1" x="150" transcription="ض" LatinTrans="Daad_B" />
        <lettre idLettre="2" x="143" transcription="ا" LatinTrans="Alif_E" />
      </paw>
      <paw idPaw="5" x="128" transcription="ع" LatinTrans="Ayn_I">
        <lettre idLettre="1" x="128" transcription="ع" LatinTrans="Ayn_I" />
      </paw>
    </word>
    <word idWord="8" x="125" transcription=" " LatinTrans="SPACE">
      <paw idPaw="1" x="125" transcription=" " LatinTrans="SPACE">
        <lettre idLettre="1" x="125" transcription=" " LatinTrans="SPACE" />
      </paw>
    </word>
    <word idWord="9" x="79" transcription="في" LatinTrans="Faa_B Yaa_E">
      <paw idPaw="1" x="79" transcription="في" LatinTrans="Faa_B Yaa_E">
        <lettre idLettre="1" x="105" transcription="ف" LatinTrans="Faa_B" />
        <lettre idLettre="2" x="79" transcription="ي" LatinTrans="Yaa_E" />
      </paw>
    </word>
    <word idWord="10" x="76" transcription=" " LatinTrans="SPACE">
      <paw idPaw="1" x="76" transcription=" " LatinTrans="SPACE">
        <lettre idLettre="1" x="76" transcription=" " LatinTrans="SPACE" />
      </paw>
    </word>
    <word idWord="11" x="0" transcription="تونس" LatinTrans="Taaa_B Waaw_E Nuun_B Siin_E">
      <paw idPaw="1" x="57" transcription="تو" LatinTrans="Taaa_B Waaw_E">
        <lettre idLettre="1" x="65" transcription="ت" LatinTrans="Taaa_B" />
        <lettre idLettre="2" x="57" transcription="و" LatinTrans="Waaw_E" />
      </paw>
      <paw idPaw="2" x="0" transcription="نس" LatinTrans="Nuun_B Siin_E">
        <lettre idLettre="1" x="39" transcription="ن" LatinTrans="Nuun_B" />
        <lettre idLettre="2" x="0" transcription="س" LatinTrans="Siin_E" />
      </paw>
    </word>
  </content>
</textImage>