﻿<?xml version="1.0" encoding="UTF-8" standalone="yes"?>
<textImage id="1" width="242" height="122" transcription="الرياضة" image="aljazeera_3211-09-29-40_1">
  <ArabicTranscription>الرياضة</ArabicTranscription>
  <LatinTranscription>Alif_I Laam_B Raa_E Yaa_B Alif_E Daad_B TaaaClosed_E</LatinTranscription>
  <content>
    <word idWord="1" x="0" transcription="الرياضة" LatinTrans="Alif_I Laam_B Raa_E Yaa_B Alif_E Daad_B TaaaClosed_E">
      <paw idPaw="1" x="214" transcription="ا" LatinTrans="Alif_I">
        <lettre idLettre="1" x="214" transcription="ا" LatinTrans="Alif_I" />
      </paw>
      <paw idPaw="2" x="163" transcription="لر" LatinTrans="Laam_B Raa_E">
        <lettre idLettre="1" x="194" transcription="ل" LatinTrans="Laam_B" />
        <lettre idLettre="2" x="163" transcription="ر" LatinTrans="Raa_E" />
      </paw>
      <paw idPaw="3" x="102" transcription="يا" LatinTrans="Yaa_B Alif_E">
        <lettre idLettre="1" x="124" transcription="ي" LatinTrans="Yaa_B" />
        <lettre idLettre="2" x="102" transcription="ا" LatinTrans="Alif_E" />
      </paw>
      <paw idPaw="4" x="0" transcription="ضة" LatinTrans="Daad_B TaaaClosed_E">
        <lettre idLettre="1" x="43" transcription="ض" LatinTrans="Daad_B" />
        <lettre idLettre="2" x="0" transcription="ة" LatinTrans="TaaaClosed_E" />
      </paw>
    </word>
  </content>
</textImage>