﻿<?xml version="1.0" encoding="UTF-8" standalone="yes"?>
<textImage id="2" width="491" height="42" transcription="كبيرة لمعداتها العسكرية من" image="aljazeera_3212-05-35-10_2">
  <ArabicTranscription>كبيرة لمعداتها العسكرية من</ArabicTranscription>
  <LatinTranscription>Kaaf_B Baa_M Yaa_M Raa_E TaaaClosed_I SPACE Laam_B Miim_M Ayn_M Daal_E Alif_I Taaa_B Haa_M Alif_E SPACE Alif_I Laam_B Ayn_M Siin_M Kaaf_M Raa_E Yaa_B TaaaClosed_E SPACE Miim_B Nuun_E</LatinTranscription>
  <content>
    <word idWord="1" x="374" transcription="كبيرة" LatinTrans="Kaaf_B Baa_M Yaa_M Raa_E TaaaClosed_I">
      <paw idPaw="1" x="389" transcription="كبير" LatinTrans="Kaaf_B Baa_M Yaa_M Raa_E">
        <lettre idLettre="1" x="469" transcription="ك" LatinTrans="Kaaf_B" />
        <lettre idLettre="2" x="434" transcription="ب" LatinTrans="Baa_M" />
        <lettre idLettre="3" x="402" transcription="ي" LatinTrans="Yaa_M" />
        <lettre idLettre="4" x="389" transcription="ر" LatinTrans="Raa_E" />
      </paw>
      <paw idPaw="2" x="374" transcription="ة" LatinTrans="TaaaClosed_I">
        <lettre idLettre="1" x="374" transcription="ة" LatinTrans="TaaaClosed_I" />
      </paw>
    </word>
    <word idWord="2" x="366" transcription=" " LatinTrans="SPACE">
      <paw idPaw="1" x="366" transcription=" " LatinTrans="SPACE">
        <lettre idLettre="1" x="366" transcription=" " LatinTrans="SPACE" />
      </paw>
    </word>
    <word idWord="3" x="229" transcription="لمعداتها" LatinTrans="Laam_B Miim_M Ayn_M Daal_E Alif_I Taaa_B Haa_M Alif_E">
      <paw idPaw="1" x="299" transcription="لمعد" LatinTrans="Laam_B Miim_M Ayn_M Daal_E">
        <lettre idLettre="1" x="355" transcription="ل" LatinTrans="Laam_B" />
        <lettre idLettre="2" x="339" transcription="م" LatinTrans="Miim_M" />
        <lettre idLettre="3" x="317" transcription="ع" LatinTrans="Ayn_M" />
        <lettre idLettre="4" x="299" transcription="د" LatinTrans="Daal_E" />
      </paw>
      <paw idPaw="2" x="291" transcription="ا" LatinTrans="Alif_I">
        <lettre idLettre="1" x="291" transcription="ا" LatinTrans="Alif_I" />
      </paw>
      <paw idPaw="3" x="229" transcription="تها" LatinTrans="Taaa_B Haa_M Alif_E">
        <lettre idLettre="1" x="277" transcription="ت" LatinTrans="Taaa_B" />
        <lettre idLettre="2" x="258" transcription="ه" LatinTrans="Haa_M" />
        <lettre idLettre="3" x="229" transcription="ا" LatinTrans="Alif_E" />
      </paw>
    </word>
    <word idWord="4" x="222" transcription=" " LatinTrans="SPACE">
      <paw idPaw="1" x="222" transcription=" " LatinTrans="SPACE">
        <lettre idLettre="1" x="222" transcription=" " LatinTrans="SPACE" />
      </paw>
    </word>
    <word idWord="5" x="73" transcription="العسكرية" LatinTrans="Alif_I Laam_B Ayn_M Siin_M Kaaf_M Raa_E Yaa_B TaaaClosed_E">
      <paw idPaw="1" x="214" transcription="ا" LatinTrans="Alif_I">
        <lettre idLettre="1" x="214" transcription="ا" LatinTrans="Alif_I" />
      </paw>
      <paw idPaw="2" x="125" transcription="لعسكر" LatinTrans="Laam_B Ayn_M Siin_M Kaaf_M Raa_E">
        <lettre idLettre="1" x="206" transcription="ل" LatinTrans="Laam_B" />
        <lettre idLettre="2" x="183" transcription="ع" LatinTrans="Ayn_M" />
        <lettre idLettre="3" x="156" transcription="س" LatinTrans="Siin_M" />
        <lettre idLettre="4" x="137" transcription="ك" LatinTrans="Kaaf_M" />
        <lettre idLettre="5" x="125" transcription="ر" LatinTrans="Raa_E" />
      </paw>
      <paw idPaw="3" x="73" transcription="ية" LatinTrans="Yaa_B TaaaClosed_E">
        <lettre idLettre="1" x="104" transcription="ي" LatinTrans="Yaa_B" />
        <lettre idLettre="2" x="73" transcription="ة" LatinTrans="TaaaClosed_E" />
      </paw>
    </word>
    <word idWord="6" x="65" transcription=" " LatinTrans="SPACE">
      <paw idPaw="1" x="65" transcription=" " LatinTrans="SPACE">
        <lettre idLettre="1" x="65" transcription=" " LatinTrans="SPACE" />
      </paw>
    </word>
    <word idWord="7" x="0" transcription="من" LatinTrans="Miim_B Nuun_E">
      <paw idPaw="1" x="0" transcription="من" LatinTrans="Miim_B Nuun_E">
        <lettre idLettre="1" x="43" transcription="م" LatinTrans="Miim_B" />
        <lettre idLettre="2" x="0" transcription="ن" LatinTrans="Nuun_E" />
      </paw>
    </word>
  </content>
</textImage>