﻿<?xml version="1.0" encoding="UTF-8" standalone="yes"?>
<textImage id="1" width="491" height="44" transcription="مكتب نتنياهو يطالب رؤساء تحرير" image="aljazeera_3213-05-34-50_1">
  <ArabicTranscription>مكتب نتنياهو يطالب رؤساء تحرير</ArabicTranscription>
  <LatinTranscription>Miim_B Kaaf_M Taaa_M Baa_E SPACE Nuun_B Taaa_M Nuun_M Yaa_M Alif_E Haa_B Waaw_E SPACE Yaa_B Thaaa_M Alif_E Laam_B Baa_E SPACE Raa_I HamzaAboveWaaw_I Siin_B Alif_E Hamza SPACE Taaa_B Haaa_M Raa_E Yaa_B Raa_E</LatinTranscription>
  <content>
    <word idWord="1" x="414" transcription="مكتب" LatinTrans="Miim_B Kaaf_M Taaa_M Baa_E">
      <paw idPaw="1" x="414" transcription="مكتب" LatinTrans="Miim_B Kaaf_M Taaa_M Baa_E">
        <lettre idLettre="1" x="473" transcription="م" LatinTrans="Miim_B" />
        <lettre idLettre="2" x="458" transcription="ك" LatinTrans="Kaaf_M" />
        <lettre idLettre="3" x="440" transcription="ت" LatinTrans="Taaa_M" />
        <lettre idLettre="4" x="414" transcription="ب" LatinTrans="Baa_E" />
      </paw>
    </word>
    <word idWord="2" x="409" transcription=" " LatinTrans="SPACE">
      <paw idPaw="1" x="409" transcription=" " LatinTrans="SPACE">
        <lettre idLettre="1" x="409" transcription=" " LatinTrans="SPACE" />
      </paw>
    </word>
    <word idWord="3" x="295" transcription="نتنياهو" LatinTrans="Nuun_B Taaa_M Nuun_M Yaa_M Alif_E Haa_B Waaw_E">
      <paw idPaw="1" x="338" transcription="نتنيا" LatinTrans="Nuun_B Taaa_M Nuun_M Yaa_M Alif_E">
        <lettre idLettre="1" x="395" transcription="ن" LatinTrans="Nuun_B" />
        <lettre idLettre="2" x="376" transcription="ت" LatinTrans="Taaa_M" />
        <lettre idLettre="3" x="365" transcription="ن" LatinTrans="Nuun_M" />
        <lettre idLettre="4" x="348" transcription="ي" LatinTrans="Yaa_M" />
        <lettre idLettre="5" x="338" transcription="ا" LatinTrans="Alif_E" />
      </paw>
      <paw idPaw="2" x="295" transcription="هو" LatinTrans="Haa_B Waaw_E">
        <lettre idLettre="1" x="315" transcription="ه" LatinTrans="Haa_B" />
        <lettre idLettre="2" x="295" transcription="و" LatinTrans="Waaw_E" />
      </paw>
    </word>
    <word idWord="4" x="290" transcription=" " LatinTrans="SPACE">
      <paw idPaw="1" x="290" transcription=" " LatinTrans="SPACE">
        <lettre idLettre="1" x="290" transcription=" " LatinTrans="SPACE" />
      </paw>
    </word>
    <word idWord="5" x="197" transcription="يطالب" LatinTrans="Yaa_B Thaaa_M Alif_E Laam_B Baa_E">
      <paw idPaw="1" x="239" transcription="يطا" LatinTrans="Yaa_B Thaaa_M Alif_E">
        <lettre idLettre="1" x="275" transcription="ي" LatinTrans="Yaa_B" />
        <lettre idLettre="2" x="248" transcription="ط" LatinTrans="Thaaa_M" />
        <lettre idLettre="3" x="239" transcription="ا" LatinTrans="Alif_E" />
      </paw>
      <paw idPaw="2" x="197" transcription="لب" LatinTrans="Laam_B Baa_E">
        <lettre idLettre="1" x="230" transcription="ل" LatinTrans="Laam_B" />
        <lettre idLettre="2" x="197" transcription="ب" LatinTrans="Baa_E" />
      </paw>
    </word>
    <word idWord="6" x="191" transcription=" " LatinTrans="SPACE">
      <paw idPaw="1" x="191" transcription=" " LatinTrans="SPACE">
        <lettre idLettre="1" x="191" transcription=" " LatinTrans="SPACE" />
      </paw>
    </word>
    <word idWord="7" x="113" transcription="رؤساء" LatinTrans="Raa_I HamzaAboveWaaw_I Siin_B Alif_E Hamza">
      <paw idPaw="1" x="178" transcription="ر" LatinTrans="Raa_I">
        <lettre idLettre="1" x="178" transcription="ر" LatinTrans="Raa_I" />
      </paw>
      <paw idPaw="2" x="164" transcription="ؤ" LatinTrans="HamzaAboveWaaw_I">
        <lettre idLettre="1" x="164" transcription="ؤ" LatinTrans="HamzaAboveWaaw_I" />
      </paw>
      <paw idPaw="3" x="128" transcription="سا" LatinTrans="Siin_B Alif_E">
        <lettre idLettre="1" x="138" transcription="س" LatinTrans="Siin_B" />
        <lettre idLettre="2" x="128" transcription="ا" LatinTrans="Alif_E" />
      </paw>
      <paw idPaw="4" x="113" transcription="ء" LatinTrans="Hamza">
        <lettre idLettre="1" x="113" transcription="ء" LatinTrans="Hamza" />
      </paw>
    </word>
    <word idWord="8" x="108" transcription=" " LatinTrans="SPACE">
      <paw idPaw="1" x="108" transcription=" " LatinTrans="SPACE">
        <lettre idLettre="1" x="108" transcription=" " LatinTrans="SPACE" />
      </paw>
    </word>
    <word idWord="9" x="0" transcription="تحرير" LatinTrans="Taaa_B Haaa_M Raa_E Yaa_B Raa_E">
      <paw idPaw="1" x="59" transcription="تحر" LatinTrans="Taaa_B Haaa_M Raa_E">
        <lettre idLettre="1" x="89" transcription="ت" LatinTrans="Taaa_B" />
        <lettre idLettre="2" x="74" transcription="ح" LatinTrans="Haaa_M" />
        <lettre idLettre="3" x="59" transcription="ر" LatinTrans="Raa_E" />
      </paw>
      <paw idPaw="2" x="0" transcription="ير" LatinTrans="Yaa_B Raa_E">
        <lettre idLettre="1" x="35" transcription="ي" LatinTrans="Yaa_B" />
        <lettre idLettre="2" x="0" transcription="ر" LatinTrans="Raa_E" />
      </paw>
    </word>
  </content>
</textImage>