﻿<?xml version="1.0" encoding="UTF-8" standalone="yes"?>
<textImage id="1" width="648" height="165" transcription="شاهد" image="aljazeera_3211-09-57-30_1">
  <ArabicTranscription>شاهد</ArabicTranscription>
  <LatinTranscription>Shiin_B Alif_E Haa_B Daal_E</LatinTranscription>
  <content>
    <word idWord="1" x="0" transcription="شاهد" LatinTrans="Shiin_B Alif_E Haa_B Daal_E">
      <paw idPaw="1" x="312" transcription="شا" LatinTrans="Shiin_B Alif_E">
        <lettre idLettre="1" x="396" transcription="ش" LatinTrans="Shiin_B" />
        <lettre idLettre="2" x="312" transcription="ا" LatinTrans="Alif_E" />
      </paw>
      <paw idPaw="2" x="0" transcription="هد" LatinTrans="Haa_B Daal_E">
        <lettre idLettre="1" x="126" transcription="ه" LatinTrans="Haa_B" />
        <lettre idLettre="2" x="0" transcription="د" LatinTrans="Daal_E" />
      </paw>
    </word>
  </content>
</textImage>