﻿<?xml version="1.0" encoding="UTF-8" standalone="yes"?>
<textImage id="1" width="273" height="35" transcription="خطاب حالة الاتحاد يعد بمثابة" image="aljazeera_3213-01-29-40_1">
  <ArabicTranscription>خطاب حالة الاتحاد يعد بمثابة</ArabicTranscription>
  <LatinTranscription>Xaa_B Thaaa_M Alif_E Baa_I SPACE Haaa_B Alif_E Laam_B TaaaClosed_E SPACE Alif_I Laam_Alif Taaa_B Haaa_M Alif_E Daal_I SPACE Yaa_B Ayn_M Daal_E SPACE Baa_B Miim_M Thaa_M Alif_E Baa_B TaaaClosed_E</LatinTranscription>
  <content>
    <word idWord="1" x="213" transcription="خطاب" LatinTrans="Xaa_B Thaaa_M Alif_E Baa_I">
      <paw idPaw="1" x="231" transcription="خطا" LatinTrans="Xaa_B Thaaa_M Alif_E">
        <lettre idLettre="1" x="254" transcription="خ" LatinTrans="Xaa_B" />
        <lettre idLettre="2" x="237" transcription="ط" LatinTrans="Thaaa_M" />
        <lettre idLettre="3" x="231" transcription="ا" LatinTrans="Alif_E" />
      </paw>
      <paw idPaw="2" x="213" transcription="ب" LatinTrans="Baa_I">
        <lettre idLettre="1" x="213" transcription="ب" LatinTrans="Baa_I" />
      </paw>
    </word>
    <word idWord="2" x="207" transcription=" " LatinTrans="SPACE">
      <paw idPaw="1" x="207" transcription=" " LatinTrans="SPACE">
        <lettre idLettre="1" x="207" transcription=" " LatinTrans="SPACE" />
      </paw>
    </word>
    <word idWord="3" x="169" transcription="حالة" LatinTrans="Haaa_B Alif_E Laam_B TaaaClosed_E">
      <paw idPaw="1" x="188" transcription="حا" LatinTrans="Haaa_B Alif_E">
        <lettre idLettre="1" x="194" transcription="ح" LatinTrans="Haaa_B" />
        <lettre idLettre="2" x="188" transcription="ا" LatinTrans="Alif_E" />
      </paw>
      <paw idPaw="2" x="169" transcription="لة" LatinTrans="Laam_B TaaaClosed_E">
        <lettre idLettre="1" x="182" transcription="ل" LatinTrans="Laam_B" />
        <lettre idLettre="2" x="169" transcription="ة" LatinTrans="TaaaClosed_E" />
      </paw>
    </word>
    <word idWord="4" x="165" transcription=" " LatinTrans="SPACE">
      <paw idPaw="1" x="165" transcription=" " LatinTrans="SPACE">
        <lettre idLettre="1" x="165" transcription=" " LatinTrans="SPACE" />
      </paw>
    </word>
    <word idWord="5" x="107" transcription="الاتحاد" LatinTrans="Alif_I Laam_Alif Taaa_B Haaa_M Alif_E Daal_I">
      <paw idPaw="1" x="159" transcription="ا" LatinTrans="Alif_I">
        <lettre idLettre="1" x="159" transcription="ا" LatinTrans="Alif_I" />
      </paw>
      <paw idPaw="2" x="148" transcription="لا" LatinTrans="Laam_Alif">
        <lettre idLettre="1" x="148" transcription="لا" LatinTrans="Laam_Alif" />
      </paw>
      <paw idPaw="3" x="119" transcription="تحا" LatinTrans="Taaa_B Haaa_M Alif_E">
        <lettre idLettre="1" x="137" transcription="ت" LatinTrans="Taaa_B" />
        <lettre idLettre="2" x="127" transcription="ح" LatinTrans="Haaa_M" />
        <lettre idLettre="3" x="119" transcription="ا" LatinTrans="Alif_E" />
      </paw>
      <paw idPaw="4" x="107" transcription="د" LatinTrans="Daal_I">
        <lettre idLettre="1" x="107" transcription="د" LatinTrans="Daal_I" />
      </paw>
    </word>
    <word idWord="6" x="103" transcription=" " LatinTrans="SPACE">
      <paw idPaw="1" x="103" transcription=" " LatinTrans="SPACE">
        <lettre idLettre="1" x="103" transcription=" " LatinTrans="SPACE" />
      </paw>
    </word>
    <word idWord="7" x="66" transcription="يعد" LatinTrans="Yaa_B Ayn_M Daal_E">
      <paw idPaw="1" x="66" transcription="يعد" LatinTrans="Yaa_B Ayn_M Daal_E">
        <lettre idLettre="1" x="93" transcription="ي" LatinTrans="Yaa_B" />
        <lettre idLettre="2" x="79" transcription="ع" LatinTrans="Ayn_M" />
        <lettre idLettre="3" x="66" transcription="د" LatinTrans="Daal_E" />
      </paw>
    </word>
    <word idWord="8" x="62" transcription=" " LatinTrans="SPACE">
      <paw idPaw="1" x="62" transcription=" " LatinTrans="SPACE">
        <lettre idLettre="1" x="62" transcription=" " LatinTrans="SPACE" />
      </paw>
    </word>
    <word idWord="9" x="0" transcription="بمثابة" LatinTrans="Baa_B Miim_M Thaa_M Alif_E Baa_B TaaaClosed_E">
      <paw idPaw="1" x="24" transcription="بمثا" LatinTrans="Baa_B Miim_M Thaa_M Alif_E">
        <lettre idLettre="1" x="53" transcription="ب" LatinTrans="Baa_B" />
        <lettre idLettre="2" x="41" transcription="م" LatinTrans="Miim_M" />
        <lettre idLettre="3" x="30" transcription="ث" LatinTrans="Thaa_M" />
        <lettre idLettre="4" x="24" transcription="ا" LatinTrans="Alif_E" />
      </paw>
      <paw idPaw="2" x="0" transcription="بة" LatinTrans="Baa_B TaaaClosed_E">
        <lettre idLettre="1" x="15" transcription="ب" LatinTrans="Baa_B" />
        <lettre idLettre="2" x="0" transcription="ة" LatinTrans="TaaaClosed_E" />
      </paw>
    </word>
  </content>
</textImage>