﻿<?xml version="1.0" encoding="UTF-8" standalone="yes"?>
<textImage id="1" width="270" height="37" transcription="إعداد : يوسف نور عوض" image="aljazeera_3211-14-41-20_1">
  <ArabicTranscription>إعداد : يوسف نور عوض</ArabicTranscription>
  <LatinTranscription>HamzaOnederAlif_I Ayn_B Daal_E Alif_I Daal_I SPACE TWOPOINTS Yaa_B Waaw_E Siin_B Faa_E SPACE Nuun_B Waaw_E Raa_I SPACE Ayn_B Waaw_E Daad_I</LatinTranscription>
  <content>
    <word idWord="1" x="208" transcription="إعداد" LatinTrans="HamzaOnederAlif_I Ayn_B Daal_E Alif_I Daal_I">
      <paw idPaw="1" x="258" transcription="إ" LatinTrans="HamzaOnederAlif_I">
        <lettre idLettre="1" x="258" transcription="إ" LatinTrans="HamzaUnderAlif_I" />
      </paw>
      <paw idPaw="2" x="230" transcription="عد" LatinTrans="Ayn_B Daal_E">
        <lettre idLettre="1" x="244" transcription="ع" LatinTrans="Ayn_B" />
        <lettre idLettre="2" x="230" transcription="د" LatinTrans="Daal_E" />
      </paw>
      <paw idPaw="3" x="225" transcription="ا" LatinTrans="Alif_I">
        <lettre idLettre="1" x="225" transcription="ا" LatinTrans="Alif_I" />
      </paw>
      <paw idPaw="4" x="208" transcription="د" LatinTrans="Daal_I">
        <lettre idLettre="1" x="208" transcription="د" LatinTrans="Daal_I" />
      </paw>
    </word>
    <word idWord="2" x="201" transcription=" " LatinTrans="SPACE">
      <paw idPaw="1" x="201" transcription=" " LatinTrans="SPACE">
        <lettre idLettre="1" x="201" transcription=" " LatinTrans="SPACE" />
      </paw>
    </word>
    <word idWord="3" x="189" transcription=":" LatinTrans="TWOPOINTS">
      <paw idPaw="1" x="189" transcription=":" LatinTrans="TWOPOINTS">
        <lettre idLettre="1" x="189" transcription=":" LatinTrans="TWOPOINTS" />
      </paw>
    </word>
    <word idWord="4" x="113" transcription="يوسف" LatinTrans="Yaa_B Waaw_E Siin_B Faa_E">
      <paw idPaw="1" x="165" transcription="يو" LatinTrans="Yaa_B Waaw_E">
        <lettre idLettre="1" x="173" transcription="ي" LatinTrans="Yaa_B" />
        <lettre idLettre="2" x="165" transcription="و" LatinTrans="Waaw_E" />
      </paw>
      <paw idPaw="2" x="113" transcription="سف" LatinTrans="Siin_B Faa_E">
        <lettre idLettre="1" x="143" transcription="س" LatinTrans="Siin_B" />
        <lettre idLettre="2" x="113" transcription="ف" LatinTrans="Faa_E" />
      </paw>
    </word>
    <word idWord="5" x="108" transcription=" " LatinTrans="SPACE">
      <paw idPaw="1" x="108" transcription=" " LatinTrans="SPACE">
        <lettre idLettre="1" x="108" transcription=" " LatinTrans="SPACE" />
      </paw>
    </word>
    <word idWord="6" x="71" transcription="نور" LatinTrans="Nuun_B Waaw_E Raa_I">
      <paw idPaw="1" x="89" transcription="نو" LatinTrans="Nuun_B Waaw_E">
        <lettre idLettre="1" x="100" transcription="ن" LatinTrans="Nuun_B" />
        <lettre idLettre="2" x="89" transcription="و" LatinTrans="Waaw_E" />
      </paw>
      <paw idPaw="2" x="71" transcription="ر" LatinTrans="Raa_I">
        <lettre idLettre="1" x="71" transcription="ر" LatinTrans="Raa_I" />
      </paw>
    </word>
    <word idWord="7" x="66" transcription=" " LatinTrans="SPACE">
      <paw idPaw="1" x="66" transcription=" " LatinTrans="SPACE">
        <lettre idLettre="1" x="66" transcription=" " LatinTrans="SPACE" />
      </paw>
    </word>
    <word idWord="8" x="0" transcription="عوض" LatinTrans="Ayn_B Waaw_E Daad_I">
      <paw idPaw="1" x="43" transcription="عو" LatinTrans="Ayn_B Waaw_E">
        <lettre idLettre="1" x="52" transcription="ع" LatinTrans="Ayn_B" />
        <lettre idLettre="2" x="43" transcription="و" LatinTrans="Waaw_E" />
      </paw>
      <paw idPaw="2" x="0" transcription="ض" LatinTrans="Daad_I">
        <lettre idLettre="1" x="0" transcription="ض" LatinTrans="Daad_I" />
      </paw>
    </word>
  </content>
</textImage>