﻿<?xml version="1.0" encoding="UTF-8" standalone="yes"?>
<textImage id="4" width="235" height="39" transcription="تقرير نور الدين بوزيان" image="aljazeera_3213-04-15-30_4">
  <ArabicTranscription>تقرير نور الدين بوزيان</ArabicTranscription>
  <LatinTranscription>Taaa_B Gaaf_M Raa_E Yaa_B Raa_E SPACE Nuun_B Waaw_E Raa_I SPACE Alif_I Laam_B Daal_E Yaa_B Nuun_E SPACE Baa_B Waaw_E Zaay_I Yaa_B Alif_E Nuun_I</LatinTranscription>
  <content>
    <word idWord="1" x="173" transcription="تقرير" LatinTrans="Taaa_B Gaaf_M Raa_E Yaa_B Raa_E">
      <paw idPaw="1" x="195" transcription="تقر" LatinTrans="Taaa_B Gaaf_M Raa_E">
        <lettre idLettre="1" x="219" transcription="ت" LatinTrans="Taaa_B" />
        <lettre idLettre="2" x="205" transcription="ق" LatinTrans="Gaaf_M" />
        <lettre idLettre="3" x="195" transcription="ر" LatinTrans="Raa_E" />
      </paw>
      <paw idPaw="2" x="173" transcription="ير" LatinTrans="Yaa_B Raa_E">
        <lettre idLettre="1" x="182" transcription="ي" LatinTrans="Yaa_B" />
        <lettre idLettre="2" x="173" transcription="ر" LatinTrans="Raa_E" />
      </paw>
    </word>
    <word idWord="2" x="169" transcription=" " LatinTrans="SPACE">
      <paw idPaw="1" x="169" transcription=" " LatinTrans="SPACE">
        <lettre idLettre="1" x="169" transcription=" " LatinTrans="SPACE" />
      </paw>
    </word>
    <word idWord="3" x="134" transcription="نور" LatinTrans="Nuun_B Waaw_E Raa_I">
      <paw idPaw="1" x="144" transcription="نو" LatinTrans="Nuun_B Waaw_E">
        <lettre idLettre="1" x="156" transcription="ن" LatinTrans="Nuun_B" />
        <lettre idLettre="2" x="144" transcription="و" LatinTrans="Waaw_E" />
      </paw>
      <paw idPaw="2" x="134" transcription="ر" LatinTrans="Raa_I">
        <lettre idLettre="1" x="134" transcription="ر" LatinTrans="Raa_I" />
      </paw>
    </word>
    <word idWord="4" x="130" transcription=" " LatinTrans="SPACE">
      <paw idPaw="1" x="130" transcription=" " LatinTrans="SPACE">
        <lettre idLettre="1" x="130" transcription=" " LatinTrans="SPACE" />
      </paw>
    </word>
    <word idWord="5" x="76" transcription="الدين" LatinTrans="Alif_I Laam_B Daal_E Yaa_B Nuun_E">
      <paw idPaw="1" x="125" transcription="ا" LatinTrans="Alif_I">
        <lettre idLettre="1" x="125" transcription="ا" LatinTrans="Alif_I" />
      </paw>
      <paw idPaw="2" x="106" transcription="لد" LatinTrans="Laam_B Daal_E">
        <lettre idLettre="1" x="117" transcription="ل" LatinTrans="Laam_B" />
        <lettre idLettre="2" x="106" transcription="د" LatinTrans="Daal_E" />
      </paw>
      <paw idPaw="3" x="76" transcription="ين" LatinTrans="Yaa_B Nuun_E">
        <lettre idLettre="1" x="92" transcription="ي" LatinTrans="Yaa_B" />
        <lettre idLettre="2" x="76" transcription="ن" LatinTrans="Nuun_E" />
      </paw>
    </word>
    <word idWord="6" x="73" transcription=" " LatinTrans="SPACE">
      <paw idPaw="1" x="73" transcription=" " LatinTrans="SPACE">
        <lettre idLettre="1" x="73" transcription=" " LatinTrans="SPACE" />
      </paw>
    </word>
    <word idWord="7" x="0" transcription="بوزيان" LatinTrans="Baa_B Waaw_E Zaay_I Yaa_B Alif_E Nuun_I">
      <paw idPaw="1" x="47" transcription="بو" LatinTrans="Baa_B Waaw_E">
        <lettre idLettre="1" x="60" transcription="ب" LatinTrans="Baa_B" />
        <lettre idLettre="2" x="47" transcription="و" LatinTrans="Waaw_E" />
      </paw>
      <paw idPaw="2" x="38" transcription="ز" LatinTrans="Zaay_I">
        <lettre idLettre="1" x="38" transcription="ز" LatinTrans="Zaay_I" />
      </paw>
      <paw idPaw="3" x="20" transcription="يا" LatinTrans="Yaa_B Alif_E">
        <lettre idLettre="1" x="26" transcription="ي" LatinTrans="Yaa_B" />
        <lettre idLettre="2" x="20" transcription="ا" LatinTrans="Alif_E" />
      </paw>
      <paw idPaw="4" x="0" transcription="ن" LatinTrans="Nuun_I">
        <lettre idLettre="1" x="0" transcription="ن" LatinTrans="Nuun_I" />
      </paw>
    </word>
  </content>
</textImage>