﻿<?xml version="1.0" encoding="UTF-8" standalone="yes"?>
<textImage id="2" width="78" height="33" transcription="الثلاثاء" image="aljazeera_3212-00-55-40_2">
  <ArabicTranscription>الثلاثاء</ArabicTranscription>
  <LatinTranscription>Alif_I Laam_B Thaa_M Laam_Alif Thaa_B Alif_E Hamza</LatinTranscription>
  <content>
    <word idWord="1" x="0" transcription="الثلاثاء" LatinTrans="Alif_I Laam_B Thaa_M Laam_Alif Thaa_B Alif_E Hamza">
      <paw idPaw="1" x="69" transcription="ا" LatinTrans="Alif_I">
        <lettre idLettre="1" x="69" transcription="ا" LatinTrans="Alif_I" />
      </paw>
      <paw idPaw="2" x="33" transcription="لثلا" LatinTrans="Laam_B Thaa_M Laam_Alif">
        <lettre idLettre="1" x="61" transcription="ل" LatinTrans="Laam_B" />
        <lettre idLettre="2" x="49" transcription="ث" LatinTrans="Thaa_M" />
        <lettre idLettre="3" x="33" transcription="لا" LatinTrans="Laam_Alif" />
      </paw>
      <paw idPaw="3" x="14" transcription="ثا" LatinTrans="Thaa_B Alif_E">
        <lettre idLettre="1" x="23" transcription="ث" LatinTrans="Thaa_B" />
        <lettre idLettre="2" x="14" transcription="ا" LatinTrans="Alif_E" />
      </paw>
      <paw idPaw="4" x="0" transcription="ء" LatinTrans="Hamza">
        <lettre idLettre="1" x="0" transcription="ء" LatinTrans="Hamza" />
      </paw>
    </word>
  </content>
</textImage>