﻿<?xml version="1.0" encoding="UTF-8" standalone="yes"?>
<textImage id="1" width="341" height="40" transcription="شحن 50 حاوية من المعدات" image="aljazeera_3212-08-47-40_1">
  <ArabicTranscription>شحن 50 حاوية من المعدات</ArabicTranscription>
  <LatinTranscription>Shiin_B Haaa_M Nuun_E SPACE Zero Five SPACE Haaa_B Alif_E Waaw_I Yaa_B TaaaClosed_E SPACE Miim_B Nuun_E SPACE Alif_I Laam_B Miim_M Ayn_M Daal_E Alif_I Taaa_I</LatinTranscription>
  <content>
    <word idWord="1" x="273" transcription="شحن" LatinTrans="Shiin_B Haaa_M Nuun_E">
      <paw idPaw="1" x="273" transcription="شحن" LatinTrans="Shiin_B Haaa_M Nuun_E">
        <lettre idLettre="1" x="311" transcription="ش" LatinTrans="Shiin_B" />
        <lettre idLettre="2" x="296" transcription="ح" LatinTrans="Haaa_M" />
        <lettre idLettre="3" x="273" transcription="ن" LatinTrans="Nuun_E" />
      </paw>
    </word>
    <word idWord="2" x="266" transcription=" " LatinTrans="SPACE">
      <paw idPaw="1" x="266" transcription=" " LatinTrans="SPACE">
        <lettre idLettre="1" x="266" transcription=" " LatinTrans="SPACE" />
      </paw>
    </word>
    <word idWord="3" x="235" transcription="50" LatinTrans="Zero Five">
      <paw idPaw="1" x="251" transcription="0" LatinTrans="Zero">
        <lettre idLettre="1" x="251" transcription="0" LatinTrans="Zero" />
      </paw>
      <paw idPaw="2" x="235" transcription="5" LatinTrans="Five">
        <lettre idLettre="1" x="235" transcription="5" LatinTrans="Five" />
      </paw>
    </word>
    <word idWord="4" x="228" transcription=" " LatinTrans="SPACE">
      <paw idPaw="1" x="228" transcription=" " LatinTrans="SPACE">
        <lettre idLettre="1" x="228" transcription=" " LatinTrans="SPACE" />
      </paw>
    </word>
    <word idWord="5" x="155" transcription="حاوية" LatinTrans="Haaa_B Alif_E Waaw_I Yaa_B TaaaClosed_E">
      <paw idPaw="1" x="199" transcription="حا" LatinTrans="Haaa_B Alif_E">
        <lettre idLettre="1" x="209" transcription="ح" LatinTrans="Haaa_B" />
        <lettre idLettre="2" x="199" transcription="ا" LatinTrans="Alif_E" />
      </paw>
      <paw idPaw="2" x="186" transcription="و" LatinTrans="Waaw_I">
        <lettre idLettre="1" x="186" transcription="و" LatinTrans="Waaw_I" />
      </paw>
      <paw idPaw="3" x="155" transcription="ية" LatinTrans="Yaa_B TaaaClosed_E">
        <lettre idLettre="1" x="171" transcription="ي" LatinTrans="Yaa_B" />
        <lettre idLettre="2" x="155" transcription="ة" LatinTrans="TaaaClosed_E" />
      </paw>
    </word>
    <word idWord="6" x="151" transcription=" " LatinTrans="SPACE">
      <paw idPaw="1" x="151" transcription=" " LatinTrans="SPACE">
        <lettre idLettre="1" x="151" transcription=" " LatinTrans="SPACE" />
      </paw>
    </word>
    <word idWord="7" x="107" transcription="من" LatinTrans="Miim_B Nuun_E">
      <paw idPaw="1" x="107" transcription="من" LatinTrans="Miim_B Nuun_E">
        <lettre idLettre="1" x="133" transcription="م" LatinTrans="Miim_B" />
        <lettre idLettre="2" x="107" transcription="ن" LatinTrans="Nuun_E" />
      </paw>
    </word>
    <word idWord="8" x="103" transcription=" " LatinTrans="SPACE">
      <paw idPaw="1" x="103" transcription=" " LatinTrans="SPACE">
        <lettre idLettre="1" x="103" transcription=" " LatinTrans="SPACE" />
      </paw>
    </word>
    <word idWord="9" x="0" transcription="المعدات" LatinTrans="Alif_I Laam_B Miim_M Ayn_M Daal_E Alif_I Taaa_I">
      <paw idPaw="1" x="94" transcription="ا" LatinTrans="Alif_I">
        <lettre idLettre="1" x="94" transcription="ا" LatinTrans="Alif_I" />
      </paw>
      <paw idPaw="2" x="33" transcription="لمعد" LatinTrans="Laam_B Miim_M Ayn_M Daal_E">
        <lettre idLettre="1" x="85" transcription="ل" LatinTrans="Laam_B" />
        <lettre idLettre="2" x="71" transcription="م" LatinTrans="Miim_M" />
        <lettre idLettre="3" x="51" transcription="ع" LatinTrans="Ayn_M" />
        <lettre idLettre="4" x="33" transcription="د" LatinTrans="Daal_E" />
      </paw>
      <paw idPaw="3" x="27" transcription="ا" LatinTrans="Alif_I">
        <lettre idLettre="1" x="27" transcription="ا" LatinTrans="Alif_I" />
      </paw>
      <paw idPaw="4" x="0" transcription="ت" LatinTrans="Taaa_I">
        <lettre idLettre="1" x="0" transcription="ت" LatinTrans="Taaa_I" />
      </paw>
    </word>
  </content>
</textImage>