﻿<?xml version="1.0" encoding="UTF-8" standalone="yes"?>
<textImage id="1" width="478" height="34" transcription="قوات الأمن العراقية تشدد الإجراءات الأمنية على الطرق" image="aljazeera_3212-17-06-30_1">
  <ArabicTranscription>قوات الأمن العراقية تشدد الإجراءات الأمنية على الطرق</ArabicTranscription>
  <LatinTranscription>Gaaf_B Waaw_E Alif_I Taaa_I SPACE Alif_I Laam_HamzaAboveAlif Miim_B Nuun_E SPACE Alif_I Laam_B Ayn_M Raa_E Alif_I Gaaf_B Yaa_M TaaaClosed_E SPACE Taaa_B Shiin_M Daal_E Daal_I SPACE Alif_I Laam_HamzaOnederAlif Jiim_B Raa_E Alif_I Hamza Alif_I Taaa_I SPACE Alif_I Laam_HamzaAboveAlif Miim_B Nuun_M Yaa_M TaaaClosed_E SPACE Ayn_B Laam_M AlifBroken_E SPACE Alif_I Laam_B Thaaa_M Raa_E Gaaf_I</LatinTranscription>
  <content>
    <word idWord="1" x="427" transcription="قوات" LatinTrans="Gaaf_B Waaw_E Alif_I Taaa_I">
      <paw idPaw="1" x="451" transcription="قو" LatinTrans="Gaaf_B Waaw_E">
        <lettre idLettre="1" x="460" transcription="ق" LatinTrans="Gaaf_B" />
        <lettre idLettre="2" x="451" transcription="و" LatinTrans="Waaw_E" />
      </paw>
      <paw idPaw="2" x="444" transcription="ا" LatinTrans="Alif_I">
        <lettre idLettre="1" x="444" transcription="ا" LatinTrans="Alif_I" />
      </paw>
      <paw idPaw="3" x="427" transcription="ت" LatinTrans="Taaa_I">
        <lettre idLettre="1" x="427" transcription="ت" LatinTrans="Taaa_I" />
      </paw>
    </word>
    <word idWord="2" x="424" transcription=" " LatinTrans="SPACE">
      <paw idPaw="1" x="424" transcription=" " LatinTrans="SPACE">
        <lettre idLettre="1" x="424" transcription=" " LatinTrans="SPACE" />
      </paw>
    </word>
    <word idWord="3" x="380" transcription="الأمن" LatinTrans="Alif_I Laam_HamzaAboveAlif Miim_B Nuun_E">
      <paw idPaw="1" x="418" transcription="ا" LatinTrans="Alif_I">
        <lettre idLettre="1" x="418" transcription="ا" LatinTrans="Alif_I" />
      </paw>
      <paw idPaw="2" x="406" transcription="لأ" LatinTrans="Laam_HamzaAboveAlif">
        <lettre idLettre="1" x="406" transcription="لأ" LatinTrans="Laam_HamzaAboveAlif" />
      </paw>
      <paw idPaw="3" x="380" transcription="من" LatinTrans="Miim_B Nuun_E">
        <lettre idLettre="1" x="394" transcription="م" LatinTrans="Miim_B" />
        <lettre idLettre="2" x="380" transcription="ن" LatinTrans="Nuun_E" />
      </paw>
    </word>
    <word idWord="4" x="377" transcription=" " LatinTrans="SPACE">
      <paw idPaw="1" x="377" transcription=" " LatinTrans="SPACE">
        <lettre idLettre="1" x="377" transcription=" " LatinTrans="SPACE" />
      </paw>
    </word>
    <word idWord="5" x="298" transcription="العراقية" LatinTrans="Alif_I Laam_B Ayn_M Raa_E Alif_I Gaaf_B Yaa_M TaaaClosed_E">
      <paw idPaw="1" x="370" transcription="ا" LatinTrans="Alif_I">
        <lettre idLettre="1" x="370" transcription="ا" LatinTrans="Alif_I" />
      </paw>
      <paw idPaw="2" x="340" transcription="لعر" LatinTrans="Laam_B Ayn_M Raa_E">
        <lettre idLettre="1" x="364" transcription="ل" LatinTrans="Laam_B" />
        <lettre idLettre="2" x="349" transcription="ع" LatinTrans="Ayn_M" />
        <lettre idLettre="3" x="340" transcription="ر" LatinTrans="Raa_E" />
      </paw>
      <paw idPaw="3" x="334" transcription="ا" LatinTrans="Alif_I">
        <lettre idLettre="1" x="334" transcription="ا" LatinTrans="Alif_I" />
      </paw>
      <paw idPaw="4" x="298" transcription="قية" LatinTrans="Gaaf_B Yaa_M TaaaClosed_E">
        <lettre idLettre="1" x="321" transcription="ق" LatinTrans="Gaaf_B" />
        <lettre idLettre="2" x="311" transcription="ي" LatinTrans="Yaa_M" />
        <lettre idLettre="3" x="298" transcription="ة" LatinTrans="TaaaClosed_E" />
      </paw>
    </word>
    <word idWord="6" x="294" transcription=" " LatinTrans="SPACE">
      <paw idPaw="1" x="294" transcription=" " LatinTrans="SPACE">
        <lettre idLettre="1" x="294" transcription=" " LatinTrans="SPACE" />
      </paw>
    </word>
    <word idWord="7" x="245" transcription="تشدد" LatinTrans="Taaa_B Shiin_M Daal_E Daal_I">
      <paw idPaw="1" x="255" transcription="تشد" LatinTrans="Taaa_B Shiin_M Daal_E">
        <lettre idLettre="1" x="285" transcription="ت" LatinTrans="Taaa_B" />
        <lettre idLettre="2" x="267" transcription="ش" LatinTrans="Shiin_M" />
        <lettre idLettre="3" x="255" transcription="د" LatinTrans="Daal_E" />
      </paw>
      <paw idPaw="2" x="245" transcription="د" LatinTrans="Daal_I">
        <lettre idLettre="1" x="245" transcription="د" LatinTrans="Daal_I" />
      </paw>
    </word>
    <word idWord="8" x="240" transcription=" " LatinTrans="SPACE">
      <paw idPaw="1" x="240" transcription=" " LatinTrans="SPACE">
        <lettre idLettre="1" x="240" transcription=" " LatinTrans="SPACE" />
      </paw>
    </word>
    <word idWord="9" x="161" transcription="الإجراءات" LatinTrans="Alif_I Laam_HamzaOnederAlif Jiim_B Raa_E Alif_I Hamza Alif_I Taaa_I">
      <paw idPaw="1" x="234" transcription="ا" LatinTrans="Alif_I">
        <lettre idLettre="1" x="234" transcription="ا" LatinTrans="Alif_I" />
      </paw>
      <paw idPaw="2" x="221" transcription="لإ" LatinTrans="Laam_HamzaOnederAlif">
        <lettre idLettre="1" x="221" transcription="لإ" LatinTrans="Laam_HamzaUnderAlif" />
      </paw>
      <paw idPaw="3" x="199" transcription="جر" LatinTrans="Jiim_B Raa_E">
        <lettre idLettre="1" x="208" transcription="ج" LatinTrans="Jiim_B" />
        <lettre idLettre="2" x="199" transcription="ر" LatinTrans="Raa_E" />
      </paw>
      <paw idPaw="4" x="195" transcription="ا" LatinTrans="Alif_I">
        <lettre idLettre="1" x="195" transcription="ا" LatinTrans="Alif_I" />
      </paw>
      <paw idPaw="5" x="185" transcription="ء" LatinTrans="Hamza">
        <lettre idLettre="1" x="185" transcription="ء" LatinTrans="Hamza" />
      </paw>
      <paw idPaw="6" x="179" transcription="ا" LatinTrans="Alif_I">
        <lettre idLettre="1" x="179" transcription="ا" LatinTrans="Alif_I" />
      </paw>
      <paw idPaw="7" x="161" transcription="ت" LatinTrans="Taaa_I">
        <lettre idLettre="1" x="161" transcription="ت" LatinTrans="Taaa_I" />
      </paw>
    </word>
    <word idWord="10" x="157" transcription=" " LatinTrans="SPACE">
      <paw idPaw="1" x="157" transcription=" " LatinTrans="SPACE">
        <lettre idLettre="1" x="157" transcription=" " LatinTrans="SPACE" />
      </paw>
    </word>
    <word idWord="11" x="99" transcription="الأمنية" LatinTrans="Alif_I Laam_HamzaAboveAlif Miim_B Nuun_M Yaa_M TaaaClosed_E">
      <paw idPaw="1" x="152" transcription="ا" LatinTrans="Alif_I">
        <lettre idLettre="1" x="152" transcription="ا" LatinTrans="Alif_I" />
      </paw>
      <paw idPaw="2" x="141" transcription="لأ" LatinTrans="Laam_HamzaAboveAlif">
        <lettre idLettre="1" x="141" transcription="لأ" LatinTrans="Laam_HamzaAboveAlif" />
      </paw>
      <paw idPaw="3" x="99" transcription="منية" LatinTrans="Miim_B Nuun_M Yaa_M TaaaClosed_E">
        <lettre idLettre="1" x="130" transcription="م" LatinTrans="Miim_B" />
        <lettre idLettre="2" x="121" transcription="ن" LatinTrans="Nuun_M" />
        <lettre idLettre="3" x="111" transcription="ي" LatinTrans="Yaa_M" />
        <lettre idLettre="4" x="99" transcription="ة" LatinTrans="TaaaClosed_E" />
      </paw>
    </word>
    <word idWord="12" x="94" transcription=" " LatinTrans="SPACE">
      <paw idPaw="1" x="94" transcription=" " LatinTrans="SPACE">
        <lettre idLettre="1" x="94" transcription=" " LatinTrans="SPACE" />
      </paw>
    </word>
    <word idWord="13" x="56" transcription="على" LatinTrans="Ayn_B Laam_M AlifBroken_E">
      <paw idPaw="1" x="56" transcription="على" LatinTrans="Ayn_B Laam_M AlifBroken_E">
        <lettre idLettre="1" x="80" transcription="ع" LatinTrans="Ayn_B" />
        <lettre idLettre="2" x="72" transcription="ل" LatinTrans="Laam_M" />
        <lettre idLettre="3" x="56" transcription="ى" LatinTrans="AlifBroken_E" />
      </paw>
    </word>
    <word idWord="14" x="54" transcription=" " LatinTrans="SPACE">
      <paw idPaw="1" x="54" transcription=" " LatinTrans="SPACE">
        <lettre idLettre="1" x="54" transcription=" " LatinTrans="SPACE" />
      </paw>
    </word>
    <word idWord="15" x="0" transcription="الطرق" LatinTrans="Alif_I Laam_B Thaaa_M Raa_E Gaaf_I">
      <paw idPaw="1" x="48" transcription="ا" LatinTrans="Alif_I">
        <lettre idLettre="1" x="48" transcription="ا" LatinTrans="Alif_I" />
      </paw>
      <paw idPaw="2" x="16" transcription="لطر" LatinTrans="Laam_B Thaaa_M Raa_E">
        <lettre idLettre="1" x="43" transcription="ل" LatinTrans="Laam_B" />
        <lettre idLettre="2" x="25" transcription="ط" LatinTrans="Thaaa_M" />
        <lettre idLettre="3" x="16" transcription="ر" LatinTrans="Raa_E" />
      </paw>
      <paw idPaw="3" x="0" transcription="ق" LatinTrans="Gaaf_I">
        <lettre idLettre="1" x="0" transcription="ق" LatinTrans="Gaaf_I" />
      </paw>
    </word>
  </content>
</textImage>