﻿<?xml version="1.0" encoding="UTF-8" standalone="yes"?>
<textImage id="1" width="211" height="35" transcription="الثورة في سوريا" image="aljazeera_3211-12-04-00_1">
  <ArabicTranscription>الثورة في سوريا</ArabicTranscription>
  <LatinTranscription>Alif_I Laam_B Thaa_M Waaw_E Raa_I TaaaClosed_I SPACE Faa_B Yaa_E SPACE Siin_B Waaw_E Raa_I Yaa_B Alif_E</LatinTranscription>
  <content>
    <word idWord="1" x="130" transcription="الثورة" LatinTrans="Alif_I Laam_B Thaa_M Waaw_E Raa_I TaaaClosed_I">
      <paw idPaw="1" x="204" transcription="ا" LatinTrans="Alif_I">
        <lettre idLettre="1" x="204" transcription="ا" LatinTrans="Alif_I" />
      </paw>
      <paw idPaw="2" x="150" transcription="لثو" LatinTrans="Laam_B Thaa_M Waaw_E">
        <lettre idLettre="1" x="192" transcription="ل" LatinTrans="Laam_B" />
        <lettre idLettre="2" x="166" transcription="ث" LatinTrans="Thaa_M" />
        <lettre idLettre="3" x="150" transcription="و" LatinTrans="Waaw_E" />
      </paw>
      <paw idPaw="3" x="140" transcription="ر" LatinTrans="Raa_I">
        <lettre idLettre="1" x="140" transcription="ر" LatinTrans="Raa_I" />
      </paw>
      <paw idPaw="4" x="130" transcription="ة" LatinTrans="TaaaClosed_I">
        <lettre idLettre="1" x="130" transcription="ة" LatinTrans="TaaaClosed_I" />
      </paw>
    </word>
    <word idWord="2" x="126" transcription=" " LatinTrans="SPACE">
      <paw idPaw="1" x="126" transcription=" " LatinTrans="SPACE">
        <lettre idLettre="1" x="126" transcription=" " LatinTrans="SPACE" />
      </paw>
    </word>
    <word idWord="3" x="85" transcription="في" LatinTrans="Faa_B Yaa_E">
      <paw idPaw="1" x="85" transcription="في" LatinTrans="Faa_B Yaa_E">
        <lettre idLettre="1" x="109" transcription="ف" LatinTrans="Faa_B" />
        <lettre idLettre="2" x="85" transcription="ي" LatinTrans="Yaa_E" />
      </paw>
    </word>
    <word idWord="4" x="82" transcription=" " LatinTrans="SPACE">
      <paw idPaw="1" x="82" transcription=" " LatinTrans="SPACE">
        <lettre idLettre="1" x="82" transcription=" " LatinTrans="SPACE" />
      </paw>
    </word>
    <word idWord="5" x="0" transcription="سوريا" LatinTrans="Siin_B Waaw_E Raa_I Yaa_B Alif_E">
      <paw idPaw="1" x="40" transcription="سو" LatinTrans="Siin_B Waaw_E">
        <lettre idLettre="1" x="62" transcription="س" LatinTrans="Siin_B" />
        <lettre idLettre="2" x="40" transcription="و" LatinTrans="Waaw_E" />
      </paw>
      <paw idPaw="2" x="33" transcription="ر" LatinTrans="Raa_I">
        <lettre idLettre="1" x="33" transcription="ر" LatinTrans="Raa_I" />
      </paw>
      <paw idPaw="3" x="0" transcription="يا" LatinTrans="Yaa_B Alif_E">
        <lettre idLettre="1" x="16" transcription="ي" LatinTrans="Yaa_B" />
        <lettre idLettre="2" x="0" transcription="ا" LatinTrans="Alif_E" />
      </paw>
    </word>
  </content>
</textImage>