﻿<?xml version="1.0" encoding="UTF-8" standalone="yes"?>
<textImage id="2" width="490" height="52" transcription="في بغداد إلى اليوم بعد تحذيرات من" image="aljazeera_3213-05-33-30_2">
  <ArabicTranscription>في بغداد إلى اليوم بعد تحذيرات من</ArabicTranscription>
  <LatinTranscription>Faa_B Yaa_E SPACE Baa_B Ghayn_M Daal_E Alif_I Daal_I SPACE HamzaOnederAlif_I Laam_B AlifBroken_E SPACE Alif_I Laam_B Yaa_M Waaw_E Miim_I SPACE Baa_B Ayn_M Daal_E SPACE Taaa_B Haaa_M Thaal_E Yaa_B Raa_E Alif_I Taaa_I SPACE Miim_B Nuun_E</LatinTranscription>
  <content>
    <word idWord="1" x="447" transcription="في" LatinTrans="Faa_B Yaa_E">
      <paw idPaw="1" x="447" transcription="في" LatinTrans="Faa_B Yaa_E">
        <lettre idLettre="1" x="468" transcription="ف" LatinTrans="Faa_B" />
        <lettre idLettre="2" x="447" transcription="ي" LatinTrans="Yaa_E" />
      </paw>
    </word>
    <word idWord="2" x="440" transcription=" " LatinTrans="SPACE">
      <paw idPaw="1" x="440" transcription=" " LatinTrans="SPACE">
        <lettre idLettre="1" x="440" transcription=" " LatinTrans="SPACE" />
      </paw>
    </word>
    <word idWord="3" x="362" transcription="بغداد" LatinTrans="Baa_B Ghayn_M Daal_E Alif_I Daal_I">
      <paw idPaw="1" x="385" transcription="بغد" LatinTrans="Baa_B Ghayn_M Daal_E">
        <lettre idLettre="1" x="424" transcription="ب" LatinTrans="Baa_B" />
        <lettre idLettre="2" x="406" transcription="غ" LatinTrans="Ghayn_M" />
        <lettre idLettre="3" x="385" transcription="د" LatinTrans="Daal_E" />
      </paw>
      <paw idPaw="2" x="377" transcription="ا" LatinTrans="Alif_I">
        <lettre idLettre="1" x="377" transcription="ا" LatinTrans="Alif_I" />
      </paw>
      <paw idPaw="3" x="362" transcription="د" LatinTrans="Daal_I">
        <lettre idLettre="1" x="362" transcription="د" LatinTrans="Daal_I" />
      </paw>
    </word>
    <word idWord="4" x="355" transcription=" " LatinTrans="SPACE">
      <paw idPaw="1" x="355" transcription=" " LatinTrans="SPACE">
        <lettre idLettre="1" x="355" transcription=" " LatinTrans="SPACE" />
      </paw>
    </word>
    <word idWord="5" x="315" transcription="إلى" LatinTrans="HamzaOnederAlif_I Laam_B AlifBroken_E">
      <paw idPaw="1" x="345" transcription="إ" LatinTrans="HamzaOnederAlif_I">
        <lettre idLettre="1" x="345" transcription="إ" LatinTrans="HamzaUnderAlif_I" />
      </paw>
      <paw idPaw="2" x="315" transcription="لى" LatinTrans="Laam_B AlifBroken_E">
        <lettre idLettre="1" x="336" transcription="ل" LatinTrans="Laam_B" />
        <lettre idLettre="2" x="315" transcription="ى" LatinTrans="AlifBroken_E" />
      </paw>
    </word>
    <word idWord="6" x="309" transcription=" " LatinTrans="SPACE">
      <paw idPaw="1" x="309" transcription=" " LatinTrans="SPACE">
        <lettre idLettre="1" x="309" transcription=" " LatinTrans="SPACE" />
      </paw>
    </word>
    <word idWord="7" x="237" transcription="اليوم" LatinTrans="Alif_I Laam_B Yaa_M Waaw_E Miim_I">
      <paw idPaw="1" x="302" transcription="ا" LatinTrans="Alif_I">
        <lettre idLettre="1" x="302" transcription="ا" LatinTrans="Alif_I" />
      </paw>
      <paw idPaw="2" x="259" transcription="ليو" LatinTrans="Laam_B Yaa_M Waaw_E">
        <lettre idLettre="1" x="292" transcription="ل" LatinTrans="Laam_B" />
        <lettre idLettre="2" x="274" transcription="ي" LatinTrans="Yaa_M" />
        <lettre idLettre="3" x="259" transcription="و" LatinTrans="Waaw_E" />
      </paw>
      <paw idPaw="3" x="237" transcription="م" LatinTrans="Miim_I">
        <lettre idLettre="1" x="237" transcription="م" LatinTrans="Miim_I" />
      </paw>
    </word>
    <word idWord="8" x="231" transcription=" " LatinTrans="SPACE">
      <paw idPaw="1" x="231" transcription=" " LatinTrans="SPACE">
        <lettre idLettre="1" x="231" transcription=" " LatinTrans="SPACE" />
      </paw>
    </word>
    <word idWord="9" x="178" transcription="بعد" LatinTrans="Baa_B Ayn_M Daal_E">
      <paw idPaw="1" x="178" transcription="بعد" LatinTrans="Baa_B Ayn_M Daal_E">
        <lettre idLettre="1" x="216" transcription="ب" LatinTrans="Baa_B" />
        <lettre idLettre="2" x="194" transcription="ع" LatinTrans="Ayn_M" />
        <lettre idLettre="3" x="178" transcription="د" LatinTrans="Daal_E" />
      </paw>
    </word>
    <word idWord="10" x="170" transcription=" " LatinTrans="SPACE">
      <paw idPaw="1" x="170" transcription=" " LatinTrans="SPACE">
        <lettre idLettre="1" x="170" transcription=" " LatinTrans="SPACE" />
      </paw>
    </word>
    <word idWord="11" x="57" transcription="تحذيرات" LatinTrans="Taaa_B Haaa_M Thaal_E Yaa_B Raa_E Alif_I Taaa_I">
      <paw idPaw="1" x="118" transcription="تحذ" LatinTrans="Taaa_B Haaa_M Thaal_E">
        <lettre idLettre="1" x="155" transcription="ت" LatinTrans="Taaa_B" />
        <lettre idLettre="2" x="135" transcription="ح" LatinTrans="Haaa_M" />
        <lettre idLettre="3" x="118" transcription="ذ" LatinTrans="Thaal_E" />
      </paw>
      <paw idPaw="2" x="91" transcription="ير" LatinTrans="Yaa_B Raa_E">
        <lettre idLettre="1" x="105" transcription="ي" LatinTrans="Yaa_B" />
        <lettre idLettre="2" x="91" transcription="ر" LatinTrans="Raa_E" />
      </paw>
      <paw idPaw="3" x="83" transcription="ا" LatinTrans="Alif_I">
        <lettre idLettre="1" x="83" transcription="ا" LatinTrans="Alif_I" />
      </paw>
      <paw idPaw="4" x="57" transcription="ت" LatinTrans="Taaa_I">
        <lettre idLettre="1" x="57" transcription="ت" LatinTrans="Taaa_I" />
      </paw>
    </word>
    <word idWord="12" x="51" transcription=" " LatinTrans="SPACE">
      <paw idPaw="1" x="51" transcription=" " LatinTrans="SPACE">
        <lettre idLettre="1" x="51" transcription=" " LatinTrans="SPACE" />
      </paw>
    </word>
    <word idWord="13" x="0" transcription="من" LatinTrans="Miim_B Nuun_E">
      <paw idPaw="1" x="0" transcription="من" LatinTrans="Miim_B Nuun_E">
        <lettre idLettre="1" x="31" transcription="م" LatinTrans="Miim_B" />
        <lettre idLettre="2" x="0" transcription="ن" LatinTrans="Nuun_E" />
      </paw>
    </word>
  </content>
</textImage>