﻿<?xml version="1.0" encoding="UTF-8" standalone="yes"?>
<textImage id="1" width="122" height="37" transcription="محمود علام" image="aljazeera_3213-00-28-30_1">
  <ArabicTranscription>محمود علام</ArabicTranscription>
  <LatinTranscription>Miim_B Haaa_M Miim_M Waaw_E Daal_I SPACE Ayn_B Laam_Alif Miim_I</LatinTranscription>
  <content>
    <word idWord="1" x="54" transcription="محمود" LatinTrans="Miim_B Haaa_M Miim_M Waaw_E Daal_I">
      <paw idPaw="1" x="66" transcription="محمو" LatinTrans="Miim_B Haaa_M Miim_M Waaw_E">
        <lettre idLettre="1" x="106" transcription="م" LatinTrans="Miim_B" />
        <lettre idLettre="2" x="91" transcription="ح" LatinTrans="Haaa_M" />
        <lettre idLettre="3" x="80" transcription="م" LatinTrans="Miim_M" />
        <lettre idLettre="4" x="66" transcription="و" LatinTrans="Waaw_E" />
      </paw>
      <paw idPaw="2" x="54" transcription="د" LatinTrans="Daal_I">
        <lettre idLettre="1" x="54" transcription="د" LatinTrans="Daal_I" />
      </paw>
    </word>
    <word idWord="2" x="50" transcription=" " LatinTrans="SPACE">
      <paw idPaw="1" x="50" transcription=" " LatinTrans="SPACE">
        <lettre idLettre="1" x="50" transcription=" " LatinTrans="SPACE" />
      </paw>
    </word>
    <word idWord="3" x="0" transcription="علام" LatinTrans="Ayn_B Laam_Alif Miim_I">
      <paw idPaw="1" x="19" transcription="علا" LatinTrans="Ayn_B Laam_Alif">
        <lettre idLettre="1" x="33" transcription="ع" LatinTrans="Ayn_B" />
        <lettre idLettre="2" x="19" transcription="لا" LatinTrans="Laam_Alif" />
      </paw>
      <paw idPaw="2" x="0" transcription="م" LatinTrans="Miim_I">
        <lettre idLettre="1" x="0" transcription="م" LatinTrans="Miim_I" />
      </paw>
    </word>
  </content>
</textImage>