﻿<?xml version="1.0" encoding="UTF-8" standalone="yes"?>
<textImage id="3" width="280" height="38" transcription="أغلبهم في دمشق وريفها وحلب" image="aljazeera_3212-05-08-50_3">
  <ArabicTranscription>أغلبهم في دمشق وريفها وحلب</ArabicTranscription>
  <LatinTranscription>HamzaAboveAlif_I Ghayn_B Laam_M Baa_M Haa_M Miim_E SPACE Faa_B Yaa_E SPACE Daal_I Miim_B Shiin_M Gaaf_E SPACE Waaw_I Raa_I Yaa_B Faa_M Haa_M Alif_E SPACE Waaw_I Haaa_B Laam_M Baa_E</LatinTranscription>
  <content>
    <word idWord="1" x="212" transcription="أغلبهم" LatinTrans="HamzaAboveAlif_I Ghayn_B Laam_M Baa_M Haa_M Miim_E">
      <paw idPaw="1" x="267" transcription="أ" LatinTrans="HamzaAboveAlif_I">
        <lettre idLettre="1" x="267" transcription="أ" LatinTrans="HamzaAboveAlif_I" />
      </paw>
      <paw idPaw="2" x="212" transcription="غلبهم" LatinTrans="Ghayn_B Laam_M Baa_M Haa_M Miim_E">
        <lettre idLettre="1" x="255" transcription="غ" LatinTrans="Ghayn_B" />
        <lettre idLettre="2" x="247" transcription="ل" LatinTrans="Laam_M" />
        <lettre idLettre="3" x="237" transcription="ب" LatinTrans="Baa_M" />
        <lettre idLettre="4" x="227" transcription="ه" LatinTrans="Haa_M" />
        <lettre idLettre="5" x="212" transcription="م" LatinTrans="Miim_E" />
      </paw>
    </word>
    <word idWord="2" x="208" transcription=" " LatinTrans="SPACE">
      <paw idPaw="1" x="208" transcription=" " LatinTrans="SPACE">
        <lettre idLettre="1" x="208" transcription=" " LatinTrans="SPACE" />
      </paw>
    </word>
    <word idWord="3" x="181" transcription="في" LatinTrans="Faa_B Yaa_E">
      <paw idPaw="1" x="181" transcription="في" LatinTrans="Faa_B Yaa_E">
        <lettre idLettre="1" x="196" transcription="ف" LatinTrans="Faa_B" />
        <lettre idLettre="2" x="181" transcription="ي" LatinTrans="Yaa_E" />
      </paw>
    </word>
    <word idWord="4" x="177" transcription=" " LatinTrans="SPACE">
      <paw idPaw="1" x="177" transcription=" " LatinTrans="SPACE">
        <lettre idLettre="1" x="177" transcription=" " LatinTrans="SPACE" />
      </paw>
    </word>
    <word idWord="5" x="121" transcription="دمشق" LatinTrans="Daal_I Miim_B Shiin_M Gaaf_E">
      <paw idPaw="1" x="167" transcription="د" LatinTrans="Daal_I">
        <lettre idLettre="1" x="167" transcription="د" LatinTrans="Daal_I" />
      </paw>
      <paw idPaw="2" x="121" transcription="مشق" LatinTrans="Miim_B Shiin_M Gaaf_E">
        <lettre idLettre="1" x="155" transcription="م" LatinTrans="Miim_B" />
        <lettre idLettre="2" x="136" transcription="ش" LatinTrans="Shiin_M" />
        <lettre idLettre="3" x="121" transcription="ق" LatinTrans="Gaaf_E" />
      </paw>
    </word>
    <word idWord="6" x="117" transcription=" " LatinTrans="SPACE">
      <paw idPaw="1" x="117" transcription=" " LatinTrans="SPACE">
        <lettre idLettre="1" x="117" transcription=" " LatinTrans="SPACE" />
      </paw>
    </word>
    <word idWord="7" x="55" transcription="وريفها" LatinTrans="Waaw_I Raa_I Yaa_B Faa_M Haa_M Alif_E">
      <paw idPaw="1" x="107" transcription="و" LatinTrans="Waaw_I">
        <lettre idLettre="1" x="107" transcription="و" LatinTrans="Waaw_I" />
      </paw>
      <paw idPaw="2" x="98" transcription="ر" LatinTrans="Raa_I">
        <lettre idLettre="1" x="98" transcription="ر" LatinTrans="Raa_I" />
      </paw>
      <paw idPaw="3" x="55" transcription="يفها" LatinTrans="Yaa_B Faa_M Haa_M Alif_E">
        <lettre idLettre="1" x="88" transcription="ي" LatinTrans="Yaa_B" />
        <lettre idLettre="2" x="74" transcription="ف" LatinTrans="Faa_M" />
        <lettre idLettre="3" x="63" transcription="ه" LatinTrans="Haa_M" />
        <lettre idLettre="4" x="55" transcription="ا" LatinTrans="Alif_E" />
      </paw>
    </word>
    <word idWord="8" x="53" transcription=" " LatinTrans="SPACE">
      <paw idPaw="1" x="53" transcription=" " LatinTrans="SPACE">
        <lettre idLettre="1" x="53" transcription=" " LatinTrans="SPACE" />
      </paw>
    </word>
    <word idWord="9" x="0" transcription="وحلب" LatinTrans="Waaw_I Haaa_B Laam_M Baa_E">
      <paw idPaw="1" x="41" transcription="و" LatinTrans="Waaw_I">
        <lettre idLettre="1" x="41" transcription="و" LatinTrans="Waaw_I" />
      </paw>
      <paw idPaw="2" x="0" transcription="حلب" LatinTrans="Haaa_B Laam_M Baa_E">
        <lettre idLettre="1" x="28" transcription="ح" LatinTrans="Haaa_B" />
        <lettre idLettre="2" x="21" transcription="ل" LatinTrans="Laam_M" />
        <lettre idLettre="3" x="0" transcription="ب" LatinTrans="Baa_E" />
      </paw>
    </word>
  </content>
</textImage>