﻿<?xml version="1.0" encoding="UTF-8" standalone="yes"?>
<textImage id="4" width="112" height="40" transcription="الحكومة" image="aljazeera_3213-05-32-50_4">
  <ArabicTranscription>الحكومة</ArabicTranscription>
  <LatinTranscription>Alif_I Laam_B Haaa_M Kaaf_M Waaw_E Miim_B TaaaClosed_E</LatinTranscription>
  <content>
    <word idWord="1" x="0" transcription="الحكومة" LatinTrans="Alif_I Laam_B Haaa_M Kaaf_M Waaw_E Miim_B TaaaClosed_E">
      <paw idPaw="1" x="102" transcription="ا" LatinTrans="Alif_I">
        <lettre idLettre="1" x="102" transcription="ا" LatinTrans="Alif_I" />
      </paw>
      <paw idPaw="2" x="39" transcription="لحكو" LatinTrans="Laam_B Haaa_M Kaaf_M Waaw_E">
        <lettre idLettre="1" x="93" transcription="ل" LatinTrans="Laam_B" />
        <lettre idLettre="2" x="73" transcription="ح" LatinTrans="Haaa_M" />
        <lettre idLettre="3" x="54" transcription="ك" LatinTrans="Kaaf_M" />
        <lettre idLettre="4" x="39" transcription="و" LatinTrans="Waaw_E" />
      </paw>
      <paw idPaw="3" x="0" transcription="مة" LatinTrans="Miim_B TaaaClosed_E">
        <lettre idLettre="1" x="24" transcription="م" LatinTrans="Miim_B" />
        <lettre idLettre="2" x="0" transcription="ة" LatinTrans="TaaaClosed_E" />
      </paw>
    </word>
  </content>
</textImage>