﻿<?xml version="1.0" encoding="UTF-8" standalone="yes"?>
<textImage id="1" width="475" height="33" transcription="معارك عنيفة قرب مطار الجراح العسكري" image="aljazeera_3211-17-36-00_1">
  <ArabicTranscription>معارك عنيفة قرب مطار الجراح العسكري</ArabicTranscription>
  <LatinTranscription>Miim_B Ayn_M Alif_E Raa_I Kaaf_I SPACE Ayn_B Nuun_M Yaa_M Faa_M TaaaClosed_E SPACE Gaaf_B Raa_E Baa_I SPACE Miim_B Thaaa_M Alif_E Raa_I SPACE Alif_I Laam_B Jiim_M Raa_E Alif_I Haaa_I SPACE Alif_I Laam_B Ayn_M Siin_M Kaaf_M Raa_E Yaa_I</LatinTranscription>
  <content>
    <word idWord="1" x="386" transcription="معارك" LatinTrans="Miim_B Ayn_M Alif_E Raa_I Kaaf_I">
      <paw idPaw="1" x="412" transcription="معا" LatinTrans="Miim_B Ayn_M Alif_E">
        <lettre idLettre="1" x="456" transcription="م" LatinTrans="Miim_B" />
        <lettre idLettre="2" x="427" transcription="ع" LatinTrans="Ayn_M" />
        <lettre idLettre="3" x="412" transcription="ا" LatinTrans="Alif_E" />
      </paw>
      <paw idPaw="2" x="405" transcription="ر" LatinTrans="Raa_I">
        <lettre idLettre="1" x="405" transcription="ر" LatinTrans="Raa_I" />
      </paw>
      <paw idPaw="3" x="386" transcription="ك" LatinTrans="Kaaf_I">
        <lettre idLettre="1" x="386" transcription="ك" LatinTrans="Kaaf_I" />
      </paw>
    </word>
    <word idWord="2" x="381" transcription=" " LatinTrans="SPACE">
      <paw idPaw="1" x="381" transcription=" " LatinTrans="SPACE">
        <lettre idLettre="1" x="381" transcription=" " LatinTrans="SPACE" />
      </paw>
    </word>
    <word idWord="3" x="264" transcription="عنيفة" LatinTrans="Ayn_B Nuun_M Yaa_M Faa_M TaaaClosed_E">
      <paw idPaw="1" x="264" transcription="عنيفة" LatinTrans="Ayn_B Nuun_M Yaa_M Faa_M TaaaClosed_E">
        <lettre idLettre="1" x="362" transcription="ع" LatinTrans="Ayn_B" />
        <lettre idLettre="2" x="339" transcription="ن" LatinTrans="Nuun_M" />
        <lettre idLettre="3" x="312" transcription="ي" LatinTrans="Yaa_M" />
        <lettre idLettre="4" x="286" transcription="ف" LatinTrans="Faa_M" />
        <lettre idLettre="5" x="264" transcription="ة" LatinTrans="TaaaClosed_E" />
      </paw>
    </word>
    <word idWord="4" x="261" transcription=" " LatinTrans="SPACE">
      <paw idPaw="1" x="261" transcription=" " LatinTrans="SPACE">
        <lettre idLettre="1" x="261" transcription=" " LatinTrans="SPACE" />
      </paw>
    </word>
    <word idWord="5" x="205" transcription="قرب" LatinTrans="Gaaf_B Raa_E Baa_I">
      <paw idPaw="1" x="226" transcription="قر" LatinTrans="Gaaf_B Raa_E">
        <lettre idLettre="1" x="245" transcription="ق" LatinTrans="Gaaf_B" />
        <lettre idLettre="2" x="226" transcription="ر" LatinTrans="Raa_E" />
      </paw>
      <paw idPaw="2" x="205" transcription="ب" LatinTrans="Baa_I">
        <lettre idLettre="1" x="205" transcription="ب" LatinTrans="Baa_I" />
      </paw>
    </word>
    <word idWord="6" x="203" transcription=" " LatinTrans="SPACE">
      <paw idPaw="1" x="203" transcription=" " LatinTrans="SPACE">
        <lettre idLettre="1" x="203" transcription=" " LatinTrans="SPACE" />
      </paw>
    </word>
    <word idWord="7" x="146" transcription="مطار" LatinTrans="Miim_B Thaaa_M Alif_E Raa_I">
      <paw idPaw="1" x="154" transcription="مطا" LatinTrans="Miim_B Thaaa_M Alif_E">
        <lettre idLettre="1" x="187" transcription="م" LatinTrans="Miim_B" />
        <lettre idLettre="2" x="161" transcription="ط" LatinTrans="Thaaa_M" />
        <lettre idLettre="3" x="154" transcription="ا" LatinTrans="Alif_E" />
      </paw>
      <paw idPaw="2" x="146" transcription="ر" LatinTrans="Raa_I">
        <lettre idLettre="1" x="146" transcription="ر" LatinTrans="Raa_I" />
      </paw>
    </word>
    <word idWord="8" x="142" transcription=" " LatinTrans="SPACE">
      <paw idPaw="1" x="142" transcription=" " LatinTrans="SPACE">
        <lettre idLettre="1" x="142" transcription=" " LatinTrans="SPACE" />
      </paw>
    </word>
    <word idWord="9" x="87" transcription="الجراح" LatinTrans="Alif_I Laam_B Jiim_M Raa_E Alif_I Haaa_I">
      <paw idPaw="1" x="137" transcription="ا" LatinTrans="Alif_I">
        <lettre idLettre="1" x="137" transcription="ا" LatinTrans="Alif_I" />
      </paw>
      <paw idPaw="2" x="109" transcription="لجر" LatinTrans="Laam_B Jiim_M Raa_E">
        <lettre idLettre="1" x="130" transcription="ل" LatinTrans="Laam_B" />
        <lettre idLettre="2" x="117" transcription="ج" LatinTrans="Jiim_M" />
        <lettre idLettre="3" x="109" transcription="ر" LatinTrans="Raa_E" />
      </paw>
      <paw idPaw="3" x="103" transcription="ا" LatinTrans="Alif_I">
        <lettre idLettre="1" x="103" transcription="ا" LatinTrans="Alif_I" />
      </paw>
      <paw idPaw="4" x="87" transcription="ح" LatinTrans="Haaa_I">
        <lettre idLettre="1" x="87" transcription="ح" LatinTrans="Haaa_I" />
      </paw>
    </word>
    <word idWord="10" x="83" transcription=" " LatinTrans="SPACE">
      <paw idPaw="1" x="83" transcription=" " LatinTrans="SPACE">
        <lettre idLettre="1" x="83" transcription=" " LatinTrans="SPACE" />
      </paw>
    </word>
    <word idWord="11" x="0" transcription="العسكري" LatinTrans="Alif_I Laam_B Ayn_M Siin_M Kaaf_M Raa_E Yaa_I">
      <paw idPaw="1" x="78" transcription="ا" LatinTrans="Alif_I">
        <lettre idLettre="1" x="78" transcription="ا" LatinTrans="Alif_I" />
      </paw>
      <paw idPaw="2" x="20" transcription="لعسكر" LatinTrans="Laam_B Ayn_M Siin_M Kaaf_M Raa_E">
        <lettre idLettre="1" x="73" transcription="ل" LatinTrans="Laam_B" />
        <lettre idLettre="2" x="58" transcription="ع" LatinTrans="Ayn_M" />
        <lettre idLettre="3" x="41" transcription="س" LatinTrans="Siin_M" />
        <lettre idLettre="4" x="27" transcription="ك" LatinTrans="Kaaf_M" />
        <lettre idLettre="5" x="20" transcription="ر" LatinTrans="Raa_E" />
      </paw>
      <paw idPaw="3" x="0" transcription="ي" LatinTrans="Yaa_I">
        <lettre idLettre="1" x="0" transcription="ي" LatinTrans="Yaa_I" />
      </paw>
    </word>
  </content>
</textImage>