﻿<?xml version="1.0" encoding="UTF-8" standalone="yes"?>
<textImage id="1" width="83" height="43" transcription="دمشق" image="aljazeera_3211-09-56-50_1">
  <ArabicTranscription>دمشق</ArabicTranscription>
  <LatinTranscription>Daal_I Miim_B Shiin_M Gaaf_E</LatinTranscription>
  <content>
    <word idWord="1" x="0" transcription="دمشق" LatinTrans="Daal_I Miim_B Shiin_M Gaaf_E">
      <paw idPaw="1" x="65" transcription="د" LatinTrans="Daal_I">
        <lettre idLettre="1" x="65" transcription="د" LatinTrans="Daal_I" />
      </paw>
      <paw idPaw="2" x="0" transcription="مشق" LatinTrans="Miim_B Shiin_M Gaaf_E">
        <lettre idLettre="1" x="51" transcription="م" LatinTrans="Miim_B" />
        <lettre idLettre="2" x="26" transcription="ش" LatinTrans="Shiin_M" />
        <lettre idLettre="3" x="0" transcription="ق" LatinTrans="Gaaf_E" />
      </paw>
    </word>
  </content>
</textImage>