﻿<?xml version="1.0" encoding="UTF-8" standalone="yes"?>
<textImage id="1" width="93" height="31" transcription="الدوحة" image="aljazeera_3213-00-27-50_1">
  <ArabicTranscription>الدوحة</ArabicTranscription>
  <LatinTranscription>Alif_I Laam_B Daal_E Waaw_I Haaa_B TaaaClosed_E</LatinTranscription>
  <content>
    <word idWord="1" x="0" transcription="الدوحة" LatinTrans="Alif_I Laam_B Daal_E Waaw_I Haaa_B TaaaClosed_E">
      <paw idPaw="1" x="85" transcription="ا" LatinTrans="Alif_I">
        <lettre idLettre="1" x="85" transcription="ا" LatinTrans="Alif_I" />
      </paw>
      <paw idPaw="2" x="65" transcription="لد" LatinTrans="Laam_B Daal_E">
        <lettre idLettre="1" x="78" transcription="ل" LatinTrans="Laam_B" />
        <lettre idLettre="2" x="65" transcription="د" LatinTrans="Daal_E" />
      </paw>
      <paw idPaw="3" x="52" transcription="و" LatinTrans="Waaw_I">
        <lettre idLettre="1" x="52" transcription="و" LatinTrans="Waaw_I" />
      </paw>
      <paw idPaw="4" x="0" transcription="حة" LatinTrans="Haaa_B TaaaClosed_E">
        <lettre idLettre="1" x="33" transcription="ح" LatinTrans="Haaa_B" />
        <lettre idLettre="2" x="0" transcription="ة" LatinTrans="TaaaClosed_E" />
      </paw>
    </word>
  </content>
</textImage>