﻿<?xml version="1.0" encoding="UTF-8" standalone="yes"?>
<textImage id="2" width="308" height="41" transcription="هذا الملف هو الأساس" image="aljazeera_3212-08-41-50_2">
  <ArabicTranscription>هذا الملف هو الأساس</ArabicTranscription>
  <LatinTranscription>Haa_B Thaal_E Alif_I SPACE Alif_I Laam_B Miim_M Laam_M Faa_E SPACE Haa_B Waaw_E SPACE Alif_I Laam_HamzaAboveAlif Siin_B Alif_E Siin_I</LatinTranscription>
  <content>
    <word idWord="1" x="260" transcription="هذا" LatinTrans="Haa_B Thaal_E Alif_I">
      <paw idPaw="1" x="267" transcription="هذ" LatinTrans="Haa_B Thaal_E">
        <lettre idLettre="1" x="282" transcription="ه" LatinTrans="Haa_B" />
        <lettre idLettre="2" x="267" transcription="ذ" LatinTrans="Thaal_E" />
      </paw>
      <paw idPaw="2" x="260" transcription="ا" LatinTrans="Alif_I">
        <lettre idLettre="1" x="260" transcription="ا" LatinTrans="Alif_I" />
      </paw>
    </word>
    <word idWord="2" x="254" transcription=" " LatinTrans="SPACE">
      <paw idPaw="1" x="254" transcription=" " LatinTrans="SPACE">
        <lettre idLettre="1" x="254" transcription=" " LatinTrans="SPACE" />
      </paw>
    </word>
    <word idWord="3" x="161" transcription="الملف" LatinTrans="Alif_I Laam_B Miim_M Laam_M Faa_E">
      <paw idPaw="1" x="246" transcription="ا" LatinTrans="Alif_I">
        <lettre idLettre="1" x="246" transcription="ا" LatinTrans="Alif_I" />
      </paw>
      <paw idPaw="2" x="161" transcription="لملف" LatinTrans="Laam_B Miim_M Laam_M Faa_E">
        <lettre idLettre="1" x="238" transcription="ل" LatinTrans="Laam_B" />
        <lettre idLettre="2" x="224" transcription="م" LatinTrans="Miim_M" />
        <lettre idLettre="3" x="212" transcription="ل" LatinTrans="Laam_M" />
        <lettre idLettre="4" x="161" transcription="ف" LatinTrans="Faa_E" />
      </paw>
    </word>
    <word idWord="4" x="156" transcription=" " LatinTrans="SPACE">
      <paw idPaw="1" x="156" transcription=" " LatinTrans="SPACE">
        <lettre idLettre="1" x="156" transcription=" " LatinTrans="SPACE" />
      </paw>
    </word>
    <word idWord="5" x="96" transcription="هو" LatinTrans="Haa_B Waaw_E">
      <paw idPaw="1" x="96" transcription="هو" LatinTrans="Haa_B Waaw_E">
        <lettre idLettre="1" x="133" transcription="ه" LatinTrans="Haa_B" />
        <lettre idLettre="2" x="96" transcription="و" LatinTrans="Waaw_E" />
      </paw>
    </word>
    <word idWord="6" x="91" transcription=" " LatinTrans="SPACE">
      <paw idPaw="1" x="91" transcription=" " LatinTrans="SPACE">
        <lettre idLettre="1" x="91" transcription=" " LatinTrans="SPACE" />
      </paw>
    </word>
    <word idWord="7" x="0" transcription="الأساس" LatinTrans="Alif_I Laam_HamzaAboveAlif Siin_B Alif_E Siin_I">
      <paw idPaw="1" x="82" transcription="ا" LatinTrans="Alif_I">
        <lettre idLettre="1" x="82" transcription="ا" LatinTrans="Alif_I" />
      </paw>
      <paw idPaw="2" x="66" transcription="لأ" LatinTrans="Laam_HamzaAboveAlif">
        <lettre idLettre="1" x="66" transcription="لأ" LatinTrans="Laam_HamzaAboveAlif" />
      </paw>
      <paw idPaw="3" x="36" transcription="سا" LatinTrans="Siin_B Alif_E">
        <lettre idLettre="1" x="43" transcription="س" LatinTrans="Siin_B" />
        <lettre idLettre="2" x="36" transcription="ا" LatinTrans="Alif_E" />
      </paw>
      <paw idPaw="4" x="0" transcription="س" LatinTrans="Siin_I">
        <lettre idLettre="1" x="0" transcription="س" LatinTrans="Siin_I" />
      </paw>
    </word>
  </content>
</textImage>