﻿<?xml version="1.0" encoding="UTF-8" standalone="yes"?>
<textImage id="1" width="483" height="48" transcription="أغلب الفلسطينين يساندون المقاطعة" image="aljazeera_3212-10-31-10_1">
  <ArabicTranscription>أغلب الفلسطينين يساندون المقاطعة</ArabicTranscription>
  <LatinTranscription>HamzaAboveAlif_I Ghayn_B Laam_M Baa_E SPACE Alif_I Laam_B Faa_M Laam_M Siin_M Thaaa_M Yaa_M Nuun_M Yaa_M Nuun_E SPACE Yaa_B Siin_M Alif_E Nuun_B Daal_E Waaw_I Nuun_I SPACE Alif_I Laam_B Miim_M Gaaf_M Alif_E Thaaa_B Ayn_M TaaaClosed_E</LatinTranscription>
  <content>
    <word idWord="1" x="411" transcription="أغلب" LatinTrans="HamzaAboveAlif_I Ghayn_B Laam_M Baa_E">
      <paw idPaw="1" x="470" transcription="أ" LatinTrans="HamzaAboveAlif_I">
        <lettre idLettre="1" x="470" transcription="أ" LatinTrans="HamzaAboveAlif_I" />
      </paw>
      <paw idPaw="2" x="411" transcription="غلب" LatinTrans="Ghayn_B Laam_M Baa_E">
        <lettre idLettre="1" x="450" transcription="غ" LatinTrans="Ghayn_B" />
        <lettre idLettre="2" x="440" transcription="ل" LatinTrans="Laam_M" />
        <lettre idLettre="3" x="411" transcription="ب" LatinTrans="Baa_E" />
      </paw>
    </word>
    <word idWord="2" x="407" transcription=" " LatinTrans="SPACE">
      <paw idPaw="1" x="407" transcription=" " LatinTrans="SPACE">
        <lettre idLettre="1" x="407" transcription=" " LatinTrans="SPACE" />
      </paw>
    </word>
    <word idWord="3" x="251" transcription="الفلسطينين" LatinTrans="Alif_I Laam_B Faa_M Laam_M Siin_M Thaaa_M Yaa_M Nuun_M Yaa_M Nuun_E">
      <paw idPaw="1" x="399" transcription="ا" LatinTrans="Alif_I">
        <lettre idLettre="1" x="399" transcription="ا" LatinTrans="Alif_I" />
      </paw>
      <paw idPaw="2" x="251" transcription="لفلسطينين" LatinTrans="Laam_B Faa_M Laam_M Siin_M Thaaa_M Yaa_M Nuun_M Yaa_M Nuun_E">
        <lettre idLettre="1" x="392" transcription="ل" LatinTrans="Laam_B" />
        <lettre idLettre="2" x="373" transcription="ف" LatinTrans="Faa_M" />
        <lettre idLettre="3" x="365" transcription="ل" LatinTrans="Laam_M" />
        <lettre idLettre="4" x="337" transcription="س" LatinTrans="Siin_M" />
        <lettre idLettre="5" x="312" transcription="ط" LatinTrans="Thaaa_M" />
        <lettre idLettre="6" x="297" transcription="ي" LatinTrans="Yaa_M" />
        <lettre idLettre="7" x="284" transcription="ن" LatinTrans="Nuun_M" />
        <lettre idLettre="8" x="272" transcription="ي" LatinTrans="Yaa_M" />
        <lettre idLettre="9" x="251" transcription="ن" LatinTrans="Nuun_E" />
      </paw>
    </word>
    <word idWord="4" x="246" transcription=" " LatinTrans="SPACE">
      <paw idPaw="1" x="246" transcription=" " LatinTrans="SPACE">
        <lettre idLettre="1" x="246" transcription=" " LatinTrans="SPACE" />
      </paw>
    </word>
    <word idWord="5" x="133" transcription="يساندون" LatinTrans="Yaa_B Siin_M Alif_E Nuun_B Daal_E Waaw_I Nuun_I">
      <paw idPaw="1" x="195" transcription="يسا" LatinTrans="Yaa_B Siin_M Alif_E">
        <lettre idLettre="1" x="230" transcription="ي" LatinTrans="Yaa_B" />
        <lettre idLettre="2" x="204" transcription="س" LatinTrans="Siin_M" />
        <lettre idLettre="3" x="195" transcription="ا" LatinTrans="Alif_E" />
      </paw>
      <paw idPaw="2" x="167" transcription="ند" LatinTrans="Nuun_B Daal_E">
        <lettre idLettre="1" x="185" transcription="ن" LatinTrans="Nuun_B" />
        <lettre idLettre="2" x="167" transcription="د" LatinTrans="Daal_E" />
      </paw>
      <paw idPaw="3" x="155" transcription="و" LatinTrans="Waaw_I">
        <lettre idLettre="1" x="155" transcription="و" LatinTrans="Waaw_I" />
      </paw>
      <paw idPaw="4" x="133" transcription="ن" LatinTrans="Nuun_I">
        <lettre idLettre="1" x="133" transcription="ن" LatinTrans="Nuun_I" />
      </paw>
    </word>
    <word idWord="6" x="128" transcription=" " LatinTrans="SPACE">
      <paw idPaw="1" x="128" transcription=" " LatinTrans="SPACE">
        <lettre idLettre="1" x="128" transcription=" " LatinTrans="SPACE" />
      </paw>
    </word>
    <word idWord="7" x="0" transcription="المقاطعة" LatinTrans="Alif_I Laam_B Miim_M Gaaf_M Alif_E Thaaa_B Ayn_M TaaaClosed_E">
      <paw idPaw="1" x="121" transcription="ا" LatinTrans="Alif_I">
        <lettre idLettre="1" x="121" transcription="ا" LatinTrans="Alif_I" />
      </paw>
      <paw idPaw="2" x="69" transcription="لمقا" LatinTrans="Laam_B Miim_M Gaaf_M Alif_E">
        <lettre idLettre="1" x="112" transcription="ل" LatinTrans="Laam_B" />
        <lettre idLettre="2" x="93" transcription="م" LatinTrans="Miim_M" />
        <lettre idLettre="3" x="76" transcription="ق" LatinTrans="Gaaf_M" />
        <lettre idLettre="4" x="69" transcription="ا" LatinTrans="Alif_E" />
      </paw>
      <paw idPaw="3" x="0" transcription="طعة" LatinTrans="Thaaa_B Ayn_M TaaaClosed_E">
        <lettre idLettre="1" x="43" transcription="ط" LatinTrans="Thaaa_B" />
        <lettre idLettre="2" x="23" transcription="ع" LatinTrans="Ayn_M" />
        <lettre idLettre="3" x="0" transcription="ة" LatinTrans="TaaaClosed_E" />
      </paw>
    </word>
  </content>
</textImage>