﻿<?xml version="1.0" encoding="UTF-8" standalone="yes"?>
<textImage id="1" width="313" height="51" transcription="الدوري الإنكليزي الممتاز" image="aljazeera_3212-09-40-10_1">
  <ArabicTranscription>الدوري الإنكليزي الممتاز</ArabicTranscription>
  <LatinTranscription>Alif_I Laam_B Daal_E Waaw_I Raa_I Yaa_I SPACE Alif_I Laam_HamzaOnederAlif Nuun_B Kaaf_M Laam_M Yaa_M Zaay_E Yaa_I SPACE Alif_I Laam_B Miim_M Miim_M Taaa_M Alif_E Zaay_I</LatinTranscription>
  <content>
    <word idWord="1" x="225" transcription="الدوري" LatinTrans="Alif_I Laam_B Daal_E Waaw_I Raa_I Yaa_I">
      <paw idPaw="1" x="301" transcription="ا" LatinTrans="Alif_I">
        <lettre idLettre="1" x="301" transcription="ا" LatinTrans="Alif_I" />
      </paw>
      <paw idPaw="2" x="274" transcription="لد" LatinTrans="Laam_B Daal_E">
        <lettre idLettre="1" x="292" transcription="ل" LatinTrans="Laam_B" />
        <lettre idLettre="2" x="274" transcription="د" LatinTrans="Daal_E" />
      </paw>
      <paw idPaw="3" x="261" transcription="و" LatinTrans="Waaw_I">
        <lettre idLettre="1" x="261" transcription="و" LatinTrans="Waaw_I" />
      </paw>
      <paw idPaw="4" x="248" transcription="ر" LatinTrans="Raa_I">
        <lettre idLettre="1" x="248" transcription="ر" LatinTrans="Raa_I" />
      </paw>
      <paw idPaw="5" x="225" transcription="ي" LatinTrans="Yaa_I">
        <lettre idLettre="1" x="225" transcription="ي" LatinTrans="Yaa_I" />
      </paw>
    </word>
    <word idWord="2" x="219" transcription=" " LatinTrans="SPACE">
      <paw idPaw="1" x="219" transcription=" " LatinTrans="SPACE">
        <lettre idLettre="1" x="219" transcription=" " LatinTrans="SPACE" />
      </paw>
    </word>
    <word idWord="3" x="102" transcription="الإنكليزي" LatinTrans="Alif_I Laam_HamzaOnederAlif Nuun_B Kaaf_M Laam_M Yaa_M Zaay_E Yaa_I">
      <paw idPaw="1" x="211" transcription="ا" LatinTrans="Alif_I">
        <lettre idLettre="1" x="211" transcription="ا" LatinTrans="Alif_I" />
      </paw>
      <paw idPaw="2" x="195" transcription="لإ" LatinTrans="Laam_HamzaOnederAlif">
        <lettre idLettre="1" x="195" transcription="لإ" LatinTrans="Laam_HamzaUnderAlif" />
      </paw>
      <paw idPaw="3" x="126" transcription="نكليز" LatinTrans="Nuun_B Kaaf_M Laam_M Yaa_M Zaay_E">
        <lettre idLettre="1" x="181" transcription="ن" LatinTrans="Nuun_B" />
        <lettre idLettre="2" x="166" transcription="ك" LatinTrans="Kaaf_M" />
        <lettre idLettre="3" x="155" transcription="ل" LatinTrans="Laam_M" />
        <lettre idLettre="4" x="137" transcription="ي" LatinTrans="Yaa_M" />
        <lettre idLettre="5" x="126" transcription="ز" LatinTrans="Zaay_E" />
      </paw>
      <paw idPaw="4" x="102" transcription="ي" LatinTrans="Yaa_I">
        <lettre idLettre="1" x="102" transcription="ي" LatinTrans="Yaa_I" />
      </paw>
    </word>
    <word idWord="4" x="97" transcription=" " LatinTrans="SPACE">
      <paw idPaw="1" x="97" transcription=" " LatinTrans="SPACE">
        <lettre idLettre="1" x="97" transcription=" " LatinTrans="SPACE" />
      </paw>
    </word>
    <word idWord="5" x="0" transcription="الممتاز" LatinTrans="Alif_I Laam_B Miim_M Miim_M Taaa_M Alif_E Zaay_I">
      <paw idPaw="1" x="90" transcription="ا" LatinTrans="Alif_I">
        <lettre idLettre="1" x="90" transcription="ا" LatinTrans="Alif_I" />
      </paw>
      <paw idPaw="2" x="19" transcription="لممتا" LatinTrans="Laam_B Miim_M Miim_M Taaa_M Alif_E">
        <lettre idLettre="1" x="81" transcription="ل" LatinTrans="Laam_B" />
        <lettre idLettre="2" x="63" transcription="م" LatinTrans="Miim_M" />
        <lettre idLettre="3" x="47" transcription="م" LatinTrans="Miim_M" />
        <lettre idLettre="4" x="28" transcription="ت" LatinTrans="Taaa_M" />
        <lettre idLettre="5" x="19" transcription="ا" LatinTrans="Alif_E" />
      </paw>
      <paw idPaw="3" x="0" transcription="ز" LatinTrans="Zaay_I">
        <lettre idLettre="1" x="0" transcription="ز" LatinTrans="Zaay_I" />
      </paw>
    </word>
  </content>
</textImage>