﻿<?xml version="1.0" encoding="UTF-8" standalone="yes"?>
<textImage id="1" width="491" height="58" transcription="رئيس مجلس الأمة السابق جاسم" image="aljazeera_3213-05-33-20_1">
  <ArabicTranscription>رئيس مجلس الأمة السابق جاسم</ArabicTranscription>
  <LatinTranscription>Raa_I HamzaAboveAlifBroken_B Yaa_M Siin_E SPACE Miim_B Jiim_M Laam_M Siin_E SPACE Alif_I Laam_HamzaAboveAlif Miim_B TaaaClosed_E SPACE Alif_I Laam_B Siin_M Alif_E Baa_B Gaaf_E SPACE Jiim_B Alif_E Siin_B Miim_E</LatinTranscription>
  <content>
    <word idWord="1" x="404" transcription="رئيس" LatinTrans="Raa_I HamzaAboveAlifBroken_B Yaa_M Siin_E">
      <paw idPaw="1" x="475" transcription="ر" LatinTrans="Raa_I">
        <lettre idLettre="1" x="475" transcription="ر" LatinTrans="Raa_I" />
      </paw>
      <paw idPaw="2" x="404" transcription="ئيس" LatinTrans="HamzaAboveAlifBroken_B Yaa_M Siin_E">
        <lettre idLettre="1" x="459" transcription="ئ" LatinTrans="HamzaAboveAlifBroken_B" />
        <lettre idLettre="2" x="444" transcription="ي" LatinTrans="Yaa_M" />
        <lettre idLettre="3" x="404" transcription="س" LatinTrans="Siin_E" />
      </paw>
    </word>
    <word idWord="2" x="399" transcription=" " LatinTrans="SPACE">
      <paw idPaw="1" x="399" transcription=" " LatinTrans="SPACE">
        <lettre idLettre="1" x="399" transcription=" " LatinTrans="SPACE" />
      </paw>
    </word>
    <word idWord="3" x="311" transcription="مجلس" LatinTrans="Miim_B Jiim_M Laam_M Siin_E">
      <paw idPaw="1" x="311" transcription="مجلس" LatinTrans="Miim_B Jiim_M Laam_M Siin_E">
        <lettre idLettre="1" x="380" transcription="م" LatinTrans="Miim_B" />
        <lettre idLettre="2" x="363" transcription="ج" LatinTrans="Jiim_M" />
        <lettre idLettre="3" x="353" transcription="ل" LatinTrans="Laam_M" />
        <lettre idLettre="4" x="311" transcription="س" LatinTrans="Siin_E" />
      </paw>
    </word>
    <word idWord="4" x="304" transcription=" " LatinTrans="SPACE">
      <paw idPaw="1" x="304" transcription=" " LatinTrans="SPACE">
        <lettre idLettre="1" x="304" transcription=" " LatinTrans="SPACE" />
      </paw>
    </word>
    <word idWord="5" x="240" transcription="الأمة" LatinTrans="Alif_I Laam_HamzaAboveAlif Miim_B TaaaClosed_E">
      <paw idPaw="1" x="297" transcription="ا" LatinTrans="Alif_I">
        <lettre idLettre="1" x="297" transcription="ا" LatinTrans="Alif_I" />
      </paw>
      <paw idPaw="2" x="279" transcription="لأ" LatinTrans="Laam_HamzaAboveAlif">
        <lettre idLettre="1" x="279" transcription="لأ" LatinTrans="Laam_HamzaAboveAlif" />
      </paw>
      <paw idPaw="3" x="240" transcription="مة" LatinTrans="Miim_B TaaaClosed_E">
        <lettre idLettre="1" x="260" transcription="م" LatinTrans="Miim_B" />
        <lettre idLettre="2" x="240" transcription="ة" LatinTrans="TaaaClosed_E" />
      </paw>
    </word>
    <word idWord="6" x="233" transcription=" " LatinTrans="SPACE">
      <paw idPaw="1" x="233" transcription=" " LatinTrans="SPACE">
        <lettre idLettre="1" x="233" transcription=" " LatinTrans="SPACE" />
      </paw>
    </word>
    <word idWord="7" x="113" transcription="السابق" LatinTrans="Alif_I Laam_B Siin_M Alif_E Baa_B Gaaf_E">
      <paw idPaw="1" x="225" transcription="ا" LatinTrans="Alif_I">
        <lettre idLettre="1" x="225" transcription="ا" LatinTrans="Alif_I" />
      </paw>
      <paw idPaw="2" x="177" transcription="لسا" LatinTrans="Laam_B Siin_M Alif_E">
        <lettre idLettre="1" x="215" transcription="ل" LatinTrans="Laam_B" />
        <lettre idLettre="2" x="187" transcription="س" LatinTrans="Siin_M" />
        <lettre idLettre="3" x="177" transcription="ا" LatinTrans="Alif_E" />
      </paw>
      <paw idPaw="3" x="113" transcription="بق" LatinTrans="Baa_B Gaaf_E">
        <lettre idLettre="1" x="153" transcription="ب" LatinTrans="Baa_B" />
        <lettre idLettre="2" x="113" transcription="ق" LatinTrans="Gaaf_E" />
      </paw>
    </word>
    <word idWord="8" x="107" transcription=" " LatinTrans="SPACE">
      <paw idPaw="1" x="107" transcription=" " LatinTrans="SPACE">
        <lettre idLettre="1" x="107" transcription=" " LatinTrans="SPACE" />
      </paw>
    </word>
    <word idWord="9" x="0" transcription="جاسم" LatinTrans="Jiim_B Alif_E Siin_B Miim_E">
      <paw idPaw="1" x="77" transcription="جا" LatinTrans="Jiim_B Alif_E">
        <lettre idLettre="1" x="87" transcription="ج" LatinTrans="Jiim_B" />
        <lettre idLettre="2" x="77" transcription="ا" LatinTrans="Alif_E" />
      </paw>
      <paw idPaw="2" x="0" transcription="سم" LatinTrans="Siin_B Miim_E">
        <lettre idLettre="1" x="49" transcription="س" LatinTrans="Siin_B" />
        <lettre idLettre="2" x="0" transcription="م" LatinTrans="Miim_E" />
      </paw>
    </word>
  </content>
</textImage>