﻿<?xml version="1.0" encoding="UTF-8" standalone="yes"?>
<textImage id="2" width="475" height="39" transcription="اليمنية ويطالبون باستكمال أهداف ثورتهم" image="aljazeera_3211-10-28-40_2">
  <ArabicTranscription>اليمنية ويطالبون باستكمال أهداف ثورتهم</ArabicTranscription>
  <LatinTranscription>Alif_I Laam_B Yaa_M Miim_M Nuun_M Yaa_M TaaaClosed_E SPACE Waaw_I Yaa_B Thaaa_M Alif_E Laam_B Baa_M Waaw_E Nuun_I SPACE Baa_B Alif_E Siin_B Taaa_M Kaaf_M Miim_M Alif_E Laam_I SPACE HamzaAboveAlif_I Haa_B Daal_E Alif_I Faa_I SPACE Thaa_B Waaw_E Raa_I Taaa_B Haa_M Miim_E</LatinTranscription>
  <content>
    <word idWord="1" x="342" transcription="اليمنية" LatinTrans="Alif_I Laam_B Yaa_M Miim_M Nuun_M Yaa_M TaaaClosed_E">
      <paw idPaw="1" x="468" transcription="ا" LatinTrans="Alif_I">
        <lettre idLettre="1" x="468" transcription="ا" LatinTrans="Alif_I" />
      </paw>
      <paw idPaw="2" x="342" transcription="ليمنية" LatinTrans="Laam_B Yaa_M Miim_M Nuun_M Yaa_M TaaaClosed_E">
        <lettre idLettre="1" x="460" transcription="ل" LatinTrans="Laam_B" />
        <lettre idLettre="2" x="430" transcription="ي" LatinTrans="Yaa_M" />
        <lettre idLettre="3" x="407" transcription="م" LatinTrans="Miim_M" />
        <lettre idLettre="4" x="385" transcription="ن" LatinTrans="Nuun_M" />
        <lettre idLettre="5" x="363" transcription="ي" LatinTrans="Yaa_M" />
        <lettre idLettre="6" x="342" transcription="ة" LatinTrans="TaaaClosed_E" />
      </paw>
    </word>
    <word idWord="2" x="339" transcription=" " LatinTrans="SPACE">
      <paw idPaw="1" x="339" transcription=" " LatinTrans="SPACE">
        <lettre idLettre="1" x="339" transcription=" " LatinTrans="SPACE" />
      </paw>
    </word>
    <word idWord="3" x="240" transcription="ويطالبون" LatinTrans="Waaw_I Yaa_B Thaaa_M Alif_E Laam_B Baa_M Waaw_E Nuun_I">
      <paw idPaw="1" x="328" transcription="و" LatinTrans="Waaw_I">
        <lettre idLettre="1" x="328" transcription="و" LatinTrans="Waaw_I" />
      </paw>
      <paw idPaw="2" x="281" transcription="يطا" LatinTrans="Yaa_B Thaaa_M Alif_E">
        <lettre idLettre="1" x="314" transcription="ي" LatinTrans="Yaa_B" />
        <lettre idLettre="2" x="288" transcription="ط" LatinTrans="Thaaa_M" />
        <lettre idLettre="3" x="281" transcription="ا" LatinTrans="Alif_E" />
      </paw>
      <paw idPaw="3" x="255" transcription="لبو" LatinTrans="Laam_B Baa_M Waaw_E">
        <lettre idLettre="1" x="275" transcription="ل" LatinTrans="Laam_B" />
        <lettre idLettre="2" x="266" transcription="ب" LatinTrans="Baa_M" />
        <lettre idLettre="3" x="255" transcription="و" LatinTrans="Waaw_E" />
      </paw>
      <paw idPaw="4" x="240" transcription="ن" LatinTrans="Nuun_I">
        <lettre idLettre="1" x="240" transcription="ن" LatinTrans="Nuun_I" />
      </paw>
    </word>
    <word idWord="4" x="237" transcription=" " LatinTrans="SPACE">
      <paw idPaw="1" x="237" transcription=" " LatinTrans="SPACE">
        <lettre idLettre="1" x="237" transcription=" " LatinTrans="SPACE" />
      </paw>
    </word>
    <word idWord="5" x="150" transcription="باستكمال" LatinTrans="Baa_B Alif_E Siin_B Taaa_M Kaaf_M Miim_M Alif_E Laam_I">
      <paw idPaw="1" x="220" transcription="با" LatinTrans="Baa_B Alif_E">
        <lettre idLettre="1" x="226" transcription="ب" LatinTrans="Baa_B" />
        <lettre idLettre="2" x="220" transcription="ا" LatinTrans="Alif_E" />
      </paw>
      <paw idPaw="2" x="164" transcription="ستكما" LatinTrans="Siin_B Taaa_M Kaaf_M Miim_M Alif_E">
        <lettre idLettre="1" x="204" transcription="س" LatinTrans="Siin_B" />
        <lettre idLettre="2" x="193" transcription="ت" LatinTrans="Taaa_M" />
        <lettre idLettre="3" x="184" transcription="ك" LatinTrans="Kaaf_M" />
        <lettre idLettre="4" x="171" transcription="م" LatinTrans="Miim_M" />
        <lettre idLettre="5" x="164" transcription="ا" LatinTrans="Alif_E" />
      </paw>
      <paw idPaw="3" x="150" transcription="ل" LatinTrans="Laam_I">
        <lettre idLettre="1" x="150" transcription="ل" LatinTrans="Laam_I" />
      </paw>
    </word>
    <word idWord="6" x="146" transcription=" " LatinTrans="SPACE">
      <paw idPaw="1" x="146" transcription=" " LatinTrans="SPACE">
        <lettre idLettre="1" x="146" transcription=" " LatinTrans="SPACE" />
      </paw>
    </word>
    <word idWord="7" x="87" transcription="أهداف" LatinTrans="HamzaAboveAlif_I Haa_B Daal_E Alif_I Faa_I">
      <paw idPaw="1" x="140" transcription="أ" LatinTrans="HamzaAboveAlif_I">
        <lettre idLettre="1" x="140" transcription="أ" LatinTrans="HamzaAboveAlif_I" />
      </paw>
      <paw idPaw="2" x="113" transcription="هد" LatinTrans="Haa_B Daal_E">
        <lettre idLettre="1" x="124" transcription="ه" LatinTrans="Haa_B" />
        <lettre idLettre="2" x="113" transcription="د" LatinTrans="Daal_E" />
      </paw>
      <paw idPaw="3" x="107" transcription="ا" LatinTrans="Alif_I">
        <lettre idLettre="1" x="107" transcription="ا" LatinTrans="Alif_I" />
      </paw>
      <paw idPaw="4" x="87" transcription="ف" LatinTrans="Faa_I">
        <lettre idLettre="1" x="87" transcription="ف" LatinTrans="Faa_I" />
      </paw>
    </word>
    <word idWord="8" x="84" transcription=" " LatinTrans="SPACE">
      <paw idPaw="1" x="84" transcription=" " LatinTrans="SPACE">
        <lettre idLettre="1" x="84" transcription=" " LatinTrans="SPACE" />
      </paw>
    </word>
    <word idWord="9" x="0" transcription="ثورتهم" LatinTrans="Thaa_B Waaw_E Raa_I Taaa_B Haa_M Miim_E">
      <paw idPaw="1" x="64" transcription="ثو" LatinTrans="Thaa_B Waaw_E">
        <lettre idLettre="1" x="73" transcription="ث" LatinTrans="Thaa_B" />
        <lettre idLettre="2" x="64" transcription="و" LatinTrans="Waaw_E" />
      </paw>
      <paw idPaw="2" x="54" transcription="ر" LatinTrans="Raa_I">
        <lettre idLettre="1" x="54" transcription="ر" LatinTrans="Raa_I" />
      </paw>
      <paw idPaw="3" x="0" transcription="تهم" LatinTrans="Taaa_B Haa_M Miim_E">
        <lettre idLettre="1" x="46" transcription="ت" LatinTrans="Taaa_B" />
        <lettre idLettre="2" x="34" transcription="ه" LatinTrans="Haa_M" />
        <lettre idLettre="3" x="0" transcription="م" LatinTrans="Miim_E" />
      </paw>
    </word>
  </content>
</textImage>