﻿<?xml version="1.0" encoding="UTF-8" standalone="yes"?>
<textImage id="1" width="325" height="40" transcription="حزب المؤتمر من أجل" image="aljazeera_3211-10-43-00_1">
  <ArabicTranscription>حزب المؤتمر من أجل</ArabicTranscription>
  <LatinTranscription>Haaa_B Zaay_E Baa_I SPACE Alif_I Laam_B Miim_M HamzaAboveWaaw_E Taaa_B Miim_M Raa_E SPACE Miim_B Nuun_E SPACE HamzaAboveAlif_I Jiim_B Laam_E</LatinTranscription>
  <content>
    <word idWord="1" x="259" transcription="حزب" LatinTrans="Haaa_B Zaay_E Baa_I">
      <paw idPaw="1" x="280" transcription="حز" LatinTrans="Haaa_B Zaay_E">
        <lettre idLettre="1" x="303" transcription="ح" LatinTrans="Haaa_B" />
        <lettre idLettre="2" x="280" transcription="ز" LatinTrans="Zaay_E" />
      </paw>
      <paw idPaw="2" x="259" transcription="ب" LatinTrans="Baa_I">
        <lettre idLettre="1" x="259" transcription="ب" LatinTrans="Baa_I" />
      </paw>
    </word>
    <word idWord="2" x="254" transcription=" " LatinTrans="SPACE">
      <paw idPaw="1" x="254" transcription=" " LatinTrans="SPACE">
        <lettre idLettre="1" x="254" transcription=" " LatinTrans="SPACE" />
      </paw>
    </word>
    <word idWord="3" x="117" transcription="المؤتمر" LatinTrans="Alif_I Laam_B Miim_M HamzaAboveWaaw_E Taaa_B Miim_M Raa_E">
      <paw idPaw="1" x="248" transcription="ا" LatinTrans="Alif_I">
        <lettre idLettre="1" x="248" transcription="ا" LatinTrans="Alif_I" />
      </paw>
      <paw idPaw="2" x="184" transcription="لمؤ" LatinTrans="Laam_B Miim_M HamzaAboveWaaw_E">
        <lettre idLettre="1" x="237" transcription="ل" LatinTrans="Laam_B" />
        <lettre idLettre="2" x="202" transcription="م" LatinTrans="Miim_M" />
        <lettre idLettre="3" x="184" transcription="ؤ" LatinTrans="HamzaAboveWaaw_E" />
      </paw>
      <paw idPaw="3" x="117" transcription="تمر" LatinTrans="Taaa_B Miim_M Raa_E">
        <lettre idLettre="1" x="169" transcription="ت" LatinTrans="Taaa_B" />
        <lettre idLettre="2" x="135" transcription="م" LatinTrans="Miim_M" />
        <lettre idLettre="3" x="117" transcription="ر" LatinTrans="Raa_E" />
      </paw>
    </word>
    <word idWord="4" x="112" transcription=" " LatinTrans="SPACE">
      <paw idPaw="1" x="112" transcription=" " LatinTrans="SPACE">
        <lettre idLettre="1" x="112" transcription=" " LatinTrans="SPACE" />
      </paw>
    </word>
    <word idWord="5" x="63" transcription="من" LatinTrans="Miim_B Nuun_E">
      <paw idPaw="1" x="63" transcription="من" LatinTrans="Miim_B Nuun_E">
        <lettre idLettre="1" x="94" transcription="م" LatinTrans="Miim_B" />
        <lettre idLettre="2" x="63" transcription="ن" LatinTrans="Nuun_E" />
      </paw>
    </word>
    <word idWord="6" x="60" transcription=" " LatinTrans="SPACE">
      <paw idPaw="1" x="60" transcription=" " LatinTrans="SPACE">
        <lettre idLettre="1" x="60" transcription=" " LatinTrans="SPACE" />
      </paw>
    </word>
    <word idWord="7" x="0" transcription="أجل" LatinTrans="HamzaAboveAlif_I Jiim_B Laam_E">
      <paw idPaw="1" x="51" transcription="أ" LatinTrans="HamzaAboveAlif_I">
        <lettre idLettre="1" x="51" transcription="أ" LatinTrans="HamzaAboveAlif_I" />
      </paw>
      <paw idPaw="2" x="0" transcription="جل" LatinTrans="Jiim_B Laam_E">
        <lettre idLettre="1" x="35" transcription="ج" LatinTrans="Jiim_B" />
        <lettre idLettre="2" x="0" transcription="ل" LatinTrans="Laam_E" />
      </paw>
    </word>
  </content>
</textImage>