﻿<?xml version="1.0" encoding="UTF-8" standalone="yes"?>
<textImage id="1" width="313" height="39" transcription="المطالب العالقة للثورة اليمنية" image="aljazeera_3211-10-27-10_1">
  <ArabicTranscription>المطالب العالقة للثورة اليمنية</ArabicTranscription>
  <LatinTranscription>Alif_I Laam_B Miim_M Thaaa_M Alif_E Laam_B Baa_E SPACE Alif_I Laam_B Ayn_M Alif_E Laam_B Gaaf_M TaaaClosed_E SPACE Laam_B Laam_M Thaa_M Waaw_E Raa_I TaaaClosed_I SPACE Alif_I Laam_B Yaa_M Miim_M Nuun_M Yaa_M TaaaClosed_E</LatinTranscription>
  <content>
    <word idWord="1" x="226" transcription="المطالب" LatinTrans="Alif_I Laam_B Miim_M Thaaa_M Alif_E Laam_B Baa_E">
      <paw idPaw="1" x="302" transcription="ا" LatinTrans="Alif_I">
        <lettre idLettre="1" x="302" transcription="ا" LatinTrans="Alif_I" />
      </paw>
      <paw idPaw="2" x="255" transcription="لمطا" LatinTrans="Laam_B Miim_M Thaaa_M Alif_E">
        <lettre idLettre="1" x="296" transcription="ل" LatinTrans="Laam_B" />
        <lettre idLettre="2" x="281" transcription="م" LatinTrans="Miim_M" />
        <lettre idLettre="3" x="262" transcription="ط" LatinTrans="Thaaa_M" />
        <lettre idLettre="4" x="255" transcription="ا" LatinTrans="Alif_E" />
      </paw>
      <paw idPaw="3" x="226" transcription="لب" LatinTrans="Laam_B Baa_E">
        <lettre idLettre="1" x="250" transcription="ل" LatinTrans="Laam_B" />
        <lettre idLettre="2" x="226" transcription="ب" LatinTrans="Baa_E" />
      </paw>
    </word>
    <word idWord="2" x="223" transcription=" " LatinTrans="SPACE">
      <paw idPaw="1" x="223" transcription=" " LatinTrans="SPACE">
        <lettre idLettre="1" x="223" transcription=" " LatinTrans="SPACE" />
      </paw>
    </word>
    <word idWord="3" x="149" transcription="العالقة" LatinTrans="Alif_I Laam_B Ayn_M Alif_E Laam_B Gaaf_M TaaaClosed_E">
      <paw idPaw="1" x="217" transcription="ا" LatinTrans="Alif_I">
        <lettre idLettre="1" x="217" transcription="ا" LatinTrans="Alif_I" />
      </paw>
      <paw idPaw="2" x="186" transcription="لعا" LatinTrans="Laam_B Ayn_M Alif_E">
        <lettre idLettre="1" x="211" transcription="ل" LatinTrans="Laam_B" />
        <lettre idLettre="2" x="193" transcription="ع" LatinTrans="Ayn_M" />
        <lettre idLettre="3" x="186" transcription="ا" LatinTrans="Alif_E" />
      </paw>
      <paw idPaw="3" x="149" transcription="لقة" LatinTrans="Laam_B Gaaf_M TaaaClosed_E">
        <lettre idLettre="1" x="178" transcription="ل" LatinTrans="Laam_B" />
        <lettre idLettre="2" x="164" transcription="ق" LatinTrans="Gaaf_M" />
        <lettre idLettre="3" x="149" transcription="ة" LatinTrans="TaaaClosed_E" />
      </paw>
    </word>
    <word idWord="4" x="145" transcription=" " LatinTrans="SPACE">
      <paw idPaw="1" x="145" transcription=" " LatinTrans="SPACE">
        <lettre idLettre="1" x="145" transcription=" " LatinTrans="SPACE" />
      </paw>
    </word>
    <word idWord="5" x="82" transcription="للثورة" LatinTrans="Laam_B Laam_M Thaa_M Waaw_E Raa_I TaaaClosed_I">
      <paw idPaw="1" x="106" transcription="للثو" LatinTrans="Laam_B Laam_M Thaa_M Waaw_E">
        <lettre idLettre="1" x="138" transcription="ل" LatinTrans="Laam_B" />
        <lettre idLettre="2" x="130" transcription="ل" LatinTrans="Laam_M" />
        <lettre idLettre="3" x="116" transcription="ث" LatinTrans="Thaa_M" />
        <lettre idLettre="4" x="106" transcription="و" LatinTrans="Waaw_E" />
      </paw>
      <paw idPaw="2" x="96" transcription="ر" LatinTrans="Raa_I">
        <lettre idLettre="1" x="96" transcription="ر" LatinTrans="Raa_I" />
      </paw>
      <paw idPaw="3" x="82" transcription="ة" LatinTrans="TaaaClosed_I">
        <lettre idLettre="1" x="82" transcription="ة" LatinTrans="TaaaClosed_I" />
      </paw>
    </word>
    <word idWord="6" x="79" transcription=" " LatinTrans="SPACE">
      <paw idPaw="1" x="79" transcription=" " LatinTrans="SPACE">
        <lettre idLettre="1" x="79" transcription=" " LatinTrans="SPACE" />
      </paw>
    </word>
    <word idWord="7" x="0" transcription="اليمنية" LatinTrans="Alif_I Laam_B Yaa_M Miim_M Nuun_M Yaa_M TaaaClosed_E">
      <paw idPaw="1" x="74" transcription="ا" LatinTrans="Alif_I">
        <lettre idLettre="1" x="74" transcription="ا" LatinTrans="Alif_I" />
      </paw>
      <paw idPaw="2" x="0" transcription="ليمنية" LatinTrans="Laam_B Yaa_M Miim_M Nuun_M Yaa_M TaaaClosed_E">
        <lettre idLettre="1" x="66" transcription="ل" LatinTrans="Laam_B" />
        <lettre idLettre="2" x="56" transcription="ي" LatinTrans="Yaa_M" />
        <lettre idLettre="3" x="40" transcription="م" LatinTrans="Miim_M" />
        <lettre idLettre="4" x="32" transcription="ن" LatinTrans="Nuun_M" />
        <lettre idLettre="5" x="21" transcription="ي" LatinTrans="Yaa_M" />
        <lettre idLettre="6" x="0" transcription="ة" LatinTrans="TaaaClosed_E" />
      </paw>
    </word>
  </content>
</textImage>