﻿<?xml version="1.0" encoding="UTF-8" standalone="yes"?>
<textImage id="1" width="295" height="56" transcription="النانو تكنولوجيا" image="aljazeera_18-07-52-40_1">
  <ArabicTranscription>النانو تكنولوجيا</ArabicTranscription>
  <LatinTranscription>Alif_I Laam_B Nuun_M Alif_E Nuun_B Waaw_E SPACE Taaa_B Kaaf_M Nuun_M Waaw_E Laam_B Waaw_E Jiim_B Yaa_M Alif_E</LatinTranscription>
  <content>
    <word idWord="1" x="193" transcription="النانو" LatinTrans="Alif_I Laam_B Nuun_M Alif_E Nuun_B Waaw_E">
      <paw idPaw="1" x="280" transcription="ا" LatinTrans="Alif_I">
        <lettre idLettre="1" x="280" transcription="ا" LatinTrans="Alif_I" />
      </paw>
      <paw idPaw="2" x="235" transcription="لنا" LatinTrans="Laam_B Nuun_M Alif_E">
        <lettre idLettre="1" x="268" transcription="ل" LatinTrans="Laam_B" />
        <lettre idLettre="2" x="248" transcription="ن" LatinTrans="Nuun_M" />
        <lettre idLettre="3" x="235" transcription="ا" LatinTrans="Alif_E" />
      </paw>
      <paw idPaw="3" x="193" transcription="نو" LatinTrans="Nuun_B Waaw_E">
        <lettre idLettre="1" x="217" transcription="ن" LatinTrans="Nuun_B" />
        <lettre idLettre="2" x="193" transcription="و" LatinTrans="Waaw_E" />
      </paw>
    </word>
    <word idWord="2" x="186" transcription=" " LatinTrans="SPACE">
      <paw idPaw="1" x="186" transcription=" " LatinTrans="SPACE">
        <lettre idLettre="1" x="186" transcription=" " LatinTrans="SPACE" />
      </paw>
    </word>
    <word idWord="3" x="0" transcription="تكنولوجيا" LatinTrans="Taaa_B Kaaf_M Nuun_M Waaw_E Laam_B Waaw_E Jiim_B Yaa_M Alif_E">
      <paw idPaw="1" x="105" transcription="تكنو" LatinTrans="Taaa_B Kaaf_M Nuun_M Waaw_E">
        <lettre idLettre="1" x="165" transcription="ت" LatinTrans="Taaa_B" />
        <lettre idLettre="2" x="145" transcription="ك" LatinTrans="Kaaf_M" />
        <lettre idLettre="3" x="126" transcription="ن" LatinTrans="Nuun_M" />
        <lettre idLettre="4" x="105" transcription="و" LatinTrans="Waaw_E" />
      </paw>
      <paw idPaw="2" x="71" transcription="لو" LatinTrans="Laam_B Waaw_E">
        <lettre idLettre="1" x="92" transcription="ل" LatinTrans="Laam_B" />
        <lettre idLettre="2" x="71" transcription="و" LatinTrans="Waaw_E" />
      </paw>
      <paw idPaw="3" x="0" transcription="جيا" LatinTrans="Jiim_B Yaa_M Alif_E">
        <lettre idLettre="1" x="42" transcription="ج" LatinTrans="Jiim_B" />
        <lettre idLettre="2" x="18" transcription="ي" LatinTrans="Yaa_M" />
        <lettre idLettre="3" x="0" transcription="ا" LatinTrans="Alif_E" />
      </paw>
    </word>
  </content>
</textImage>