﻿<?xml version="1.0" encoding="UTF-8" standalone="yes"?>
<textImage id="1" width="491" height="54" transcription="وزير الخارجية الإيراني علي اكبر" image="aljazeera_3212-05-38-20_1">
  <ArabicTranscription>وزير الخارجية الإيراني علي اكبر</ArabicTranscription>
  <LatinTranscription>Waaw_I Zaay_I Yaa_B Raa_E SPACE Alif_I Laam_B Xaa_M Alif_E Raa_I Jiim_B Yaa_M TaaaClosed_E SPACE Alif_I Laam_HamzaOnederAlif Yaa_B Raa_E Alif_I Nuun_B Yaa_E SPACE Ayn_B Laam_M Yaa_E SPACE HamzaAboveAlif_I Kaaf_B Baa_M Raa_E</LatinTranscription>
  <content>
    <word idWord="1" x="431" transcription="وزير" LatinTrans="Waaw_I Zaay_I Yaa_B Raa_E">
      <paw idPaw="1" x="472" transcription="و" LatinTrans="Waaw_I">
        <lettre idLettre="1" x="472" transcription="و" LatinTrans="Waaw_I" />
      </paw>
      <paw idPaw="2" x="459" transcription="ز" LatinTrans="Zaay_I">
        <lettre idLettre="1" x="459" transcription="ز" LatinTrans="Zaay_I" />
      </paw>
      <paw idPaw="3" x="431" transcription="ير" LatinTrans="Yaa_B Raa_E">
        <lettre idLettre="1" x="444" transcription="ي" LatinTrans="Yaa_B" />
        <lettre idLettre="2" x="431" transcription="ر" LatinTrans="Raa_E" />
      </paw>
    </word>
    <word idWord="2" x="424" transcription=" " LatinTrans="SPACE">
      <paw idPaw="1" x="424" transcription=" " LatinTrans="SPACE">
        <lettre idLettre="1" x="424" transcription=" " LatinTrans="SPACE" />
      </paw>
    </word>
    <word idWord="3" x="291" transcription="الخارجية" LatinTrans="Alif_I Laam_B Xaa_M Alif_E Raa_I Jiim_B Yaa_M TaaaClosed_E">
      <paw idPaw="1" x="416" transcription="ا" LatinTrans="Alif_I">
        <lettre idLettre="1" x="416" transcription="ا" LatinTrans="Alif_I" />
      </paw>
      <paw idPaw="2" x="377" transcription="لخا" LatinTrans="Laam_B Xaa_M Alif_E">
        <lettre idLettre="1" x="408" transcription="ل" LatinTrans="Laam_B" />
        <lettre idLettre="2" x="388" transcription="خ" LatinTrans="Xaa_M" />
        <lettre idLettre="3" x="377" transcription="ا" LatinTrans="Alif_E" />
      </paw>
      <paw idPaw="3" x="364" transcription="ر" LatinTrans="Raa_I">
        <lettre idLettre="1" x="364" transcription="ر" LatinTrans="Raa_I" />
      </paw>
      <paw idPaw="4" x="291" transcription="جية" LatinTrans="Jiim_B Yaa_M TaaaClosed_E">
        <lettre idLettre="1" x="342" transcription="ج" LatinTrans="Jiim_B" />
        <lettre idLettre="2" x="323" transcription="ي" LatinTrans="Yaa_M" />
        <lettre idLettre="3" x="291" transcription="ة" LatinTrans="TaaaClosed_E" />
      </paw>
    </word>
    <word idWord="4" x="283" transcription=" " LatinTrans="SPACE">
      <paw idPaw="1" x="283" transcription=" " LatinTrans="SPACE">
        <lettre idLettre="1" x="283" transcription=" " LatinTrans="SPACE" />
      </paw>
    </word>
    <word idWord="5" x="166" transcription="الإيراني" LatinTrans="Alif_I Laam_HamzaOnederAlif Yaa_B Raa_E Alif_I Nuun_B Yaa_E">
      <paw idPaw="1" x="275" transcription="ا" LatinTrans="Alif_I">
        <lettre idLettre="1" x="275" transcription="ا" LatinTrans="Alif_I" />
      </paw>
      <paw idPaw="2" x="258" transcription="لإ" LatinTrans="Laam_HamzaOnederAlif">
        <lettre idLettre="1" x="258" transcription="لإ" LatinTrans="Laam_HamzaUnderAlif" />
      </paw>
      <paw idPaw="3" x="231" transcription="ير" LatinTrans="Yaa_B Raa_E">
        <lettre idLettre="1" x="244" transcription="ي" LatinTrans="Yaa_B" />
        <lettre idLettre="2" x="231" transcription="ر" LatinTrans="Raa_E" />
      </paw>
      <paw idPaw="4" x="222" transcription="ا" LatinTrans="Alif_I">
        <lettre idLettre="1" x="222" transcription="ا" LatinTrans="Alif_I" />
      </paw>
      <paw idPaw="5" x="166" transcription="ني" LatinTrans="Nuun_B Yaa_E">
        <lettre idLettre="1" x="203" transcription="ن" LatinTrans="Nuun_B" />
        <lettre idLettre="2" x="166" transcription="ي" LatinTrans="Yaa_E" />
      </paw>
    </word>
    <word idWord="6" x="160" transcription=" " LatinTrans="SPACE">
      <paw idPaw="1" x="160" transcription=" " LatinTrans="SPACE">
        <lettre idLettre="1" x="160" transcription=" " LatinTrans="SPACE" />
      </paw>
    </word>
    <word idWord="7" x="85" transcription="علي" LatinTrans="Ayn_B Laam_M Yaa_E">
      <paw idPaw="1" x="85" transcription="علي" LatinTrans="Ayn_B Laam_M Yaa_E">
        <lettre idLettre="1" x="140" transcription="ع" LatinTrans="Ayn_B" />
        <lettre idLettre="2" x="127" transcription="ل" LatinTrans="Laam_M" />
        <lettre idLettre="3" x="85" transcription="ي" LatinTrans="Yaa_E" />
      </paw>
    </word>
    <word idWord="8" x="82" transcription=" " LatinTrans="SPACE">
      <paw idPaw="1" x="82" transcription=" " LatinTrans="SPACE">
        <lettre idLettre="1" x="82" transcription=" " LatinTrans="SPACE" />
      </paw>
    </word>
    <word idWord="9" x="0" transcription="أكبر" LatinTrans="HamzaAboveAlif_I Kaaf_B Baa_M Raa_E">
      <paw idPaw="1" x="72" transcription="أ" LatinTrans="HamzaAboveAlif_I">
        <lettre idLettre="1" x="72" transcription="أ" LatinTrans="HamzaAboveAlif_I" />
      </paw>
      <paw idPaw="2" x="0" transcription="كبر" LatinTrans="Kaaf_B Baa_M Raa_E">
        <lettre idLettre="1" x="59" transcription="ك" LatinTrans="Kaaf_B" />
        <lettre idLettre="2" x="37" transcription="ب" LatinTrans="Baa_M" />
        <lettre idLettre="3" x="0" transcription="ر" LatinTrans="Raa_E" />
      </paw>
    </word>
  </content>
</textImage>