﻿<?xml version="1.0" encoding="UTF-8" standalone="yes"?>
<textImage id="1" width="153" height="32" transcription="د. ناصر العمر" image="aljazeera_3212-00-05-50_1">
  <ArabicTranscription>د. ناصر العمر</ArabicTranscription>
  <LatinTranscription>Daal_I POINT SPACE Nuun_B Alif_E Saad_B Raa_E SPACE Alif_I Laam_B Ayn_M Miim_M Raa_E</LatinTranscription>
  <content>
    <word idWord="1" x="131" transcription="د." LatinTrans="Daal_I POINT">
      <paw idPaw="1" x="138" transcription="د" LatinTrans="Daal_I">
        <lettre idLettre="1" x="138" transcription="د" LatinTrans="Daal_I" />
      </paw>
      <paw idPaw="2" x="131" transcription="." LatinTrans="POINT">
        <lettre idLettre="1" x="131" transcription="." LatinTrans="POINT" />
      </paw>
    </word>
    <word idWord="2" x="125" transcription=" " LatinTrans="SPACE">
      <paw idPaw="1" x="125" transcription=" " LatinTrans="SPACE">
        <lettre idLettre="1" x="125" transcription=" " LatinTrans="SPACE" />
      </paw>
    </word>
    <word idWord="3" x="60" transcription="ناصر" LatinTrans="Nuun_B Alif_E Saad_B Raa_E">
      <paw idPaw="1" x="107" transcription="نا" LatinTrans="Nuun_B Alif_E">
        <lettre idLettre="1" x="114" transcription="ن" LatinTrans="Nuun_B" />
        <lettre idLettre="2" x="107" transcription="ا" LatinTrans="Alif_E" />
      </paw>
      <paw idPaw="2" x="60" transcription="صر" LatinTrans="Saad_B Raa_E">
        <lettre idLettre="1" x="82" transcription="ص" LatinTrans="Saad_B" />
        <lettre idLettre="2" x="60" transcription="ر" LatinTrans="Raa_E" />
      </paw>
    </word>
    <word idWord="4" x="56" transcription=" " LatinTrans="SPACE">
      <paw idPaw="1" x="56" transcription=" " LatinTrans="SPACE">
        <lettre idLettre="1" x="56" transcription=" " LatinTrans="SPACE" />
      </paw>
    </word>
    <word idWord="5" x="0" transcription="العمر" LatinTrans="Alif_I Laam_B Ayn_M Miim_M Raa_E">
      <paw idPaw="1" x="50" transcription="ا" LatinTrans="Alif_I">
        <lettre idLettre="1" x="50" transcription="ا" LatinTrans="Alif_I" />
      </paw>
      <paw idPaw="2" x="0" transcription="لعمر" LatinTrans="Laam_B Ayn_M Miim_M Raa_E">
        <lettre idLettre="1" x="43" transcription="ل" LatinTrans="Laam_B" />
        <lettre idLettre="2" x="25" transcription="ع" LatinTrans="Ayn_M" />
        <lettre idLettre="3" x="14" transcription="م" LatinTrans="Miim_M" />
        <lettre idLettre="4" x="0" transcription="ر" LatinTrans="Raa_E" />
      </paw>
    </word>
  </content>
</textImage>