﻿<?xml version="1.0" encoding="UTF-8" standalone="yes"?>
<textImage id="1" width="415" height="33" transcription="تفجير سيارة مفخخة قرب معبر باب الهوى" image="aljazeera_3211-20-05-10_1">
  <ArabicTranscription>تفجير سيارة مفخخة قرب معبر باب الهوى</ArabicTranscription>
  <LatinTranscription>Taaa_B Faa_M Jiim_M Yaa_M Raa_E SPACE Siin_B Yaa_M Alif_E Raa_I TaaaClosed_I SPACE Miim_B Faa_M Xaa_M Xaa_M TaaaClosed_E SPACE Gaaf_B Raa_E Baa_I SPACE Miim_B Ayn_M Baa_M Raa_E SPACE Baa_B Alif_E Baa_I SPACE Alif_I Laam_B Haa_M Waaw_E AlifBroken_I</LatinTranscription>
  <content>
    <word idWord="1" x="341" transcription="تفجير" LatinTrans="Taaa_B Faa_M Jiim_M Yaa_M Raa_E">
      <paw idPaw="1" x="341" transcription="تفجير" LatinTrans="Taaa_B Faa_M Jiim_M Yaa_M Raa_E">
        <lettre idLettre="1" x="400" transcription="ت" LatinTrans="Taaa_B" />
        <lettre idLettre="2" x="387" transcription="ف" LatinTrans="Faa_M" />
        <lettre idLettre="3" x="374" transcription="ج" LatinTrans="Jiim_M" />
        <lettre idLettre="4" x="362" transcription="ي" LatinTrans="Yaa_M" />
        <lettre idLettre="5" x="341" transcription="ر" LatinTrans="Raa_E" />
      </paw>
    </word>
    <word idWord="2" x="337" transcription=" " LatinTrans="SPACE">
      <paw idPaw="1" x="337" transcription=" " LatinTrans="SPACE">
        <lettre idLettre="1" x="337" transcription=" " LatinTrans="SPACE" />
      </paw>
    </word>
    <word idWord="3" x="283" transcription="سيارة" LatinTrans="Siin_B Yaa_M Alif_E Raa_I TaaaClosed_I">
      <paw idPaw="1" x="304" transcription="سيا" LatinTrans="Siin_B Yaa_M Alif_E">
        <lettre idLettre="1" x="321" transcription="س" LatinTrans="Siin_B" />
        <lettre idLettre="2" x="309" transcription="ي" LatinTrans="Yaa_M" />
        <lettre idLettre="3" x="304" transcription="ا" LatinTrans="Alif_E" />
      </paw>
      <paw idPaw="2" x="295" transcription="ر" LatinTrans="Raa_I">
        <lettre idLettre="1" x="295" transcription="ر" LatinTrans="Raa_I" />
      </paw>
      <paw idPaw="3" x="283" transcription="ة" LatinTrans="TaaaClosed_I">
        <lettre idLettre="1" x="283" transcription="ة" LatinTrans="TaaaClosed_I" />
      </paw>
    </word>
    <word idWord="4" x="280" transcription=" " LatinTrans="SPACE">
      <paw idPaw="1" x="280" transcription=" " LatinTrans="SPACE">
        <lettre idLettre="1" x="280" transcription=" " LatinTrans="SPACE" />
      </paw>
    </word>
    <word idWord="5" x="203" transcription="مفخخة" LatinTrans="Miim_B Faa_M Xaa_M Xaa_M TaaaClosed_E">
      <paw idPaw="1" x="203" transcription="مفخخة" LatinTrans="Miim_B Faa_M Xaa_M Xaa_M TaaaClosed_E">
        <lettre idLettre="1" x="268" transcription="م" LatinTrans="Miim_B" />
        <lettre idLettre="2" x="255" transcription="ف" LatinTrans="Faa_M" />
        <lettre idLettre="3" x="241" transcription="خ" LatinTrans="Xaa_M" />
        <lettre idLettre="4" x="226" transcription="خ" LatinTrans="Xaa_M" />
        <lettre idLettre="5" x="203" transcription="ة" LatinTrans="TaaaClosed_E" />
      </paw>
    </word>
    <word idWord="6" x="199" transcription=" " LatinTrans="SPACE">
      <paw idPaw="1" x="199" transcription=" " LatinTrans="SPACE">
        <lettre idLettre="1" x="199" transcription=" " LatinTrans="SPACE" />
      </paw>
    </word>
    <word idWord="7" x="159" transcription="قرب" LatinTrans="Gaaf_B Raa_E Baa_I">
      <paw idPaw="1" x="177" transcription="قر" LatinTrans="Gaaf_B Raa_E">
        <lettre idLettre="1" x="184" transcription="ق" LatinTrans="Gaaf_B" />
        <lettre idLettre="2" x="177" transcription="ر" LatinTrans="Raa_E" />
      </paw>
      <paw idPaw="2" x="159" transcription="ب" LatinTrans="Baa_I">
        <lettre idLettre="1" x="159" transcription="ب" LatinTrans="Baa_I" />
      </paw>
    </word>
    <word idWord="8" x="155" transcription=" " LatinTrans="SPACE">
      <paw idPaw="1" x="155" transcription=" " LatinTrans="SPACE">
        <lettre idLettre="1" x="155" transcription=" " LatinTrans="SPACE" />
      </paw>
    </word>
    <word idWord="9" x="92" transcription="معبر" LatinTrans="Miim_B Ayn_M Baa_M Raa_E">
      <paw idPaw="1" x="92" transcription="معبر" LatinTrans="Miim_B Ayn_M Baa_M Raa_E">
        <lettre idLettre="1" x="142" transcription="م" LatinTrans="Miim_B" />
        <lettre idLettre="2" x="128" transcription="ع" LatinTrans="Ayn_M" />
        <lettre idLettre="3" x="118" transcription="ب" LatinTrans="Baa_M" />
        <lettre idLettre="4" x="92" transcription="ر" LatinTrans="Raa_E" />
      </paw>
    </word>
    <word idWord="10" x="90" transcription=" " LatinTrans="SPACE">
      <paw idPaw="1" x="90" transcription=" " LatinTrans="SPACE">
        <lettre idLettre="1" x="90" transcription=" " LatinTrans="SPACE" />
      </paw>
    </word>
    <word idWord="11" x="53" transcription="باب" LatinTrans="Baa_B Alif_E Baa_I">
      <paw idPaw="1" x="72" transcription="با" LatinTrans="Baa_B Alif_E">
        <lettre idLettre="1" x="80" transcription="ب" LatinTrans="Baa_B" />
        <lettre idLettre="2" x="72" transcription="ا" LatinTrans="Alif_E" />
      </paw>
      <paw idPaw="2" x="53" transcription="ب" LatinTrans="Baa_I">
        <lettre idLettre="1" x="53" transcription="ب" LatinTrans="Baa_I" />
      </paw>
    </word>
    <word idWord="12" x="50" transcription=" " LatinTrans="SPACE">
      <paw idPaw="1" x="50" transcription=" " LatinTrans="SPACE">
        <lettre idLettre="1" x="50" transcription=" " LatinTrans="SPACE" />
      </paw>
    </word>
    <word idWord="13" x="0" transcription="الهوى" LatinTrans="Alif_I Laam_B Haa_M Waaw_E AlifBroken_I">
      <paw idPaw="1" x="44" transcription="ا" LatinTrans="Alif_I">
        <lettre idLettre="1" x="44" transcription="ا" LatinTrans="Alif_I" />
      </paw>
      <paw idPaw="2" x="16" transcription="لهو" LatinTrans="Laam_B Haa_M Waaw_E">
        <lettre idLettre="1" x="38" transcription="ل" LatinTrans="Laam_B" />
        <lettre idLettre="2" x="26" transcription="ه" LatinTrans="Haa_M" />
        <lettre idLettre="3" x="16" transcription="و" LatinTrans="Waaw_E" />
      </paw>
      <paw idPaw="3" x="0" transcription="ى" LatinTrans="AlifBroken_I">
        <lettre idLettre="1" x="0" transcription="ى" LatinTrans="AlifBroken_I" />
      </paw>
    </word>
  </content>
</textImage>