﻿<?xml version="1.0" encoding="UTF-8" standalone="yes"?>
<textImage id="1" width="243" height="51" transcription="المدينة المنورة" image="aljazeera_3212-03-55-40_1">
  <ArabicTranscription>المدينة المنورة</ArabicTranscription>
  <LatinTranscription>Alif_I Laam_B Miim_M Daal_E Yaa_B Nuun_M TaaaClosed_E SPACE Alif_I Laam_B Miim_M Nuun_M Waaw_E Raa_I TaaaClosed_I</LatinTranscription>
  <content>
    <word idWord="1" x="122" transcription="المدينة" LatinTrans="Alif_I Laam_B Miim_M Daal_E Yaa_B Nuun_M TaaaClosed_E">
      <paw idPaw="1" x="231" transcription="ا" LatinTrans="Alif_I">
        <lettre idLettre="1" x="231" transcription="ا" LatinTrans="Alif_I" />
      </paw>
      <paw idPaw="2" x="180" transcription="لمد" LatinTrans="Laam_B Miim_M Daal_E">
        <lettre idLettre="1" x="220" transcription="ل" LatinTrans="Laam_B" />
        <lettre idLettre="2" x="199" transcription="م" LatinTrans="Miim_M" />
        <lettre idLettre="3" x="180" transcription="د" LatinTrans="Daal_E" />
      </paw>
      <paw idPaw="3" x="122" transcription="ينة" LatinTrans="Yaa_B Nuun_M TaaaClosed_E">
        <lettre idLettre="1" x="160" transcription="ي" LatinTrans="Yaa_B" />
        <lettre idLettre="2" x="146" transcription="ن" LatinTrans="Nuun_M" />
        <lettre idLettre="3" x="122" transcription="ة" LatinTrans="TaaaClosed_E" />
      </paw>
    </word>
    <word idWord="2" x="113" transcription=" " LatinTrans="SPACE">
      <paw idPaw="1" x="113" transcription=" " LatinTrans="SPACE">
        <lettre idLettre="1" x="113" transcription=" " LatinTrans="SPACE" />
      </paw>
    </word>
    <word idWord="3" x="0" transcription="المنورة" LatinTrans="Alif_I Laam_B Miim_M Nuun_M Waaw_E Raa_I TaaaClosed_I">
      <paw idPaw="1" x="106" transcription="ا" LatinTrans="Alif_I">
        <lettre idLettre="1" x="106" transcription="ا" LatinTrans="Alif_I" />
      </paw>
      <paw idPaw="2" x="40" transcription="لمنو" LatinTrans="Laam_B Miim_M Nuun_M Waaw_E">
        <lettre idLettre="1" x="96" transcription="ل" LatinTrans="Laam_B" />
        <lettre idLettre="2" x="77" transcription="م" LatinTrans="Miim_M" />
        <lettre idLettre="3" x="62" transcription="ن" LatinTrans="Nuun_M" />
        <lettre idLettre="4" x="40" transcription="و" LatinTrans="Waaw_E" />
      </paw>
      <paw idPaw="3" x="24" transcription="ر" LatinTrans="Raa_I">
        <lettre idLettre="1" x="24" transcription="ر" LatinTrans="Raa_I" />
      </paw>
      <paw idPaw="4" x="0" transcription="ة" LatinTrans="TaaaClosed_I">
        <lettre idLettre="1" x="0" transcription="ة" LatinTrans="TaaaClosed_I" />
      </paw>
    </word>
  </content>
</textImage>