﻿<?xml version="1.0" encoding="UTF-8" standalone="yes"?>
<textImage id="2" width="265" height="53" transcription="ماجد محمد الأنصاري" image="aljazeera_3212-08-41-00_2">
  <ArabicTranscription>ماجد محمد الأنصاري</ArabicTranscription>
  <LatinTranscription>Miim_B Alif_E Jiim_B Daal_E SPACE Miim_B Haaa_M Miim_M Daal_E SPACE Alif_I Laam_HamzaAboveAlif Nuun_B Saad_M Alif_E Raa_I Yaa_I</LatinTranscription>
  <content>
    <word idWord="1" x="194" transcription="ماجد" LatinTrans="Miim_B Alif_E Jiim_B Daal_E">
      <paw idPaw="1" x="236" transcription="ما" LatinTrans="Miim_B Alif_E">
        <lettre idLettre="1" x="245" transcription="م" LatinTrans="Miim_B" />
        <lettre idLettre="2" x="236" transcription="ا" LatinTrans="Alif_E" />
      </paw>
      <paw idPaw="2" x="194" transcription="جد" LatinTrans="Jiim_B Daal_E">
        <lettre idLettre="1" x="215" transcription="ج" LatinTrans="Jiim_B" />
        <lettre idLettre="2" x="194" transcription="د" LatinTrans="Daal_E" />
      </paw>
    </word>
    <word idWord="2" x="190" transcription=" " LatinTrans="SPACE">
      <paw idPaw="1" x="190" transcription=" " LatinTrans="SPACE">
        <lettre idLettre="1" x="190" transcription=" " LatinTrans="SPACE" />
      </paw>
    </word>
    <word idWord="3" x="116" transcription="محمد" LatinTrans="Miim_B Haaa_M Miim_M Daal_E">
      <paw idPaw="1" x="116" transcription="محمد" LatinTrans="Miim_B Haaa_M Miim_M Daal_E">
        <lettre idLettre="1" x="171" transcription="م" LatinTrans="Miim_B" />
        <lettre idLettre="2" x="154" transcription="ح" LatinTrans="Haaa_M" />
        <lettre idLettre="3" x="134" transcription="م" LatinTrans="Miim_M" />
        <lettre idLettre="4" x="116" transcription="د" LatinTrans="Daal_E" />
      </paw>
    </word>
    <word idWord="4" x="113" transcription=" " LatinTrans="SPACE">
      <paw idPaw="1" x="113" transcription=" " LatinTrans="SPACE">
        <lettre idLettre="1" x="113" transcription=" " LatinTrans="SPACE" />
      </paw>
    </word>
    <word idWord="5" x="0" transcription="الأنصاري" LatinTrans="Alif_I Laam_HamzaAboveAlif Nuun_B Saad_M Alif_E Raa_I Yaa_I">
      <paw idPaw="1" x="104" transcription="ا" LatinTrans="Alif_I">
        <lettre idLettre="1" x="104" transcription="ا" LatinTrans="Alif_I" />
      </paw>
      <paw idPaw="2" x="87" transcription="لأ" LatinTrans="Laam_HamzaAboveAlif">
        <lettre idLettre="1" x="87" transcription="لأ" LatinTrans="Laam_HamzaAboveAlif" />
      </paw>
      <paw idPaw="3" x="35" transcription="نصا" LatinTrans="Nuun_B Saad_M Alif_E">
        <lettre idLettre="1" x="76" transcription="ن" LatinTrans="Nuun_B" />
        <lettre idLettre="2" x="43" transcription="ص" LatinTrans="Saad_M" />
        <lettre idLettre="3" x="35" transcription="ا" LatinTrans="Alif_E" />
      </paw>
      <paw idPaw="4" x="22" transcription="ر" LatinTrans="Raa_I">
        <lettre idLettre="1" x="22" transcription="ر" LatinTrans="Raa_I" />
      </paw>
      <paw idPaw="5" x="0" transcription="ي" LatinTrans="Yaa_I">
        <lettre idLettre="1" x="0" transcription="ي" LatinTrans="Yaa_I" />
      </paw>
    </word>
  </content>
</textImage>