﻿<?xml version="1.0" encoding="UTF-8" standalone="yes"?>
<textImage id="1" width="541" height="38" transcription="الجيش السوري الحر ينفذ هجمات على مواقع للجيش النظامي" image="aljazeera_3212-20-13-10_1">
  <ArabicTranscription>الجيش السوري الحر ينفذ هجمات على مواقع للجيش النظامي</ArabicTranscription>
  <LatinTranscription>Alif_I Laam_B Jiim_M Yaa_M Shiin_E SPACE Alif_I Laam_B Siin_M Waaw_E Raa_I Yaa_I SPACE Alif_I Laam_B Haaa_M Raa_E SPACE Yaa_B Nuun_M Faa_M Thaal_E SPACE Haa_B Jiim_M Miim_M Alif_E Taaa_I SPACE Ayn_B Laam_M AlifBroken_E SPACE Miim_B Waaw_E Alif_I Gaaf_B Ayn_E SPACE Laam_B Laam_M Jiim_M Yaa_M Shiin_E SPACE Alif_I Laam_B Nuun_M Taa_M Alif_E Miim_B Yaa_E</LatinTranscription>
  <content>
    <word idWord="1" x="477" transcription="الجيش" LatinTrans="Alif_I Laam_B Jiim_M Yaa_M Shiin_E">
      <paw idPaw="1" x="533" transcription="ا" LatinTrans="Alif_I">
        <lettre idLettre="1" x="533" transcription="ا" LatinTrans="Alif_I" />
      </paw>
      <paw idPaw="2" x="477" transcription="لجيش" LatinTrans="Laam_B Jiim_M Yaa_M Shiin_E">
        <lettre idLettre="1" x="526" transcription="ل" LatinTrans="Laam_B" />
        <lettre idLettre="2" x="514" transcription="ج" LatinTrans="Jiim_M" />
        <lettre idLettre="3" x="504" transcription="ي" LatinTrans="Yaa_M" />
        <lettre idLettre="4" x="477" transcription="ش" LatinTrans="Shiin_E" />
      </paw>
    </word>
    <word idWord="2" x="473" transcription=" " LatinTrans="SPACE">
      <paw idPaw="1" x="473" transcription=" " LatinTrans="SPACE">
        <lettre idLettre="1" x="473" transcription=" " LatinTrans="SPACE" />
      </paw>
    </word>
    <word idWord="3" x="410" transcription="السوري" LatinTrans="Alif_I Laam_B Siin_M Waaw_E Raa_I Yaa_I">
      <paw idPaw="1" x="468" transcription="ا" LatinTrans="Alif_I">
        <lettre idLettre="1" x="468" transcription="ا" LatinTrans="Alif_I" />
      </paw>
      <paw idPaw="2" x="432" transcription="لسو" LatinTrans="Laam_B Siin_M Waaw_E">
        <lettre idLettre="1" x="463" transcription="ل" LatinTrans="Laam_B" />
        <lettre idLettre="2" x="443" transcription="س" LatinTrans="Siin_M" />
        <lettre idLettre="3" x="432" transcription="و" LatinTrans="Waaw_E" />
      </paw>
      <paw idPaw="3" x="424" transcription="ر" LatinTrans="Raa_I">
        <lettre idLettre="1" x="424" transcription="ر" LatinTrans="Raa_I" />
      </paw>
      <paw idPaw="4" x="410" transcription="ي" LatinTrans="Yaa_I">
        <lettre idLettre="1" x="410" transcription="ي" LatinTrans="Yaa_I" />
      </paw>
    </word>
    <word idWord="4" x="406" transcription=" " LatinTrans="SPACE">
      <paw idPaw="1" x="406" transcription=" " LatinTrans="SPACE">
        <lettre idLettre="1" x="406" transcription=" " LatinTrans="SPACE" />
      </paw>
    </word>
    <word idWord="5" x="372" transcription="الحر" LatinTrans="Alif_I Laam_B Haaa_M Raa_E">
      <paw idPaw="1" x="400" transcription="ا" LatinTrans="Alif_I">
        <lettre idLettre="1" x="400" transcription="ا" LatinTrans="Alif_I" />
      </paw>
      <paw idPaw="2" x="372" transcription="لحر" LatinTrans="Laam_B Haaa_M Raa_E">
        <lettre idLettre="1" x="394" transcription="ل" LatinTrans="Laam_B" />
        <lettre idLettre="2" x="381" transcription="ح" LatinTrans="Haaa_M" />
        <lettre idLettre="3" x="372" transcription="ر" LatinTrans="Raa_E" />
      </paw>
    </word>
    <word idWord="6" x="368" transcription=" " LatinTrans="SPACE">
      <paw idPaw="1" x="368" transcription=" " LatinTrans="SPACE">
        <lettre idLettre="1" x="368" transcription=" " LatinTrans="SPACE" />
      </paw>
    </word>
    <word idWord="7" x="323" transcription="ينفذ" LatinTrans="Yaa_B Nuun_M Faa_M Thaal_E">
      <paw idPaw="1" x="323" transcription="ينفذ" LatinTrans="Yaa_B Nuun_M Faa_M Thaal_E">
        <lettre idLettre="1" x="357" transcription="ي" LatinTrans="Yaa_B" />
        <lettre idLettre="2" x="348" transcription="ن" LatinTrans="Nuun_M" />
        <lettre idLettre="3" x="337" transcription="ف" LatinTrans="Faa_M" />
        <lettre idLettre="4" x="323" transcription="ذ" LatinTrans="Thaal_E" />
      </paw>
    </word>
    <word idWord="8" x="319" transcription=" " LatinTrans="SPACE">
      <paw idPaw="1" x="319" transcription=" " LatinTrans="SPACE">
        <lettre idLettre="1" x="319" transcription=" " LatinTrans="SPACE" />
      </paw>
    </word>
    <word idWord="9" x="252" transcription="هجمات" LatinTrans="Haa_B Jiim_M Miim_M Alif_E Taaa_I">
      <paw idPaw="1" x="271" transcription="هجما" LatinTrans="Haa_B Jiim_M Miim_M Alif_E">
        <lettre idLettre="1" x="301" transcription="ه" LatinTrans="Haa_B" />
        <lettre idLettre="2" x="289" transcription="ج" LatinTrans="Jiim_M" />
        <lettre idLettre="3" x="278" transcription="م" LatinTrans="Miim_M" />
        <lettre idLettre="4" x="271" transcription="ا" LatinTrans="Alif_E" />
      </paw>
      <paw idPaw="2" x="252" transcription="ت" LatinTrans="Taaa_I">
        <lettre idLettre="1" x="252" transcription="ت" LatinTrans="Taaa_I" />
      </paw>
    </word>
    <word idWord="10" x="247" transcription=" " LatinTrans="SPACE">
      <paw idPaw="1" x="247" transcription=" " LatinTrans="SPACE">
        <lettre idLettre="1" x="247" transcription=" " LatinTrans="SPACE" />
      </paw>
    </word>
    <word idWord="11" x="210" transcription="على" LatinTrans="Ayn_B Laam_M AlifBroken_E">
      <paw idPaw="1" x="210" transcription="على" LatinTrans="Ayn_B Laam_M AlifBroken_E">
        <lettre idLettre="1" x="233" transcription="ع" LatinTrans="Ayn_B" />
        <lettre idLettre="2" x="228" transcription="ل" LatinTrans="Laam_M" />
        <lettre idLettre="3" x="210" transcription="ى" LatinTrans="AlifBroken_E" />
      </paw>
    </word>
    <word idWord="12" x="208" transcription=" " LatinTrans="SPACE">
      <paw idPaw="1" x="208" transcription=" " LatinTrans="SPACE">
        <lettre idLettre="1" x="208" transcription=" " LatinTrans="SPACE" />
      </paw>
    </word>
    <word idWord="13" x="151" transcription="مواقع" LatinTrans="Miim_B Waaw_E Alif_I Gaaf_B Ayn_E">
      <paw idPaw="1" x="185" transcription="مو" LatinTrans="Miim_B Waaw_E">
        <lettre idLettre="1" x="195" transcription="م" LatinTrans="Miim_B" />
        <lettre idLettre="2" x="185" transcription="و" LatinTrans="Waaw_E" />
      </paw>
      <paw idPaw="2" x="180" transcription="ا" LatinTrans="Alif_I">
        <lettre idLettre="1" x="180" transcription="ا" LatinTrans="Alif_I" />
      </paw>
      <paw idPaw="3" x="151" transcription="قع" LatinTrans="Gaaf_B Ayn_E">
        <lettre idLettre="1" x="166" transcription="ق" LatinTrans="Gaaf_B" />
        <lettre idLettre="2" x="151" transcription="ع" LatinTrans="Ayn_E" />
      </paw>
    </word>
    <word idWord="14" x="147" transcription=" " LatinTrans="SPACE">
      <paw idPaw="1" x="147" transcription=" " LatinTrans="SPACE">
        <lettre idLettre="1" x="147" transcription=" " LatinTrans="SPACE" />
      </paw>
    </word>
    <word idWord="15" x="84" transcription="للجيش" LatinTrans="Laam_B Laam_M Jiim_M Yaa_M Shiin_E">
      <paw idPaw="1" x="84" transcription="للجيش" LatinTrans="Laam_B Laam_M Jiim_M Yaa_M Shiin_E">
        <lettre idLettre="1" x="140" transcription="ل" LatinTrans="Laam_B" />
        <lettre idLettre="2" x="133" transcription="ل" LatinTrans="Laam_M" />
        <lettre idLettre="3" x="119" transcription="ج" LatinTrans="Jiim_M" />
        <lettre idLettre="4" x="109" transcription="ي" LatinTrans="Yaa_M" />
        <lettre idLettre="5" x="84" transcription="ش" LatinTrans="Shiin_E" />
      </paw>
    </word>
    <word idWord="16" x="80" transcription=" " LatinTrans="SPACE">
      <paw idPaw="1" x="80" transcription=" " LatinTrans="SPACE">
        <lettre idLettre="1" x="80" transcription=" " LatinTrans="SPACE" />
      </paw>
    </word>
    <word idWord="17" x="0" transcription="النظامي" LatinTrans="Alif_I Laam_B Nuun_M Taa_M Alif_E Miim_B Yaa_E">
      <paw idPaw="1" x="74" transcription="ا" LatinTrans="Alif_I">
        <lettre idLettre="1" x="74" transcription="ا" LatinTrans="Alif_I" />
      </paw>
      <paw idPaw="2" x="36" transcription="لنظا" LatinTrans="Laam_B Nuun_M Taa_M Alif_E">
        <lettre idLettre="1" x="68" transcription="ل" LatinTrans="Laam_B" />
        <lettre idLettre="2" x="60" transcription="ن" LatinTrans="Nuun_M" />
        <lettre idLettre="3" x="41" transcription="ظ" LatinTrans="Taa_M" />
        <lettre idLettre="4" x="36" transcription="ا" LatinTrans="Alif_E" />
      </paw>
      <paw idPaw="3" x="0" transcription="مي" LatinTrans="Miim_B Yaa_E">
        <lettre idLettre="1" x="23" transcription="م" LatinTrans="Miim_B" />
        <lettre idLettre="2" x="0" transcription="ي" LatinTrans="Yaa_E" />
      </paw>
    </word>
  </content>
</textImage>