﻿<?xml version="1.0" encoding="UTF-8" standalone="yes"?>
<textImage id="1" width="242" height="35" transcription="نافذة خاصة بشأن القضايا" image="aljazeera_3213-01-27-50_1">
  <ArabicTranscription>نافذة خاصة بشأن القضايا</ArabicTranscription>
  <LatinTranscription>Nuun_B Alif_E Faa_B Thaal_E TaaaClosed_I SPACE Xaa_B Alif_E Saad_B TaaaClosed_E SPACE Baa_B Shiin_M HamzaAboveAlif_E Nuun_I SPACE Alif_I Laam_B Gaaf_M Daad_M Alif_E Yaa_B Alif_E</LatinTranscription>
  <content>
    <word idWord="1" x="185" transcription="نافذة" LatinTrans="Nuun_B Alif_E Faa_B Thaal_E TaaaClosed_I">
      <paw idPaw="1" x="222" transcription="نا" LatinTrans="Nuun_B Alif_E">
        <lettre idLettre="1" x="229" transcription="ن" LatinTrans="Nuun_B" />
        <lettre idLettre="2" x="222" transcription="ا" LatinTrans="Alif_E" />
      </paw>
      <paw idPaw="2" x="197" transcription="فذ" LatinTrans="Faa_B Thaal_E">
        <lettre idLettre="1" x="211" transcription="ف" LatinTrans="Faa_B" />
        <lettre idLettre="2" x="197" transcription="ذ" LatinTrans="Thaal_E" />
      </paw>
      <paw idPaw="3" x="185" transcription="ة" LatinTrans="TaaaClosed_I">
        <lettre idLettre="1" x="185" transcription="ة" LatinTrans="TaaaClosed_I" />
      </paw>
    </word>
    <word idWord="2" x="183" transcription=" " LatinTrans="SPACE">
      <paw idPaw="1" x="183" transcription=" " LatinTrans="SPACE">
        <lettre idLettre="1" x="183" transcription=" " LatinTrans="SPACE" />
      </paw>
    </word>
    <word idWord="3" x="128" transcription="خاصة" LatinTrans="Xaa_B Alif_E Saad_B TaaaClosed_E">
      <paw idPaw="1" x="160" transcription="خا" LatinTrans="Xaa_B Alif_E">
        <lettre idLettre="1" x="168" transcription="خ" LatinTrans="Xaa_B" />
        <lettre idLettre="2" x="160" transcription="ا" LatinTrans="Alif_E" />
      </paw>
      <paw idPaw="2" x="128" transcription="صة" LatinTrans="Saad_B TaaaClosed_E">
        <lettre idLettre="1" x="141" transcription="ص" LatinTrans="Saad_B" />
        <lettre idLettre="2" x="128" transcription="ة" LatinTrans="TaaaClosed_E" />
      </paw>
    </word>
    <word idWord="4" x="125" transcription=" " LatinTrans="SPACE">
      <paw idPaw="1" x="125" transcription=" " LatinTrans="SPACE">
        <lettre idLettre="1" x="125" transcription=" " LatinTrans="SPACE" />
      </paw>
    </word>
    <word idWord="5" x="75" transcription="بشأن" LatinTrans="Baa_B Shiin_M HamzaAboveAlif_E Nuun_I">
      <paw idPaw="1" x="89" transcription="بشأ" LatinTrans="Baa_B Shiin_M HamzaAboveAlif_E">
        <lettre idLettre="1" x="115" transcription="ب" LatinTrans="Baa_B" />
        <lettre idLettre="2" x="97" transcription="ش" LatinTrans="Shiin_M" />
        <lettre idLettre="3" x="89" transcription="أ" LatinTrans="HamzaAboveAlif_E" />
      </paw>
      <paw idPaw="2" x="75" transcription="ن" LatinTrans="Nuun_I">
        <lettre idLettre="1" x="75" transcription="ن" LatinTrans="Nuun_I" />
      </paw>
    </word>
    <word idWord="6" x="72" transcription=" " LatinTrans="SPACE">
      <paw idPaw="1" x="72" transcription=" " LatinTrans="SPACE">
        <lettre idLettre="1" x="72" transcription=" " LatinTrans="SPACE" />
      </paw>
    </word>
    <word idWord="7" x="0" transcription="القضايا" LatinTrans="Alif_I Laam_B Gaaf_M Daad_M Alif_E Yaa_B Alif_E">
      <paw idPaw="1" x="65" transcription="ا" LatinTrans="Alif_I">
        <lettre idLettre="1" x="65" transcription="ا" LatinTrans="Alif_I" />
      </paw>
      <paw idPaw="2" x="19" transcription="لقضا" LatinTrans="Laam_B Gaaf_M Daad_M Alif_E">
        <lettre idLettre="1" x="60" transcription="ل" LatinTrans="Laam_B" />
        <lettre idLettre="2" x="45" transcription="ق" LatinTrans="Gaaf_M" />
        <lettre idLettre="3" x="27" transcription="ض" LatinTrans="Daad_M" />
        <lettre idLettre="4" x="19" transcription="ا" LatinTrans="Alif_E" />
      </paw>
      <paw idPaw="3" x="0" transcription="يا" LatinTrans="Yaa_B Alif_E">
        <lettre idLettre="1" x="9" transcription="ي" LatinTrans="Yaa_B" />
        <lettre idLettre="2" x="0" transcription="ا" LatinTrans="Alif_E" />
      </paw>
    </word>
  </content>
</textImage>