﻿<?xml version="1.0" encoding="UTF-8" standalone="yes"?>
<textImage id="1" width="283" height="69" transcription="ما وراء الخبر" image="aljazeera_3212-04-30-10_1">
  <ArabicTranscription>ما وراء الخبر</ArabicTranscription>
  <LatinTranscription>Miim_B Alif_E SPACE Waaw_I Raa_I Alif_I Hamza SPACE Alif_I Laam_B Xaa_M Baa_M Raa_E</LatinTranscription>
  <content>
    <word idWord="1" x="230" transcription="ما" LatinTrans="Miim_B Alif_E">
      <paw idPaw="1" x="230" transcription="ما" LatinTrans="Miim_B Alif_E">
        <lettre idLettre="1" x="246" transcription="م" LatinTrans="Miim_B" />
        <lettre idLettre="2" x="230" transcription="ا" LatinTrans="Alif_E" />
      </paw>
    </word>
    <word idWord="2" x="219" transcription=" " LatinTrans="SPACE">
      <paw idPaw="1" x="219" transcription=" " LatinTrans="SPACE">
        <lettre idLettre="1" x="219" transcription=" " LatinTrans="SPACE" />
      </paw>
    </word>
    <word idWord="3" x="120" transcription="وراء" LatinTrans="Waaw_I Raa_I Alif_I Hamza">
      <paw idPaw="1" x="187" transcription="و" LatinTrans="Waaw_I">
        <lettre idLettre="1" x="187" transcription="و" LatinTrans="Waaw_I" />
      </paw>
      <paw idPaw="2" x="163" transcription="ر" LatinTrans="Raa_I">
        <lettre idLettre="1" x="163" transcription="ر" LatinTrans="Raa_I" />
      </paw>
      <paw idPaw="3" x="147" transcription="ا" LatinTrans="Alif_I">
        <lettre idLettre="1" x="147" transcription="ا" LatinTrans="Alif_I" />
      </paw>
      <paw idPaw="4" x="120" transcription="ء" LatinTrans="Hamza">
        <lettre idLettre="1" x="120" transcription="ء" LatinTrans="Hamza" />
      </paw>
    </word>
    <word idWord="4" x="108" transcription=" " LatinTrans="SPACE">
      <paw idPaw="1" x="108" transcription=" " LatinTrans="SPACE">
        <lettre idLettre="1" x="108" transcription=" " LatinTrans="SPACE" />
      </paw>
    </word>
    <word idWord="5" x="0" transcription="الخبر" LatinTrans="Alif_I Laam_B Xaa_M Baa_M Raa_E">
      <paw idPaw="1" x="92" transcription="ا" LatinTrans="Alif_I">
        <lettre idLettre="1" x="92" transcription="ا" LatinTrans="Alif_I" />
      </paw>
      <paw idPaw="2" x="0" transcription="لخبر" LatinTrans="Laam_B Xaa_M Baa_M Raa_E">
        <lettre idLettre="1" x="77" transcription="ل" LatinTrans="Laam_B" />
        <lettre idLettre="2" x="47" transcription="خ" LatinTrans="Xaa_M" />
        <lettre idLettre="3" x="28" transcription="ب" LatinTrans="Baa_M" />
        <lettre idLettre="4" x="0" transcription="ر" LatinTrans="Raa_E" />
      </paw>
    </word>
  </content>
</textImage>