﻿<?xml version="1.0" encoding="UTF-8" standalone="yes"?>
<textImage id="2" width="490" height="47" transcription="المطلوبين للقضاء إلى 28 نائبا" image="aljazeera_3213-05-34-00_2">
  <ArabicTranscription>المطلوبين للقضاء إلى 28 نائبا</ArabicTranscription>
  <LatinTranscription>Alif_I Laam_B Miim_M Thaaa_M Laam_M Waaw_E Baa_B Yaa_M Nuun_E SPACE Laam_B Laam_M Gaaf_M Daad_M Alif_E Hamza SPACE HamzaOnederAlif_I Laam_B AlifBroken_E SPACE Eight Two SPACE Nuun_B Alif_E HamzaAboveAlifBroken_B Baa_M Alif_E</LatinTranscription>
  <content>
    <word idWord="1" x="303" transcription="المطلوبين" LatinTrans="Alif_I Laam_B Miim_M Thaaa_M Laam_M Waaw_E Baa_B Yaa_M Nuun_E">
      <paw idPaw="1" x="478" transcription="ا" LatinTrans="Alif_I">
        <lettre idLettre="1" x="478" transcription="ا" LatinTrans="Alif_I" />
      </paw>
      <paw idPaw="2" x="377" transcription="لمطلو" LatinTrans="Laam_B Miim_M Thaaa_M Laam_M Waaw_E">
        <lettre idLettre="1" x="462" transcription="ل" LatinTrans="Laam_B" />
        <lettre idLettre="2" x="431" transcription="م" LatinTrans="Miim_M" />
        <lettre idLettre="3" x="405" transcription="ط" LatinTrans="Thaaa_M" />
        <lettre idLettre="4" x="394" transcription="ل" LatinTrans="Laam_M" />
        <lettre idLettre="5" x="377" transcription="و" LatinTrans="Waaw_E" />
      </paw>
      <paw idPaw="3" x="303" transcription="بين" LatinTrans="Baa_B Yaa_M Nuun_E">
        <lettre idLettre="1" x="366" transcription="ب" LatinTrans="Baa_B" />
        <lettre idLettre="2" x="338" transcription="ي" LatinTrans="Yaa_M" />
        <lettre idLettre="3" x="303" transcription="ن" LatinTrans="Nuun_E" />
      </paw>
    </word>
    <word idWord="2" x="298" transcription=" " LatinTrans="SPACE">
      <paw idPaw="1" x="298" transcription=" " LatinTrans="SPACE">
        <lettre idLettre="1" x="298" transcription=" " LatinTrans="SPACE" />
      </paw>
    </word>
    <word idWord="3" x="201" transcription="للقضاء" LatinTrans="Laam_B Laam_M Gaaf_M Daad_M Alif_E Hamza">
      <paw idPaw="1" x="216" transcription="للقضا" LatinTrans="Laam_B Laam_M Gaaf_M Daad_M Alif_E">
        <lettre idLettre="1" x="289" transcription="ل" LatinTrans="Laam_B" />
        <lettre idLettre="2" x="274" transcription="ل" LatinTrans="Laam_M" />
        <lettre idLettre="3" x="259" transcription="ق" LatinTrans="Gaaf_M" />
        <lettre idLettre="4" x="229" transcription="ض" LatinTrans="Daad_M" />
        <lettre idLettre="5" x="216" transcription="ا" LatinTrans="Alif_E" />
      </paw>
      <paw idPaw="2" x="201" transcription="ء" LatinTrans="Hamza">
        <lettre idLettre="1" x="201" transcription="ء" LatinTrans="Hamza" />
      </paw>
    </word>
    <word idWord="4" x="196" transcription=" " LatinTrans="SPACE">
      <paw idPaw="1" x="196" transcription=" " LatinTrans="SPACE">
        <lettre idLettre="1" x="196" transcription=" " LatinTrans="SPACE" />
      </paw>
    </word>
    <word idWord="5" x="134" transcription="إلى" LatinTrans="HamzaOnederAlif_I Laam_B AlifBroken_E">
      <paw idPaw="1" x="187" transcription="إ" LatinTrans="HamzaOnederAlif_I">
        <lettre idLettre="1" x="187" transcription="إ" LatinTrans="HamzaUnderAlif_I" />
      </paw>
      <paw idPaw="2" x="134" transcription="لى" LatinTrans="Laam_B AlifBroken_E">
        <lettre idLettre="1" x="171" transcription="ل" LatinTrans="Laam_B" />
        <lettre idLettre="2" x="134" transcription="ى" LatinTrans="AlifBroken_E" />
      </paw>
    </word>
    <word idWord="6" x="128" transcription=" " LatinTrans="SPACE">
      <paw idPaw="1" x="128" transcription=" " LatinTrans="SPACE">
        <lettre idLettre="1" x="128" transcription=" " LatinTrans="SPACE" />
      </paw>
    </word>
    <word idWord="7" x="91" transcription="28" LatinTrans="Eight Two">
      <paw idPaw="1" x="109" transcription="8" LatinTrans="Eight">
        <lettre idLettre="1" x="109" transcription="8" LatinTrans="Eight" />
      </paw>
      <paw idPaw="2" x="91" transcription="2" LatinTrans="Two">
        <lettre idLettre="1" x="91" transcription="2" LatinTrans="Two" />
      </paw>
    </word>
    <word idWord="8" x="86" transcription=" " LatinTrans="SPACE">
      <paw idPaw="1" x="86" transcription=" " LatinTrans="SPACE">
        <lettre idLettre="1" x="86" transcription=" " LatinTrans="SPACE" />
      </paw>
    </word>
    <word idWord="9" x="0" transcription="نائبا" LatinTrans="Nuun_B Alif_E HamzaAboveAlifBroken_B Baa_M Alif_E">
      <paw idPaw="1" x="62" transcription="نا" LatinTrans="Nuun_B Alif_E">
        <lettre idLettre="1" x="70" transcription="ن" LatinTrans="Nuun_B" />
        <lettre idLettre="2" x="62" transcription="ا" LatinTrans="Alif_E" />
      </paw>
      <paw idPaw="2" x="0" transcription="ئبا" LatinTrans="HamzaAboveAlifBroken_B Baa_M Alif_E">
        <lettre idLettre="1" x="46" transcription="ئ" LatinTrans="HamzaAboveAlifBroken_B" />
        <lettre idLettre="2" x="29" transcription="ب" LatinTrans="Baa_M" />
        <lettre idLettre="3" x="0" transcription="ا" LatinTrans="Alif_E" />
      </paw>
    </word>
  </content>
</textImage>