﻿<?xml version="1.0" encoding="UTF-8" standalone="yes"?>
<textImage id="2" width="404" height="44" transcription="هجوم على قاعدة عسكرية" image="aljazeera_3213-05-36-20_2">
  <ArabicTranscription>هجوم على قاعدة عسكرية</ArabicTranscription>
  <LatinTranscription>Haa_B Jiim_M Waaw_E Miim_I SPACE Ayn_B Laam_M AlifBroken_E SPACE Gaaf_B Alif_E Ayn_B Daal_E TaaaClosed_I SPACE Ayn_B Siin_M Kaaf_M Raa_E Yaa_B TaaaClosed_E</LatinTranscription>
  <content>
    <word idWord="1" x="315" transcription="هجوم" LatinTrans="Haa_B Jiim_M Waaw_E Miim_I">
      <paw idPaw="1" x="338" transcription="هجو" LatinTrans="Haa_B Jiim_M Waaw_E">
        <lettre idLettre="1" x="374" transcription="ه" LatinTrans="Haa_B" />
        <lettre idLettre="2" x="354" transcription="ج" LatinTrans="Jiim_M" />
        <lettre idLettre="3" x="338" transcription="و" LatinTrans="Waaw_E" />
      </paw>
      <paw idPaw="2" x="315" transcription="م" LatinTrans="Miim_I">
        <lettre idLettre="1" x="315" transcription="م" LatinTrans="Miim_I" />
      </paw>
    </word>
    <word idWord="2" x="308" transcription=" " LatinTrans="SPACE">
      <paw idPaw="1" x="308" transcription=" " LatinTrans="SPACE">
        <lettre idLettre="1" x="308" transcription=" " LatinTrans="SPACE" />
      </paw>
    </word>
    <word idWord="3" x="234" transcription="على" LatinTrans="Ayn_B Laam_M AlifBroken_E">
      <paw idPaw="1" x="234" transcription="على" LatinTrans="Ayn_B Laam_M AlifBroken_E">
        <lettre idLettre="1" x="286" transcription="ع" LatinTrans="Ayn_B" />
        <lettre idLettre="2" x="270" transcription="ل" LatinTrans="Laam_M" />
        <lettre idLettre="3" x="234" transcription="ى" LatinTrans="AlifBroken_E" />
      </paw>
    </word>
    <word idWord="4" x="228" transcription=" " LatinTrans="SPACE">
      <paw idPaw="1" x="228" transcription=" " LatinTrans="SPACE">
        <lettre idLettre="1" x="228" transcription=" " LatinTrans="SPACE" />
      </paw>
    </word>
    <word idWord="5" x="140" transcription="قاعدة" LatinTrans="Gaaf_B Alif_E Ayn_B Daal_E TaaaClosed_I">
      <paw idPaw="1" x="198" transcription="قا" LatinTrans="Gaaf_B Alif_E">
        <lettre idLettre="1" x="206" transcription="ق" LatinTrans="Gaaf_B" />
        <lettre idLettre="2" x="198" transcription="ا" LatinTrans="Alif_E" />
      </paw>
      <paw idPaw="2" x="157" transcription="عد" LatinTrans="Ayn_B Daal_E">
        <lettre idLettre="1" x="177" transcription="ع" LatinTrans="Ayn_B" />
        <lettre idLettre="2" x="157" transcription="د" LatinTrans="Daal_E" />
      </paw>
      <paw idPaw="3" x="140" transcription="ة" LatinTrans="TaaaClosed_I">
        <lettre idLettre="1" x="140" transcription="ة" LatinTrans="TaaaClosed_I" />
      </paw>
    </word>
    <word idWord="6" x="135" transcription=" " LatinTrans="SPACE">
      <paw idPaw="1" x="135" transcription=" " LatinTrans="SPACE">
        <lettre idLettre="1" x="135" transcription=" " LatinTrans="SPACE" />
      </paw>
    </word>
    <word idWord="7" x="0" transcription="عسكرية" LatinTrans="Ayn_B Siin_M Kaaf_M Raa_E Yaa_B TaaaClosed_E">
      <paw idPaw="1" x="56" transcription="عسكر" LatinTrans="Ayn_B Siin_M Kaaf_M Raa_E">
        <lettre idLettre="1" x="116" transcription="ع" LatinTrans="Ayn_B" />
        <lettre idLettre="2" x="89" transcription="س" LatinTrans="Siin_M" />
        <lettre idLettre="3" x="69" transcription="ك" LatinTrans="Kaaf_M" />
        <lettre idLettre="4" x="56" transcription="ر" LatinTrans="Raa_E" />
      </paw>
      <paw idPaw="2" x="0" transcription="ية" LatinTrans="Yaa_B TaaaClosed_E">
        <lettre idLettre="1" x="37" transcription="ي" LatinTrans="Yaa_B" />
        <lettre idLettre="2" x="0" transcription="ة" LatinTrans="TaaaClosed_E" />
      </paw>
    </word>
  </content>
</textImage>