﻿<?xml version="1.0" encoding="UTF-8" standalone="yes"?>
<textImage id="1" width="150" height="35" transcription="ناصر الحسيني" image="aljazeera_3213-05-01-50_1">
  <ArabicTranscription>ناصر الحسيني</ArabicTranscription>
  <LatinTranscription>Nuun_B Alif_E Saad_B Raa_E SPACE Alif_I Laam_B Haaa_M Siin_M Yaa_M Nuun_M Yaa_E</LatinTranscription>
  <content>
    <word idWord="1" x="95" transcription="ناصر" LatinTrans="Nuun_B Alif_E Saad_B Raa_E">
      <paw idPaw="1" x="127" transcription="نا" LatinTrans="Nuun_B Alif_E">
        <lettre idLettre="1" x="134" transcription="ن" LatinTrans="Nuun_B" />
        <lettre idLettre="2" x="127" transcription="ا" LatinTrans="Alif_E" />
      </paw>
      <paw idPaw="2" x="95" transcription="صر" LatinTrans="Saad_B Raa_E">
        <lettre idLettre="1" x="106" transcription="ص" LatinTrans="Saad_B" />
        <lettre idLettre="2" x="95" transcription="ر" LatinTrans="Raa_E" />
      </paw>
    </word>
    <word idWord="2" x="91" transcription=" " LatinTrans="SPACE">
      <paw idPaw="1" x="91" transcription=" " LatinTrans="SPACE">
        <lettre idLettre="1" x="91" transcription=" " LatinTrans="SPACE" />
      </paw>
    </word>
    <word idWord="3" x="0" transcription="الحسيني" LatinTrans="Alif_I Laam_B Haaa_M Siin_M Yaa_M Nuun_M Yaa_E">
      <paw idPaw="1" x="83" transcription="ا" LatinTrans="Alif_I">
        <lettre idLettre="1" x="83" transcription="ا" LatinTrans="Alif_I" />
      </paw>
      <paw idPaw="2" x="0" transcription="لحسيني" LatinTrans="Laam_B Haaa_M Siin_M Yaa_M Nuun_M Yaa_E">
        <lettre idLettre="1" x="77" transcription="ل" LatinTrans="Laam_B" />
        <lettre idLettre="2" x="63" transcription="ح" LatinTrans="Haaa_M" />
        <lettre idLettre="3" x="43" transcription="س" LatinTrans="Siin_M" />
        <lettre idLettre="4" x="31" transcription="ي" LatinTrans="Yaa_M" />
        <lettre idLettre="5" x="21" transcription="ن" LatinTrans="Nuun_M" />
        <lettre idLettre="6" x="0" transcription="ي" LatinTrans="Yaa_E" />
      </paw>
    </word>
  </content>
</textImage>