﻿<?xml version="1.0" encoding="UTF-8" standalone="yes"?>
<textImage id="1" width="477" height="35" transcription="الثوار اليمنيون يحيون الذكرى الثانية للثورة" image="aljazeera_3211-10-28-40_1">
  <ArabicTranscription>الثوار اليمنيون يحيون الذكرى الثانية للثورة</ArabicTranscription>
  <LatinTranscription>Alif_I Laam_B Thaa_M Waaw_E Alif_I Raa_I SPACE Alif_I Laam_B Yaa_M Miim_M Nuun_M Yaa_M Waaw_E Nuun_I SPACE Yaa_B Haaa_M Yaa_M Waaw_E Nuun_I SPACE Alif_I Laam_B Thaal_E Kaaf_B Raa_E AlifBroken_I SPACE Alif_I Laam_B Thaa_M Alif_E Nuun_B Yaa_M TaaaClosed_E SPACE Laam_B Laam_M Thaa_M Waaw_E Raa_I TaaaClosed_I</LatinTranscription>
  <content>
    <word idWord="1" x="400" transcription="الثوار" LatinTrans="Alif_I Laam_B Thaa_M Waaw_E Alif_I Raa_I">
      <paw idPaw="1" x="468" transcription="ا" LatinTrans="Alif_I">
        <lettre idLettre="1" x="468" transcription="ا" LatinTrans="Alif_I" />
      </paw>
      <paw idPaw="2" x="414" transcription="لثو" LatinTrans="Laam_B Thaa_M Waaw_E">
        <lettre idLettre="1" x="459" transcription="ل" LatinTrans="Laam_B" />
        <lettre idLettre="2" x="431" transcription="ث" LatinTrans="Thaa_M" />
        <lettre idLettre="3" x="414" transcription="و" LatinTrans="Waaw_E" />
      </paw>
      <paw idPaw="3" x="409" transcription="ا" LatinTrans="Alif_I">
        <lettre idLettre="1" x="409" transcription="ا" LatinTrans="Alif_I" />
      </paw>
      <paw idPaw="4" x="400" transcription="ر" LatinTrans="Raa_I">
        <lettre idLettre="1" x="400" transcription="ر" LatinTrans="Raa_I" />
      </paw>
    </word>
    <word idWord="2" x="395" transcription=" " LatinTrans="SPACE">
      <paw idPaw="1" x="395" transcription=" " LatinTrans="SPACE">
        <lettre idLettre="1" x="395" transcription=" " LatinTrans="SPACE" />
      </paw>
    </word>
    <word idWord="3" x="264" transcription="اليمنيون" LatinTrans="Alif_I Laam_B Yaa_M Miim_M Nuun_M Yaa_M Waaw_E Nuun_I">
      <paw idPaw="1" x="390" transcription="ا" LatinTrans="Alif_I">
        <lettre idLettre="1" x="390" transcription="ا" LatinTrans="Alif_I" />
      </paw>
      <paw idPaw="2" x="280" transcription="ليمنيو" LatinTrans="Laam_B Yaa_M Miim_M Nuun_M Yaa_M Waaw_E">
        <lettre idLettre="1" x="378" transcription="ل" LatinTrans="Laam_B" />
        <lettre idLettre="2" x="357" transcription="ي" LatinTrans="Yaa_M" />
        <lettre idLettre="3" x="333" transcription="م" LatinTrans="Miim_M" />
        <lettre idLettre="4" x="310" transcription="ن" LatinTrans="Nuun_M" />
        <lettre idLettre="5" x="289" transcription="ي" LatinTrans="Yaa_M" />
        <lettre idLettre="6" x="280" transcription="و" LatinTrans="Waaw_E" />
      </paw>
      <paw idPaw="3" x="264" transcription="ن" LatinTrans="Nuun_I">
        <lettre idLettre="1" x="264" transcription="ن" LatinTrans="Nuun_I" />
      </paw>
    </word>
    <word idWord="4" x="261" transcription=" " LatinTrans="SPACE">
      <paw idPaw="1" x="261" transcription=" " LatinTrans="SPACE">
        <lettre idLettre="1" x="261" transcription=" " LatinTrans="SPACE" />
      </paw>
    </word>
    <word idWord="5" x="202" transcription="يحيون" LatinTrans="Yaa_B Haaa_M Yaa_M Waaw_E Nuun_I">
      <paw idPaw="1" x="217" transcription="يحيو" LatinTrans="Yaa_B Haaa_M Yaa_M Waaw_E">
        <lettre idLettre="1" x="251" transcription="ي" LatinTrans="Yaa_B" />
        <lettre idLettre="2" x="238" transcription="ح" LatinTrans="Haaa_M" />
        <lettre idLettre="3" x="227" transcription="ي" LatinTrans="Yaa_M" />
        <lettre idLettre="4" x="217" transcription="و" LatinTrans="Waaw_E" />
      </paw>
      <paw idPaw="2" x="202" transcription="ن" LatinTrans="Nuun_I">
        <lettre idLettre="1" x="202" transcription="ن" LatinTrans="Nuun_I" />
      </paw>
    </word>
    <word idWord="6" x="197" transcription=" " LatinTrans="SPACE">
      <paw idPaw="1" x="197" transcription=" " LatinTrans="SPACE">
        <lettre idLettre="1" x="197" transcription=" " LatinTrans="SPACE" />
      </paw>
    </word>
    <word idWord="7" x="141" transcription="الذكرى" LatinTrans="Alif_I Laam_B Thaal_E Kaaf_B Raa_E AlifBroken_I">
      <paw idPaw="1" x="192" transcription="ا" LatinTrans="Alif_I">
        <lettre idLettre="1" x="192" transcription="ا" LatinTrans="Alif_I" />
      </paw>
      <paw idPaw="2" x="175" transcription="لذ" LatinTrans="Laam_B Thaal_E">
        <lettre idLettre="1" x="187" transcription="ل" LatinTrans="Laam_B" />
        <lettre idLettre="2" x="175" transcription="ذ" LatinTrans="Thaal_E" />
      </paw>
      <paw idPaw="3" x="156" transcription="كر" LatinTrans="Kaaf_B Raa_E">
        <lettre idLettre="1" x="164" transcription="ك" LatinTrans="Kaaf_B" />
        <lettre idLettre="2" x="156" transcription="ر" LatinTrans="Raa_E" />
      </paw>
      <paw idPaw="4" x="141" transcription="ى" LatinTrans="AlifBroken_I">
        <lettre idLettre="1" x="141" transcription="ى" LatinTrans="AlifBroken_I" />
      </paw>
    </word>
    <word idWord="8" x="136" transcription=" " LatinTrans="SPACE">
      <paw idPaw="1" x="136" transcription=" " LatinTrans="SPACE">
        <lettre idLettre="1" x="136" transcription=" " LatinTrans="SPACE" />
      </paw>
    </word>
    <word idWord="9" x="63" transcription="الثانية" LatinTrans="Alif_I Laam_B Thaa_M Alif_E Nuun_B Yaa_M TaaaClosed_E">
      <paw idPaw="1" x="132" transcription="ا" LatinTrans="Alif_I">
        <lettre idLettre="1" x="132" transcription="ا" LatinTrans="Alif_I" />
      </paw>
      <paw idPaw="2" x="107" transcription="لثا" LatinTrans="Laam_B Thaa_M Alif_E">
        <lettre idLettre="1" x="126" transcription="ل" LatinTrans="Laam_B" />
        <lettre idLettre="2" x="114" transcription="ث" LatinTrans="Thaa_M" />
        <lettre idLettre="3" x="107" transcription="ا" LatinTrans="Alif_E" />
      </paw>
      <paw idPaw="3" x="63" transcription="نية" LatinTrans="Nuun_B Yaa_M TaaaClosed_E">
        <lettre idLettre="1" x="97" transcription="ن" LatinTrans="Nuun_B" />
        <lettre idLettre="2" x="82" transcription="ي" LatinTrans="Yaa_M" />
        <lettre idLettre="3" x="63" transcription="ة" LatinTrans="TaaaClosed_E" />
      </paw>
    </word>
    <word idWord="10" x="58" transcription=" " LatinTrans="SPACE">
      <paw idPaw="1" x="58" transcription=" " LatinTrans="SPACE">
        <lettre idLettre="1" x="58" transcription=" " LatinTrans="SPACE" />
      </paw>
    </word>
    <word idWord="11" x="0" transcription="للثورة" LatinTrans="Laam_B Laam_M Thaa_M Waaw_E Raa_I TaaaClosed_I">
      <paw idPaw="1" x="24" transcription="للثو" LatinTrans="Laam_B Laam_M Thaa_M Waaw_E">
        <lettre idLettre="1" x="52" transcription="ل" LatinTrans="Laam_B" />
        <lettre idLettre="2" x="44" transcription="ل" LatinTrans="Laam_M" />
        <lettre idLettre="3" x="34" transcription="ث" LatinTrans="Thaa_M" />
        <lettre idLettre="4" x="24" transcription="و" LatinTrans="Waaw_E" />
      </paw>
      <paw idPaw="2" x="15" transcription="ر" LatinTrans="Raa_I">
        <lettre idLettre="1" x="15" transcription="ر" LatinTrans="Raa_I" />
      </paw>
      <paw idPaw="3" x="0" transcription="ة" LatinTrans="TaaaClosed_I">
        <lettre idLettre="1" x="0" transcription="ة" LatinTrans="TaaaClosed_I" />
      </paw>
    </word>
  </content>
</textImage>