﻿<?xml version="1.0" encoding="UTF-8" standalone="yes"?>
<textImage id="1" width="334" height="58" transcription="للاشراك اتصل الآن" image="aljazeera_3213-04-56-30_1">
  <ArabicTranscription>للاشراك اتصل الآن</ArabicTranscription>
  <LatinTranscription>Laam_B Laam_Alif Shiin_B Taaa_M Raa_E Alif_I Kaaf_I SPACE Alif_I Taaa_B Saad_M Laam_E SPACE Alif_I Laam_Alif Nuun_I</LatinTranscription>
  <content>
    <word idWord="1" x="179" transcription="للاشراك" LatinTrans="Laam_B Laam_Alif Shiin_B Taaa_M Raa_E Alif_I Kaaf_I">
      <paw idPaw="1" x="292" transcription="للا" LatinTrans="Laam_B Laam_Alif">
        <lettre idLettre="1" x="320" transcription="ل" LatinTrans="Laam_B" />
        <lettre idLettre="2" x="292" transcription="لا" LatinTrans="Laam_Alif" />
      </paw>
      <paw idPaw="2" x="226" transcription="شتر" LatinTrans="Shiin_B Taaa_M Raa_E">
        <lettre idLettre="1" x="263" transcription="ش" LatinTrans="Shiin_B" />
        <lettre idLettre="2" x="243" transcription="ت" LatinTrans="Taaa_M" />
        <lettre idLettre="3" x="226" transcription="ر" LatinTrans="Raa_E" />
      </paw>
      <paw idPaw="3" x="214" transcription="ا" LatinTrans="Alif_I">
        <lettre idLettre="1" x="214" transcription="ا" LatinTrans="Alif_I" />
      </paw>
      <paw idPaw="4" x="179" transcription="ك" LatinTrans="Kaaf_I">
        <lettre idLettre="1" x="179" transcription="ك" LatinTrans="Kaaf_I" />
      </paw>
    </word>
    <word idWord="2" x="170" transcription=" " LatinTrans="SPACE">
      <paw idPaw="1" x="170" transcription=" " LatinTrans="SPACE">
        <lettre idLettre="1" x="170" transcription=" " LatinTrans="SPACE" />
      </paw>
    </word>
    <word idWord="3" x="73" transcription="اتصل" LatinTrans="Alif_I Taaa_B Saad_M Laam_E">
      <paw idPaw="1" x="159" transcription="ا" LatinTrans="Alif_I">
        <lettre idLettre="1" x="159" transcription="ا" LatinTrans="Alif_I" />
      </paw>
      <paw idPaw="2" x="73" transcription="تصل" LatinTrans="Taaa_B Saad_M Laam_E">
        <lettre idLettre="1" x="140" transcription="ت" LatinTrans="Taaa_B" />
        <lettre idLettre="2" x="104" transcription="ص" LatinTrans="Saad_M" />
        <lettre idLettre="3" x="73" transcription="ل" LatinTrans="Laam_E" />
      </paw>
    </word>
    <word idWord="4" x="65" transcription=" " LatinTrans="SPACE">
      <paw idPaw="1" x="65" transcription=" " LatinTrans="SPACE">
        <lettre idLettre="1" x="65" transcription=" " LatinTrans="SPACE" />
      </paw>
    </word>
    <word idWord="5" x="0" transcription="الآن" LatinTrans="Alif_I Laam_Alif Nuun_I">
      <paw idPaw="1" x="53" transcription="ا" LatinTrans="Alif_I">
        <lettre idLettre="1" x="53" transcription="ا" LatinTrans="Alif_I" />
      </paw>
      <paw idPaw="2" x="33" transcription="لا" LatinTrans="Laam_Alif">
        <lettre idLettre="1" x="33" transcription="لا" LatinTrans="Laam_Alif" />
      </paw>
      <paw idPaw="3" x="0" transcription="ن" LatinTrans="Nuun_I">
        <lettre idLettre="1" x="0" transcription="ن" LatinTrans="Nuun_I" />
      </paw>
    </word>
  </content>
</textImage>