﻿<?xml version="1.0" encoding="UTF-8" standalone="yes"?>
<textImage id="1" width="271" height="63" transcription="الدوري الإسباني" image="aljazeera_3211-09-33-40_1">
  <ArabicTranscription>الدوري الإسباني</ArabicTranscription>
  <LatinTranscription>Alif_I Laam_B Daal_E Waaw_I Raa_I Yaa_I SPACE Alif_I Laam_HamzaOnederAlif Siin_B Baa_M Alif_E Nuun_B Yaa_E</LatinTranscription>
  <content>
    <word idWord="1" x="152" transcription="الدوري" LatinTrans="Alif_I Laam_B Daal_E Waaw_I Raa_I Yaa_I">
      <paw idPaw="1" x="258" transcription="ا" LatinTrans="Alif_I">
        <lettre idLettre="1" x="258" transcription="ا" LatinTrans="Alif_I" />
      </paw>
      <paw idPaw="2" x="220" transcription="لد" LatinTrans="Laam_B Daal_E">
        <lettre idLettre="1" x="245" transcription="ل" LatinTrans="Laam_B" />
        <lettre idLettre="2" x="220" transcription="د" LatinTrans="Daal_E" />
      </paw>
      <paw idPaw="3" x="200" transcription="و" LatinTrans="Waaw_I">
        <lettre idLettre="1" x="200" transcription="و" LatinTrans="Waaw_I" />
      </paw>
      <paw idPaw="4" x="184" transcription="ر" LatinTrans="Raa_I">
        <lettre idLettre="1" x="184" transcription="ر" LatinTrans="Raa_I" />
      </paw>
      <paw idPaw="5" x="152" transcription="ي" LatinTrans="Yaa_I">
        <lettre idLettre="1" x="152" transcription="ي" LatinTrans="Yaa_I" />
      </paw>
    </word>
    <word idWord="2" x="146" transcription=" " LatinTrans="SPACE">
      <paw idPaw="1" x="146" transcription=" " LatinTrans="SPACE">
        <lettre idLettre="1" x="146" transcription=" " LatinTrans="SPACE" />
      </paw>
    </word>
    <word idWord="3" x="0" transcription="الإسباني" LatinTrans="Alif_I Laam_HamzaOnederAlif Siin_B Baa_M Alif_E Nuun_B Yaa_E">
      <paw idPaw="1" x="136" transcription="ا" LatinTrans="Alif_I">
        <lettre idLettre="1" x="136" transcription="ا" LatinTrans="Alif_I" />
      </paw>
      <paw idPaw="2" x="111" transcription="لإ" LatinTrans="Laam_HamzaOnederAlif">
        <lettre idLettre="1" x="111" transcription="لإ" LatinTrans="Laam_HamzaUnderAlif" />
      </paw>
      <paw idPaw="3" x="52" transcription="سبا" LatinTrans="Siin_B Baa_M Alif_E">
        <lettre idLettre="1" x="77" transcription="س" LatinTrans="Siin_B" />
        <lettre idLettre="2" x="62" transcription="ب" LatinTrans="Baa_M" />
        <lettre idLettre="3" x="52" transcription="ا" LatinTrans="Alif_E" />
      </paw>
      <paw idPaw="4" x="0" transcription="ني" LatinTrans="Nuun_B Yaa_E">
        <lettre idLettre="1" x="34" transcription="ن" LatinTrans="Nuun_B" />
        <lettre idLettre="2" x="0" transcription="ي" LatinTrans="Yaa_E" />
      </paw>
    </word>
  </content>
</textImage>