﻿<?xml version="1.0" encoding="UTF-8" standalone="yes"?>
<textImage id="1" width="385" height="72" transcription="حزب فرنسا في أفريقيا" image="aljazeera_18-02-04-50_1">
  <ArabicTranscription>حزب فرنسا في أفريقيا</ArabicTranscription>
  <LatinTranscription>Haaa_B Zaay_E Baa_I SPACE Faa_B Raa_E Nuun_B Siin_M Alif_E SPACE Faa_B Yaa_E SPACE HamzaAboveAlif_I Faa_B Raa_E Yaa_B Gaaf_M Yaa_M Alif_E</LatinTranscription>
  <content>
    <word idWord="1" x="308" transcription="حزب" LatinTrans="Haaa_B Zaay_E Baa_I">
      <paw idPaw="1" x="338" transcription="حز" LatinTrans="Haaa_B Zaay_E">
        <lettre idLettre="1" x="357" transcription="ح" LatinTrans="Haaa_B" />
        <lettre idLettre="2" x="338" transcription="ز" LatinTrans="Zaay_E" />
      </paw>
      <paw idPaw="2" x="308" transcription="ب" LatinTrans="Baa_I">
        <lettre idLettre="1" x="308" transcription="ب" LatinTrans="Baa_I" />
      </paw>
    </word>
    <word idWord="2" x="302" transcription=" " LatinTrans="SPACE">
      <paw idPaw="1" x="302" transcription=" " LatinTrans="SPACE">
        <lettre idLettre="1" x="302" transcription=" " LatinTrans="SPACE" />
      </paw>
    </word>
    <word idWord="3" x="194" transcription="فرنسا" LatinTrans="Faa_B Raa_E Nuun_B Siin_M Alif_E">
      <paw idPaw="1" x="259" transcription="فر" LatinTrans="Faa_B Raa_E">
        <lettre idLettre="1" x="276" transcription="ف" LatinTrans="Faa_B" />
        <lettre idLettre="2" x="259" transcription="ر" LatinTrans="Raa_E" />
      </paw>
      <paw idPaw="2" x="194" transcription="نسا" LatinTrans="Nuun_B Siin_M Alif_E">
        <lettre idLettre="1" x="243" transcription="ن" LatinTrans="Nuun_B" />
        <lettre idLettre="2" x="206" transcription="س" LatinTrans="Siin_M" />
        <lettre idLettre="3" x="194" transcription="ا" LatinTrans="Alif_E" />
      </paw>
    </word>
    <word idWord="4" x="184" transcription=" " LatinTrans="SPACE">
      <paw idPaw="1" x="184" transcription=" " LatinTrans="SPACE">
        <lettre idLettre="1" x="184" transcription=" " LatinTrans="SPACE" />
      </paw>
    </word>
    <word idWord="5" x="136" transcription="في" LatinTrans="Faa_B Yaa_E">
      <paw idPaw="1" x="136" transcription="في" LatinTrans="Faa_B Yaa_E">
        <lettre idLettre="1" x="163" transcription="ف" LatinTrans="Faa_B" />
        <lettre idLettre="2" x="136" transcription="ي" LatinTrans="Yaa_E" />
      </paw>
    </word>
    <word idWord="6" x="132" transcription=" " LatinTrans="SPACE">
      <paw idPaw="1" x="132" transcription=" " LatinTrans="SPACE">
        <lettre idLettre="1" x="132" transcription=" " LatinTrans="SPACE" />
      </paw>
    </word>
    <word idWord="7" x="0" transcription="أفريقيا" LatinTrans="HamzaAboveAlif_I Faa_B Raa_E Yaa_B Gaaf_M Yaa_M Alif_E">
      <paw idPaw="1" x="117" transcription="أ" LatinTrans="HamzaAboveAlif_I">
        <lettre idLettre="1" x="117" transcription="أ" LatinTrans="HamzaAboveAlif_I" />
      </paw>
      <paw idPaw="2" x="78" transcription="فر" LatinTrans="Faa_B Raa_E">
        <lettre idLettre="1" x="96" transcription="ف" LatinTrans="Faa_B" />
        <lettre idLettre="2" x="78" transcription="ر" LatinTrans="Raa_E" />
      </paw>
      <paw idPaw="3" x="0" transcription="يقيا" LatinTrans="Yaa_B Gaaf_M Yaa_M Alif_E">
        <lettre idLettre="1" x="58" transcription="ي" LatinTrans="Yaa_B" />
        <lettre idLettre="2" x="39" transcription="ق" LatinTrans="Gaaf_M" />
        <lettre idLettre="3" x="17" transcription="ي" LatinTrans="Yaa_M" />
        <lettre idLettre="4" x="0" transcription="ا" LatinTrans="Alif_E" />
      </paw>
    </word>
  </content>
</textImage>