﻿<?xml version="1.0" encoding="UTF-8" standalone="yes"?>
<textImage id="1" width="388" height="84" transcription="قطر للبترول" image="aljazeera_3211-09-26-50_1">
  <ArabicTranscription>قطر للبترول</ArabicTranscription>
  <LatinTranscription>Gaaf_B Thaaa_M Raa_E SPACE Laam_B Laam_M Baa_M Taaa_M Raa_E Waaw_I Laam_I</LatinTranscription>
  <content>
    <word idWord="1" x="199" transcription="قطر" LatinTrans="Gaaf_B Thaaa_M Raa_E">
      <paw idPaw="1" x="199" transcription="قطر" LatinTrans="Gaaf_B Thaaa_M Raa_E">
        <lettre idLettre="1" x="348" transcription="ق" LatinTrans="Gaaf_B" />
        <lettre idLettre="2" x="241" transcription="ط" LatinTrans="Thaaa_M" />
        <lettre idLettre="3" x="199" transcription="ر" LatinTrans="Raa_E" />
      </paw>
    </word>
    <word idWord="2" x="195" transcription=" " LatinTrans="SPACE">
      <paw idPaw="1" x="195" transcription=" " LatinTrans="SPACE">
        <lettre idLettre="1" x="195" transcription=" " LatinTrans="SPACE" />
      </paw>
    </word>
    <word idWord="3" x="0" transcription="للبترول" LatinTrans="Laam_B Laam_M Baa_M Taaa_M Raa_E Waaw_I Laam_I">
      <paw idPaw="1" x="63" transcription="للبتر" LatinTrans="Laam_B Laam_M Baa_M Taaa_M Raa_E">
        <lettre idLettre="1" x="180" transcription="ل" LatinTrans="Laam_B" />
        <lettre idLettre="2" x="162" transcription="ل" LatinTrans="Laam_M" />
        <lettre idLettre="3" x="128" transcription="ب" LatinTrans="Baa_M" />
        <lettre idLettre="4" x="88" transcription="ت" LatinTrans="Taaa_M" />
        <lettre idLettre="5" x="63" transcription="ر" LatinTrans="Raa_E" />
      </paw>
      <paw idPaw="2" x="37" transcription="و" LatinTrans="Waaw_I">
        <lettre idLettre="1" x="37" transcription="و" LatinTrans="Waaw_I" />
      </paw>
      <paw idPaw="3" x="0" transcription="ل" LatinTrans="Laam_I">
        <lettre idLettre="1" x="0" transcription="ل" LatinTrans="Laam_I" />
      </paw>
    </word>
  </content>
</textImage>