﻿<?xml version="1.0" encoding="UTF-8" standalone="yes"?>
<textImage id="2" width="130" height="37" transcription="وعلاج الجرحى" image="aljazeera_3211-10-27-50_2">
  <ArabicTranscription>وعلاج الجرحى</ArabicTranscription>
  <LatinTranscription>Waaw_I Ayn_B Laam_Alif Jiim_I SPACE Alif_I Laam_B Jiim_M Raa_E Haaa_B AlifBroken_E</LatinTranscription>
  <content>
    <word idWord="1" x="71" transcription="وعلاج" LatinTrans="Waaw_I Ayn_B Laam_Alif Jiim_I">
      <paw idPaw="1" x="116" transcription="و" LatinTrans="Waaw_I">
        <lettre idLettre="1" x="116" transcription="و" LatinTrans="Waaw_I" />
      </paw>
      <paw idPaw="2" x="87" transcription="علا" LatinTrans="Ayn_B Laam_Alif">
        <lettre idLettre="1" x="103" transcription="ع" LatinTrans="Ayn_B" />
        <lettre idLettre="2" x="87" transcription="لا" LatinTrans="Laam_Alif" />
      </paw>
      <paw idPaw="3" x="71" transcription="ج" LatinTrans="Jiim_I">
        <lettre idLettre="1" x="71" transcription="ج" LatinTrans="Jiim_I" />
      </paw>
    </word>
    <word idWord="2" x="68" transcription=" " LatinTrans="SPACE">
      <paw idPaw="1" x="68" transcription=" " LatinTrans="SPACE">
        <lettre idLettre="1" x="68" transcription=" " LatinTrans="SPACE" />
      </paw>
    </word>
    <word idWord="3" x="0" transcription="الجرحى" LatinTrans="Alif_I Laam_B Jiim_M Raa_E Haaa_B AlifBroken_E">
      <paw idPaw="1" x="64" transcription="ا" LatinTrans="Alif_I">
        <lettre idLettre="1" x="64" transcription="ا" LatinTrans="Alif_I" />
      </paw>
      <paw idPaw="2" x="35" transcription="لجر" LatinTrans="Laam_B Jiim_M Raa_E">
        <lettre idLettre="1" x="58" transcription="ل" LatinTrans="Laam_B" />
        <lettre idLettre="2" x="44" transcription="ج" LatinTrans="Jiim_M" />
        <lettre idLettre="3" x="35" transcription="ر" LatinTrans="Raa_E" />
      </paw>
      <paw idPaw="3" x="0" transcription="حى" LatinTrans="Haaa_B AlifBroken_E">
        <lettre idLettre="1" x="20" transcription="ح" LatinTrans="Haaa_B" />
        <lettre idLettre="2" x="0" transcription="ى" LatinTrans="AlifBroken_E" />
      </paw>
    </word>
  </content>
</textImage>