﻿<?xml version="1.0" encoding="UTF-8" standalone="yes"?>
<textImage id="3" width="197" height="36" transcription="ومبادئها مهما اشتدت" image="aljazeera_3212-05-16-40_3">
  <ArabicTranscription>ومبادئها مهما اشتدت</ArabicTranscription>
  <LatinTranscription>Waaw_I Miim_B Baa_M Alif_E Daal_I HamzaAboveAlifBroken_B Haa_M Alif_E SPACE Miim_B Haa_M Miim_M Alif_E SPACE Alif_I Shiin_B Taaa_M Daal_E Taaa_I</LatinTranscription>
  <content>
    <word idWord="1" x="119" transcription="ومبادئها" LatinTrans="Waaw_I Miim_B Baa_M Alif_E Daal_I HamzaAboveAlifBroken_B Haa_M Alif_E">
      <paw idPaw="1" x="182" transcription="و" LatinTrans="Waaw_I">
        <lettre idLettre="1" x="182" transcription="و" LatinTrans="Waaw_I" />
      </paw>
      <paw idPaw="2" x="156" transcription="مبا" LatinTrans="Miim_B Baa_M Alif_E">
        <lettre idLettre="1" x="173" transcription="م" LatinTrans="Miim_B" />
        <lettre idLettre="2" x="163" transcription="ب" LatinTrans="Baa_M" />
        <lettre idLettre="3" x="156" transcription="ا" LatinTrans="Alif_E" />
      </paw>
      <paw idPaw="3" x="147" transcription="د" LatinTrans="Daal_I">
        <lettre idLettre="1" x="147" transcription="د" LatinTrans="Daal_I" />
      </paw>
      <paw idPaw="4" x="119" transcription="ئها" LatinTrans="HamzaAboveAlifBroken_B Haa_M Alif_E">
        <lettre idLettre="1" x="139" transcription="ئ" LatinTrans="HamzaAboveAlifBroken_B" />
        <lettre idLettre="2" x="125" transcription="ه" LatinTrans="Haa_M" />
        <lettre idLettre="3" x="119" transcription="ا" LatinTrans="Alif_E" />
      </paw>
    </word>
    <word idWord="2" x="116" transcription=" " LatinTrans="SPACE">
      <paw idPaw="1" x="116" transcription=" " LatinTrans="SPACE">
        <lettre idLettre="1" x="116" transcription=" " LatinTrans="SPACE" />
      </paw>
    </word>
    <word idWord="3" x="69" transcription="مهما" LatinTrans="Miim_B Haa_M Miim_M Alif_E">
      <paw idPaw="1" x="69" transcription="مهما" LatinTrans="Miim_B Haa_M Miim_M Alif_E">
        <lettre idLettre="1" x="103" transcription="م" LatinTrans="Miim_B" />
        <lettre idLettre="2" x="90" transcription="ه" LatinTrans="Haa_M" />
        <lettre idLettre="3" x="79" transcription="م" LatinTrans="Miim_M" />
        <lettre idLettre="4" x="69" transcription="ا" LatinTrans="Alif_E" />
      </paw>
    </word>
    <word idWord="4" x="64" transcription=" " LatinTrans="SPACE">
      <paw idPaw="1" x="64" transcription=" " LatinTrans="SPACE">
        <lettre idLettre="1" x="64" transcription=" " LatinTrans="SPACE" />
      </paw>
    </word>
    <word idWord="5" x="0" transcription="اشتدت" LatinTrans="Alif_I Shiin_B Taaa_M Daal_E Taaa_I">
      <paw idPaw="1" x="59" transcription="ا" LatinTrans="Alif_I">
        <lettre idLettre="1" x="59" transcription="ا" LatinTrans="Alif_I" />
      </paw>
      <paw idPaw="2" x="21" transcription="شتد" LatinTrans="Shiin_B Taaa_M Daal_E">
        <lettre idLettre="1" x="42" transcription="ش" LatinTrans="Shiin_B" />
        <lettre idLettre="2" x="32" transcription="ت" LatinTrans="Taaa_M" />
        <lettre idLettre="3" x="21" transcription="د" LatinTrans="Daal_E" />
      </paw>
      <paw idPaw="3" x="0" transcription="ت" LatinTrans="Taaa_I">
        <lettre idLettre="1" x="0" transcription="ت" LatinTrans="Taaa_I" />
      </paw>
    </word>
  </content>
</textImage>