﻿<?xml version="1.0" encoding="UTF-8" standalone="yes"?>
<textImage id="1" width="289" height="42" transcription="تكنوقراط ستهدئ الأمور" image="aljazeera_3212-08-45-10_1">
  <ArabicTranscription>تكنوقراط ستهدئ الأمور</ArabicTranscription>
  <LatinTranscription>Taaa_B Kaaf_M Nuun_M Waaw_E Gaaf_B Raa_E Alif_I Thaaa_I SPACE Siin_B Taaa_M Haa_M Daal_E HamzaAboveAlifBroken_I SPACE Alif_I Laam_HamzaAboveAlif Miim_B Waaw_E Raa_I</LatinTranscription>
  <content>
    <word idWord="1" x="166" transcription="تكنوقراط" LatinTrans="Taaa_B Kaaf_M Nuun_M Waaw_E Gaaf_B Raa_E Alif_I Thaaa_I">
      <paw idPaw="1" x="227" transcription="تكنو" LatinTrans="Taaa_B Kaaf_M Nuun_M Waaw_E">
        <lettre idLettre="1" x="271" transcription="ت" LatinTrans="Taaa_B" />
        <lettre idLettre="2" x="255" transcription="ك" LatinTrans="Kaaf_M" />
        <lettre idLettre="3" x="242" transcription="ن" LatinTrans="Nuun_M" />
        <lettre idLettre="4" x="227" transcription="و" LatinTrans="Waaw_E" />
      </paw>
      <paw idPaw="2" x="197" transcription="قر" LatinTrans="Gaaf_B Raa_E">
        <lettre idLettre="1" x="209" transcription="ق" LatinTrans="Gaaf_B" />
        <lettre idLettre="2" x="197" transcription="ر" LatinTrans="Raa_E" />
      </paw>
      <paw idPaw="3" x="190" transcription="ا" LatinTrans="Alif_I">
        <lettre idLettre="1" x="190" transcription="ا" LatinTrans="Alif_I" />
      </paw>
      <paw idPaw="4" x="166" transcription="ط" LatinTrans="Thaaa_I">
        <lettre idLettre="1" x="166" transcription="ط" LatinTrans="Thaaa_I" />
      </paw>
    </word>
    <word idWord="2" x="159" transcription=" " LatinTrans="SPACE">
      <paw idPaw="1" x="159" transcription=" " LatinTrans="SPACE">
        <lettre idLettre="1" x="159" transcription=" " LatinTrans="SPACE" />
      </paw>
    </word>
    <word idWord="3" x="71" transcription="ستهدئ" LatinTrans="Siin_B Taaa_M Haa_M Daal_E HamzaAboveAlifBroken_I">
      <paw idPaw="1" x="92" transcription="ستهد" LatinTrans="Siin_B Taaa_M Haa_M Daal_E">
        <lettre idLettre="1" x="139" transcription="س" LatinTrans="Siin_B" />
        <lettre idLettre="2" x="122" transcription="ت" LatinTrans="Taaa_M" />
        <lettre idLettre="3" x="107" transcription="ه" LatinTrans="Haa_M" />
        <lettre idLettre="4" x="92" transcription="د" LatinTrans="Daal_E" />
      </paw>
      <paw idPaw="2" x="71" transcription="ئ" LatinTrans="HamzaAboveAlifBroken_I">
        <lettre idLettre="1" x="71" transcription="ئ" LatinTrans="HamzaAboveAlifBroken_I" />
      </paw>
    </word>
    <word idWord="4" x="66" transcription=" " LatinTrans="SPACE">
      <paw idPaw="1" x="66" transcription=" " LatinTrans="SPACE">
        <lettre idLettre="1" x="66" transcription=" " LatinTrans="SPACE" />
      </paw>
    </word>
    <word idWord="5" x="0" transcription="الأمور" LatinTrans="Alif_I Laam_HamzaAboveAlif Miim_B Waaw_E Raa_I">
      <paw idPaw="1" x="58" transcription="ا" LatinTrans="Alif_I">
        <lettre idLettre="1" x="58" transcription="ا" LatinTrans="Alif_I" />
      </paw>
      <paw idPaw="2" x="43" transcription="لأ" LatinTrans="Laam_HamzaAboveAlif">
        <lettre idLettre="1" x="43" transcription="لأ" LatinTrans="Laam_HamzaAboveAlif" />
      </paw>
      <paw idPaw="3" x="13" transcription="مو" LatinTrans="Miim_B Waaw_E">
        <lettre idLettre="1" x="28" transcription="م" LatinTrans="Miim_B" />
        <lettre idLettre="2" x="13" transcription="و" LatinTrans="Waaw_E" />
      </paw>
      <paw idPaw="4" x="0" transcription="ر" LatinTrans="Raa_I">
        <lettre idLettre="1" x="0" transcription="ر" LatinTrans="Raa_I" />
      </paw>
    </word>
  </content>
</textImage>