﻿<?xml version="1.0" encoding="UTF-8" standalone="yes"?>
<textImage id="1" width="241" height="34" transcription="العسكريين الموجودين في" image="aljazeera_3212-01-03-40_1">
  <ArabicTranscription>العسكريين الموجودين في</ArabicTranscription>
  <LatinTranscription>Alif_I Laam_B Ayn_M Siin_M Kaaf_M Raa_E Yaa_B Yaa_M Nuun_E SPACE Alif_I Laam_B Miim_M Waaw_E Jiim_B Waaw_E Daal_I Yaa_B Nuun_E SPACE Faa_B Yaa_E</LatinTranscription>
  <content>
    <word idWord="1" x="136" transcription="العسكريين" LatinTrans="Alif_I Laam_B Ayn_M Siin_M Kaaf_M Raa_E Yaa_B Yaa_M Nuun_E">
      <paw idPaw="1" x="232" transcription="ا" LatinTrans="Alif_I">
        <lettre idLettre="1" x="232" transcription="ا" LatinTrans="Alif_I" />
      </paw>
      <paw idPaw="2" x="173" transcription="لعسكر" LatinTrans="Laam_B Ayn_M Siin_M Kaaf_M Raa_E">
        <lettre idLettre="1" x="226" transcription="ل" LatinTrans="Laam_B" />
        <lettre idLettre="2" x="211" transcription="ع" LatinTrans="Ayn_M" />
        <lettre idLettre="3" x="191" transcription="س" LatinTrans="Siin_M" />
        <lettre idLettre="4" x="180" transcription="ك" LatinTrans="Kaaf_M" />
        <lettre idLettre="5" x="173" transcription="ر" LatinTrans="Raa_E" />
      </paw>
      <paw idPaw="3" x="136" transcription="يين" LatinTrans="Yaa_B Yaa_M Nuun_E">
        <lettre idLettre="1" x="162" transcription="ي" LatinTrans="Yaa_B" />
        <lettre idLettre="2" x="153" transcription="ي" LatinTrans="Yaa_M" />
        <lettre idLettre="3" x="136" transcription="ن" LatinTrans="Nuun_E" />
      </paw>
    </word>
    <word idWord="2" x="132" transcription=" " LatinTrans="SPACE">
      <paw idPaw="1" x="132" transcription=" " LatinTrans="SPACE">
        <lettre idLettre="1" x="132" transcription=" " LatinTrans="SPACE" />
      </paw>
    </word>
    <word idWord="3" x="35" transcription="الموجودين" LatinTrans="Alif_I Laam_B Miim_M Waaw_E Jiim_B Waaw_E Daal_I Yaa_B Nuun_E">
      <paw idPaw="1" x="127" transcription="ا" LatinTrans="Alif_I">
        <lettre idLettre="1" x="127" transcription="ا" LatinTrans="Alif_I" />
      </paw>
      <paw idPaw="2" x="98" transcription="لمو" LatinTrans="Laam_B Miim_M Waaw_E">
        <lettre idLettre="1" x="122" transcription="ل" LatinTrans="Laam_B" />
        <lettre idLettre="2" x="109" transcription="م" LatinTrans="Miim_M" />
        <lettre idLettre="3" x="98" transcription="و" LatinTrans="Waaw_E" />
      </paw>
      <paw idPaw="3" x="73" transcription="جو" LatinTrans="Jiim_B Waaw_E">
        <lettre idLettre="1" x="83" transcription="ج" LatinTrans="Jiim_B" />
        <lettre idLettre="2" x="73" transcription="و" LatinTrans="Waaw_E" />
      </paw>
      <paw idPaw="4" x="62" transcription="د" LatinTrans="Daal_I">
        <lettre idLettre="1" x="62" transcription="د" LatinTrans="Daal_I" />
      </paw>
      <paw idPaw="5" x="35" transcription="ين" LatinTrans="Yaa_B Nuun_E">
        <lettre idLettre="1" x="49" transcription="ي" LatinTrans="Yaa_B" />
        <lettre idLettre="2" x="35" transcription="ن" LatinTrans="Nuun_E" />
      </paw>
    </word>
    <word idWord="4" x="31" transcription=" " LatinTrans="SPACE">
      <paw idPaw="1" x="31" transcription=" " LatinTrans="SPACE">
        <lettre idLettre="1" x="31" transcription=" " LatinTrans="SPACE" />
      </paw>
    </word>
    <word idWord="5" x="0" transcription="في" LatinTrans="Faa_B Yaa_E">
      <paw idPaw="1" x="0" transcription="في" LatinTrans="Faa_B Yaa_E">
        <lettre idLettre="1" x="19" transcription="ف" LatinTrans="Faa_B" />
        <lettre idLettre="2" x="0" transcription="ي" LatinTrans="Yaa_E" />
      </paw>
    </word>
  </content>
</textImage>