﻿<?xml version="1.0" encoding="UTF-8" standalone="yes"?>
<textImage id="1" width="450" height="75" transcription="محمد قاسم المسالمة" image="aljazeera_3211-11-56-20_1">
  <ArabicTranscription>محمد قاسم المسالمة</ArabicTranscription>
  <LatinTranscription>Miim_B Haaa_M Miim_M Daal_E SPACE Gaaf_B Alif_E Siin_B Miim_E SPACE Alif_I Laam_B Miim_M Siin_M Alif_E Laam_B Miim_M TaaaClosed_E</LatinTranscription>
  <content>
    <word idWord="1" x="326" transcription="محمد" LatinTrans="Miim_B Haaa_M Miim_M Daal_E">
      <paw idPaw="1" x="326" transcription="محمد" LatinTrans="Miim_B Haaa_M Miim_M Daal_E">
        <lettre idLettre="1" x="419" transcription="م" LatinTrans="Miim_B" />
        <lettre idLettre="2" x="379" transcription="ح" LatinTrans="Haaa_M" />
        <lettre idLettre="3" x="351" transcription="م" LatinTrans="Miim_M" />
        <lettre idLettre="4" x="326" transcription="د" LatinTrans="Daal_E" />
      </paw>
    </word>
    <word idWord="2" x="314" transcription=" " LatinTrans="SPACE">
      <paw idPaw="1" x="314" transcription=" " LatinTrans="SPACE">
        <lettre idLettre="1" x="314" transcription=" " LatinTrans="SPACE" />
      </paw>
    </word>
    <word idWord="3" x="200" transcription="قاسم" LatinTrans="Gaaf_B Alif_E Siin_B Miim_E">
      <paw idPaw="1" x="277" transcription="قا" LatinTrans="Gaaf_B Alif_E">
        <lettre idLettre="1" x="291" transcription="ق" LatinTrans="Gaaf_B" />
        <lettre idLettre="2" x="277" transcription="ا" LatinTrans="Alif_E" />
      </paw>
      <paw idPaw="2" x="200" transcription="سم" LatinTrans="Siin_B Miim_E">
        <lettre idLettre="1" x="240" transcription="س" LatinTrans="Siin_B" />
        <lettre idLettre="2" x="200" transcription="م" LatinTrans="Miim_E" />
      </paw>
    </word>
    <word idWord="4" x="190" transcription=" " LatinTrans="SPACE">
      <paw idPaw="1" x="190" transcription=" " LatinTrans="SPACE">
        <lettre idLettre="1" x="190" transcription=" " LatinTrans="SPACE" />
      </paw>
    </word>
    <word idWord="5" x="0" transcription="المسالمة" LatinTrans="Alif_I Laam_B Miim_M Siin_M Alif_E Laam_B Miim_M TaaaClosed_E">
      <paw idPaw="1" x="180" transcription="ا" LatinTrans="Alif_I">
        <lettre idLettre="1" x="180" transcription="ا" LatinTrans="Alif_I" />
      </paw>
      <paw idPaw="2" x="77" transcription="لمسا" LatinTrans="Laam_B Miim_M Siin_M Alif_E">
        <lettre idLettre="1" x="166" transcription="ل" LatinTrans="Laam_B" />
        <lettre idLettre="2" x="138" transcription="م" LatinTrans="Miim_M" />
        <lettre idLettre="3" x="95" transcription="س" LatinTrans="Siin_M" />
        <lettre idLettre="4" x="77" transcription="ا" LatinTrans="Alif_E" />
      </paw>
      <paw idPaw="3" x="0" transcription="لمة" LatinTrans="Laam_B Miim_M TaaaClosed_E">
        <lettre idLettre="1" x="65" transcription="ل" LatinTrans="Laam_B" />
        <lettre idLettre="2" x="37" transcription="م" LatinTrans="Miim_M" />
        <lettre idLettre="3" x="0" transcription="ة" LatinTrans="TaaaClosed_E" />
      </paw>
    </word>
  </content>
</textImage>