﻿<?xml version="1.0" encoding="UTF-8" standalone="yes"?>
<textImage id="7" width="151" height="40" transcription="ريال سعودي" image="aljazeera_3212-10-47-30_7">
  <ArabicTranscription>ريال سعودي</ArabicTranscription>
  <LatinTranscription>Raa_I Yaa_B Alif_E Laam_I SPACE Siin_B Ayn_M Waaw_E Daal_I Yaa_I</LatinTranscription>
  <content>
    <word idWord="1" x="96" transcription="ريال" LatinTrans="Raa_I Yaa_B Alif_E Laam_I">
      <paw idPaw="1" x="138" transcription="ر" LatinTrans="Raa_I">
        <lettre idLettre="1" x="138" transcription="ر" LatinTrans="Raa_I" />
      </paw>
      <paw idPaw="2" x="116" transcription="يا" LatinTrans="Yaa_B Alif_E">
        <lettre idLettre="1" x="124" transcription="ي" LatinTrans="Yaa_B" />
        <lettre idLettre="2" x="116" transcription="ا" LatinTrans="Alif_E" />
      </paw>
      <paw idPaw="3" x="96" transcription="ل" LatinTrans="Laam_I">
        <lettre idLettre="1" x="96" transcription="ل" LatinTrans="Laam_I" />
      </paw>
    </word>
    <word idWord="2" x="91" transcription=" " LatinTrans="SPACE">
      <paw idPaw="1" x="91" transcription=" " LatinTrans="SPACE">
        <lettre idLettre="1" x="91" transcription=" " LatinTrans="SPACE" />
      </paw>
    </word>
    <word idWord="3" x="0" transcription="سعودي" LatinTrans="Siin_B Ayn_M Waaw_E Daal_I Yaa_I">
      <paw idPaw="1" x="34" transcription="سعو" LatinTrans="Siin_B Ayn_M Waaw_E">
        <lettre idLettre="1" x="70" transcription="س" LatinTrans="Siin_B" />
        <lettre idLettre="2" x="49" transcription="ع" LatinTrans="Ayn_M" />
        <lettre idLettre="3" x="34" transcription="و" LatinTrans="Waaw_E" />
      </paw>
      <paw idPaw="2" x="21" transcription="د" LatinTrans="Daal_I">
        <lettre idLettre="1" x="21" transcription="د" LatinTrans="Daal_I" />
      </paw>
      <paw idPaw="3" x="0" transcription="ي" LatinTrans="Yaa_I">
        <lettre idLettre="1" x="0" transcription="ي" LatinTrans="Yaa_I" />
      </paw>
    </word>
  </content>
</textImage>