﻿<?xml version="1.0" encoding="UTF-8" standalone="yes"?>
<textImage id="1" width="155" height="37" transcription="أمريكا الشمالية" image="aljazeera_3212-00-55-40_1">
  <ArabicTranscription>أمريكا الشمالية</ArabicTranscription>
  <LatinTranscription>HamzaAboveAlif_I Miim_B Raa_E Yaa_B Kaaf_M Alif_E SPACE Alif_I Laam_B Shiin_M Miim_M Alif_E Laam_B Yaa_M TaaaClosed_E</LatinTranscription>
  <content>
    <word idWord="1" x="91" transcription="أمريكا" LatinTrans="HamzaAboveAlif_I Miim_B Raa_E Yaa_B Kaaf_M Alif_E">
      <paw idPaw="1" x="141" transcription="أ" LatinTrans="HamzaAboveAlif_I">
        <lettre idLettre="1" x="141" transcription="أ" LatinTrans="HamzaAboveAlif_I" />
      </paw>
      <paw idPaw="2" x="122" transcription="مر" LatinTrans="Miim_B Raa_E">
        <lettre idLettre="1" x="131" transcription="م" LatinTrans="Miim_B" />
        <lettre idLettre="2" x="122" transcription="ر" LatinTrans="Raa_E" />
      </paw>
      <paw idPaw="3" x="91" transcription="يكا" LatinTrans="Yaa_B Kaaf_M Alif_E">
        <lettre idLettre="1" x="110" transcription="ي" LatinTrans="Yaa_B" />
        <lettre idLettre="2" x="98" transcription="ك" LatinTrans="Kaaf_M" />
        <lettre idLettre="3" x="91" transcription="ا" LatinTrans="Alif_E" />
      </paw>
    </word>
    <word idWord="2" x="86" transcription=" " LatinTrans="SPACE">
      <paw idPaw="1" x="86" transcription=" " LatinTrans="SPACE">
        <lettre idLettre="1" x="86" transcription=" " LatinTrans="SPACE" />
      </paw>
    </word>
    <word idWord="3" x="0" transcription="الشمالية" LatinTrans="Alif_I Laam_B Shiin_M Miim_M Alif_E Laam_B Yaa_M TaaaClosed_E">
      <paw idPaw="1" x="81" transcription="ا" LatinTrans="Alif_I">
        <lettre idLettre="1" x="81" transcription="ا" LatinTrans="Alif_I" />
      </paw>
      <paw idPaw="2" x="34" transcription="لشما" LatinTrans="Laam_B Shiin_M Miim_M Alif_E">
        <lettre idLettre="1" x="76" transcription="ل" LatinTrans="Laam_B" />
        <lettre idLettre="2" x="54" transcription="ش" LatinTrans="Shiin_M" />
        <lettre idLettre="3" x="41" transcription="م" LatinTrans="Miim_M" />
        <lettre idLettre="4" x="34" transcription="ا" LatinTrans="Alif_E" />
      </paw>
      <paw idPaw="3" x="0" transcription="لية" LatinTrans="Laam_B Yaa_M TaaaClosed_E">
        <lettre idLettre="1" x="27" transcription="ل" LatinTrans="Laam_B" />
        <lettre idLettre="2" x="15" transcription="ي" LatinTrans="Yaa_M" />
        <lettre idLettre="3" x="0" transcription="ة" LatinTrans="TaaaClosed_E" />
      </paw>
    </word>
  </content>
</textImage>