﻿<?xml version="1.0" encoding="UTF-8" standalone="yes"?>
<textImage id="1" width="358" height="46" transcription="إسرائيل لن تهاجم إيران قبل الصيف" image="aljazeera_3212-08-34-50_1">
  <ArabicTranscription>إسرائيل لن تهاجم إيران قبل الصيف</ArabicTranscription>
  <LatinTranscription>HamzaOnederAlif_I Siin_B Raa_E Alif_I HamzaAboveAlifBroken_B Yaa_M Laam_E SPACE Laam_B Nuun_E SPACE Taaa_B Haa_M Alif_E Jiim_B Miim_E SPACE HamzaOnederAlif_I Yaa_B Raa_E Alif_I Nuun_I SPACE Gaaf_B Baa_M Laam_E SPACE Alif_I Laam_B Saad_M Yaa_M Faa_E</LatinTranscription>
  <content>
    <word idWord="1" x="273" transcription="إسرائيل" LatinTrans="HamzaOnederAlif_I Siin_B Raa_E Alif_I HamzaAboveAlifBroken_B Yaa_M Laam_E">
      <paw idPaw="1" x="346" transcription="إ" LatinTrans="HamzaOnederAlif_I">
        <lettre idLettre="1" x="346" transcription="إ" LatinTrans="HamzaUnderAlif_I" />
      </paw>
      <paw idPaw="2" x="318" transcription="سر" LatinTrans="Siin_B Raa_E">
        <lettre idLettre="1" x="326" transcription="س" LatinTrans="Siin_B" />
        <lettre idLettre="2" x="318" transcription="ر" LatinTrans="Raa_E" />
      </paw>
      <paw idPaw="3" x="313" transcription="ا" LatinTrans="Alif_I">
        <lettre idLettre="1" x="313" transcription="ا" LatinTrans="Alif_I" />
      </paw>
      <paw idPaw="4" x="273" transcription="ئيل" LatinTrans="HamzaAboveAlifBroken_B Yaa_M Laam_E">
        <lettre idLettre="1" x="302" transcription="ئ" LatinTrans="HamzaAboveAlifBroken_B" />
        <lettre idLettre="2" x="291" transcription="ي" LatinTrans="Yaa_M" />
        <lettre idLettre="3" x="273" transcription="ل" LatinTrans="Laam_E" />
      </paw>
    </word>
    <word idWord="2" x="269" transcription=" " LatinTrans="SPACE">
      <paw idPaw="1" x="269" transcription=" " LatinTrans="SPACE">
        <lettre idLettre="1" x="269" transcription=" " LatinTrans="SPACE" />
      </paw>
    </word>
    <word idWord="3" x="241" transcription="لن" LatinTrans="Laam_B Nuun_E">
      <paw idPaw="1" x="241" transcription="لن" LatinTrans="Laam_B Nuun_E">
        <lettre idLettre="1" x="261" transcription="ل" LatinTrans="Laam_B" />
        <lettre idLettre="2" x="241" transcription="ن" LatinTrans="Nuun_E" />
      </paw>
    </word>
    <word idWord="4" x="239" transcription=" " LatinTrans="SPACE">
      <paw idPaw="1" x="239" transcription=" " LatinTrans="SPACE">
        <lettre idLettre="1" x="239" transcription=" " LatinTrans="SPACE" />
      </paw>
    </word>
    <word idWord="5" x="176" transcription="تهاجم" LatinTrans="Taaa_B Haa_M Alif_E Jiim_B Miim_E">
      <paw idPaw="1" x="207" transcription="تها" LatinTrans="Taaa_B Haa_M Alif_E">
        <lettre idLettre="1" x="227" transcription="ت" LatinTrans="Taaa_B" />
        <lettre idLettre="2" x="214" transcription="ه" LatinTrans="Haa_M" />
        <lettre idLettre="3" x="207" transcription="ا" LatinTrans="Alif_E" />
      </paw>
      <paw idPaw="2" x="176" transcription="جم" LatinTrans="Jiim_B Miim_E">
        <lettre idLettre="1" x="192" transcription="ج" LatinTrans="Jiim_B" />
        <lettre idLettre="2" x="176" transcription="م" LatinTrans="Miim_E" />
      </paw>
    </word>
    <word idWord="6" x="173" transcription=" " LatinTrans="SPACE">
      <paw idPaw="1" x="173" transcription=" " LatinTrans="SPACE">
        <lettre idLettre="1" x="173" transcription=" " LatinTrans="SPACE" />
      </paw>
    </word>
    <word idWord="7" x="122" transcription="إيران" LatinTrans="HamzaOnederAlif_I Yaa_B Raa_E Alif_I Nuun_I">
      <paw idPaw="1" x="165" transcription="إ" LatinTrans="HamzaOnederAlif_I">
        <lettre idLettre="1" x="165" transcription="إ" LatinTrans="HamzaUnderAlif_I" />
      </paw>
      <paw idPaw="2" x="145" transcription="ير" LatinTrans="Yaa_B Raa_E">
        <lettre idLettre="1" x="154" transcription="ي" LatinTrans="Yaa_B" />
        <lettre idLettre="2" x="145" transcription="ر" LatinTrans="Raa_E" />
      </paw>
      <paw idPaw="3" x="140" transcription="ا" LatinTrans="Alif_I">
        <lettre idLettre="1" x="140" transcription="ا" LatinTrans="Alif_I" />
      </paw>
      <paw idPaw="4" x="122" transcription="ن" LatinTrans="Nuun_I">
        <lettre idLettre="1" x="122" transcription="ن" LatinTrans="Nuun_I" />
      </paw>
    </word>
    <word idWord="8" x="120" transcription=" " LatinTrans="SPACE">
      <paw idPaw="1" x="120" transcription=" " LatinTrans="SPACE">
        <lettre idLettre="1" x="120" transcription=" " LatinTrans="SPACE" />
      </paw>
    </word>
    <word idWord="9" x="76" transcription="قبل" LatinTrans="Gaaf_B Baa_M Laam_E">
      <paw idPaw="1" x="76" transcription="قبل" LatinTrans="Gaaf_B Baa_M Laam_E">
        <lettre idLettre="1" x="104" transcription="ق" LatinTrans="Gaaf_B" />
        <lettre idLettre="2" x="93" transcription="ب" LatinTrans="Baa_M" />
        <lettre idLettre="3" x="76" transcription="ل" LatinTrans="Laam_E" />
      </paw>
    </word>
    <word idWord="10" x="72" transcription=" " LatinTrans="SPACE">
      <paw idPaw="1" x="72" transcription=" " LatinTrans="SPACE">
        <lettre idLettre="1" x="72" transcription=" " LatinTrans="SPACE" />
      </paw>
    </word>
    <word idWord="11" x="0" transcription="الصيف" LatinTrans="Alif_I Laam_B Saad_M Yaa_M Faa_E">
      <paw idPaw="1" x="66" transcription="ا" LatinTrans="Alif_I">
        <lettre idLettre="1" x="66" transcription="ا" LatinTrans="Alif_I" />
      </paw>
      <paw idPaw="2" x="0" transcription="لصيف" LatinTrans="Laam_B Saad_M Yaa_M Faa_E">
        <lettre idLettre="1" x="60" transcription="ل" LatinTrans="Laam_B" />
        <lettre idLettre="2" x="39" transcription="ص" LatinTrans="Saad_M" />
        <lettre idLettre="3" x="26" transcription="ي" LatinTrans="Yaa_M" />
        <lettre idLettre="4" x="0" transcription="ف" LatinTrans="Faa_E" />
      </paw>
    </word>
  </content>
</textImage>