﻿<?xml version="1.0" encoding="UTF-8" standalone="yes"?>
<textImage id="2" width="486" height="52" transcription="لقواته في أفغانستان خلال السنوات" image="aljazeera_3212-05-35-20_2">
  <ArabicTranscription>لقواته في أفغانستان خلال السنوات</ArabicTranscription>
  <LatinTranscription>Laam_B Gaaf_M Waaw_E Alif_I Taaa_B Haa_E SPACE Faa_B Yaa_E SPACE HamzaAboveAlif_I Faa_B Ghayn_M Alif_E Nuun_B Siin_M Taaa_M Alif_E Nuun_I SPACE Xaa_B Laam_Alif Laam_I SPACE Alif_I Laam_B Siin_M Nuun_M Waaw_E Alif_I Taaa_I</LatinTranscription>
  <content>
    <word idWord="1" x="395" transcription="لقواته" LatinTrans="Laam_B Gaaf_M Waaw_E Alif_I Taaa_B Haa_E">
      <paw idPaw="1" x="433" transcription="لقو" LatinTrans="Laam_B Gaaf_M Waaw_E">
        <lettre idLettre="1" x="470" transcription="ل" LatinTrans="Laam_B" />
        <lettre idLettre="2" x="454" transcription="ق" LatinTrans="Gaaf_M" />
        <lettre idLettre="3" x="433" transcription="و" LatinTrans="Waaw_E" />
      </paw>
      <paw idPaw="2" x="427" transcription="ا" LatinTrans="Alif_I">
        <lettre idLettre="1" x="427" transcription="ا" LatinTrans="Alif_I" />
      </paw>
      <paw idPaw="3" x="395" transcription="ته" LatinTrans="Taaa_B Haa_E">
        <lettre idLettre="1" x="412" transcription="ت" LatinTrans="Taaa_B" />
        <lettre idLettre="2" x="395" transcription="ه" LatinTrans="Haa_E" />
      </paw>
    </word>
    <word idWord="2" x="386" transcription=" " LatinTrans="SPACE">
      <paw idPaw="1" x="386" transcription=" " LatinTrans="SPACE">
        <lettre idLettre="1" x="386" transcription=" " LatinTrans="SPACE" />
      </paw>
    </word>
    <word idWord="3" x="341" transcription="في" LatinTrans="Faa_B Yaa_E">
      <paw idPaw="1" x="341" transcription="في" LatinTrans="Faa_B Yaa_E">
        <lettre idLettre="1" x="368" transcription="ف" LatinTrans="Faa_B" />
        <lettre idLettre="2" x="341" transcription="ي" LatinTrans="Yaa_E" />
      </paw>
    </word>
    <word idWord="4" x="336" transcription=" " LatinTrans="SPACE">
      <paw idPaw="1" x="336" transcription=" " LatinTrans="SPACE">
        <lettre idLettre="1" x="336" transcription=" " LatinTrans="SPACE" />
      </paw>
    </word>
    <word idWord="5" x="185" transcription="أفغانستان" LatinTrans="HamzaAboveAlif_I Faa_B Ghayn_M Alif_E Nuun_B Siin_M Taaa_M Alif_E Nuun_I">
      <paw idPaw="1" x="326" transcription="أ" LatinTrans="HamzaAboveAlif_I">
        <lettre idLettre="1" x="326" transcription="أ" LatinTrans="HamzaAboveAlif_I" />
      </paw>
      <paw idPaw="2" x="276" transcription="فغا" LatinTrans="Faa_B Ghayn_M Alif_E">
        <lettre idLettre="1" x="310" transcription="ف" LatinTrans="Faa_B" />
        <lettre idLettre="2" x="281" transcription="غ" LatinTrans="Ghayn_M" />
        <lettre idLettre="3" x="276" transcription="ا" LatinTrans="Alif_E" />
      </paw>
      <paw idPaw="3" x="208" transcription="نستا" LatinTrans="Nuun_B Siin_M Taaa_M Alif_E">
        <lettre idLettre="1" x="260" transcription="ن" LatinTrans="Nuun_B" />
        <lettre idLettre="2" x="235" transcription="س" LatinTrans="Siin_M" />
        <lettre idLettre="3" x="216" transcription="ت" LatinTrans="Taaa_M" />
        <lettre idLettre="4" x="208" transcription="ا" LatinTrans="Alif_E" />
      </paw>
      <paw idPaw="4" x="185" transcription="ن" LatinTrans="Nuun_I">
        <lettre idLettre="1" x="185" transcription="ن" LatinTrans="Nuun_I" />
      </paw>
    </word>
    <word idWord="6" x="178" transcription=" " LatinTrans="SPACE">
      <paw idPaw="1" x="178" transcription=" " LatinTrans="SPACE">
        <lettre idLettre="1" x="178" transcription=" " LatinTrans="SPACE" />
      </paw>
    </word>
    <word idWord="7" x="118" transcription="خلال" LatinTrans="Xaa_B Laam_Alif Laam_I">
      <paw idPaw="1" x="137" transcription="خلا" LatinTrans="Xaa_B Laam_Alif">
        <lettre idLettre="1" x="157" transcription="خ" LatinTrans="Xaa_B" />
        <lettre idLettre="2" x="137" transcription="لا" LatinTrans="Laam_Alif" />
      </paw>
      <paw idPaw="2" x="118" transcription="ل" LatinTrans="Laam_I">
        <lettre idLettre="1" x="118" transcription="ل" LatinTrans="Laam_I" />
      </paw>
    </word>
    <word idWord="8" x="111" transcription=" " LatinTrans="SPACE">
      <paw idPaw="1" x="111" transcription=" " LatinTrans="SPACE">
        <lettre idLettre="1" x="111" transcription=" " LatinTrans="SPACE" />
      </paw>
    </word>
    <word idWord="9" x="0" transcription="السنوات" LatinTrans="Alif_I Laam_B Siin_M Nuun_M Waaw_E Alif_I Taaa_I">
      <paw idPaw="1" x="101" transcription="ا" LatinTrans="Alif_I">
        <lettre idLettre="1" x="101" transcription="ا" LatinTrans="Alif_I" />
      </paw>
      <paw idPaw="2" x="36" transcription="لسنو" LatinTrans="Laam_B Siin_M Nuun_M Waaw_E">
        <lettre idLettre="1" x="92" transcription="ل" LatinTrans="Laam_B" />
        <lettre idLettre="2" x="68" transcription="س" LatinTrans="Siin_M" />
        <lettre idLettre="3" x="49" transcription="ن" LatinTrans="Nuun_M" />
        <lettre idLettre="4" x="36" transcription="و" LatinTrans="Waaw_E" />
      </paw>
      <paw idPaw="3" x="27" transcription="ا" LatinTrans="Alif_I">
        <lettre idLettre="1" x="27" transcription="ا" LatinTrans="Alif_I" />
      </paw>
      <paw idPaw="4" x="0" transcription="ت" LatinTrans="Taaa_I">
        <lettre idLettre="1" x="0" transcription="ت" LatinTrans="Taaa_I" />
      </paw>
    </word>
  </content>
</textImage>