﻿<?xml version="1.0" encoding="UTF-8" standalone="yes"?>
<textImage id="1" width="399" height="42" transcription="فضيحة فساد فس قطاع الطاقة بالجزائر" image="aljazeera_3211-15-37-40_1">
  <ArabicTranscription>فضيحة فساد فس قطاع الطاقة بالجزائر</ArabicTranscription>
  <LatinTranscription>Faa_B Daad_M Yaa_M Haaa_M TaaaClosed_E SPACE Faa_B Siin_M Alif_E Daal_I SPACE Faa_B Yaa_E SPACE Gaaf_B Thaaa_M Alif_E Ayn_I SPACE Alif_I Laam_B Thaaa_M Alif_E Gaaf_B TaaaClosed_E SPACE Baa_B Alif_E Laam_B Jiim_M Zaay_E Alif_I HamzaAboveAlifBroken_B Raa_E</LatinTranscription>
  <content>
    <word idWord="1" x="317" transcription="فضيحة" LatinTrans="Faa_B Daad_M Yaa_M Haaa_M TaaaClosed_E">
      <paw idPaw="1" x="317" transcription="فضيحة" LatinTrans="Faa_B Daad_M Yaa_M Haaa_M TaaaClosed_E">
        <lettre idLettre="1" x="380" transcription="ف" LatinTrans="Faa_B" />
        <lettre idLettre="2" x="358" transcription="ض" LatinTrans="Daad_M" />
        <lettre idLettre="3" x="346" transcription="ي" LatinTrans="Yaa_M" />
        <lettre idLettre="4" x="330" transcription="ح" LatinTrans="Haaa_M" />
        <lettre idLettre="5" x="317" transcription="ة" LatinTrans="TaaaClosed_E" />
      </paw>
    </word>
    <word idWord="2" x="312" transcription=" " LatinTrans="SPACE">
      <paw idPaw="1" x="312" transcription=" " LatinTrans="SPACE">
        <lettre idLettre="1" x="312" transcription=" " LatinTrans="SPACE" />
      </paw>
    </word>
    <word idWord="3" x="257" transcription="فساد" LatinTrans="Faa_B Siin_M Alif_E Daal_I">
      <paw idPaw="1" x="270" transcription="فسا" LatinTrans="Faa_B Siin_M Alif_E">
        <lettre idLettre="1" x="299" transcription="ف" LatinTrans="Faa_B" />
        <lettre idLettre="2" x="277" transcription="س" LatinTrans="Siin_M" />
        <lettre idLettre="3" x="270" transcription="ا" LatinTrans="Alif_E" />
      </paw>
      <paw idPaw="2" x="257" transcription="د" LatinTrans="Daal_I">
        <lettre idLettre="1" x="257" transcription="د" LatinTrans="Daal_I" />
      </paw>
    </word>
    <word idWord="4" x="252" transcription=" " LatinTrans="SPACE">
      <paw idPaw="1" x="252" transcription=" " LatinTrans="SPACE">
        <lettre idLettre="1" x="252" transcription=" " LatinTrans="SPACE" />
      </paw>
    </word>
    <word idWord="5" x="223" transcription="في" LatinTrans="Faa_B Yaa_E">
      <paw idPaw="1" x="223" transcription="في" LatinTrans="Faa_B Yaa_E">
        <lettre idLettre="1" x="239" transcription="ف" LatinTrans="Faa_B" />
        <lettre idLettre="2" x="223" transcription="ي" LatinTrans="Yaa_E" />
      </paw>
    </word>
    <word idWord="6" x="219" transcription=" " LatinTrans="SPACE">
      <paw idPaw="1" x="219" transcription=" " LatinTrans="SPACE">
        <lettre idLettre="1" x="219" transcription=" " LatinTrans="SPACE" />
      </paw>
    </word>
    <word idWord="7" x="158" transcription="قطاع" LatinTrans="Gaaf_B Thaaa_M Alif_E Ayn_I">
      <paw idPaw="1" x="175" transcription="قطا" LatinTrans="Gaaf_B Thaaa_M Alif_E">
        <lettre idLettre="1" x="201" transcription="ق" LatinTrans="Gaaf_B" />
        <lettre idLettre="2" x="182" transcription="ط" LatinTrans="Thaaa_M" />
        <lettre idLettre="3" x="175" transcription="ا" LatinTrans="Alif_E" />
      </paw>
      <paw idPaw="2" x="158" transcription="ع" LatinTrans="Ayn_I">
        <lettre idLettre="1" x="158" transcription="ع" LatinTrans="Ayn_I" />
      </paw>
    </word>
    <word idWord="8" x="154" transcription=" " LatinTrans="SPACE">
      <paw idPaw="1" x="154" transcription=" " LatinTrans="SPACE">
        <lettre idLettre="1" x="154" transcription=" " LatinTrans="SPACE" />
      </paw>
    </word>
    <word idWord="9" x="85" transcription="الطاقة" LatinTrans="Alif_I Laam_B Thaaa_M Alif_E Gaaf_B TaaaClosed_E">
      <paw idPaw="1" x="150" transcription="ا" LatinTrans="Alif_I">
        <lettre idLettre="1" x="150" transcription="ا" LatinTrans="Alif_I" />
      </paw>
      <paw idPaw="2" x="115" transcription="لطا" LatinTrans="Laam_B Thaaa_M Alif_E">
        <lettre idLettre="1" x="143" transcription="ل" LatinTrans="Laam_B" />
        <lettre idLettre="2" x="122" transcription="ط" LatinTrans="Thaaa_M" />
        <lettre idLettre="3" x="115" transcription="ا" LatinTrans="Alif_E" />
      </paw>
      <paw idPaw="3" x="85" transcription="قة" LatinTrans="Gaaf_B TaaaClosed_E">
        <lettre idLettre="1" x="99" transcription="ق" LatinTrans="Gaaf_B" />
        <lettre idLettre="2" x="85" transcription="ة" LatinTrans="TaaaClosed_E" />
      </paw>
    </word>
    <word idWord="10" x="81" transcription=" " LatinTrans="SPACE">
      <paw idPaw="1" x="81" transcription=" " LatinTrans="SPACE">
        <lettre idLettre="1" x="81" transcription=" " LatinTrans="SPACE" />
      </paw>
    </word>
    <word idWord="11" x="0" transcription="بالجزائر" LatinTrans="Baa_B Alif_E Laam_B Jiim_M Zaay_E Alif_I HamzaAboveAlifBroken_B Raa_E">
      <paw idPaw="1" x="64" transcription="با" LatinTrans="Baa_B Alif_E">
        <lettre idLettre="1" x="70" transcription="ب" LatinTrans="Baa_B" />
        <lettre idLettre="2" x="64" transcription="ا" LatinTrans="Alif_E" />
      </paw>
      <paw idPaw="2" x="31" transcription="لجز" LatinTrans="Laam_B Jiim_M Zaay_E">
        <lettre idLettre="1" x="56" transcription="ل" LatinTrans="Laam_B" />
        <lettre idLettre="2" x="40" transcription="ج" LatinTrans="Jiim_M" />
        <lettre idLettre="3" x="31" transcription="ز" LatinTrans="Zaay_E" />
      </paw>
      <paw idPaw="3" x="26" transcription="ا" LatinTrans="Alif_I">
        <lettre idLettre="1" x="26" transcription="ا" LatinTrans="Alif_I" />
      </paw>
      <paw idPaw="4" x="16" transcription="ئر" LatinTrans="HamzaAboveAlifBroken_B Raa_E">
        <lettre idLettre="1" x="16" transcription="ئ" LatinTrans="HamzaAboveAlifBroken_B" />
        <lettre idLettre="1" x="16" transcription="ر" LatinTrans="Raa_E" />
      </paw>
    </word>
  </content>
</textImage>