﻿<?xml version="1.0" encoding="UTF-8" standalone="yes"?>
<textImage id="2" width="94" height="33" transcription="الخميس" image="aljazeera_3212-00-58-00_2">
  <ArabicTranscription>الخميس</ArabicTranscription>
  <LatinTranscription>Alif_I Laam_B Xaa_M Miim_M Yaa_M Siin_E</LatinTranscription>
  <content>
    <word idWord="1" x="0" transcription="الخميس" LatinTrans="Alif_I Laam_B Xaa_M Miim_M Yaa_M Siin_E">
      <paw idPaw="1" x="84" transcription="ا" LatinTrans="Alif_I">
        <lettre idLettre="1" x="84" transcription="ا" LatinTrans="Alif_I" />
      </paw>
      <paw idPaw="2" x="0" transcription="لخميس" LatinTrans="Laam_B Xaa_M Miim_M Yaa_M Siin_E">
        <lettre idLettre="1" x="77" transcription="ل" LatinTrans="Laam_B" />
        <lettre idLettre="2" x="60" transcription="خ" LatinTrans="Xaa_M" />
        <lettre idLettre="3" x="47" transcription="م" LatinTrans="Miim_M" />
        <lettre idLettre="4" x="34" transcription="ي" LatinTrans="Yaa_M" />
        <lettre idLettre="5" x="0" transcription="س" LatinTrans="Siin_E" />
      </paw>
    </word>
  </content>
</textImage>