﻿<?xml version="1.0" encoding="UTF-8" standalone="yes"?>
<textImage id="1" width="547" height="62" transcription="الاستثمارات الأجنبية المباشرة في الإمارات" image="aljazeera_3212-08-18-20_1">
  <ArabicTranscription>الاستثمارات الأجنبية المباشرة في الإمارات</ArabicTranscription>
  <LatinTranscription>Alif_I Laam_Alif Siin_B Taaa_M Thaa_M Miim_M Alif_E Raa_I Alif_I Taaa_I SPACE Alif_I Laam_HamzaAboveAlif Jiim_B Nuun_M Baa_M Yaa_M TaaaClosed_E SPACE Alif_I Laam_B Miim_M Baa_M Alif_E Shiin_B Raa_E TaaaClosed_I SPACE Faa_B Yaa_E SPACE Alif_I Laam_HamzaOnederAlif Miim_B Alif_E Raa_I Alif_I Taaa_I</LatinTranscription>
  <content>
    <word idWord="1" x="388" transcription="الاستثمارات" LatinTrans="Alif_I Laam_Alif Siin_B Taaa_M Thaa_M Miim_M Alif_E Raa_I Alif_I Taaa_I">
      <paw idPaw="1" x="534" transcription="ا" LatinTrans="Alif_I">
        <lettre idLettre="1" x="534" transcription="ا" LatinTrans="Alif_I" />
      </paw>
      <paw idPaw="2" x="518" transcription="لا" LatinTrans="Laam_Alif">
        <lettre idLettre="1" x="518" transcription="لا" LatinTrans="Laam_Alif" />
      </paw>
      <paw idPaw="3" x="434" transcription="ستثما" LatinTrans="Siin_B Taaa_M Thaa_M Miim_M Alif_E">
        <lettre idLettre="1" x="496" transcription="س" LatinTrans="Siin_B" />
        <lettre idLettre="2" x="477" transcription="ت" LatinTrans="Taaa_M" />
        <lettre idLettre="3" x="461" transcription="ث" LatinTrans="Thaa_M" />
        <lettre idLettre="4" x="443" transcription="م" LatinTrans="Miim_M" />
        <lettre idLettre="5" x="434" transcription="ا" LatinTrans="Alif_E" />
      </paw>
      <paw idPaw="4" x="422" transcription="ر" LatinTrans="Raa_I">
        <lettre idLettre="1" x="422" transcription="ر" LatinTrans="Raa_I" />
      </paw>
      <paw idPaw="5" x="415" transcription="ا" LatinTrans="Alif_I">
        <lettre idLettre="1" x="415" transcription="ا" LatinTrans="Alif_I" />
      </paw>
      <paw idPaw="6" x="388" transcription="ت" LatinTrans="Taaa_I">
        <lettre idLettre="1" x="388" transcription="ت" LatinTrans="Taaa_I" />
      </paw>
    </word>
    <word idWord="2" x="382" transcription=" " LatinTrans="SPACE">
      <paw idPaw="1" x="382" transcription=" " LatinTrans="SPACE">
        <lettre idLettre="1" x="382" transcription=" " LatinTrans="SPACE" />
      </paw>
    </word>
    <word idWord="3" x="275" transcription="الأجنبية" LatinTrans="Alif_I Laam_HamzaAboveAlif Jiim_B Nuun_M Baa_M Yaa_M TaaaClosed_E">
      <paw idPaw="1" x="374" transcription="ا" LatinTrans="Alif_I">
        <lettre idLettre="1" x="374" transcription="ا" LatinTrans="Alif_I" />
      </paw>
      <paw idPaw="2" x="353" transcription="لأ" LatinTrans="Laam_HamzaAboveAlif">
        <lettre idLettre="1" x="353" transcription="لأ" LatinTrans="Laam_HamzaAboveAlif" />
      </paw>
      <paw idPaw="3" x="275" transcription="جنبية" LatinTrans="Jiim_B Nuun_M Baa_M Yaa_M TaaaClosed_E">
        <lettre idLettre="1" x="336" transcription="ج" LatinTrans="Jiim_B" />
        <lettre idLettre="2" x="322" transcription="ن" LatinTrans="Nuun_M" />
        <lettre idLettre="3" x="308" transcription="ب" LatinTrans="Baa_M" />
        <lettre idLettre="4" x="292" transcription="ي" LatinTrans="Yaa_M" />
        <lettre idLettre="5" x="275" transcription="ة" LatinTrans="TaaaClosed_E" />
      </paw>
    </word>
    <word idWord="4" x="269" transcription=" " LatinTrans="SPACE">
      <paw idPaw="1" x="269" transcription=" " LatinTrans="SPACE">
        <lettre idLettre="1" x="269" transcription=" " LatinTrans="SPACE" />
      </paw>
    </word>
    <word idWord="5" x="156" transcription="المباشرة" LatinTrans="Alif_I Laam_B Miim_M Baa_M Alif_E Shiin_B Raa_E TaaaClosed_I">
      <paw idPaw="1" x="260" transcription="ا" LatinTrans="Alif_I">
        <lettre idLettre="1" x="260" transcription="ا" LatinTrans="Alif_I" />
      </paw>
      <paw idPaw="2" x="210" transcription="لمبا" LatinTrans="Laam_B Miim_M Baa_M Alif_E">
        <lettre idLettre="1" x="252" transcription="ل" LatinTrans="Laam_B" />
        <lettre idLettre="2" x="232" transcription="م" LatinTrans="Miim_M" />
        <lettre idLettre="3" x="219" transcription="ب" LatinTrans="Baa_M" />
        <lettre idLettre="4" x="210" transcription="ا" LatinTrans="Alif_E" />
      </paw>
      <paw idPaw="3" x="171" transcription="شر" LatinTrans="Shiin_B Raa_E">
        <lettre idLettre="1" x="187" transcription="ش" LatinTrans="Shiin_B" />
        <lettre idLettre="2" x="171" transcription="ر" LatinTrans="Raa_E" />
      </paw>
      <paw idPaw="4" x="156" transcription="ة" LatinTrans="TaaaClosed_I">
        <lettre idLettre="1" x="156" transcription="ة" LatinTrans="TaaaClosed_I" />
      </paw>
    </word>
    <word idWord="6" x="146" transcription=" " LatinTrans="SPACE">
      <paw idPaw="1" x="146" transcription=" " LatinTrans="SPACE">
        <lettre idLettre="1" x="146" transcription=" " LatinTrans="SPACE" />
      </paw>
    </word>
    <word idWord="7" x="107" transcription="في" LatinTrans="Faa_B Yaa_E">
      <paw idPaw="1" x="107" transcription="في" LatinTrans="Faa_B Yaa_E">
        <lettre idLettre="1" x="129" transcription="ف" LatinTrans="Faa_B" />
        <lettre idLettre="2" x="107" transcription="ي" LatinTrans="Yaa_E" />
      </paw>
    </word>
    <word idWord="8" x="103" transcription=" " LatinTrans="SPACE">
      <paw idPaw="1" x="103" transcription=" " LatinTrans="SPACE">
        <lettre idLettre="1" x="103" transcription=" " LatinTrans="SPACE" />
      </paw>
    </word>
    <word idWord="9" x="0" transcription="الإمارات" LatinTrans="Alif_I Laam_HamzaOnederAlif Miim_B Alif_E Raa_I Alif_I Taaa_I">
      <paw idPaw="1" x="94" transcription="ا" LatinTrans="Alif_I">
        <lettre idLettre="1" x="94" transcription="ا" LatinTrans="Alif_I" />
      </paw>
      <paw idPaw="2" x="77" transcription="لإ" LatinTrans="Laam_HamzaOnederAlif">
        <lettre idLettre="1" x="77" transcription="لإ" LatinTrans="Laam_HamzaUnderAlif" />
      </paw>
      <paw idPaw="3" x="51" transcription="ما" LatinTrans="Miim_B Alif_E">
        <lettre idLettre="1" x="61" transcription="م" LatinTrans="Miim_B" />
        <lettre idLettre="2" x="51" transcription="ا" LatinTrans="Alif_E" />
      </paw>
      <paw idPaw="4" x="37" transcription="ر" LatinTrans="Raa_I">
        <lettre idLettre="1" x="37" transcription="ر" LatinTrans="Raa_I" />
      </paw>
      <paw idPaw="5" x="30" transcription="ا" LatinTrans="Alif_I">
        <lettre idLettre="1" x="30" transcription="ا" LatinTrans="Alif_I" />
      </paw>
      <paw idPaw="6" x="0" transcription="ت" LatinTrans="Taaa_I">
        <lettre idLettre="1" x="0" transcription="ت" LatinTrans="Taaa_I" />
      </paw>
    </word>
  </content>
</textImage>