﻿<?xml version="1.0" encoding="UTF-8" standalone="yes"?>
<textImage id="1" width="462" height="49" transcription="أسعار المعادن النفيسة" image="aljazeera_3212-10-43-30_1">
  <ArabicTranscription>أسعار المعادن النفيسة</ArabicTranscription>
  <LatinTranscription>HamzaAboveAlif_I Siin_B Ayn_M Alif_E Raa_I SPACE Alif_I Laam_B Miim_M Ayn_M Alif_E Daal_I Nuun_I SPACE Alif_I Laam_B Nuun_M Faa_M Yaa_M Siin_M TaaaClosed_E</LatinTranscription>
  <content>
    <word idWord="1" x="319" transcription="أسعار" LatinTrans="HamzaAboveAlif_I Siin_B Ayn_M Alif_E Raa_I">
      <paw idPaw="1" x="448" transcription="أ" LatinTrans="HamzaAboveAlif_I">
        <lettre idLettre="1" x="448" transcription="أ" LatinTrans="HamzaAboveAlif_I" />
      </paw>
      <paw idPaw="2" x="330" transcription="سعا" LatinTrans="Siin_B Ayn_M Alif_E">
        <lettre idLettre="1" x="424" transcription="س" LatinTrans="Siin_B" />
        <lettre idLettre="2" x="396" transcription="ع" LatinTrans="Ayn_M" />
        <lettre idLettre="3" x="330" transcription="ا" LatinTrans="Alif_E" />
      </paw>
      <paw idPaw="3" x="319" transcription="ر" LatinTrans="Raa_I">
        <lettre idLettre="1" x="319" transcription="ر" LatinTrans="Raa_I" />
      </paw>
    </word>
    <word idWord="2" x="312" transcription=" " LatinTrans="SPACE">
      <paw idPaw="1" x="312" transcription=" " LatinTrans="SPACE">
        <lettre idLettre="1" x="312" transcription=" " LatinTrans="SPACE" />
      </paw>
    </word>
    <word idWord="3" x="165" transcription="المعادن" LatinTrans="Alif_I Laam_B Miim_M Ayn_M Alif_E Daal_I Nuun_I">
      <paw idPaw="1" x="304" transcription="ا" LatinTrans="Alif_I">
        <lettre idLettre="1" x="304" transcription="ا" LatinTrans="Alif_I" />
      </paw>
      <paw idPaw="2" x="205" transcription="لمعا" LatinTrans="Laam_B Miim_M Ayn_M Alif_E">
        <lettre idLettre="1" x="295" transcription="ل" LatinTrans="Laam_B" />
        <lettre idLettre="2" x="275" transcription="م" LatinTrans="Miim_M" />
        <lettre idLettre="3" x="243" transcription="ع" LatinTrans="Ayn_M" />
        <lettre idLettre="4" x="205" transcription="ا" LatinTrans="Alif_E" />
      </paw>
      <paw idPaw="3" x="189" transcription="د" LatinTrans="Daal_I">
        <lettre idLettre="1" x="189" transcription="د" LatinTrans="Daal_I" />
      </paw>
      <paw idPaw="4" x="165" transcription="ن" LatinTrans="Nuun_I">
        <lettre idLettre="1" x="165" transcription="ن" LatinTrans="Nuun_I" />
      </paw>
    </word>
    <word idWord="4" x="160" transcription=" " LatinTrans="SPACE">
      <paw idPaw="1" x="160" transcription=" " LatinTrans="SPACE">
        <lettre idLettre="1" x="160" transcription=" " LatinTrans="SPACE" />
      </paw>
    </word>
    <word idWord="5" x="0" transcription="النفيسة" LatinTrans="Alif_I Laam_B Nuun_M Faa_M Yaa_M Siin_M TaaaClosed_E">
      <paw idPaw="1" x="151" transcription="ا" LatinTrans="Alif_I">
        <lettre idLettre="1" x="151" transcription="ا" LatinTrans="Alif_I" />
      </paw>
      <paw idPaw="2" x="0" transcription="لنفيسة" LatinTrans="Laam_B Nuun_M Faa_M Yaa_M Siin_M TaaaClosed_E">
        <lettre idLettre="1" x="143" transcription="ل" LatinTrans="Laam_B" />
        <lettre idLettre="2" x="129" transcription="ن" LatinTrans="Nuun_M" />
        <lettre idLettre="3" x="107" transcription="ف" LatinTrans="Faa_M" />
        <lettre idLettre="4" x="92" transcription="ي" LatinTrans="Yaa_M" />
        <lettre idLettre="5" x="66" transcription="س" LatinTrans="Siin_M" />
        <lettre idLettre="6" x="0" transcription="ة" LatinTrans="TaaaClosed_E" />
      </paw>
    </word>
  </content>
</textImage>