﻿<?xml version="1.0" encoding="UTF-8" standalone="yes"?>
<textImage id="1" width="377" height="38" transcription="أوباما يرفض دعوات من كبار مساعديه" image="aljazeera_3211-18-40-30_1">
  <ArabicTranscription>أوباما يرفض دعوات من كبار مساعديه</ArabicTranscription>
  <LatinTranscription>HamzaAboveAlif_I Waaw_I Baa_B Alif_E Miim_B Alif_E SPACE Yaa_B Raa_E Faa_B Daad_E SPACE Daal_I Ayn_B Waaw_E Alif_I Taaa_I SPACE Miim_B Nuun_E SPACE Kaaf_B Baa_M Alif_E Raa_I SPACE Miim_B Siin_M Alif_E Ayn_B Daal_E Yaa_B Haa_E</LatinTranscription>
  <content>
    <word idWord="1" x="322" transcription="أوباما" LatinTrans="HamzaAboveAlif_I Waaw_I Baa_B Alif_E Miim_B Alif_E">
      <paw idPaw="1" x="366" transcription="أ" LatinTrans="HamzaAboveAlif_I">
        <lettre idLettre="1" x="366" transcription="أ" LatinTrans="HamzaAboveAlif_I" />
      </paw>
      <paw idPaw="2" x="356" transcription="و" LatinTrans="Waaw_I">
        <lettre idLettre="1" x="356" transcription="و" LatinTrans="Waaw_I" />
      </paw>
      <paw idPaw="3" x="340" transcription="با" LatinTrans="Baa_B Alif_E">
        <lettre idLettre="1" x="347" transcription="ب" LatinTrans="Baa_B" />
        <lettre idLettre="2" x="340" transcription="ا" LatinTrans="Alif_E" />
      </paw>
      <paw idPaw="4" x="322" transcription="ما" LatinTrans="Miim_B Alif_E">
        <lettre idLettre="1" x="330" transcription="م" LatinTrans="Miim_B" />
        <lettre idLettre="2" x="322" transcription="ا" LatinTrans="Alif_E" />
      </paw>
    </word>
    <word idWord="2" x="318" transcription=" " LatinTrans="SPACE">
      <paw idPaw="1" x="318" transcription=" " LatinTrans="SPACE">
        <lettre idLettre="1" x="318" transcription=" " LatinTrans="SPACE" />
      </paw>
    </word>
    <word idWord="3" x="258" transcription="يرفض" LatinTrans="Yaa_B Raa_E Faa_B Daad_E">
      <paw idPaw="1" x="300" transcription="ير" LatinTrans="Yaa_B Raa_E">
        <lettre idLettre="1" x="307" transcription="ي" LatinTrans="Yaa_B" />
        <lettre idLettre="2" x="300" transcription="ر" LatinTrans="Raa_E" />
      </paw>
      <paw idPaw="2" x="258" transcription="فض" LatinTrans="Faa_B Daad_E">
        <lettre idLettre="1" x="286" transcription="ف" LatinTrans="Faa_B" />
        <lettre idLettre="2" x="258" transcription="ض" LatinTrans="Daad_E" />
      </paw>
    </word>
    <word idWord="4" x="255" transcription=" " LatinTrans="SPACE">
      <paw idPaw="1" x="255" transcription=" " LatinTrans="SPACE">
        <lettre idLettre="1" x="255" transcription=" " LatinTrans="SPACE" />
      </paw>
    </word>
    <word idWord="5" x="193" transcription="دعوات" LatinTrans="Daal_I Ayn_B Waaw_E Alif_I Taaa_I">
      <paw idPaw="1" x="241" transcription="د" LatinTrans="Daal_I">
        <lettre idLettre="1" x="241" transcription="د" LatinTrans="Daal_I" />
      </paw>
      <paw idPaw="2" x="217" transcription="عو" LatinTrans="Ayn_B Waaw_E">
        <lettre idLettre="1" x="227" transcription="ع" LatinTrans="Ayn_B" />
        <lettre idLettre="2" x="217" transcription="و" LatinTrans="Waaw_E" />
      </paw>
      <paw idPaw="3" x="211" transcription="ا" LatinTrans="Alif_I">
        <lettre idLettre="1" x="211" transcription="ا" LatinTrans="Alif_I" />
      </paw>
      <paw idPaw="4" x="193" transcription="ت" LatinTrans="Taaa_I">
        <lettre idLettre="1" x="193" transcription="ت" LatinTrans="Taaa_I" />
      </paw>
    </word>
    <word idWord="6" x="191" transcription=" " LatinTrans="SPACE">
      <paw idPaw="1" x="191" transcription=" " LatinTrans="SPACE">
        <lettre idLettre="1" x="191" transcription=" " LatinTrans="SPACE" />
      </paw>
    </word>
    <word idWord="7" x="149" transcription="من" LatinTrans="Miim_B Nuun_E">
      <paw idPaw="1" x="149" transcription="من" LatinTrans="Miim_B Nuun_E">
        <lettre idLettre="1" x="169" transcription="م" LatinTrans="Miim_B" />
        <lettre idLettre="2" x="149" transcription="ن" LatinTrans="Nuun_E" />
      </paw>
    </word>
    <word idWord="8" x="146" transcription=" " LatinTrans="SPACE">
      <paw idPaw="1" x="146" transcription=" " LatinTrans="SPACE">
        <lettre idLettre="1" x="146" transcription=" " LatinTrans="SPACE" />
      </paw>
    </word>
    <word idWord="9" x="110" transcription="كبار" LatinTrans="Kaaf_B Baa_M Alif_E Raa_I">
      <paw idPaw="1" x="119" transcription="كبا" LatinTrans="Kaaf_B Baa_M Alif_E">
        <lettre idLettre="1" x="135" transcription="ك" LatinTrans="Kaaf_B" />
        <lettre idLettre="2" x="126" transcription="ب" LatinTrans="Baa_M" />
        <lettre idLettre="3" x="119" transcription="ا" LatinTrans="Alif_E" />
      </paw>
      <paw idPaw="2" x="110" transcription="ر" LatinTrans="Raa_I">
        <lettre idLettre="1" x="110" transcription="ر" LatinTrans="Raa_I" />
      </paw>
    </word>
    <word idWord="10" x="105" transcription=" " LatinTrans="SPACE">
      <paw idPaw="1" x="105" transcription=" " LatinTrans="SPACE">
        <lettre idLettre="1" x="105" transcription=" " LatinTrans="SPACE" />
      </paw>
    </word>
    <word idWord="11" x="0" transcription="مساعديه" LatinTrans="Miim_B Siin_M Alif_E Ayn_B Daal_E Yaa_B Haa_E">
      <paw idPaw="1" x="69" transcription="مسا" LatinTrans="Miim_B Siin_M Alif_E">
        <lettre idLettre="1" x="95" transcription="م" LatinTrans="Miim_B" />
        <lettre idLettre="2" x="76" transcription="س" LatinTrans="Siin_M" />
        <lettre idLettre="3" x="69" transcription="ا" LatinTrans="Alif_E" />
      </paw>
      <paw idPaw="2" x="43" transcription="عد" LatinTrans="Ayn_B Daal_E">
        <lettre idLettre="1" x="55" transcription="ع" LatinTrans="Ayn_B" />
        <lettre idLettre="2" x="43" transcription="د" LatinTrans="Daal_E" />
      </paw>
      <paw idPaw="3" x="0" transcription="يه" LatinTrans="Yaa_B Haa_E">
        <lettre idLettre="1" x="28" transcription="ي" LatinTrans="Yaa_B" />
        <lettre idLettre="2" x="0" transcription="ه" LatinTrans="Haa_E" />
      </paw>
    </word>
  </content>
</textImage>