﻿<?xml version="1.0" encoding="UTF-8" standalone="yes"?>
<textImage id="1" width="223" height="46" transcription="من قطر الى العالم" image="aljazeera_3211-15-58-30_1">
  <ArabicTranscription>من قطر الى العالم</ArabicTranscription>
  <LatinTranscription>Miim_B Nuun_E SPACE Gaaf_B Thaaa_M Raa_E SPACE Alif_I Laam_B AlifBroken_E SPACE Alif_I Laam_B Ayn_M Alif_E Laam_B Miim_E</LatinTranscription>
  <content>
    <word idWord="1" x="182" transcription="من" LatinTrans="Miim_B Nuun_E">
      <paw idPaw="1" x="182" transcription="من" LatinTrans="Miim_B Nuun_E">
        <lettre idLettre="1" x="203" transcription="م" LatinTrans="Miim_B" />
        <lettre idLettre="2" x="182" transcription="ن" LatinTrans="Nuun_E" />
      </paw>
    </word>
    <word idWord="2" x="176" transcription=" " LatinTrans="SPACE">
      <paw idPaw="1" x="176" transcription=" " LatinTrans="SPACE">
        <lettre idLettre="1" x="176" transcription=" " LatinTrans="SPACE" />
      </paw>
    </word>
    <word idWord="3" x="125" transcription="قطر" LatinTrans="Gaaf_B Thaaa_M Raa_E">
      <paw idPaw="1" x="125" transcription="قطر" LatinTrans="Gaaf_B Thaaa_M Raa_E">
        <lettre idLettre="1" x="163" transcription="ق" LatinTrans="Gaaf_B" />
        <lettre idLettre="2" x="139" transcription="ط" LatinTrans="Thaaa_M" />
        <lettre idLettre="3" x="125" transcription="ر" LatinTrans="Raa_E" />
      </paw>
    </word>
    <word idWord="4" x="120" transcription=" " LatinTrans="SPACE">
      <paw idPaw="1" x="120" transcription=" " LatinTrans="SPACE">
        <lettre idLettre="1" x="120" transcription=" " LatinTrans="SPACE" />
      </paw>
    </word>
    <word idWord="5" x="83" transcription="الى" LatinTrans="Alif_I Laam_B AlifBroken_E">
      <paw idPaw="1" x="114" transcription="ا" LatinTrans="Alif_I">
        <lettre idLettre="1" x="114" transcription="ا" LatinTrans="Alif_I" />
      </paw>
      <paw idPaw="2" x="83" transcription="لى" LatinTrans="Laam_B AlifBroken_E">
        <lettre idLettre="1" x="105" transcription="ل" LatinTrans="Laam_B" />
        <lettre idLettre="2" x="83" transcription="ى" LatinTrans="AlifBroken_E" />
      </paw>
    </word>
    <word idWord="6" x="80" transcription=" " LatinTrans="SPACE">
      <paw idPaw="1" x="80" transcription=" " LatinTrans="SPACE">
        <lettre idLettre="1" x="80" transcription=" " LatinTrans="SPACE" />
      </paw>
    </word>
    <word idWord="7" x="0" transcription="العالم" LatinTrans="Alif_I Laam_B Ayn_M Alif_E Laam_B Miim_E">
      <paw idPaw="1" x="71" transcription="ا" LatinTrans="Alif_I">
        <lettre idLettre="1" x="71" transcription="ا" LatinTrans="Alif_I" />
      </paw>
      <paw idPaw="2" x="38" transcription="لعا" LatinTrans="Laam_B Ayn_M Alif_E">
        <lettre idLettre="1" x="63" transcription="ل" LatinTrans="Laam_B" />
        <lettre idLettre="2" x="47" transcription="ع" LatinTrans="Ayn_M" />
        <lettre idLettre="3" x="38" transcription="ا" LatinTrans="Alif_E" />
      </paw>
      <paw idPaw="3" x="0" transcription="لم" LatinTrans="Laam_B Miim_E">
        <lettre idLettre="1" x="29" transcription="ل" LatinTrans="Laam_B" />
        <lettre idLettre="2" x="0" transcription="م" LatinTrans="Miim_E" />
      </paw>
    </word>
  </content>
</textImage>