﻿<?xml version="1.0" encoding="UTF-8" standalone="yes"?>
<textImage id="1" width="206" height="40" transcription="تقرير نبيل الريحاني" image="aljazeera_3213-04-30-40_1">
  <ArabicTranscription>تقرير نبيل الريحاني</ArabicTranscription>
  <LatinTranscription>Taaa_B Gaaf_M Raa_E Yaa_B Raa_E SPACE Nuun_B Baa_M Yaa_M Laam_E SPACE Alif_I Laam_B Raa_E Yaa_B Haaa_M Alif_E Nuun_B Yaa_E</LatinTranscription>
  <content>
    <word idWord="1" x="143" transcription="تقرير" LatinTrans="Taaa_B Gaaf_M Raa_E Yaa_B Raa_E">
      <paw idPaw="1" x="166" transcription="تقر" LatinTrans="Taaa_B Gaaf_M Raa_E">
        <lettre idLettre="1" x="191" transcription="ت" LatinTrans="Taaa_B" />
        <lettre idLettre="2" x="176" transcription="ق" LatinTrans="Gaaf_M" />
        <lettre idLettre="3" x="166" transcription="ر" LatinTrans="Raa_E" />
      </paw>
      <paw idPaw="2" x="143" transcription="ير" LatinTrans="Yaa_B Raa_E">
        <lettre idLettre="1" x="154" transcription="ي" LatinTrans="Yaa_B" />
        <lettre idLettre="2" x="143" transcription="ر" LatinTrans="Raa_E" />
      </paw>
    </word>
    <word idWord="2" x="141" transcription=" " LatinTrans="SPACE">
      <paw idPaw="1" x="141" transcription=" " LatinTrans="SPACE">
        <lettre idLettre="1" x="141" transcription=" " LatinTrans="SPACE" />
      </paw>
    </word>
    <word idWord="3" x="92" transcription="نبيل" LatinTrans="Nuun_B Baa_M Yaa_M Laam_E">
      <paw idPaw="1" x="92" transcription="نبيل" LatinTrans="Nuun_B Baa_M Yaa_M Laam_E">
        <lettre idLettre="1" x="131" transcription="ن" LatinTrans="Nuun_B" />
        <lettre idLettre="2" x="120" transcription="ب" LatinTrans="Baa_M" />
        <lettre idLettre="3" x="108" transcription="ي" LatinTrans="Yaa_M" />
        <lettre idLettre="4" x="92" transcription="ل" LatinTrans="Laam_E" />
      </paw>
    </word>
    <word idWord="4" x="86" transcription=" " LatinTrans="SPACE">
      <paw idPaw="1" x="86" transcription=" " LatinTrans="SPACE">
        <lettre idLettre="1" x="86" transcription=" " LatinTrans="SPACE" />
      </paw>
    </word>
    <word idWord="5" x="0" transcription="الريحاني" LatinTrans="Alif_I Laam_B Raa_E Yaa_B Haaa_M Alif_E Nuun_B Yaa_E">
      <paw idPaw="1" x="80" transcription="ا" LatinTrans="Alif_I">
        <lettre idLettre="1" x="80" transcription="ا" LatinTrans="Alif_I" />
      </paw>
      <paw idPaw="2" x="64" transcription="لر" LatinTrans="Laam_B Raa_E">
        <lettre idLettre="1" x="74" transcription="ل" LatinTrans="Laam_B" />
        <lettre idLettre="2" x="64" transcription="ر" LatinTrans="Raa_E" />
      </paw>
      <paw idPaw="3" x="30" transcription="يحا" LatinTrans="Yaa_B Haaa_M Alif_E">
        <lettre idLettre="1" x="52" transcription="ي" LatinTrans="Yaa_B" />
        <lettre idLettre="2" x="38" transcription="ح" LatinTrans="Haaa_M" />
        <lettre idLettre="3" x="30" transcription="ا" LatinTrans="Alif_E" />
      </paw>
      <paw idPaw="4" x="0" transcription="ني" LatinTrans="Nuun_B Yaa_E">
        <lettre idLettre="1" x="22" transcription="ن" LatinTrans="Nuun_B" />
        <lettre idLettre="2" x="0" transcription="ي" LatinTrans="Yaa_E" />
      </paw>
    </word>
  </content>
</textImage>