﻿<?xml version="1.0" encoding="UTF-8" standalone="yes"?>
<textImage id="1" width="134" height="35" transcription="نبيل البكيري" image="aljazeera_3211-10-26-30_1">
  <ArabicTranscription>نبيل البكيري</ArabicTranscription>
  <LatinTranscription>Nuun_B Baa_M Yaa_M Laam_E SPACE Alif_I Laam_B Baa_M Kaaf_M Yaa_M Raa_E Yaa_I</LatinTranscription>
  <content>
    <word idWord="1" x="80" transcription="نبيل" LatinTrans="Nuun_B Baa_M Yaa_M Laam_E">
      <paw idPaw="1" x="80" transcription="نبيل" LatinTrans="Nuun_B Baa_M Yaa_M Laam_E">
        <lettre idLettre="1" x="118" transcription="ن" LatinTrans="Nuun_B" />
        <lettre idLettre="2" x="110" transcription="ب" LatinTrans="Baa_M" />
        <lettre idLettre="3" x="98" transcription="ي" LatinTrans="Yaa_M" />
        <lettre idLettre="4" x="80" transcription="ل" LatinTrans="Laam_E" />
      </paw>
    </word>
    <word idWord="2" x="77" transcription=" " LatinTrans="SPACE">
      <paw idPaw="1" x="77" transcription=" " LatinTrans="SPACE">
        <lettre idLettre="1" x="77" transcription=" " LatinTrans="SPACE" />
      </paw>
    </word>
    <word idWord="3" x="0" transcription="البكيري" LatinTrans="Alif_I Laam_B Baa_M Kaaf_M Yaa_M Raa_E Yaa_I">
      <paw idPaw="1" x="71" transcription="ا" LatinTrans="Alif_I">
        <lettre idLettre="1" x="71" transcription="ا" LatinTrans="Alif_I" />
      </paw>
      <paw idPaw="2" x="22" transcription="لبكير" LatinTrans="Laam_B Baa_M Kaaf_M Yaa_M Raa_E">
        <lettre idLettre="1" x="63" transcription="ل" LatinTrans="Laam_B" />
        <lettre idLettre="2" x="54" transcription="ب" LatinTrans="Baa_M" />
        <lettre idLettre="3" x="39" transcription="ك" LatinTrans="Kaaf_M" />
        <lettre idLettre="4" x="30" transcription="ي" LatinTrans="Yaa_M" />
        <lettre idLettre="5" x="22" transcription="ر" LatinTrans="Raa_E" />
      </paw>
      <paw idPaw="3" x="0" transcription="ي" LatinTrans="Yaa_I">
        <lettre idLettre="1" x="0" transcription="ي" LatinTrans="Yaa_I" />
      </paw>
    </word>
  </content>
</textImage>