﻿<?xml version="1.0" encoding="UTF-8" standalone="yes"?>
<textImage id="1" width="330" height="32" transcription="بدء معركة السيطرة على مطاري حلب" image="aljazeera_3212-14-59-50_1">
  <ArabicTranscription>بدء معركة السيطرة على مطاري حلب</ArabicTranscription>
  <LatinTranscription>Baa_B Daal_E Hamza SPACE Miim_B Ayn_M Raa_E Kaaf_B TaaaClosed_E SPACE Alif_I Laam_B Siin_M Yaa_M Thaaa_M Raa_E TaaaClosed_I SPACE Ayn_B Laam_M AlifBroken_E SPACE Miim_B Thaaa_M Alif_E Raa_I Yaa_I SPACE Haaa_B Laam_M Baa_E</LatinTranscription>
  <content>
    <word idWord="1" x="296" transcription="بدء" LatinTrans="Baa_B Daal_E Hamza">
      <paw idPaw="1" x="306" transcription="بد" LatinTrans="Baa_B Daal_E">
        <lettre idLettre="1" x="317" transcription="ب" LatinTrans="Baa_B" />
        <lettre idLettre="2" x="306" transcription="د" LatinTrans="Daal_E" />
      </paw>
      <paw idPaw="2" x="296" transcription="ء" LatinTrans="Hamza">
        <lettre idLettre="1" x="296" transcription="ء" LatinTrans="Hamza" />
      </paw>
    </word>
    <word idWord="2" x="292" transcription=" " LatinTrans="SPACE">
      <paw idPaw="1" x="292" transcription=" " LatinTrans="SPACE">
        <lettre idLettre="1" x="292" transcription=" " LatinTrans="SPACE" />
      </paw>
    </word>
    <word idWord="3" x="232" transcription="معركة" LatinTrans="Miim_B Ayn_M Raa_E Kaaf_B TaaaClosed_E">
      <paw idPaw="1" x="256" transcription="معر" LatinTrans="Miim_B Ayn_M Raa_E">
        <lettre idLettre="1" x="281" transcription="م" LatinTrans="Miim_B" />
        <lettre idLettre="2" x="265" transcription="ع" LatinTrans="Ayn_M" />
        <lettre idLettre="3" x="256" transcription="ر" LatinTrans="Raa_E" />
      </paw>
      <paw idPaw="2" x="232" transcription="كة" LatinTrans="Kaaf_B TaaaClosed_E">
        <lettre idLettre="1" x="245" transcription="ك" LatinTrans="Kaaf_B" />
        <lettre idLettre="2" x="232" transcription="ة" LatinTrans="TaaaClosed_E" />
      </paw>
    </word>
    <word idWord="4" x="228" transcription=" " LatinTrans="SPACE">
      <paw idPaw="1" x="228" transcription=" " LatinTrans="SPACE">
        <lettre idLettre="1" x="228" transcription=" " LatinTrans="SPACE" />
      </paw>
    </word>
    <word idWord="5" x="151" transcription="السيطرة" LatinTrans="Alif_I Laam_B Siin_M Yaa_M Thaaa_M Raa_E TaaaClosed_I">
      <paw idPaw="1" x="223" transcription="ا" LatinTrans="Alif_I">
        <lettre idLettre="1" x="223" transcription="ا" LatinTrans="Alif_I" />
      </paw>
      <paw idPaw="2" x="162" transcription="لسيطر" LatinTrans="Laam_B Siin_M Yaa_M Thaaa_M Raa_E">
        <lettre idLettre="1" x="217" transcription="ل" LatinTrans="Laam_B" />
        <lettre idLettre="2" x="198" transcription="س" LatinTrans="Siin_M" />
        <lettre idLettre="3" x="188" transcription="ي" LatinTrans="Yaa_M" />
        <lettre idLettre="4" x="171" transcription="ط" LatinTrans="Thaaa_M" />
        <lettre idLettre="5" x="162" transcription="ر" LatinTrans="Raa_E" />
      </paw>
      <paw idPaw="3" x="151" transcription="ة" LatinTrans="TaaaClosed_I">
        <lettre idLettre="1" x="151" transcription="ة" LatinTrans="TaaaClosed_I" />
      </paw>
    </word>
    <word idWord="6" x="146" transcription=" " LatinTrans="SPACE">
      <paw idPaw="1" x="146" transcription=" " LatinTrans="SPACE">
        <lettre idLettre="1" x="146" transcription=" " LatinTrans="SPACE" />
      </paw>
    </word>
    <word idWord="7" x="110" transcription="على" LatinTrans="Ayn_B Laam_M AlifBroken_E">
      <paw idPaw="1" x="110" transcription="على" LatinTrans="Ayn_B Laam_M AlifBroken_E">
        <lettre idLettre="1" x="132" transcription="ع" LatinTrans="Ayn_B" />
        <lettre idLettre="2" x="125" transcription="ل" LatinTrans="Laam_M" />
        <lettre idLettre="3" x="110" transcription="ى" LatinTrans="AlifBroken_E" />
      </paw>
    </word>
    <word idWord="8" x="107" transcription=" " LatinTrans="SPACE">
      <paw idPaw="1" x="107" transcription=" " LatinTrans="SPACE">
        <lettre idLettre="1" x="107" transcription=" " LatinTrans="SPACE" />
      </paw>
    </word>
    <word idWord="9" x="48" transcription="مطاري" LatinTrans="Miim_B Thaaa_M Alif_E Raa_I Yaa_I">
      <paw idPaw="1" x="70" transcription="مطا" LatinTrans="Miim_B Thaaa_M Alif_E">
        <lettre idLettre="1" x="95" transcription="م" LatinTrans="Miim_B" />
        <lettre idLettre="2" x="77" transcription="ط" LatinTrans="Thaaa_M" />
        <lettre idLettre="3" x="70" transcription="ا" LatinTrans="Alif_E" />
      </paw>
      <paw idPaw="2" x="63" transcription="ر" LatinTrans="Raa_I">
        <lettre idLettre="1" x="63" transcription="ر" LatinTrans="Raa_I" />
      </paw>
      <paw idPaw="3" x="48" transcription="ي" LatinTrans="Yaa_I">
        <lettre idLettre="1" x="48" transcription="ي" LatinTrans="Yaa_I" />
      </paw>
    </word>
    <word idWord="10" x="44" transcription=" " LatinTrans="SPACE">
      <paw idPaw="1" x="44" transcription=" " LatinTrans="SPACE">
        <lettre idLettre="1" x="44" transcription=" " LatinTrans="SPACE" />
      </paw>
    </word>
    <word idWord="11" x="0" transcription="حلب" LatinTrans="Haaa_B Laam_M Baa_E">
      <paw idPaw="1" x="0" transcription="حلب" LatinTrans="Haaa_B Laam_M Baa_E">
        <lettre idLettre="1" x="31" transcription="ح" LatinTrans="Haaa_B" />
        <lettre idLettre="2" x="23" transcription="ل" LatinTrans="Laam_M" />
        <lettre idLettre="3" x="0" transcription="ب" LatinTrans="Baa_E" />
      </paw>
    </word>
  </content>
</textImage>