﻿<?xml version="1.0" encoding="UTF-8" standalone="yes"?>
<textImage id="1" width="110" height="32" transcription="سيد التلب" image="aljazeera_3213-00-38-40_1">
  <ArabicTranscription>سيد التلب</ArabicTranscription>
  <LatinTranscription>Siin_B Yaa_M Daal_E SPACE Alif_I Laam_B Taaa_M Laam_M Baa_E</LatinTranscription>
  <content>
    <word idWord="1" x="61" transcription="سيد" LatinTrans="Siin_B Yaa_M Daal_E">
      <paw idPaw="1" x="61" transcription="سيد" LatinTrans="Siin_B Yaa_M Daal_E">
        <lettre idLettre="1" x="88" transcription="س" LatinTrans="Siin_B" />
        <lettre idLettre="2" x="72" transcription="ي" LatinTrans="Yaa_M" />
        <lettre idLettre="3" x="61" transcription="د" LatinTrans="Daal_E" />
      </paw>
    </word>
    <word idWord="2" x="57" transcription=" " LatinTrans="SPACE">
      <paw idPaw="1" x="57" transcription=" " LatinTrans="SPACE">
        <lettre idLettre="1" x="57" transcription=" " LatinTrans="SPACE" />
      </paw>
    </word>
    <word idWord="3" x="0" transcription="التلب" LatinTrans="Alif_I Laam_B Taaa_M Laam_M Baa_E">
      <paw idPaw="1" x="51" transcription="ا" LatinTrans="Alif_I">
        <lettre idLettre="1" x="51" transcription="ا" LatinTrans="Alif_I" />
      </paw>
      <paw idPaw="2" x="0" transcription="لتلب" LatinTrans="Laam_B Taaa_M Laam_M Baa_E">
        <lettre idLettre="1" x="44" transcription="ل" LatinTrans="Laam_B" />
        <lettre idLettre="2" x="33" transcription="ت" LatinTrans="Taaa_M" />
        <lettre idLettre="3" x="26" transcription="ل" LatinTrans="Laam_M" />
        <lettre idLettre="4" x="0" transcription="ب" LatinTrans="Baa_E" />
      </paw>
    </word>
  </content>
</textImage>