﻿<?xml version="1.0" encoding="UTF-8" standalone="yes"?>
<textImage id="2" width="486" height="53" transcription="سابق بالسجن 10 سنوات في قضية" image="aljazeera_3213-05-34-10_2">
  <ArabicTranscription>سابق بالسجن 10 سنوات في قضية</ArabicTranscription>
  <LatinTranscription>Siin_B Alif_E Baa_B Gaaf_E SPACE Baa_B Alif_E Laam_B Siin_M Jiim_M Nuun_E SPACE Zero One SPACE Siin_B Nuun_M Waaw_E Alif_I Taaa_I SPACE Faa_B Yaa_E SPACE Gaaf_B Daad_M Yaa_M TaaaClosed_E</LatinTranscription>
  <content>
    <word idWord="1" x="410" transcription="سابق" LatinTrans="Siin_B Alif_E Baa_B Gaaf_E">
      <paw idPaw="1" x="447" transcription="سا" LatinTrans="Siin_B Alif_E">
        <lettre idLettre="1" x="459" transcription="س" LatinTrans="Siin_B" />
        <lettre idLettre="2" x="447" transcription="ا" LatinTrans="Alif_E" />
      </paw>
      <paw idPaw="2" x="410" transcription="بق" LatinTrans="Baa_B Gaaf_E">
        <lettre idLettre="1" x="435" transcription="ب" LatinTrans="Baa_B" />
        <lettre idLettre="2" x="410" transcription="ق" LatinTrans="Gaaf_E" />
      </paw>
    </word>
    <word idWord="2" x="403" transcription=" " LatinTrans="SPACE">
      <paw idPaw="1" x="403" transcription=" " LatinTrans="SPACE">
        <lettre idLettre="1" x="403" transcription=" " LatinTrans="SPACE" />
      </paw>
    </word>
    <word idWord="3" x="296" transcription="بالسجن" LatinTrans="Baa_B Alif_E Laam_B Siin_M Jiim_M Nuun_E">
      <paw idPaw="1" x="379" transcription="با" LatinTrans="Baa_B Alif_E">
        <lettre idLettre="1" x="388" transcription="ب" LatinTrans="Baa_B" />
        <lettre idLettre="2" x="379" transcription="ا" LatinTrans="Alif_E" />
      </paw>
      <paw idPaw="2" x="296" transcription="لسجن" LatinTrans="Laam_B Siin_M Jiim_M Nuun_E">
        <lettre idLettre="1" x="369" transcription="ل" LatinTrans="Laam_B" />
        <lettre idLettre="2" x="341" transcription="س" LatinTrans="Siin_M" />
        <lettre idLettre="3" x="324" transcription="ج" LatinTrans="Jiim_M" />
        <lettre idLettre="4" x="296" transcription="ن" LatinTrans="Nuun_E" />
      </paw>
    </word>
    <word idWord="4" x="290" transcription=" " LatinTrans="SPACE">
      <paw idPaw="1" x="290" transcription=" " LatinTrans="SPACE">
        <lettre idLettre="1" x="290" transcription=" " LatinTrans="SPACE" />
      </paw>
    </word>
    <word idWord="5" x="254" transcription="10" LatinTrans="Zero One">
      <paw idPaw="1" x="272" transcription="0" LatinTrans="Zero">
        <lettre idLettre="1" x="272" transcription="0" LatinTrans="Zero" />
      </paw>
      <paw idPaw="2" x="254" transcription="1" LatinTrans="One">
        <lettre idLettre="1" x="254" transcription="1" LatinTrans="One" />
      </paw>
    </word>
    <word idWord="6" x="248" transcription=" " LatinTrans="SPACE">
      <paw idPaw="1" x="248" transcription=" " LatinTrans="SPACE">
        <lettre idLettre="1" x="248" transcription=" " LatinTrans="SPACE" />
      </paw>
    </word>
    <word idWord="7" x="159" transcription="سنوات" LatinTrans="Siin_B Nuun_M Waaw_E Alif_I Taaa_I">
      <paw idPaw="1" x="192" transcription="سنو" LatinTrans="Siin_B Nuun_M Waaw_E">
        <lettre idLettre="1" x="224" transcription="س" LatinTrans="Siin_B" />
        <lettre idLettre="2" x="208" transcription="ن" LatinTrans="Nuun_M" />
        <lettre idLettre="3" x="192" transcription="و" LatinTrans="Waaw_E" />
      </paw>
      <paw idPaw="2" x="185" transcription="ا" LatinTrans="Alif_I">
        <lettre idLettre="1" x="185" transcription="ا" LatinTrans="Alif_I" />
      </paw>
      <paw idPaw="3" x="159" transcription="ت" LatinTrans="Taaa_I">
        <lettre idLettre="1" x="159" transcription="ت" LatinTrans="Taaa_I" />
      </paw>
    </word>
    <word idWord="8" x="152" transcription=" " LatinTrans="SPACE">
      <paw idPaw="1" x="152" transcription=" " LatinTrans="SPACE">
        <lettre idLettre="1" x="152" transcription=" " LatinTrans="SPACE" />
      </paw>
    </word>
    <word idWord="9" x="110" transcription="في" LatinTrans="Faa_B Yaa_E">
      <paw idPaw="1" x="110" transcription="في" LatinTrans="Faa_B Yaa_E">
        <lettre idLettre="1" x="135" transcription="ف" LatinTrans="Faa_B" />
        <lettre idLettre="2" x="110" transcription="ي" LatinTrans="Yaa_E" />
      </paw>
    </word>
    <word idWord="10" x="105" transcription=" " LatinTrans="SPACE">
      <paw idPaw="1" x="105" transcription=" " LatinTrans="SPACE">
        <lettre idLettre="1" x="105" transcription=" " LatinTrans="SPACE" />
      </paw>
    </word>
    <word idWord="11" x="0" transcription="قضية" LatinTrans="Gaaf_B Daad_M Yaa_M TaaaClosed_E">
      <paw idPaw="1" x="0" transcription="قضية" LatinTrans="Gaaf_B Daad_M Yaa_M TaaaClosed_E">
        <lettre idLettre="1" x="84" transcription="ق" LatinTrans="Gaaf_B" />
        <lettre idLettre="2" x="56" transcription="ض" LatinTrans="Daad_M" />
        <lettre idLettre="3" x="38" transcription="ي" LatinTrans="Yaa_M" />
        <lettre idLettre="4" x="0" transcription="ة" LatinTrans="TaaaClosed_E" />
      </paw>
    </word>
  </content>
</textImage>