﻿<?xml version="1.0" encoding="UTF-8" standalone="yes"?>
<textImage id="1" width="87" height="37" transcription="طوكيو" image="aljazeera_3212-01-55-20_1">
  <ArabicTranscription>طوكيو</ArabicTranscription>
  <LatinTranscription>Thaaa_B Waaw_E Kaaf_B Yaa_M Waaw_E</LatinTranscription>
  <content>
    <word idWord="1" x="0" transcription="طوكيو" LatinTrans="Thaaa_B Waaw_E Kaaf_B Yaa_M Waaw_E">
      <paw idPaw="1" x="44" transcription="طو" LatinTrans="Thaaa_B Waaw_E">
        <lettre idLettre="1" x="62" transcription="ط" LatinTrans="Thaaa_B" />
        <lettre idLettre="2" x="44" transcription="و" LatinTrans="Waaw_E" />
      </paw>
      <paw idPaw="2" x="0" transcription="كيو" LatinTrans="Kaaf_B Yaa_M Waaw_E">
        <lettre idLettre="1" x="32" transcription="ك" LatinTrans="Kaaf_B" />
        <lettre idLettre="2" x="15" transcription="ي" LatinTrans="Yaa_M" />
        <lettre idLettre="3" x="0" transcription="و" LatinTrans="Waaw_E" />
      </paw>
    </word>
  </content>
</textImage>