﻿<?xml version="1.0" encoding="UTF-8" standalone="yes"?>
<textImage id="1" width="128" height="34" transcription="من واشنطن" image="aljazeera_3213-00-57-00_1">
  <ArabicTranscription>من واشنطن</ArabicTranscription>
  <LatinTranscription>Miim_B Nuun_E SPACE Waaw_I Alif_I Shiin_B Nuun_M Thaaa_M Nuun_E</LatinTranscription>
  <content>
    <word idWord="1" x="91" transcription="من" LatinTrans="Miim_B Nuun_E">
      <paw idPaw="1" x="91" transcription="من" LatinTrans="Miim_B Nuun_E">
        <lettre idLettre="1" x="109" transcription="م" LatinTrans="Miim_B" />
        <lettre idLettre="2" x="91" transcription="ن" LatinTrans="Nuun_E" />
      </paw>
    </word>
    <word idWord="2" x="87" transcription=" " LatinTrans="SPACE">
      <paw idPaw="1" x="87" transcription=" " LatinTrans="SPACE">
        <lettre idLettre="1" x="87" transcription=" " LatinTrans="SPACE" />
      </paw>
    </word>
    <word idWord="3" x="0" transcription="واشنطن" LatinTrans="Waaw_I Alif_I Shiin_B Nuun_M Thaaa_M Nuun_E">
      <paw idPaw="1" x="75" transcription="و" LatinTrans="Waaw_I">
        <lettre idLettre="1" x="75" transcription="و" LatinTrans="Waaw_I" />
      </paw>
      <paw idPaw="2" x="69" transcription="ا" LatinTrans="Alif_I">
        <lettre idLettre="1" x="69" transcription="ا" LatinTrans="Alif_I" />
      </paw>
      <paw idPaw="3" x="0" transcription="شنطن" LatinTrans="Shiin_B Nuun_M Thaaa_M Nuun_E">
        <lettre idLettre="1" x="53" transcription="ش" LatinTrans="Shiin_B" />
        <lettre idLettre="2" x="42" transcription="ن" LatinTrans="Nuun_M" />
        <lettre idLettre="3" x="21" transcription="ط" LatinTrans="Thaaa_M" />
        <lettre idLettre="4" x="0" transcription="ن" LatinTrans="Nuun_E" />
      </paw>
    </word>
  </content>
</textImage>