﻿<?xml version="1.0" encoding="UTF-8" standalone="yes"?>
<textImage id="2" width="485" height="48" transcription="الثورة.. وإجراءات أمنية مشددة" image="aljazeera_3213-05-32-50_2">
  <ArabicTranscription>الثورة.. وإجراءات أمنية مشددة</ArabicTranscription>
  <LatinTranscription>Alif_I Laam_B Thaa_M Waaw_E Raa_I TaaaClosed_I POINT POINT SPACE Waaw_I HamzaOnederAlif_I Jiim_B Raa_E Alif_I Hamza Alif_I Taaa_I SPACE HamzaAboveAlif_I Miim_B Nuun_M Yaa_M TaaaClosed_E SPACE Miim_B Shiin_M Daal_E Daal_I TaaaClosed_I</LatinTranscription>
  <content>
    <word idWord="1" x="348" transcription="الثورة.." LatinTrans="Alif_I Laam_B Thaa_M Waaw_E Raa_I TaaaClosed_I POINT POINT">
      <paw idPaw="1" x="475" transcription="ا" LatinTrans="Alif_I">
        <lettre idLettre="1" x="475" transcription="ا" LatinTrans="Alif_I" />
      </paw>
      <paw idPaw="2" x="394" transcription="لثو" LatinTrans="Laam_B Thaa_M Waaw_E">
        <lettre idLettre="1" x="461" transcription="ل" LatinTrans="Laam_B" />
        <lettre idLettre="2" x="422" transcription="ث" LatinTrans="Thaa_M" />
        <lettre idLettre="3" x="394" transcription="و" LatinTrans="Waaw_E" />
      </paw>
      <paw idPaw="3" x="381" transcription="ر" LatinTrans="Raa_I">
        <lettre idLettre="1" x="381" transcription="ر" LatinTrans="Raa_I" />
      </paw>
      <paw idPaw="4" x="364" transcription="ة" LatinTrans="TaaaClosed_I">
        <lettre idLettre="1" x="364" transcription="ة" LatinTrans="TaaaClosed_I" />
      </paw>
      <paw idPaw="5" x="356" transcription="." LatinTrans="POINT">
        <lettre idLettre="1" x="356" transcription="." LatinTrans="POINT" />
      </paw>
      <paw idPaw="6" x="348" transcription="." LatinTrans="POINT">
        <lettre idLettre="1" x="348" transcription="." LatinTrans="POINT" />
      </paw>
    </word>
    <word idWord="2" x="340" transcription=" " LatinTrans="SPACE">
      <paw idPaw="1" x="340" transcription=" " LatinTrans="SPACE">
        <lettre idLettre="1" x="340" transcription=" " LatinTrans="SPACE" />
      </paw>
    </word>
    <word idWord="3" x="207" transcription="وإجراءات" LatinTrans="Waaw_I HamzaOnederAlif_I Jiim_B Raa_E Alif_I Hamza Alif_I Taaa_I">
      <paw idPaw="1" x="326" transcription="و" LatinTrans="Waaw_I">
        <lettre idLettre="1" x="326" transcription="و" LatinTrans="Waaw_I" />
      </paw>
      <paw idPaw="2" x="317" transcription="إ" LatinTrans="HamzaOnederAlif_I">
        <lettre idLettre="1" x="317" transcription="إ" LatinTrans="HamzaUnderAlif_I" />
      </paw>
      <paw idPaw="3" x="263" transcription="جر" LatinTrans="Jiim_B Raa_E">
        <lettre idLettre="1" x="297" transcription="ج" LatinTrans="Jiim_B" />
        <lettre idLettre="2" x="263" transcription="ر" LatinTrans="Raa_E" />
      </paw>
      <paw idPaw="4" x="255" transcription="ا" LatinTrans="Alif_I">
        <lettre idLettre="1" x="255" transcription="ا" LatinTrans="Alif_I" />
      </paw>
      <paw idPaw="5" x="241" transcription="ء" LatinTrans="Hamza">
        <lettre idLettre="1" x="241" transcription="ء" LatinTrans="Hamza" />
      </paw>
      <paw idPaw="6" x="233" transcription="ا" LatinTrans="Alif_I">
        <lettre idLettre="1" x="233" transcription="ا" LatinTrans="Alif_I" />
      </paw>
      <paw idPaw="7" x="207" transcription="ت" LatinTrans="Taaa_I">
        <lettre idLettre="1" x="207" transcription="ت" LatinTrans="Taaa_I" />
      </paw>
    </word>
    <word idWord="4" x="202" transcription=" " LatinTrans="SPACE">
      <paw idPaw="1" x="202" transcription=" " LatinTrans="SPACE">
        <lettre idLettre="1" x="202" transcription=" " LatinTrans="SPACE" />
      </paw>
    </word>
    <word idWord="5" x="102" transcription="أمنية" LatinTrans="HamzaAboveAlif_I Miim_B Nuun_M Yaa_M TaaaClosed_E">
      <paw idPaw="1" x="190" transcription="أ" LatinTrans="HamzaAboveAlif_I">
        <lettre idLettre="1" x="190" transcription="أ" LatinTrans="HamzaAboveAlif_I" />
      </paw>
      <paw idPaw="2" x="102" transcription="منية" LatinTrans="Miim_B Nuun_M Yaa_M TaaaClosed_E">
        <lettre idLettre="1" x="173" transcription="م" LatinTrans="Miim_B" />
        <lettre idLettre="2" x="161" transcription="ن" LatinTrans="Nuun_M" />
        <lettre idLettre="3" x="144" transcription="ي" LatinTrans="Yaa_M" />
        <lettre idLettre="4" x="102" transcription="ة" LatinTrans="TaaaClosed_E" />
      </paw>
    </word>
    <word idWord="6" x="97" transcription=" " LatinTrans="SPACE">
      <paw idPaw="1" x="97" transcription=" " LatinTrans="SPACE">
        <lettre idLettre="1" x="97" transcription=" " LatinTrans="SPACE" />
      </paw>
    </word>
    <word idWord="7" x="0" transcription="مشددة" LatinTrans="Miim_B Shiin_M Daal_E Daal_I TaaaClosed_I">
      <paw idPaw="1" x="34" transcription="مشد" LatinTrans="Miim_B Shiin_M Daal_E">
        <lettre idLettre="1" x="78" transcription="م" LatinTrans="Miim_B" />
        <lettre idLettre="2" x="54" transcription="ش" LatinTrans="Shiin_M" />
        <lettre idLettre="3" x="34" transcription="د" LatinTrans="Daal_E" />
      </paw>
      <paw idPaw="2" x="18" transcription="د" LatinTrans="Daal_I">
        <lettre idLettre="1" x="18" transcription="د" LatinTrans="Daal_I" />
      </paw>
      <paw idPaw="3" x="0" transcription="ة" LatinTrans="TaaaClosed_I">
        <lettre idLettre="1" x="0" transcription="ة" LatinTrans="TaaaClosed_I" />
      </paw>
    </word>
  </content>
</textImage>