﻿<?xml version="1.0" encoding="UTF-8" standalone="yes"?>
<textImage id="1" width="98" height="29" transcription="حنا ناصر" image="aljazeera_3212-01-16-50_1">
  <ArabicTranscription>حنا ناصر</ArabicTranscription>
  <LatinTranscription>Haaa_B Nuun_M Alif_E SPACE Nuun_B Alif_E Saad_B Raa_E</LatinTranscription>
  <content>
    <word idWord="1" x="60" transcription="حنا" LatinTrans="Haaa_B Nuun_M Alif_E">
      <paw idPaw="1" x="60" transcription="حنا" LatinTrans="Haaa_B Nuun_M Alif_E">
        <lettre idLettre="1" x="77" transcription="ح" LatinTrans="Haaa_B" />
        <lettre idLettre="2" x="67" transcription="ن" LatinTrans="Nuun_M" />
        <lettre idLettre="3" x="60" transcription="ا" LatinTrans="Alif_E" />
      </paw>
    </word>
    <word idWord="2" x="54" transcription=" " LatinTrans="SPACE">
      <paw idPaw="1" x="54" transcription=" " LatinTrans="SPACE">
        <lettre idLettre="1" x="54" transcription=" " LatinTrans="SPACE" />
      </paw>
    </word>
    <word idWord="3" x="0" transcription="ناصر" LatinTrans="Nuun_B Alif_E Saad_B Raa_E">
      <paw idPaw="1" x="36" transcription="نا" LatinTrans="Nuun_B Alif_E">
        <lettre idLettre="1" x="43" transcription="ن" LatinTrans="Nuun_B" />
        <lettre idLettre="2" x="36" transcription="ا" LatinTrans="Alif_E" />
      </paw>
      <paw idPaw="2" x="0" transcription="صر" LatinTrans="Saad_B Raa_E">
        <lettre idLettre="1" x="16" transcription="ص" LatinTrans="Saad_B" />
        <lettre idLettre="2" x="0" transcription="ر" LatinTrans="Raa_E" />
      </paw>
    </word>
  </content>
</textImage>