﻿<?xml version="1.0" encoding="UTF-8" standalone="yes"?>
<textImage id="1" width="478" height="33" transcription="تواصل الاشتباكات في محيط المتحلق" image="aljazeera_3211-12-10-50_1">
  <ArabicTranscription>تواصل الاشتباكات في محيط المتحلق</ArabicTranscription>
  <LatinTranscription>Taaa_B Waaw_E Alif_I Saad_B Laam_E SPACE Alif_I Laam_Alif Shiin_B Taaa_M Baa_M Alif_E Kaaf_B Alif_E Taaa_I SPACE Faa_B Yaa_E SPACE Miim_B Haaa_M Yaa_M Thaaa_E SPACE Alif_I Laam_B Miim_M Taaa_M Haaa_M Laam_M Gaaf_E</LatinTranscription>
  <content>
    <word idWord="1" x="385" transcription="تواصل" LatinTrans="Taaa_B Waaw_E Alif_I Saad_B Laam_E">
      <paw idPaw="1" x="440" transcription="تو" LatinTrans="Taaa_B Waaw_E">
        <lettre idLettre="1" x="460" transcription="ت" LatinTrans="Taaa_B" />
        <lettre idLettre="2" x="440" transcription="و" LatinTrans="Waaw_E" />
      </paw>
      <paw idPaw="2" x="434" transcription="ا" LatinTrans="Alif_I">
        <lettre idLettre="1" x="434" transcription="ا" LatinTrans="Alif_I" />
      </paw>
      <paw idPaw="3" x="385" transcription="صل" LatinTrans="Saad_B Laam_E">
        <lettre idLettre="1" x="411" transcription="ص" LatinTrans="Saad_B" />
        <lettre idLettre="2" x="385" transcription="ل" LatinTrans="Laam_E" />
      </paw>
    </word>
    <word idWord="2" x="382" transcription=" " LatinTrans="SPACE">
      <paw idPaw="1" x="382" transcription=" " LatinTrans="SPACE">
        <lettre idLettre="1" x="382" transcription=" " LatinTrans="SPACE" />
      </paw>
    </word>
    <word idWord="3" x="237" transcription="الاشتباكات" LatinTrans="Alif_I Laam_Alif Shiin_B Taaa_M Baa_M Alif_E Kaaf_B Alif_E Taaa_I">
      <paw idPaw="1" x="376" transcription="ا" LatinTrans="Alif_I">
        <lettre idLettre="1" x="376" transcription="ا" LatinTrans="Alif_I" />
      </paw>
      <paw idPaw="2" x="366" transcription="لا" LatinTrans="Laam_Alif">
        <lettre idLettre="1" x="366" transcription="لا" LatinTrans="Laam_Alif" />
      </paw>
      <paw idPaw="3" x="285" transcription="شتبا" LatinTrans="Shiin_B Taaa_M Baa_M Alif_E">
        <lettre idLettre="1" x="348" transcription="ش" LatinTrans="Shiin_B" />
        <lettre idLettre="2" x="322" transcription="ت" LatinTrans="Taaa_M" />
        <lettre idLettre="3" x="297" transcription="ب" LatinTrans="Baa_M" />
        <lettre idLettre="4" x="285" transcription="ا" LatinTrans="Alif_E" />
      </paw>
      <paw idPaw="4" x="254" transcription="كا" LatinTrans="Kaaf_B Alif_E">
        <lettre idLettre="1" x="265" transcription="ك" LatinTrans="Kaaf_B" />
        <lettre idLettre="2" x="254" transcription="ا" LatinTrans="Alif_E" />
      </paw>
      <paw idPaw="5" x="237" transcription="ت" LatinTrans="Taaa_I">
        <lettre idLettre="1" x="237" transcription="ت" LatinTrans="Taaa_I" />
      </paw>
    </word>
    <word idWord="4" x="232" transcription=" " LatinTrans="SPACE">
      <paw idPaw="1" x="232" transcription=" " LatinTrans="SPACE">
        <lettre idLettre="1" x="232" transcription=" " LatinTrans="SPACE" />
      </paw>
    </word>
    <word idWord="5" x="190" transcription="في" LatinTrans="Faa_B Yaa_E">
      <paw idPaw="1" x="190" transcription="في" LatinTrans="Faa_B Yaa_E">
        <lettre idLettre="1" x="211" transcription="ف" LatinTrans="Faa_B" />
        <lettre idLettre="2" x="190" transcription="ي" LatinTrans="Yaa_E" />
      </paw>
    </word>
    <word idWord="6" x="188" transcription=" " LatinTrans="SPACE">
      <paw idPaw="1" x="188" transcription=" " LatinTrans="SPACE">
        <lettre idLettre="1" x="188" transcription=" " LatinTrans="SPACE" />
      </paw>
    </word>
    <word idWord="7" x="94" transcription="محيط" LatinTrans="Miim_B Haaa_M Yaa_M Thaaa_E">
      <paw idPaw="1" x="94" transcription="محيط" LatinTrans="Miim_B Haaa_M Yaa_M Thaaa_E">
        <lettre idLettre="1" x="173" transcription="م" LatinTrans="Miim_B" />
        <lettre idLettre="2" x="141" transcription="ح" LatinTrans="Haaa_M" />
        <lettre idLettre="3" x="119" transcription="ي" LatinTrans="Yaa_M" />
        <lettre idLettre="4" x="94" transcription="ط" LatinTrans="Thaaa_E" />
      </paw>
    </word>
    <word idWord="8" x="90" transcription=" " LatinTrans="SPACE">
      <paw idPaw="1" x="90" transcription=" " LatinTrans="SPACE">
        <lettre idLettre="1" x="90" transcription=" " LatinTrans="SPACE" />
      </paw>
    </word>
    <word idWord="9" x="0" transcription="المتحلق" LatinTrans="Alif_I Laam_B Miim_M Taaa_M Haaa_M Laam_M Gaaf_E">
      <paw idPaw="1" x="84" transcription="ا" LatinTrans="Alif_I">
        <lettre idLettre="1" x="84" transcription="ا" LatinTrans="Alif_I" />
      </paw>
      <paw idPaw="2" x="0" transcription="لمتحلق" LatinTrans="Laam_B Miim_M Taaa_M Haaa_M Laam_M Gaaf_E">
        <lettre idLettre="1" x="80" transcription="ل" LatinTrans="Laam_B" />
        <lettre idLettre="2" x="69" transcription="م" LatinTrans="Miim_M" />
        <lettre idLettre="3" x="55" transcription="ت" LatinTrans="Taaa_M" />
        <lettre idLettre="4" x="44" transcription="ح" LatinTrans="Haaa_M" />
        <lettre idLettre="5" x="34" transcription="ل" LatinTrans="Laam_M" />
        <lettre idLettre="6" x="0" transcription="ق" LatinTrans="Gaaf_E" />
      </paw>
    </word>
  </content>
</textImage>