﻿<?xml version="1.0" encoding="UTF-8" standalone="yes"?>
<textImage id="1" width="135" height="31" transcription="شهباز شريف" image="aljazeera_3212-01-23-10_1">
  <ArabicTranscription>شهباز شريف</ArabicTranscription>
  <LatinTranscription>Shiin_B Haa_M Baa_M Alif_E Zaay_I SPACE Shiin_B Raa_E Yaa_B Faa_E</LatinTranscription>
  <content>
    <word idWord="1" x="72" transcription="شهباز" LatinTrans="Shiin_B Haa_M Baa_M Alif_E Zaay_I">
      <paw idPaw="1" x="81" transcription="شهبا" LatinTrans="Shiin_B Haa_M Baa_M Alif_E">
        <lettre idLettre="1" x="113" transcription="ش" LatinTrans="Shiin_B" />
        <lettre idLettre="2" x="98" transcription="ه" LatinTrans="Haa_M" />
        <lettre idLettre="3" x="88" transcription="ب" LatinTrans="Baa_M" />
        <lettre idLettre="4" x="81" transcription="ا" LatinTrans="Alif_E" />
      </paw>
      <paw idPaw="2" x="72" transcription="ز" LatinTrans="Zaay_I">
        <lettre idLettre="1" x="72" transcription="ز" LatinTrans="Zaay_I" />
      </paw>
    </word>
    <word idWord="2" x="66" transcription=" " LatinTrans="SPACE">
      <paw idPaw="1" x="66" transcription=" " LatinTrans="SPACE">
        <lettre idLettre="1" x="66" transcription=" " LatinTrans="SPACE" />
      </paw>
    </word>
    <word idWord="3" x="0" transcription="شريف" LatinTrans="Shiin_B Raa_E Yaa_B Faa_E">
      <paw idPaw="1" x="38" transcription="شر" LatinTrans="Shiin_B Raa_E">
        <lettre idLettre="1" x="50" transcription="ش" LatinTrans="Shiin_B" />
        <lettre idLettre="2" x="38" transcription="ر" LatinTrans="Raa_E" />
      </paw>
      <paw idPaw="2" x="0" transcription="يف" LatinTrans="Yaa_B Faa_E">
        <lettre idLettre="1" x="29" transcription="ي" LatinTrans="Yaa_B" />
        <lettre idLettre="2" x="0" transcription="ف" LatinTrans="Faa_E" />
      </paw>
    </word>
  </content>
</textImage>