﻿<?xml version="1.0" encoding="UTF-8" standalone="yes"?>
<textImage id="2" width="197" height="30" transcription="دبلوماسي بمجلس " image="aljazeera_3212-03-52-40_2">
  <ArabicTranscription>دبلوماسي بمجلس </ArabicTranscription>
  <LatinTranscription>Daal_I Baa_B Laam_M Waaw_E Miim_B Alif_E Siin_B Yaa_E SPACE Baa_B Miim_M Jiim_M Laam_M Siin_E</LatinTranscription>
  <content>
    <word idWord="1" x="99" transcription="دبلوماسي" LatinTrans="Daal_I Baa_B Laam_M Waaw_E Miim_B Alif_E Siin_B Yaa_E">
      <paw idPaw="1" x="185" transcription="د" LatinTrans="Daal_I">
        <lettre idLettre="1" x="185" transcription="د" LatinTrans="Daal_I" />
      </paw>
      <paw idPaw="2" x="154" transcription="بلو" LatinTrans="Baa_B Laam_M Waaw_E">
        <lettre idLettre="1" x="175" transcription="ب" LatinTrans="Baa_B" />
        <lettre idLettre="2" x="167" transcription="ل" LatinTrans="Laam_M" />
        <lettre idLettre="3" x="154" transcription="و" LatinTrans="Waaw_E" />
      </paw>
      <paw idPaw="3" x="135" transcription="ما" LatinTrans="Miim_B Alif_E">
        <lettre idLettre="1" x="141" transcription="م" LatinTrans="Miim_B" />
        <lettre idLettre="2" x="135" transcription="ا" LatinTrans="Alif_E" />
      </paw>
      <paw idPaw="4" x="99" transcription="سي" LatinTrans="Siin_B Yaa_E">
        <lettre idLettre="1" x="117" transcription="س" LatinTrans="Siin_B" />
        <lettre idLettre="2" x="99" transcription="ي" LatinTrans="Yaa_E" />
      </paw>
    </word>
    <word idWord="2" x="95" transcription=" " LatinTrans="SPACE">
      <paw idPaw="1" x="95" transcription=" " LatinTrans="SPACE">
        <lettre idLettre="1" x="95" transcription=" " LatinTrans="SPACE" />
      </paw>
    </word>
    <word idWord="3" x="0" transcription="بمجلس" LatinTrans="Baa_B Miim_M Jiim_M Laam_M Siin_E">
      <paw idPaw="1" x="0" transcription="بمجلس " LatinTrans="Baa_B Miim_M Jiim_M Laam_M Siin_E">
        <lettre idLettre="1" x="84" transcription="ب" LatinTrans="Baa_B" />
        <lettre idLettre="2" x="71" transcription="م" LatinTrans="Miim_M" />
        <lettre idLettre="3" x="55" transcription="ج" LatinTrans="Jiim_M" />
        <lettre idLettre="4" x="38" transcription="ل" LatinTrans="Laam_M" />
        <lettre idLettre="5" x="0" transcription="س" LatinTrans="Siin_E" />
      </paw>
    </word>
  </content>
</textImage>