﻿<?xml version="1.0" encoding="UTF-8" standalone="yes"?>
<textImage id="1" width="227" height="44" transcription="الجزيرة الرياضية" image="aljazeera_3212-09-39-40_1">
  <ArabicTranscription>الجزيرة الرياضية</ArabicTranscription>
  <LatinTranscription>Alif_I Laam_B Jiim_M Zaay_E Yaa_B Raa_E TaaaClosed_I SPACE Alif_I Laam_B Raa_E Yaa_B Alif_E Daad_B Yaa_M TaaaClosed_E</LatinTranscription>
  <content>
    <word idWord="1" x="130" transcription="الجزيرة" LatinTrans="Alif_I Laam_B Jiim_M Zaay_E Yaa_B Raa_E TaaaClosed_I">
      <paw idPaw="1" x="216" transcription="ا" LatinTrans="Alif_I">
        <lettre idLettre="1" x="216" transcription="ا" LatinTrans="Alif_I" />
      </paw>
      <paw idPaw="2" x="174" transcription="لجز" LatinTrans="Laam_B Jiim_M Zaay_E">
        <lettre idLettre="1" x="206" transcription="ل" LatinTrans="Laam_B" />
        <lettre idLettre="2" x="187" transcription="ج" LatinTrans="Jiim_M" />
        <lettre idLettre="3" x="174" transcription="ز" LatinTrans="Zaay_E" />
      </paw>
      <paw idPaw="3" x="146" transcription="ير" LatinTrans="Yaa_B Raa_E">
        <lettre idLettre="1" x="160" transcription="ي" LatinTrans="Yaa_B" />
        <lettre idLettre="2" x="146" transcription="ر" LatinTrans="Raa_E" />
      </paw>
      <paw idPaw="4" x="130" transcription="ة" LatinTrans="TaaaClosed_I">
        <lettre idLettre="1" x="130" transcription="ة" LatinTrans="TaaaClosed_I" />
      </paw>
    </word>
    <word idWord="2" x="122" transcription=" " LatinTrans="SPACE">
      <paw idPaw="1" x="122" transcription=" " LatinTrans="SPACE">
        <lettre idLettre="1" x="122" transcription=" " LatinTrans="SPACE" />
      </paw>
    </word>
    <word idWord="3" x="0" transcription="الرياضية" LatinTrans="Alif_I Laam_B Raa_E Yaa_B Alif_E Daad_B Yaa_M TaaaClosed_E">
      <paw idPaw="1" x="116" transcription="ا" LatinTrans="Alif_I">
        <lettre idLettre="1" x="116" transcription="ا" LatinTrans="Alif_I" />
      </paw>
      <paw idPaw="2" x="93" transcription="لر" LatinTrans="Laam_B Raa_E">
        <lettre idLettre="1" x="107" transcription="ل" LatinTrans="Laam_B" />
        <lettre idLettre="2" x="93" transcription="ر" LatinTrans="Raa_E" />
      </paw>
      <paw idPaw="3" x="70" transcription="يا" LatinTrans="Yaa_B Alif_E">
        <lettre idLettre="1" x="78" transcription="ي" LatinTrans="Yaa_B" />
        <lettre idLettre="2" x="70" transcription="ا" LatinTrans="Alif_E" />
      </paw>
      <paw idPaw="4" x="0" transcription="ضية" LatinTrans="Daad_B Yaa_M TaaaClosed_E">
        <lettre idLettre="1" x="42" transcription="ض" LatinTrans="Daad_B" />
        <lettre idLettre="2" x="21" transcription="ي" LatinTrans="Yaa_M" />
        <lettre idLettre="3" x="0" transcription="ة" LatinTrans="TaaaClosed_E" />
      </paw>
    </word>
  </content>
</textImage>